Copyright 1986-2020 Xilinx, Inc. All Rights Reserved.
------------------------------------------------------------------------------------------------------------------------------------
| Tool Version : Vivado v.2020.1 (win64) Build 2902540 Wed May 27 19:54:49 MDT 2020
| Date         : Sun Sep 27 23:16:02 2026
| Host         : LAPTOP-JC5LPK9T running 64-bit major release  (build 9200)
| Command      : report_timing_summary -file F:/zju/dasanshangkecheng/HDL/mjpeg/reports/ddr3/full_20260927_230848/timing_routed.rpt
| Design       : davinci_mjpeg_ddr3_top
| Device       : 7a35t-fgg484
| Speed File   : -2  PRODUCTION 1.23 2018-06-13
------------------------------------------------------------------------------------------------------------------------------------

Timing Summary Report

------------------------------------------------------------------------------------------------
| Timer Settings
| --------------
------------------------------------------------------------------------------------------------

  Enable Multi Corner Analysis               :  Yes
  Enable Pessimism Removal                   :  Yes
  Pessimism Removal Resolution               :  Nearest Common Node
  Enable Input Delay Default Clock           :  No
  Enable Preset / Clear Arcs                 :  No
  Disable Flight Delays                      :  No
  Ignore I/O Paths                           :  No
  Timing Early Launch at Borrowing Latches   :  No
  Borrow Time for Max Delay Exceptions       :  Yes
  Merge Timing Exceptions                    :  Yes

  Corner  Analyze    Analyze    
  Name    Max Paths  Min Paths  
  ------  ---------  ---------  
  Slow    Yes        Yes        
  Fast    Yes        Yes        



check_timing report

Table of Contents
-----------------
1. checking no_clock (0)
2. checking constant_clock (0)
3. checking pulse_width_clock (0)
4. checking unconstrained_internal_endpoints (0)
5. checking no_input_delay (5)
6. checking no_output_delay (22)
7. checking multiple_clock (0)
8. checking generated_clocks (0)
9. checking loops (0)
10. checking partial_input_delay (0)
11. checking partial_output_delay (0)
12. checking latch_loops (0)

1. checking no_clock (0)
------------------------
 There are 0 register/latch pins with no clock.


2. checking constant_clock (0)
------------------------------
 There are 0 register/latch pins with constant_clock.


3. checking pulse_width_clock (0)
---------------------------------
 There are 0 register/latch pins which need pulse_width check


4. checking unconstrained_internal_endpoints (0)
------------------------------------------------
 There are 0 pins that are not constrained for maximum delay.

 There are 0 pins that are not constrained for maximum delay due to constant clock.


5. checking no_input_delay (5)
------------------------------
 There are 0 input ports with no input delay specified.

 There are 5 input ports with no input delay but user has a false path constraint. (MEDIUM)


6. checking no_output_delay (22)
--------------------------------
 There is 1 port with no output delay specified. (HIGH)

 There are 21 ports with no output delay but user has a false path constraint (MEDIUM)

 There are 0 ports with no output delay but with a timing clock defined on it or propagating through it


7. checking multiple_clock (0)
------------------------------
 There are 0 register/latch pins with multiple clocks.


8. checking generated_clocks (0)
--------------------------------
 There are 0 generated clocks that are not connected to a clock source.


9. checking loops (0)
---------------------
 There are 0 combinational loops in the design.


10. checking partial_input_delay (0)
------------------------------------
 There are 0 input ports with partial input delay specified.


11. checking partial_output_delay (0)
-------------------------------------
 There are 0 ports with partial output delay specified.


12. checking latch_loops (0)
----------------------------
 There are 0 combinational latch loops in the design through latch input



------------------------------------------------------------------------------------------------
| Design Timing Summary
| ---------------------
------------------------------------------------------------------------------------------------

    WNS(ns)      TNS(ns)  TNS Failing Endpoints  TNS Total Endpoints      WHS(ns)      THS(ns)  THS Failing Endpoints  THS Total Endpoints     WPWS(ns)     TPWS(ns)  TPWS Failing Endpoints  TPWS Total Endpoints  
    -------      -------  ---------------------  -------------------      -------      -------  ---------------------  -------------------     --------     --------  ----------------------  --------------------  
      0.064        0.000                      0                68803        0.031        0.000                      0                68291        0.000        0.000                       0                 23134  


All user specified timing constraints are met.


------------------------------------------------------------------------------------------------
| Clock Summary
| -------------
------------------------------------------------------------------------------------------------

Clock                                                                                                                                                              Waveform(ns)         Period(ns)      Frequency(MHz)
-----                                                                                                                                                              ------------         ----------      --------------
cam_clk                                                                                                                                                            {0.000 6.625}        13.250          75.472          
  clock_raw                                                                                                                                                        {-1.104 5.521}       13.250          75.472          
  feedback_raw_1                                                                                                                                                   {0.000 6.625}        13.250          75.472          
sys_clk                                                                                                                                                            {0.000 10.000}       20.000          50.000          
  core_raw                                                                                                                                                         {0.000 5.000}        10.000          100.000         
  ddr_ref_raw                                                                                                                                                      {0.000 2.500}        5.000           200.000         
    freq_refclk_1                                                                                                                                                  {0.000 0.625}        1.250           800.000         
      u_memc_ui_top_std/mem_intfc0/ddr_phy_top0/u_ddr_mc_phy_wrapper/u_ddr_mc_phy/ddr_phy_4lanes_0.u_ddr_phy_4lanes/ddr_byte_lane_C.ddr_byte_lane_C/iserdes_clk_1  {0.000 1.250}        2.500           400.000         
        iserdes_clkdiv_2                                                                                                                                           {0.000 5.000}        10.000          100.000         
      u_memc_ui_top_std/mem_intfc0/ddr_phy_top0/u_ddr_mc_phy_wrapper/u_ddr_mc_phy/ddr_phy_4lanes_0.u_ddr_phy_4lanes/ddr_byte_lane_D.ddr_byte_lane_D/iserdes_clk_1  {0.000 1.250}        2.500           400.000         
        iserdes_clkdiv_3                                                                                                                                           {0.000 5.000}        10.000          100.000         
    mem_refclk_1                                                                                                                                                   {0.000 1.250}        2.500           400.000         
      oserdes_clk_4                                                                                                                                                {0.000 1.250}        2.500           400.000         
        oserdes_clkdiv_4                                                                                                                                           {0.000 5.000}        10.000          100.000         
      oserdes_clk_5                                                                                                                                                {0.000 1.250}        2.500           400.000         
        oserdes_clkdiv_5                                                                                                                                           {0.000 5.000}        10.000          100.000         
      oserdes_clk_6                                                                                                                                                {0.000 1.250}        2.500           400.000         
        oserdes_clkdiv_6                                                                                                                                           {0.000 2.500}        5.000           200.000         
      oserdes_clk_7                                                                                                                                                {0.000 1.250}        2.500           400.000         
        oserdes_clkdiv_7                                                                                                                                           {0.000 2.500}        5.000           200.000         
    pll_clk3_out_1                                                                                                                                                 {0.000 5.000}        10.000          100.000         
      clk_pll_i_1                                                                                                                                                  {0.000 5.000}        10.000          100.000         
    pll_clkfbout_1                                                                                                                                                 {0.000 2.500}        5.000           200.000         
    sync_pulse_1                                                                                                                                                   {1.094 3.594}        40.000          25.000          
  feedback_raw                                                                                                                                                     {0.000 10.000}       20.000          50.000          
usb_clk                                                                                                                                                            {0.000 8.334}        16.667          59.999          


------------------------------------------------------------------------------------------------
| Intra Clock Table
| -----------------
------------------------------------------------------------------------------------------------

Clock                                                                                                                                                                  WNS(ns)      TNS(ns)  TNS Failing Endpoints  TNS Total Endpoints      WHS(ns)      THS(ns)  THS Failing Endpoints  THS Total Endpoints     WPWS(ns)     TPWS(ns)  TPWS Failing Endpoints  TPWS Total Endpoints  
-----                                                                                                                                                                  -------      -------  ---------------------  -------------------      -------      -------  ---------------------  -------------------     --------     --------  ----------------------  --------------------  
cam_clk                                                                                                                                                                                                                                                                                                              3.625        0.000                       0                     1  
  clock_raw                                                                                                                                                              2.749        0.000                      0                  855        0.118        0.000                      0                  855        6.125        0.000                       0                   497  
  feedback_raw_1                                                                                                                                                                                                                                                                                                    11.658        0.000                       0                     3  
sys_clk                                                                                                                                                                                                                                                                                                              7.000        0.000                       0                     1  
  core_raw                                                                                                                                                               0.190        0.000                      0                44448        0.052        0.000                      0                44448        3.870        0.000                       0                 16523  
  ddr_ref_raw                                                                                                                                                            2.600        0.000                      0                  126        0.121        0.000                      0                  126        0.264        0.000                       0                    65  
    freq_refclk_1                                                                                                                                                                                                                                                                                                    0.001        0.000                       0                     8  
      u_memc_ui_top_std/mem_intfc0/ddr_phy_top0/u_ddr_mc_phy_wrapper/u_ddr_mc_phy/ddr_phy_4lanes_0.u_ddr_phy_4lanes/ddr_byte_lane_C.ddr_byte_lane_C/iserdes_clk_1                                                                                                                                                    1.029        0.000                       0                    16  
        iserdes_clkdiv_2                                                                                                                                                 8.270        0.000                      0                   33        0.071        0.000                      0                   33        2.850        0.000                       0                     9  
      u_memc_ui_top_std/mem_intfc0/ddr_phy_top0/u_ddr_mc_phy_wrapper/u_ddr_mc_phy/ddr_phy_4lanes_0.u_ddr_phy_4lanes/ddr_byte_lane_D.ddr_byte_lane_D/iserdes_clk_1                                                                                                                                                    1.029        0.000                       0                    16  
        iserdes_clkdiv_3                                                                                                                                                 8.256        0.000                      0                   33        0.071        0.000                      0                   33        2.850        0.000                       0                     9  
    mem_refclk_1                                                                                                                                                         1.415        0.000                      0                    1        0.336        0.000                      0                    1        0.715        0.000                       0                     8  
      oserdes_clk_4                                                                                                                                                                                                                                                                                                  1.026        0.000                       0                    12  
        oserdes_clkdiv_4                                                                                                                                                 8.408        0.000                      0                   44        0.088        0.000                      0                   44        2.850        0.000                       0                    12  
      oserdes_clk_5                                                                                                                                                                                                                                                                                                  1.029        0.000                       0                    12  
        oserdes_clkdiv_5                                                                                                                                                 8.860        0.000                      0                   48        0.092        0.000                      0                   48        2.850        0.000                       0                    13  
      oserdes_clk_6                                                                                                                                                      1.192        0.000                      0                    4        0.411        0.000                      0                    4        1.026        0.000                       0                    12  
        oserdes_clkdiv_6                                                                                                                                                 3.866        0.000                      0                   36        0.090        0.000                      0                   36        0.000        0.000                       0                    11  
      oserdes_clk_7                                                                                                                                                      1.206        0.000                      0                    4        0.406        0.000                      0                    4        1.026        0.000                       0                    12  
        oserdes_clkdiv_7                                                                                                                                                 3.880        0.000                      0                   36        0.084        0.000                      0                   36        0.000        0.000                       0                    11  
    pll_clk3_out_1                                                                                                                                                                                                                                                                                                   3.000        0.000                       0                     3  
      clk_pll_i_1                                                                                                                                                        1.611        0.000                      0                12795        0.061        0.000                      0                12795        2.850        0.000                       0                  4853  
    pll_clkfbout_1                                                                                                                                                                                                                                                                                                   3.751        0.000                       0                     2  
    sync_pulse_1                                                                                                                                                                                                                                                                                                     1.428        0.000                       0                     8  
  feedback_raw                                                                                                                                                                                                                                                                                                      18.408        0.000                       0                     3  
usb_clk                                                                                                                                                                  0.064        0.000                      0                 2186        0.031        0.000                      0                 2186        7.203        0.000                       0                  1014  


------------------------------------------------------------------------------------------------
| Inter Clock Table
| -----------------
------------------------------------------------------------------------------------------------

From Clock                                                                                                                                                   To Clock                                                                                                                                                         WNS(ns)      TNS(ns)  TNS Failing Endpoints  TNS Total Endpoints      WHS(ns)      THS(ns)  THS Failing Endpoints  THS Total Endpoints  
----------                                                                                                                                                   --------                                                                                                                                                         -------      -------  ---------------------  -------------------      -------      -------  ---------------------  -------------------  
cam_clk                                                                                                                                                      clock_raw                                                                                                                                                          0.161        0.000                      0                   10        0.643        0.000                      0                   10  
core_raw                                                                                                                                                     clock_raw                                                                                                                                                          8.914        0.000                      0                   13                                                                        
clock_raw                                                                                                                                                    core_raw                                                                                                                                                          12.011        0.000                      0                  205                                                                        
clk_pll_i_1                                                                                                                                                  core_raw                                                                                                                                                           6.130        0.000                      0                  145                                                                        
usb_clk                                                                                                                                                      core_raw                                                                                                                                                           7.950        0.000                      0                  224                                                                        
clk_pll_i_1                                                                                                                                                  ddr_ref_raw                                                                                                                                                       18.706        0.000                      0                    1                                                                        
clk_pll_i_1                                                                                                                                                  u_memc_ui_top_std/mem_intfc0/ddr_phy_top0/u_ddr_mc_phy_wrapper/u_ddr_mc_phy/ddr_phy_4lanes_0.u_ddr_phy_4lanes/ddr_byte_lane_C.ddr_byte_lane_C/iserdes_clk_1        8.911        0.000                      0                    8       37.792        0.000                      0                    8  
clk_pll_i_1                                                                                                                                                  u_memc_ui_top_std/mem_intfc0/ddr_phy_top0/u_ddr_mc_phy_wrapper/u_ddr_mc_phy/ddr_phy_4lanes_0.u_ddr_phy_4lanes/ddr_byte_lane_D.ddr_byte_lane_D/iserdes_clk_1        7.741        0.000                      0                    8       38.251        0.000                      0                    8  
sync_pulse_1                                                                                                                                                 mem_refclk_1                                                                                                                                                       0.994        0.000                      0                    1        0.690        0.000                      0                    1  
oserdes_clk_4                                                                                                                                                oserdes_clkdiv_4                                                                                                                                                   1.703        0.000                      0                   12        0.093        0.000                      0                   12  
oserdes_clk_5                                                                                                                                                oserdes_clkdiv_5                                                                                                                                                   1.703        0.000                      0                   13        0.095        0.000                      0                   13  
oserdes_clk_6                                                                                                                                                oserdes_clkdiv_6                                                                                                                                                   1.703        0.000                      0                   15        0.093        0.000                      0                   15  
oserdes_clk_7                                                                                                                                                oserdes_clkdiv_7                                                                                                                                                   1.703        0.000                      0                   15        0.095        0.000                      0                   15  
core_raw                                                                                                                                                     clk_pll_i_1                                                                                                                                                        6.349        0.000                      0                  331        0.629        0.000                      0                    1  
ddr_ref_raw                                                                                                                                                  clk_pll_i_1                                                                                                                                                       16.329        0.000                      0                   12        0.273        0.000                      0                   12  
core_raw                                                                                                                                                     usb_clk                                                                                                                                                            8.941        0.000                      0                   23                                                                        


------------------------------------------------------------------------------------------------
| Other Path Groups Table
| -----------------------
------------------------------------------------------------------------------------------------

Path Group         From Clock         To Clock               WNS(ns)      TNS(ns)  TNS Failing Endpoints  TNS Total Endpoints      WHS(ns)      THS(ns)  THS Failing Endpoints  THS Total Endpoints  
----------         ----------         --------               -------      -------  ---------------------  -------------------      -------      -------  ---------------------  -------------------  
**async_default**  clk_pll_i_1        clk_pll_i_1              6.018        0.000                      0                  124        0.565        0.000                      0                  124  
**async_default**  core_raw           core_raw                 1.605        0.000                      0                 6466        0.537        0.000                      0                 6466  
**async_default**  usb_clk            usb_clk                  8.245        0.000                      0                  957        0.565        0.000                      0                  957  
**default**        clk_pll_i_1                                 2.409        0.000                      0                    1                                                                        


------------------------------------------------------------------------------------------------
| Timing Details
| --------------
------------------------------------------------------------------------------------------------


---------------------------------------------------------------------------------------------------
From Clock:  cam_clk
  To Clock:  cam_clk

Setup :           NA  Failing Endpoints,  Worst Slack           NA  ,  Total Violation           NA
Hold  :           NA  Failing Endpoints,  Worst Slack           NA  ,  Total Violation           NA
PW    :            0  Failing Endpoints,  Worst Slack        3.625ns,  Total Violation        0.000ns
---------------------------------------------------------------------------------------------------


Pulse Width Checks
--------------------------------------------------------------------------------------
Clock Name:         cam_clk
Waveform(ns):       { 0.000 6.625 }
Period(ns):         13.250
Sources:            { cam_pclk }

Check Type        Corner  Lib Pin            Reference Pin  Required(ns)  Actual(ns)  Slack(ns)  Location         Pin
Min Period        n/a     MMCME2_ADV/CLKIN1  n/a            1.249         13.250      12.001     MMCME2_ADV_X0Y0  real_camera.phase_clock.sampling_clock/camera_mmcm/CLKIN1
Max Period        n/a     MMCME2_ADV/CLKIN1  n/a            100.000       13.250      86.750     MMCME2_ADV_X0Y0  real_camera.phase_clock.sampling_clock/camera_mmcm/CLKIN1
Low Pulse Width   Fast    MMCME2_ADV/CLKIN1  n/a            3.000         6.625       3.625      MMCME2_ADV_X0Y0  real_camera.phase_clock.sampling_clock/camera_mmcm/CLKIN1
High Pulse Width  Slow    MMCME2_ADV/CLKIN1  n/a            3.000         6.625       3.625      MMCME2_ADV_X0Y0  real_camera.phase_clock.sampling_clock/camera_mmcm/CLKIN1



---------------------------------------------------------------------------------------------------
From Clock:  clock_raw
  To Clock:  clock_raw

Setup :            0  Failing Endpoints,  Worst Slack        2.749ns,  Total Violation        0.000ns
Hold  :            0  Failing Endpoints,  Worst Slack        0.118ns,  Total Violation        0.000ns
PW    :            0  Failing Endpoints,  Worst Slack        6.125ns,  Total Violation        0.000ns
---------------------------------------------------------------------------------------------------


Max Delay Paths
--------------------------------------------------------------------------------------
Slack (MET) :             2.749ns  (required time - arrival time)
  Source:                 real_camera.pin_vsync_reg/C
                            (falling edge-triggered cell FDRE clocked by clock_raw  {rise@-1.104ns fall@5.521ns period=13.250ns})
  Destination:            real_camera.capture/pixel_fifo/full_reg/D
                            (falling edge-triggered cell FDCE clocked by clock_raw  {rise@-1.104ns fall@5.521ns period=13.250ns})
  Path Group:             clock_raw
  Path Type:              Setup (Max at Slow Process Corner)
  Requirement:            13.250ns  (clock_raw fall@18.771ns - clock_raw fall@5.521ns)
  Data Path Delay:        10.220ns  (logic 2.613ns (25.568%)  route 7.607ns (74.432%))
  Logic Levels:           11  (CARRY4=5 LUT2=1 LUT4=1 LUT5=2 LUT6=2)
  Clock Path Skew:        -0.264ns (DCD - SCD + CPR)
    Destination Clock Delay (DCD):    0.597ns = ( 19.368 - 18.771 ) 
    Source Clock Delay      (SCD):    1.675ns = ( 7.196 - 5.521 ) 
    Clock Pessimism Removal (CPR):    0.815ns
  Clock Uncertainty:      0.067ns  ((TSJ^2 + DJ^2)^1/2) / 2 + PE
    Total System Jitter     (TSJ):    0.071ns
    Discrete Jitter          (DJ):    0.114ns
    Phase Error              (PE):    0.000ns

    Location             Delay type                Incr(ns)  Path(ns)    Netlist Resource(s)
  -------------------------------------------------------------------    -------------------
                         (clock clock_raw fall edge)
                                                      5.521     5.521 f  
    F14                                               0.000     5.521 f  cam_pclk (IN)
                         net (fo=0)                   0.000     5.521    cam_pclk
    F14                  IBUF (Prop_ibuf_I_O)         1.392     6.913 f  cam_pclk_IBUF_inst/O
                         net (fo=1, routed)           3.115    10.028    real_camera.phase_clock.sampling_clock/pclk
    MMCME2_ADV_X0Y0      MMCME2_ADV (Prop_mmcme2_adv_CLKIN1_CLKOUT0)
                                                     -5.924     4.104 f  real_camera.phase_clock.sampling_clock/camera_mmcm/CLKOUT0
                         net (fo=1, routed)           1.425     5.528    real_camera.phase_clock.sampling_clock/clock_raw
    BUFGCTRL_X0Y3        BUFG (Prop_bufg_I_O)         0.081     5.609 f  real_camera.phase_clock.sampling_clock/sample_buffer/O
                         net (fo=495, routed)         1.587     7.196    real_camera.pclk
    SLICE_X3Y139         FDRE                                         r  real_camera.pin_vsync_reg/C  (IS_INVERTED)
  -------------------------------------------------------------------    -------------------
    SLICE_X3Y139         FDRE (Prop_fdre_C_Q)         0.384     7.580 r  real_camera.pin_vsync_reg/Q
                         net (fo=27, routed)          4.584    12.164    real_camera.capture/pixel_fifo/real_camera.pin_vsync
    SLICE_X31Y50         LUT6 (Prop_lut6_I2_O)        0.105    12.269 r  real_camera.capture/pixel_fifo/fault_req_i_5/O
                         net (fo=1, routed)           0.346    12.615    real_camera.capture/pixel_fifo/fault_req_i_5_n_0
    SLICE_X31Y50         LUT5 (Prop_lut5_I4_O)        0.105    12.720 r  real_camera.capture/pixel_fifo/fault_req_i_3/O
                         net (fo=3, routed)           0.464    13.184    real_camera.capture/pixel_fifo/fault_req_i_3_n_0
    SLICE_X31Y51         LUT2 (Prop_lut2_I1_O)        0.108    13.292 r  real_camera.capture/pixel_fifo/memory_reg_0_i_9__0/O
                         net (fo=21, routed)          1.029    14.321    real_camera.capture/pixel_fifo/memory_reg_0_i_9__0_n_0
    SLICE_X5Y54          LUT6 (Prop_lut6_I4_O)        0.267    14.588 r  real_camera.capture/pixel_fifo/wgray[3]_i_3/O
                         net (fo=1, routed)           0.000    14.588    real_camera.capture/pixel_fifo/wgray[3]_i_3_n_0
    SLICE_X5Y54          CARRY4 (Prop_carry4_S[0]_CO[3])
                                                      0.440    15.028 r  real_camera.capture/pixel_fifo/wgray_reg[3]_i_2/CO[3]
                         net (fo=1, routed)           0.000    15.028    real_camera.capture/pixel_fifo/wgray_reg[3]_i_2_n_0
    SLICE_X5Y55          CARRY4 (Prop_carry4_CI_CO[3])
                                                      0.098    15.126 r  real_camera.capture/pixel_fifo/wgray_reg[7]_i_2/CO[3]
                         net (fo=1, routed)           0.000    15.126    real_camera.capture/pixel_fifo/wgray_reg[7]_i_2_n_0
    SLICE_X5Y56          CARRY4 (Prop_carry4_CI_O[2])
                                                      0.200    15.326 r  real_camera.capture/pixel_fifo/wgray_reg[12]_i_3/O[2]
                         net (fo=4, routed)           0.707    16.033    real_camera.capture/pixel_fifo/wnext__0[10]
    SLICE_X4Y57          LUT5 (Prop_lut5_I2_O)        0.253    16.286 r  real_camera.capture/pixel_fifo/full_next_carry_i_5/O
                         net (fo=1, routed)           0.477    16.763    real_camera.capture/pixel_fifo/full_next_carry_i_5_n_0
    SLICE_X3Y55          LUT4 (Prop_lut4_I0_O)        0.105    16.868 r  real_camera.capture/pixel_fifo/full_next_carry_i_1/O
                         net (fo=1, routed)           0.000    16.868    real_camera.capture/pixel_fifo/full_next_carry_i_1_n_0
    SLICE_X3Y55          CARRY4 (Prop_carry4_S[3]_CO[3])
                                                      0.332    17.200 r  real_camera.capture/pixel_fifo/full_next_carry/CO[3]
                         net (fo=1, routed)           0.000    17.200    real_camera.capture/pixel_fifo/full_next_carry_n_0
    SLICE_X3Y56          CARRY4 (Prop_carry4_CI_CO[0])
                                                      0.216    17.416 r  real_camera.capture/pixel_fifo/full_next_carry__0/CO[0]
                         net (fo=1, routed)           0.000    17.416    real_camera.capture/pixel_fifo/full_next
    SLICE_X3Y56          FDCE                                         r  real_camera.capture/pixel_fifo/full_reg/D
  -------------------------------------------------------------------    -------------------

                         (clock clock_raw fall edge)
                                                     18.771    18.771 f  
    F14                                               0.000    18.771 f  cam_pclk (IN)
                         net (fo=0)                   0.000    18.771    cam_pclk
    F14                  IBUF (Prop_ibuf_I_O)         1.327    20.097 f  cam_pclk_IBUF_inst/O
                         net (fo=1, routed)           2.581    22.678    real_camera.phase_clock.sampling_clock/pclk
    MMCME2_ADV_X0Y0      MMCME2_ADV (Prop_mmcme2_adv_CLKIN1_CLKOUT0)
                                                     -6.061    16.617 f  real_camera.phase_clock.sampling_clock/camera_mmcm/CLKOUT0
                         net (fo=1, routed)           1.357    17.975    real_camera.phase_clock.sampling_clock/clock_raw
    BUFGCTRL_X0Y3        BUFG (Prop_bufg_I_O)         0.077    18.052 f  real_camera.phase_clock.sampling_clock/sample_buffer/O
                         net (fo=495, routed)         1.316    19.368    real_camera.capture/pixel_fifo/sample_clk
    SLICE_X3Y56          FDCE                                         r  real_camera.capture/pixel_fifo/full_reg/C  (IS_INVERTED)
                         clock pessimism              0.815    20.182    
                         clock uncertainty           -0.067    20.115    
    SLICE_X3Y56          FDCE (Setup_fdce_C_D)        0.050    20.165    real_camera.capture/pixel_fifo/full_reg
  -------------------------------------------------------------------
                         required time                         20.165    
                         arrival time                         -17.416    
  -------------------------------------------------------------------
                         slack                                  2.749    





Min Delay Paths
--------------------------------------------------------------------------------------
Slack (MET) :             0.118ns  (arrival time - required time)
  Source:                 real_camera.capture/pixel_fifo/rgray_w1_reg[9]/C
                            (falling edge-triggered cell FDCE clocked by clock_raw  {rise@-1.104ns fall@5.521ns period=13.250ns})
  Destination:            real_camera.capture/pixel_fifo/rgray_w2_reg[9]/D
                            (falling edge-triggered cell FDCE clocked by clock_raw  {rise@-1.104ns fall@5.521ns period=13.250ns})
  Path Group:             clock_raw
  Path Type:              Hold (Min at Fast Process Corner)
  Requirement:            0.000ns  (clock_raw fall@5.521ns - clock_raw fall@5.521ns)
  Data Path Delay:        0.201ns  (logic 0.146ns (72.538%)  route 0.055ns (27.462%))
  Logic Levels:           0  
  Clock Path Skew:        0.000ns (DCD - SCD - CPR)
    Destination Clock Delay (DCD):    0.424ns = ( 5.945 - 5.521 ) 
    Source Clock Delay      (SCD):    0.404ns = ( 5.925 - 5.521 ) 
    Clock Pessimism Removal (CPR):    0.019ns

    Location             Delay type                Incr(ns)  Path(ns)    Netlist Resource(s)
  -------------------------------------------------------------------    -------------------
                         (clock clock_raw fall edge)
                                                      5.521     5.521 f  
    F14                                               0.000     5.521 f  cam_pclk (IN)
                         net (fo=0)                   0.000     5.521    cam_pclk
    F14                  IBUF (Prop_ibuf_I_O)         0.229     5.750 f  cam_pclk_IBUF_inst/O
                         net (fo=1, routed)           1.430     7.180    real_camera.phase_clock.sampling_clock/pclk
    MMCME2_ADV_X0Y0      MMCME2_ADV (Prop_mmcme2_adv_CLKIN1_CLKOUT0)
                                                     -2.362     4.818 f  real_camera.phase_clock.sampling_clock/camera_mmcm/CLKOUT0
                         net (fo=1, routed)           0.489     5.306    real_camera.phase_clock.sampling_clock/clock_raw
    BUFGCTRL_X0Y3        BUFG (Prop_bufg_I_O)         0.026     5.332 f  real_camera.phase_clock.sampling_clock/sample_buffer/O
                         net (fo=495, routed)         0.593     5.925    real_camera.capture/pixel_fifo/sample_clk
    SLICE_X3Y54          FDCE                                         r  real_camera.capture/pixel_fifo/rgray_w1_reg[9]/C  (IS_INVERTED)
  -------------------------------------------------------------------    -------------------
    SLICE_X3Y54          FDCE (Prop_fdce_C_Q)         0.146     6.071 r  real_camera.capture/pixel_fifo/rgray_w1_reg[9]/Q
                         net (fo=1, routed)           0.055     6.126    real_camera.capture/pixel_fifo/rgray_w1[9]
    SLICE_X3Y54          FDCE                                         r  real_camera.capture/pixel_fifo/rgray_w2_reg[9]/D
  -------------------------------------------------------------------    -------------------

                         (clock clock_raw fall edge)
                                                      5.521     5.521 f  
    F14                                               0.000     5.521 f  cam_pclk (IN)
                         net (fo=0)                   0.000     5.521    cam_pclk
    F14                  IBUF (Prop_ibuf_I_O)         0.417     5.938 f  cam_pclk_IBUF_inst/O
                         net (fo=1, routed)           1.726     7.664    real_camera.phase_clock.sampling_clock/pclk
    MMCME2_ADV_X0Y0      MMCME2_ADV (Prop_mmcme2_adv_CLKIN1_CLKOUT0)
                                                     -3.145     4.519 f  real_camera.phase_clock.sampling_clock/camera_mmcm/CLKOUT0
                         net (fo=1, routed)           0.534     5.052    real_camera.phase_clock.sampling_clock/clock_raw
    BUFGCTRL_X0Y3        BUFG (Prop_bufg_I_O)         0.029     5.081 f  real_camera.phase_clock.sampling_clock/sample_buffer/O
                         net (fo=495, routed)         0.863     5.945    real_camera.capture/pixel_fifo/sample_clk
    SLICE_X3Y54          FDCE                                         r  real_camera.capture/pixel_fifo/rgray_w2_reg[9]/C  (IS_INVERTED)
                         clock pessimism             -0.019     5.925    
    SLICE_X3Y54          FDCE (Hold_fdce_C_D)         0.083     6.008    real_camera.capture/pixel_fifo/rgray_w2_reg[9]
  -------------------------------------------------------------------
                         required time                         -6.008    
                         arrival time                           6.126    
  -------------------------------------------------------------------
                         slack                                  0.118    





Pulse Width Checks
--------------------------------------------------------------------------------------
Clock Name:         clock_raw
Waveform(ns):       { -1.104 5.521 }
Period(ns):         13.250
Sources:            { real_camera.phase_clock.sampling_clock/camera_mmcm/CLKOUT0 }

Check Type        Corner  Lib Pin             Reference Pin  Required(ns)  Actual(ns)  Slack(ns)  Location         Pin
Min Period        n/a     RAMB36E1/CLKARDCLK  n/a            2.170         13.250      11.080     RAMB36_X0Y11     real_camera.capture/pixel_fifo/memory_reg_0/CLKARDCLK
Max Period        n/a     MMCME2_ADV/CLKOUT0  n/a            213.360       13.250      200.110    MMCME2_ADV_X0Y0  real_camera.phase_clock.sampling_clock/camera_mmcm/CLKOUT0
Low Pulse Width   Fast    FDRE/C              n/a            0.500         6.625       6.125      SLICE_X1Y142     real_camera.pin_data_reg[6]/C
High Pulse Width  Slow    FDCE/C              n/a            0.500         6.625       6.125      SLICE_X32Y56     real_camera.capture/overflow_gray_reg[10]/C



---------------------------------------------------------------------------------------------------
From Clock:  feedback_raw_1
  To Clock:  feedback_raw_1

Setup :           NA  Failing Endpoints,  Worst Slack           NA  ,  Total Violation           NA
Hold  :           NA  Failing Endpoints,  Worst Slack           NA  ,  Total Violation           NA
PW    :            0  Failing Endpoints,  Worst Slack       11.658ns,  Total Violation        0.000ns
---------------------------------------------------------------------------------------------------


Pulse Width Checks
--------------------------------------------------------------------------------------
Clock Name:         feedback_raw_1
Waveform(ns):       { 0.000 6.625 }
Period(ns):         13.250
Sources:            { real_camera.phase_clock.sampling_clock/camera_mmcm/CLKFBOUT }

Check Type  Corner  Lib Pin             Reference Pin  Required(ns)  Actual(ns)  Slack(ns)  Location         Pin
Min Period  n/a     BUFG/I              n/a            1.592         13.250      11.658     BUFGCTRL_X0Y5    real_camera.phase_clock.sampling_clock/feedback_buffer/I
Max Period  n/a     MMCME2_ADV/CLKFBIN  n/a            100.000       13.250      86.750     MMCME2_ADV_X0Y0  real_camera.phase_clock.sampling_clock/camera_mmcm/CLKFBIN



---------------------------------------------------------------------------------------------------
From Clock:  sys_clk
  To Clock:  sys_clk

Setup :           NA  Failing Endpoints,  Worst Slack           NA  ,  Total Violation           NA
Hold  :           NA  Failing Endpoints,  Worst Slack           NA  ,  Total Violation           NA
PW    :            0  Failing Endpoints,  Worst Slack        7.000ns,  Total Violation        0.000ns
---------------------------------------------------------------------------------------------------


Pulse Width Checks
--------------------------------------------------------------------------------------
Clock Name:         sys_clk
Waveform(ns):       { 0.000 10.000 }
Period(ns):         20.000
Sources:            { sys_clk }

Check Type        Corner  Lib Pin            Reference Pin  Required(ns)  Actual(ns)  Slack(ns)  Location         Pin
Min Period        n/a     MMCME2_ADV/CLKIN1  n/a            1.249         20.000      18.751     MMCME2_ADV_X1Y0  multiplied_clock.clock_generator/mmcm/CLKIN1
Max Period        n/a     MMCME2_ADV/CLKIN1  n/a            100.000       20.000      80.000     MMCME2_ADV_X1Y0  multiplied_clock.clock_generator/mmcm/CLKIN1
Low Pulse Width   Fast    MMCME2_ADV/CLKIN1  n/a            3.000         10.000      7.000      MMCME2_ADV_X1Y0  multiplied_clock.clock_generator/mmcm/CLKIN1
High Pulse Width  Slow    MMCME2_ADV/CLKIN1  n/a            3.000         10.000      7.000      MMCME2_ADV_X1Y0  multiplied_clock.clock_generator/mmcm/CLKIN1



---------------------------------------------------------------------------------------------------
From Clock:  core_raw
  To Clock:  core_raw

Setup :            0  Failing Endpoints,  Worst Slack        0.190ns,  Total Violation        0.000ns
Hold  :            0  Failing Endpoints,  Worst Slack        0.052ns,  Total Violation        0.000ns
PW    :            0  Failing Endpoints,  Worst Slack        3.870ns,  Total Violation        0.000ns
---------------------------------------------------------------------------------------------------


Max Delay Paths
--------------------------------------------------------------------------------------
Slack (MET) :             0.190ns  (required time - arrival time)
  Source:                 engine/codec/encoder/channels[0].channel/ddr_spatial_transport.skip/reference_sparse_ram_reg/CLKBWRCLK
                            (rising edge-triggered cell RAMB36E1 clocked by core_raw  {rise@0.000ns fall@5.000ns period=10.000ns})
  Destination:            engine/codec/encoder/channels[0].channel/ddr_spatial_transport.skip/coefficient_decoders.decoder/reservoir_reg[29]/D
                            (rising edge-triggered cell FDRE clocked by core_raw  {rise@0.000ns fall@5.000ns period=10.000ns})
  Path Group:             core_raw
  Path Type:              Setup (Max at Slow Process Corner)
  Requirement:            10.000ns  (core_raw rise@10.000ns - core_raw rise@0.000ns)
  Data Path Delay:        9.834ns  (logic 4.523ns (45.993%)  route 5.311ns (54.007%))
  Logic Levels:           13  (CARRY4=3 LUT2=1 LUT4=3 LUT5=3 LUT6=3)
  Clock Path Skew:        -0.004ns (DCD - SCD + CPR)
    Destination Clock Delay (DCD):    -0.870ns = ( 9.130 - 10.000 ) 
    Source Clock Delay      (SCD):    -0.524ns
    Clock Pessimism Removal (CPR):    0.343ns
  Clock Uncertainty:      0.047ns  ((TSJ^2 + DJ^2)^1/2) / 2 + PE
    Total System Jitter     (TSJ):    0.071ns
    Discrete Jitter          (DJ):    0.063ns
    Phase Error              (PE):    0.000ns

    Location             Delay type                Incr(ns)  Path(ns)    Netlist Resource(s)
  -------------------------------------------------------------------    -------------------
                         (clock core_raw rise edge)
                                                      0.000     0.000 r  
    R4                                                0.000     0.000 r  sys_clk (IN)
                         net (fo=0)                   0.000     0.000    sys_clk
    R4                   IBUF (Prop_ibuf_I_O)         1.432     1.432 r  sys_clk_IBUF_inst/O
                         net (fo=1, routed)           1.065     2.497    multiplied_clock.clock_generator/sys_clk_IBUF
    MMCME2_ADV_X1Y0      MMCME2_ADV (Prop_mmcme2_adv_CLKIN1_CLKOUT0)
                                                     -5.921    -3.424 r  multiplied_clock.clock_generator/mmcm/CLKOUT0
                         net (fo=1, routed)           1.421    -2.004    multiplied_clock.clock_generator/core_raw
    BUFGCTRL_X0Y2        BUFG (Prop_bufg_I_O)         0.081    -1.923 r  multiplied_clock.clock_generator/core_buffer/O
                         net (fo=16521, routed)       1.399    -0.524    engine/codec/encoder/channels[0].channel/ddr_spatial_transport.skip/core_clk
    RAMB36_X1Y19         RAMB36E1                                     r  engine/codec/encoder/channels[0].channel/ddr_spatial_transport.skip/reference_sparse_ram_reg/CLKBWRCLK
  -------------------------------------------------------------------    -------------------
    RAMB36_X1Y19         RAMB36E1 (Prop_ramb36e1_CLKBWRCLK_DOBDO[16])
                                                      2.125     1.601 r  engine/codec/encoder/channels[0].channel/ddr_spatial_transport.skip/reference_sparse_ram_reg/DOBDO[16]
                         net (fo=5, routed)           0.956     2.557    engine/codec/encoder/channels[0].channel/ddr_spatial_transport.skip/coefficient_decoders.decoder/DOBDO[16]
    SLICE_X48Y101        LUT4 (Prop_lut4_I0_O)        0.105     2.662 r  engine/codec/encoder/channels[0].channel/ddr_spatial_transport.skip/coefficient_decoders.decoder/m_valid_i_29/O
                         net (fo=1, routed)           0.000     2.662    engine/codec/encoder/channels[0].channel/ddr_spatial_transport.skip/coefficient_decoders.decoder/m_valid_i_29_n_0
    SLICE_X48Y101        CARRY4 (Prop_carry4_S[0]_CO[3])
                                                      0.440     3.102 r  engine/codec/encoder/channels[0].channel/ddr_spatial_transport.skip/coefficient_decoders.decoder/m_valid_reg_i_11/CO[3]
                         net (fo=1, routed)           0.000     3.102    engine/codec/encoder/channels[0].channel/ddr_spatial_transport.skip/coefficient_decoders.decoder/m_valid_reg_i_11_n_0
    SLICE_X48Y102        CARRY4 (Prop_carry4_CI_CO[0])
                                                      0.216     3.318 f  engine/codec/encoder/channels[0].channel/ddr_spatial_transport.skip/coefficient_decoders.decoder/m_valid_reg_i_5/CO[0]
                         net (fo=1, routed)           0.223     3.541    engine/codec/encoder/channels[0].channel/ddr_spatial_transport.skip/coefficient_decoders.decoder/merge_current1
    SLICE_X49Y103        LUT4 (Prop_lut4_I3_O)        0.309     3.850 f  engine/codec/encoder/channels[0].channel/ddr_spatial_transport.skip/coefficient_decoders.decoder/m_valid_i_2/O
                         net (fo=54, routed)          0.772     4.622    engine/codec/encoder/channels[0].channel/ddr_spatial_transport.skip/coefficient_decoders.decoder/m_valid_reg_1
    SLICE_X40Y112        LUT6 (Prop_lut6_I2_O)        0.105     4.727 r  engine/codec/encoder/channels[0].channel/ddr_spatial_transport.skip/coefficient_decoders.decoder/position[6]_i_21/O
                         net (fo=10, routed)          0.281     5.008    engine/codec/encoder/channels[0].channel/ddr_spatial_transport.skip/coefficient_decoders.decoder/position[6]_i_21_n_0
    SLICE_X39Y113        LUT6 (Prop_lut6_I5_O)        0.105     5.113 r  engine/codec/encoder/channels[0].channel/ddr_spatial_transport.skip/coefficient_decoders.decoder/position[6]_i_7/O
                         net (fo=25, routed)          0.498     5.610    engine/codec/encoder/channels[0].channel/ddr_spatial_transport.skip/coefficient_decoders.decoder/position[6]_i_7_n_0
    SLICE_X37Y113        LUT4 (Prop_lut4_I2_O)        0.105     5.715 r  engine/codec/encoder/channels[0].channel/ddr_spatial_transport.skip/coefficient_decoders.decoder/reservoir[39]_i_3__0/O
                         net (fo=43, routed)          0.397     6.112    engine/codec/encoder/channels[0].channel/ddr_spatial_transport.skip/coefficient_decoders.decoder/p_1_in_0[0]
    SLICE_X36Y114        LUT2 (Prop_lut2_I1_O)        0.105     6.217 r  engine/codec/encoder/channels[0].channel/ddr_spatial_transport.skip/coefficient_decoders.decoder/bit_count[2]_i_6/O
                         net (fo=1, routed)           0.000     6.217    engine/codec/encoder/channels[0].channel/ddr_spatial_transport.skip/coefficient_decoders.decoder/bit_count[2]_i_6_n_0
    SLICE_X36Y114        CARRY4 (Prop_carry4_S[0]_O[1])
                                                      0.343     6.560 r  engine/codec/encoder/channels[0].channel/ddr_spatial_transport.skip/coefficient_decoders.decoder/bit_count_reg[2]_i_1/O[1]
                         net (fo=31, routed)          0.501     7.062    engine/codec/encoder/channels[0].channel/ddr_spatial_transport.skip/coefficient_decoders.decoder/next_count[1]
    SLICE_X39Y115        LUT5 (Prop_lut5_I3_O)        0.250     7.312 r  engine/codec/encoder/channels[0].channel/ddr_spatial_transport.skip/coefficient_decoders.decoder/reservoir[33]_i_6/O
                         net (fo=3, routed)           0.565     7.876    engine/codec/encoder/channels[0].channel/ddr_spatial_transport.skip/coefficient_decoders.decoder/reservoir[33]_i_6_n_0
    SLICE_X38Y115        LUT5 (Prop_lut5_I0_O)        0.105     7.981 r  engine/codec/encoder/channels[0].channel/ddr_spatial_transport.skip/coefficient_decoders.decoder/reservoir[29]_i_5/O
                         net (fo=2, routed)           0.775     8.757    engine/codec/encoder/channels[0].channel/ddr_spatial_transport.skip/coefficient_decoders.decoder/reservoir[29]_i_5_n_0
    SLICE_X38Y120        LUT6 (Prop_lut6_I2_O)        0.105     8.862 r  engine/codec/encoder/channels[0].channel/ddr_spatial_transport.skip/coefficient_decoders.decoder/reservoir[29]_i_2__0/O
                         net (fo=1, routed)           0.344     9.205    engine/codec/encoder/channels[0].channel/ddr_spatial_transport.skip/coefficient_decoders.decoder/reservoir[29]_i_2__0_n_0
    SLICE_X38Y118        LUT5 (Prop_lut5_I2_O)        0.105     9.310 r  engine/codec/encoder/channels[0].channel/ddr_spatial_transport.skip/coefficient_decoders.decoder/reservoir[29]_i_1__0/O
                         net (fo=1, routed)           0.000     9.310    engine/codec/encoder/channels[0].channel/ddr_spatial_transport.skip/coefficient_decoders.decoder/next_reservoir[29]
    SLICE_X38Y118        FDRE                                         r  engine/codec/encoder/channels[0].channel/ddr_spatial_transport.skip/coefficient_decoders.decoder/reservoir_reg[29]/D
  -------------------------------------------------------------------    -------------------

                         (clock core_raw rise edge)
                                                     10.000    10.000 r  
    R4                                                0.000    10.000 r  sys_clk (IN)
                         net (fo=0)                   0.000    10.000    sys_clk
    R4                   IBUF (Prop_ibuf_I_O)         1.366    11.366 r  sys_clk_IBUF_inst/O
                         net (fo=1, routed)           1.004    12.369    multiplied_clock.clock_generator/sys_clk_IBUF
    MMCME2_ADV_X1Y0      MMCME2_ADV (Prop_mmcme2_adv_CLKIN1_CLKOUT0)
                                                     -6.057     6.312 r  multiplied_clock.clock_generator/mmcm/CLKOUT0
                         net (fo=1, routed)           1.352     7.665    multiplied_clock.clock_generator/core_raw
    BUFGCTRL_X0Y2        BUFG (Prop_bufg_I_O)         0.077     7.742 r  multiplied_clock.clock_generator/core_buffer/O
                         net (fo=16521, routed)       1.388     9.130    engine/codec/encoder/channels[0].channel/ddr_spatial_transport.skip/coefficient_decoders.decoder/core_clk
    SLICE_X38Y118        FDRE                                         r  engine/codec/encoder/channels[0].channel/ddr_spatial_transport.skip/coefficient_decoders.decoder/reservoir_reg[29]/C
                         clock pessimism              0.343     9.472    
                         clock uncertainty           -0.047     9.425    
    SLICE_X38Y118        FDRE (Setup_fdre_C_D)        0.076     9.501    engine/codec/encoder/channels[0].channel/ddr_spatial_transport.skip/coefficient_decoders.decoder/reservoir_reg[29]
  -------------------------------------------------------------------
                         required time                          9.501    
                         arrival time                          -9.310    
  -------------------------------------------------------------------
                         slack                                  0.190    





Min Delay Paths
--------------------------------------------------------------------------------------
Slack (MET) :             0.052ns  (arrival time - required time)
  Source:                 real_camera.capture/overflow_c2_reg[29]/C
                            (rising edge-triggered cell FDCE clocked by core_raw  {rise@0.000ns fall@5.000ns period=10.000ns})
  Destination:            engine/camera_pending_data_reg[220]/D
                            (rising edge-triggered cell FDCE clocked by core_raw  {rise@0.000ns fall@5.000ns period=10.000ns})
  Path Group:             core_raw
  Path Type:              Hold (Min at Fast Process Corner)
  Requirement:            0.000ns  (core_raw rise@0.000ns - core_raw rise@0.000ns)
  Data Path Delay:        0.408ns  (logic 0.227ns (55.661%)  route 0.181ns (44.339%))
  Logic Levels:           1  (LUT4=1)
  Clock Path Skew:        0.264ns (DCD - SCD - CPR)
    Destination Clock Delay (DCD):    -0.823ns
    Source Clock Delay      (SCD):    -0.584ns
    Clock Pessimism Removal (CPR):    -0.503ns

    Location             Delay type                Incr(ns)  Path(ns)    Netlist Resource(s)
  -------------------------------------------------------------------    -------------------
                         (clock core_raw rise edge)
                                                      0.000     0.000 r  
    R4                                                0.000     0.000 r  sys_clk (IN)
                         net (fo=0)                   0.000     0.000    sys_clk
    R4                   IBUF (Prop_ibuf_I_O)         0.269     0.269 r  sys_clk_IBUF_inst/O
                         net (fo=1, routed)           0.440     0.709    multiplied_clock.clock_generator/sys_clk_IBUF
    MMCME2_ADV_X1Y0      MMCME2_ADV (Prop_mmcme2_adv_CLKIN1_CLKOUT0)
                                                     -2.360    -1.651 r  multiplied_clock.clock_generator/mmcm/CLKOUT0
                         net (fo=1, routed)           0.486    -1.165    multiplied_clock.clock_generator/core_raw
    BUFGCTRL_X0Y2        BUFG (Prop_bufg_I_O)         0.026    -1.139 r  multiplied_clock.clock_generator/core_buffer/O
                         net (fo=16521, routed)       0.555    -0.584    real_camera.capture/core_clk
    SLICE_X35Y66         FDCE                                         r  real_camera.capture/overflow_c2_reg[29]/C
  -------------------------------------------------------------------    -------------------
    SLICE_X35Y66         FDCE (Prop_fdce_C_Q)         0.128    -0.456 r  real_camera.capture/overflow_c2_reg[29]/Q
                         net (fo=5, routed)           0.181    -0.275    real_camera.capture/overflow_c2[29]
    SLICE_X36Y65         LUT4 (Prop_lut4_I3_O)        0.099    -0.176 r  real_camera.capture/camera_pending_data[220]_i_1/O
                         net (fo=1, routed)           0.000    -0.176    engine/camera_pending_data_reg[255]_0[203]
    SLICE_X36Y65         FDCE                                         r  engine/camera_pending_data_reg[220]/D
  -------------------------------------------------------------------    -------------------

                         (clock core_raw rise edge)
                                                      0.000     0.000 r  
    R4                                                0.000     0.000 r  sys_clk (IN)
                         net (fo=0)                   0.000     0.000    sys_clk
    R4                   IBUF (Prop_ibuf_I_O)         0.457     0.457 r  sys_clk_IBUF_inst/O
                         net (fo=1, routed)           0.480     0.937    multiplied_clock.clock_generator/sys_clk_IBUF
    MMCME2_ADV_X1Y0      MMCME2_ADV (Prop_mmcme2_adv_CLKIN1_CLKOUT0)
                                                     -3.142    -2.205 r  multiplied_clock.clock_generator/mmcm/CLKOUT0
                         net (fo=1, routed)           0.530    -1.676    multiplied_clock.clock_generator/core_raw
    BUFGCTRL_X0Y2        BUFG (Prop_bufg_I_O)         0.029    -1.647 r  multiplied_clock.clock_generator/core_buffer/O
                         net (fo=16521, routed)       0.823    -0.823    engine/core_clk
    SLICE_X36Y65         FDCE                                         r  engine/camera_pending_data_reg[220]/C
                         clock pessimism              0.503    -0.320    
    SLICE_X36Y65         FDCE (Hold_fdce_C_D)         0.092    -0.228    engine/camera_pending_data_reg[220]
  -------------------------------------------------------------------
                         required time                          0.228    
                         arrival time                          -0.176    
  -------------------------------------------------------------------
                         slack                                  0.052    





Pulse Width Checks
--------------------------------------------------------------------------------------
Clock Name:         core_raw
Waveform(ns):       { 0.000 5.000 }
Period(ns):         10.000
Sources:            { multiplied_clock.clock_generator/mmcm/CLKOUT0 }

Check Type        Corner  Lib Pin             Reference Pin  Required(ns)  Actual(ns)  Slack(ns)  Location         Pin
Min Period        n/a     DSP48E1/CLK         n/a            3.272         10.000      6.728      DSP48_X0Y20      engine/codec/encoder/channels[0].channel/core/quant/p_0_out__0/CLK
Max Period        n/a     MMCME2_ADV/CLKOUT0  n/a            213.360       10.000      203.360    MMCME2_ADV_X1Y0  multiplied_clock.clock_generator/mmcm/CLKOUT0
Low Pulse Width   Slow    RAMD64E/CLK         n/a            1.130         5.000       3.870      SLICE_X12Y48     engine/codec/encoder/channels[0].channel/core/quant/qt_reg_r1_0_63_0_2/RAMA/CLK
High Pulse Width  Fast    RAMD64E/CLK         n/a            1.130         5.000       3.870      SLICE_X14Y78     engine/codec/encoder/channels[0].channel/core/quant/qt_reg_r2_64_127_3_5/RAMA/CLK



---------------------------------------------------------------------------------------------------
From Clock:  ddr_ref_raw
  To Clock:  ddr_ref_raw

Setup :            0  Failing Endpoints,  Worst Slack        2.600ns,  Total Violation        0.000ns
Hold  :            0  Failing Endpoints,  Worst Slack        0.121ns,  Total Violation        0.000ns
PW    :            0  Failing Endpoints,  Worst Slack        0.264ns,  Total Violation        0.000ns
---------------------------------------------------------------------------------------------------


Max Delay Paths
--------------------------------------------------------------------------------------
Slack (MET) :             2.600ns  (required time - arrival time)
  Source:                 memory/controller/u_davinci_ddr3_mig_mig/temp_mon_enabled.u_tempmon/xadc_supplied_temperature.sample_timer_clr_reg/C
                            (rising edge-triggered cell FDRE clocked by ddr_ref_raw  {rise@0.000ns fall@2.500ns period=5.000ns})
  Destination:            memory/controller/u_davinci_ddr3_mig_mig/temp_mon_enabled.u_tempmon/xadc_supplied_temperature.sample_timer_reg[3]/R
                            (rising edge-triggered cell FDRE clocked by ddr_ref_raw  {rise@0.000ns fall@2.500ns period=5.000ns})
  Path Group:             ddr_ref_raw
  Path Type:              Setup (Max at Slow Process Corner)
  Requirement:            5.000ns  (ddr_ref_raw rise@5.000ns - ddr_ref_raw rise@0.000ns)
  Data Path Delay:        1.910ns  (logic 0.484ns (25.346%)  route 1.426ns (74.654%))
  Logic Levels:           1  (LUT2=1)
  Clock Path Skew:        -0.022ns (DCD - SCD + CPR)
    Destination Clock Delay (DCD):    -1.016ns = ( 3.984 - 5.000 ) 
    Source Clock Delay      (SCD):    -0.575ns
    Clock Pessimism Removal (CPR):    0.419ns
  Clock Uncertainty:      0.045ns  ((TSJ^2 + DJ^2)^1/2) / 2 + PE
    Total System Jitter     (TSJ):    0.071ns
    Discrete Jitter          (DJ):    0.056ns
    Phase Error              (PE):    0.000ns

    Location             Delay type                Incr(ns)  Path(ns)    Netlist Resource(s)
  -------------------------------------------------------------------    -------------------
                         (clock ddr_ref_raw rise edge)
                                                      0.000     0.000 r  
    R4                                                0.000     0.000 r  sys_clk (IN)
                         net (fo=0)                   0.000     0.000    sys_clk
    R4                   IBUF (Prop_ibuf_I_O)         1.432     1.432 r  sys_clk_IBUF_inst/O
                         net (fo=1, routed)           1.065     2.497    multiplied_clock.clock_generator/sys_clk_IBUF
    MMCME2_ADV_X1Y0      MMCME2_ADV (Prop_mmcme2_adv_CLKIN1_CLKOUT1)
                                                     -5.921    -3.424 r  multiplied_clock.clock_generator/mmcm/CLKOUT1
                         net (fo=1, routed)           1.421    -2.004    multiplied_clock.clock_generator/ddr_ref_raw
    BUFGCTRL_X0Y1        BUFG (Prop_bufg_I_O)         0.081    -1.923 r  multiplied_clock.clock_generator/ddr_ref_buffer/O
                         net (fo=63, routed)          1.347    -0.575    memory/controller/u_davinci_ddr3_mig_mig/temp_mon_enabled.u_tempmon/clk_ref_i
    SLICE_X13Y69         FDRE                                         r  memory/controller/u_davinci_ddr3_mig_mig/temp_mon_enabled.u_tempmon/xadc_supplied_temperature.sample_timer_clr_reg/C
  -------------------------------------------------------------------    -------------------
    SLICE_X13Y69         FDRE (Prop_fdre_C_Q)         0.379    -0.196 r  memory/controller/u_davinci_ddr3_mig_mig/temp_mon_enabled.u_tempmon/xadc_supplied_temperature.sample_timer_clr_reg/Q
                         net (fo=3, routed)           0.814     0.617    memory/controller/u_davinci_ddr3_mig_mig/temp_mon_enabled.u_tempmon/xadc_supplied_temperature.xadc_den
    SLICE_X14Y69         LUT2 (Prop_lut2_I1_O)        0.105     0.722 r  memory/controller/u_davinci_ddr3_mig_mig/temp_mon_enabled.u_tempmon/xadc_supplied_temperature.sample_timer[10]_i_1/O
                         net (fo=11, routed)          0.612     1.334    memory/controller/u_davinci_ddr3_mig_mig/temp_mon_enabled.u_tempmon/xadc_supplied_temperature.sample_timer0__20
    SLICE_X14Y66         FDRE                                         r  memory/controller/u_davinci_ddr3_mig_mig/temp_mon_enabled.u_tempmon/xadc_supplied_temperature.sample_timer_reg[3]/R
  -------------------------------------------------------------------    -------------------

                         (clock ddr_ref_raw rise edge)
                                                      5.000     5.000 r  
    R4                                                0.000     5.000 r  sys_clk (IN)
                         net (fo=0)                   0.000     5.000    sys_clk
    R4                   IBUF (Prop_ibuf_I_O)         1.366     6.366 r  sys_clk_IBUF_inst/O
                         net (fo=1, routed)           1.004     7.369    multiplied_clock.clock_generator/sys_clk_IBUF
    MMCME2_ADV_X1Y0      MMCME2_ADV (Prop_mmcme2_adv_CLKIN1_CLKOUT1)
                                                     -6.057     1.312 r  multiplied_clock.clock_generator/mmcm/CLKOUT1
                         net (fo=1, routed)           1.352     2.665    multiplied_clock.clock_generator/ddr_ref_raw
    BUFGCTRL_X0Y1        BUFG (Prop_bufg_I_O)         0.077     2.742 r  multiplied_clock.clock_generator/ddr_ref_buffer/O
                         net (fo=63, routed)          1.242     3.984    memory/controller/u_davinci_ddr3_mig_mig/temp_mon_enabled.u_tempmon/clk_ref_i
    SLICE_X14Y66         FDRE                                         r  memory/controller/u_davinci_ddr3_mig_mig/temp_mon_enabled.u_tempmon/xadc_supplied_temperature.sample_timer_reg[3]/C
                         clock pessimism              0.419     4.403    
                         clock uncertainty           -0.045     4.357    
    SLICE_X14Y66         FDRE (Setup_fdre_C_R)       -0.423     3.934    memory/controller/u_davinci_ddr3_mig_mig/temp_mon_enabled.u_tempmon/xadc_supplied_temperature.sample_timer_reg[3]
  -------------------------------------------------------------------
                         required time                          3.934    
                         arrival time                          -1.334    
  -------------------------------------------------------------------
                         slack                                  2.600    





Min Delay Paths
--------------------------------------------------------------------------------------
Slack (MET) :             0.121ns  (arrival time - required time)
  Source:                 memory/controller/u_davinci_ddr3_mig_mig/temp_mon_enabled.u_tempmon/xadc_supplied_temperature.rst_r1_reg/C
                            (rising edge-triggered cell FDRE clocked by ddr_ref_raw  {rise@0.000ns fall@2.500ns period=5.000ns})
  Destination:            memory/controller/u_davinci_ddr3_mig_mig/temp_mon_enabled.u_tempmon/xadc_supplied_temperature.rst_r2_reg/D
                            (rising edge-triggered cell FDRE clocked by ddr_ref_raw  {rise@0.000ns fall@2.500ns period=5.000ns})
  Path Group:             ddr_ref_raw
  Path Type:              Hold (Min at Fast Process Corner)
  Requirement:            0.000ns  (ddr_ref_raw rise@0.000ns - ddr_ref_raw rise@0.000ns)
  Data Path Delay:        0.196ns  (logic 0.141ns (71.838%)  route 0.055ns (28.162%))
  Logic Levels:           0  
  Clock Path Skew:        0.000ns (DCD - SCD - CPR)
    Destination Clock Delay (DCD):    -0.823ns
    Source Clock Delay      (SCD):    -0.583ns
    Clock Pessimism Removal (CPR):    -0.240ns

    Location             Delay type                Incr(ns)  Path(ns)    Netlist Resource(s)
  -------------------------------------------------------------------    -------------------
                         (clock ddr_ref_raw rise edge)
                                                      0.000     0.000 r  
    R4                                                0.000     0.000 r  sys_clk (IN)
                         net (fo=0)                   0.000     0.000    sys_clk
    R4                   IBUF (Prop_ibuf_I_O)         0.269     0.269 r  sys_clk_IBUF_inst/O
                         net (fo=1, routed)           0.440     0.709    multiplied_clock.clock_generator/sys_clk_IBUF
    MMCME2_ADV_X1Y0      MMCME2_ADV (Prop_mmcme2_adv_CLKIN1_CLKOUT1)
                                                     -2.360    -1.651 r  multiplied_clock.clock_generator/mmcm/CLKOUT1
                         net (fo=1, routed)           0.486    -1.165    multiplied_clock.clock_generator/ddr_ref_raw
    BUFGCTRL_X0Y1        BUFG (Prop_bufg_I_O)         0.026    -1.139 r  multiplied_clock.clock_generator/ddr_ref_buffer/O
                         net (fo=63, routed)          0.556    -0.583    memory/controller/u_davinci_ddr3_mig_mig/temp_mon_enabled.u_tempmon/clk_ref_i
    SLICE_X13Y69         FDRE                                         r  memory/controller/u_davinci_ddr3_mig_mig/temp_mon_enabled.u_tempmon/xadc_supplied_temperature.rst_r1_reg/C
  -------------------------------------------------------------------    -------------------
    SLICE_X13Y69         FDRE (Prop_fdre_C_Q)         0.141    -0.442 r  memory/controller/u_davinci_ddr3_mig_mig/temp_mon_enabled.u_tempmon/xadc_supplied_temperature.rst_r1_reg/Q
                         net (fo=1, routed)           0.055    -0.387    memory/controller/u_davinci_ddr3_mig_mig/temp_mon_enabled.u_tempmon/xadc_supplied_temperature.rst_r1
    SLICE_X13Y69         FDRE                                         r  memory/controller/u_davinci_ddr3_mig_mig/temp_mon_enabled.u_tempmon/xadc_supplied_temperature.rst_r2_reg/D
  -------------------------------------------------------------------    -------------------

                         (clock ddr_ref_raw rise edge)
                                                      0.000     0.000 r  
    R4                                                0.000     0.000 r  sys_clk (IN)
                         net (fo=0)                   0.000     0.000    sys_clk
    R4                   IBUF (Prop_ibuf_I_O)         0.457     0.457 r  sys_clk_IBUF_inst/O
                         net (fo=1, routed)           0.480     0.937    multiplied_clock.clock_generator/sys_clk_IBUF
    MMCME2_ADV_X1Y0      MMCME2_ADV (Prop_mmcme2_adv_CLKIN1_CLKOUT1)
                                                     -3.142    -2.205 r  multiplied_clock.clock_generator/mmcm/CLKOUT1
                         net (fo=1, routed)           0.530    -1.676    multiplied_clock.clock_generator/ddr_ref_raw
    BUFGCTRL_X0Y1        BUFG (Prop_bufg_I_O)         0.029    -1.647 r  multiplied_clock.clock_generator/ddr_ref_buffer/O
                         net (fo=63, routed)          0.823    -0.823    memory/controller/u_davinci_ddr3_mig_mig/temp_mon_enabled.u_tempmon/clk_ref_i
    SLICE_X13Y69         FDRE                                         r  memory/controller/u_davinci_ddr3_mig_mig/temp_mon_enabled.u_tempmon/xadc_supplied_temperature.rst_r2_reg/C
                         clock pessimism              0.240    -0.583    
    SLICE_X13Y69         FDRE (Hold_fdre_C_D)         0.075    -0.508    memory/controller/u_davinci_ddr3_mig_mig/temp_mon_enabled.u_tempmon/xadc_supplied_temperature.rst_r2_reg
  -------------------------------------------------------------------
                         required time                          0.508    
                         arrival time                          -0.387    
  -------------------------------------------------------------------
                         slack                                  0.121    





Pulse Width Checks
--------------------------------------------------------------------------------------
Clock Name:         ddr_ref_raw
Waveform(ns):       { 0.000 2.500 }
Period(ns):         5.000
Sources:            { multiplied_clock.clock_generator/mmcm/CLKOUT1 }

Check Type        Corner  Lib Pin            Reference Pin  Required(ns)  Actual(ns)  Slack(ns)  Location         Pin
Min Period        n/a     XADC/DCLK          n/a            4.000         5.000       1.000      XADC_X0Y0        memory/controller/u_davinci_ddr3_mig_mig/temp_mon_enabled.u_tempmon/xadc_supplied_temperature.XADC_inst/DCLK
Max Period        n/a     IDELAYCTRL/REFCLK  n/a            5.264         5.000       0.264      IDELAYCTRL_X1Y1  memory/controller/u_davinci_ddr3_mig_mig/u_iodelay_ctrl/u_idelayctrl_200/REFCLK
Low Pulse Width   Fast    PLLE2_ADV/CLKIN1   n/a            1.400         2.500       1.100      PLLE2_ADV_X1Y1   memory/controller/u_davinci_ddr3_mig_mig/u_ddr3_infrastructure/plle2_i/CLKIN1
High Pulse Width  Slow    PLLE2_ADV/CLKIN1   n/a            1.400         2.500       1.100      PLLE2_ADV_X1Y1   memory/controller/u_davinci_ddr3_mig_mig/u_ddr3_infrastructure/plle2_i/CLKIN1



---------------------------------------------------------------------------------------------------
From Clock:  freq_refclk_1
  To Clock:  freq_refclk_1

Setup :           NA  Failing Endpoints,  Worst Slack           NA  ,  Total Violation           NA
Hold  :           NA  Failing Endpoints,  Worst Slack           NA  ,  Total Violation           NA
PW    :            0  Failing Endpoints,  Worst Slack        0.001ns,  Total Violation        0.000ns
---------------------------------------------------------------------------------------------------


Pulse Width Checks
--------------------------------------------------------------------------------------
Clock Name:         freq_refclk_1
Waveform(ns):       { 0.000 0.625 }
Period(ns):         1.250
Sources:            { memory/controller/u_davinci_ddr3_mig_mig/u_ddr3_infrastructure/plle2_i/CLKOUT0 }

Check Type        Corner  Lib Pin                    Reference Pin  Required(ns)  Actual(ns)  Slack(ns)  Location             Pin
Min Period        n/a     PLLE2_ADV/CLKOUT0          n/a            1.249         1.250       0.001      PLLE2_ADV_X1Y1       memory/controller/u_davinci_ddr3_mig_mig/u_ddr3_infrastructure/plle2_i/CLKOUT0
Max Period        n/a     PHASER_OUT_PHY/FREQREFCLK  n/a            2.500         1.250       1.250      PHASER_OUT_PHY_X1Y4  memory/controller/u_davinci_ddr3_mig_mig/u_memc_ui_top_std/mem_intfc0/ddr_phy_top0/u_ddr_mc_phy_wrapper/u_ddr_mc_phy/ddr_phy_4lanes_0.u_ddr_phy_4lanes/ddr_byte_lane_A.ddr_byte_lane_A/phaser_out/FREQREFCLK
Low Pulse Width   Slow    PHASER_REF/CLKIN           n/a            0.482         0.625       0.143      PHASER_REF_X1Y1      memory/controller/u_davinci_ddr3_mig_mig/u_memc_ui_top_std/mem_intfc0/ddr_phy_top0/u_ddr_mc_phy_wrapper/u_ddr_mc_phy/ddr_phy_4lanes_0.u_ddr_phy_4lanes/phaser_ref_i/CLKIN
High Pulse Width  Fast    PHASER_OUT_PHY/FREQREFCLK  n/a            0.482         0.625       0.143      PHASER_OUT_PHY_X1Y4  memory/controller/u_davinci_ddr3_mig_mig/u_memc_ui_top_std/mem_intfc0/ddr_phy_top0/u_ddr_mc_phy_wrapper/u_ddr_mc_phy/ddr_phy_4lanes_0.u_ddr_phy_4lanes/ddr_byte_lane_A.ddr_byte_lane_A/phaser_out/FREQREFCLK



---------------------------------------------------------------------------------------------------
From Clock:  u_memc_ui_top_std/mem_intfc0/ddr_phy_top0/u_ddr_mc_phy_wrapper/u_ddr_mc_phy/ddr_phy_4lanes_0.u_ddr_phy_4lanes/ddr_byte_lane_C.ddr_byte_lane_C/iserdes_clk_1
  To Clock:  u_memc_ui_top_std/mem_intfc0/ddr_phy_top0/u_ddr_mc_phy_wrapper/u_ddr_mc_phy/ddr_phy_4lanes_0.u_ddr_phy_4lanes/ddr_byte_lane_C.ddr_byte_lane_C/iserdes_clk_1

Setup :           NA  Failing Endpoints,  Worst Slack           NA  ,  Total Violation           NA
Hold  :           NA  Failing Endpoints,  Worst Slack           NA  ,  Total Violation           NA
PW    :            0  Failing Endpoints,  Worst Slack        1.029ns,  Total Violation        0.000ns
---------------------------------------------------------------------------------------------------


Pulse Width Checks
--------------------------------------------------------------------------------------
Clock Name:         u_memc_ui_top_std/mem_intfc0/ddr_phy_top0/u_ddr_mc_phy_wrapper/u_ddr_mc_phy/ddr_phy_4lanes_0.u_ddr_phy_4lanes/ddr_byte_lane_C.ddr_byte_lane_C/iserdes_clk_1
Waveform(ns):       { 0.000 1.250 }
Period(ns):         2.500
Sources:            { memory/controller/u_davinci_ddr3_mig_mig/u_memc_ui_top_std/mem_intfc0/ddr_phy_top0/u_ddr_mc_phy_wrapper/u_ddr_mc_phy/ddr_phy_4lanes_0.u_ddr_phy_4lanes/ddr_byte_lane_C.ddr_byte_lane_C/phaser_in_gen.phaser_in/ICLK }

Check Type  Corner  Lib Pin        Reference Pin  Required(ns)  Actual(ns)  Slack(ns)  Location      Pin
Min Period  n/a     ISERDESE2/CLK  n/a            1.471         2.500       1.029      ILOGIC_X1Y76  memory/controller/u_davinci_ddr3_mig_mig/u_memc_ui_top_std/mem_intfc0/ddr_phy_top0/u_ddr_mc_phy_wrapper/u_ddr_mc_phy/ddr_phy_4lanes_0.u_ddr_phy_4lanes/ddr_byte_lane_C.ddr_byte_lane_C/ddr_byte_group_io/input_[1].iserdes_dq_.iserdesdq/CLK



---------------------------------------------------------------------------------------------------
From Clock:  iserdes_clkdiv_2
  To Clock:  iserdes_clkdiv_2

Setup :            0  Failing Endpoints,  Worst Slack        8.270ns,  Total Violation        0.000ns
Hold  :            0  Failing Endpoints,  Worst Slack        0.071ns,  Total Violation        0.000ns
PW    :            0  Failing Endpoints,  Worst Slack        2.850ns,  Total Violation        0.000ns
---------------------------------------------------------------------------------------------------


Max Delay Paths
--------------------------------------------------------------------------------------
Slack (MET) :             8.270ns  (required time - arrival time)
  Source:                 memory/controller/u_davinci_ddr3_mig_mig/u_memc_ui_top_std/mem_intfc0/ddr_phy_top0/u_ddr_mc_phy_wrapper/u_ddr_mc_phy/ddr_phy_4lanes_0.u_ddr_phy_4lanes/ddr_byte_lane_C.ddr_byte_lane_C/ddr_byte_group_io/input_[1].iserdes_dq_.iserdesdq/CLKDIVP
                            (rising edge-triggered cell ISERDESE2 clocked by iserdes_clkdiv_2  {rise@0.000ns fall@5.000ns period=10.000ns})
  Destination:            memory/controller/u_davinci_ddr3_mig_mig/u_memc_ui_top_std/mem_intfc0/ddr_phy_top0/u_ddr_mc_phy_wrapper/u_ddr_mc_phy/ddr_phy_4lanes_0.u_ddr_phy_4lanes/ddr_byte_lane_C.ddr_byte_lane_C/in_fifo_gen.in_fifo/D1[3]
                            (rising edge-triggered cell IN_FIFO clocked by iserdes_clkdiv_2  {rise@0.000ns fall@5.000ns period=10.000ns})
  Path Group:             iserdes_clkdiv_2
  Path Type:              Setup (Max at Slow Process Corner)
  Requirement:            10.000ns  (iserdes_clkdiv_2 rise@10.000ns - iserdes_clkdiv_2 rise@0.000ns)
  Data Path Delay:        0.793ns  (logic 0.372ns (46.908%)  route 0.421ns (53.092%))
  Logic Levels:           0  
  Clock Path Skew:        -0.379ns (DCD - SCD + CPR)
    Destination Clock Delay (DCD):    1.134ns = ( 11.134 - 10.000 ) 
    Source Clock Delay      (SCD):    2.026ns
    Clock Pessimism Removal (CPR):    0.513ns
  Clock Uncertainty:      0.052ns  ((TSJ^2 + DJ^2)^1/2) / 2 + PE
    Total System Jitter     (TSJ):    0.071ns
    Discrete Jitter          (DJ):    0.077ns
    Phase Error              (PE):    0.000ns

    Location             Delay type                Incr(ns)  Path(ns)    Netlist Resource(s)
  -------------------------------------------------------------------    -------------------
                         (clock iserdes_clkdiv_2 rise edge)
                                                      0.000     0.000 r  
    R4                                                0.000     0.000 r  sys_clk (IN)
                         net (fo=0)                   0.000     0.000    sys_clk
    R4                   IBUF (Prop_ibuf_I_O)         1.432     1.432 r  sys_clk_IBUF_inst/O
                         net (fo=1, routed)           1.065     2.497    multiplied_clock.clock_generator/sys_clk_IBUF
    MMCME2_ADV_X1Y0      MMCME2_ADV (Prop_mmcme2_adv_CLKIN1_CLKOUT1)
                                                     -5.921    -3.424 r  multiplied_clock.clock_generator/mmcm/CLKOUT1
                         net (fo=1, routed)           1.421    -2.004    multiplied_clock.clock_generator/ddr_ref_raw
    BUFGCTRL_X0Y1        BUFG (Prop_bufg_I_O)         0.081    -1.923 r  multiplied_clock.clock_generator/ddr_ref_buffer/O
                         net (fo=63, routed)          1.394    -0.528    memory/controller/u_davinci_ddr3_mig_mig/u_ddr3_infrastructure/mmcm_clk
    PLLE2_ADV_X1Y1       PLLE2_ADV (Prop_plle2_adv_CLKIN1_CLKOUT0)
                                                      0.077    -0.451 r  memory/controller/u_davinci_ddr3_mig_mig/u_ddr3_infrastructure/plle2_i/CLKOUT0
                         net (fo=7, routed)           0.516     0.065    memory/controller/u_davinci_ddr3_mig_mig/u_memc_ui_top_std/mem_intfc0/ddr_phy_top0/u_ddr_mc_phy_wrapper/u_ddr_mc_phy/ddr_phy_4lanes_0.u_ddr_phy_4lanes/ddr_byte_lane_C.ddr_byte_lane_C/freq_refclk
    PHASER_IN_PHY_X1Y6   PHASER_IN_PHY (Prop_phaser_in_phy_FREQREFCLK_ICLK)
                                                      1.428     1.493 r  memory/controller/u_davinci_ddr3_mig_mig/u_memc_ui_top_std/mem_intfc0/ddr_phy_top0/u_ddr_mc_phy_wrapper/u_ddr_mc_phy/ddr_phy_4lanes_0.u_ddr_phy_4lanes/ddr_byte_lane_C.ddr_byte_lane_C/phaser_in_gen.phaser_in/ICLK
    PHASER_IN_PHY_X1Y6   PHASER_IN_PHY (Prop_phaser_in_phy_ICLK_ICLKDIV)
                                                      0.154     1.647 r  memory/controller/u_davinci_ddr3_mig_mig/u_memc_ui_top_std/mem_intfc0/ddr_phy_top0/u_ddr_mc_phy_wrapper/u_ddr_mc_phy/ddr_phy_4lanes_0.u_ddr_phy_4lanes/ddr_byte_lane_C.ddr_byte_lane_C/phaser_in_gen.phaser_in/ICLKDIV
                         net (fo=9, routed)           0.379     2.026    memory/controller/u_davinci_ddr3_mig_mig/u_memc_ui_top_std/mem_intfc0/ddr_phy_top0/u_ddr_mc_phy_wrapper/u_ddr_mc_phy/ddr_phy_4lanes_0.u_ddr_phy_4lanes/ddr_byte_lane_C.ddr_byte_lane_C/ddr_byte_group_io/iserdes_clkdiv
    ILOGIC_X1Y76         ISERDESE2                                    r  memory/controller/u_davinci_ddr3_mig_mig/u_memc_ui_top_std/mem_intfc0/ddr_phy_top0/u_ddr_mc_phy_wrapper/u_ddr_mc_phy/ddr_phy_4lanes_0.u_ddr_phy_4lanes/ddr_byte_lane_C.ddr_byte_lane_C/ddr_byte_group_io/input_[1].iserdes_dq_.iserdesdq/CLKDIVP
  -------------------------------------------------------------------    -------------------
    ILOGIC_X1Y76         ISERDESE2 (Prop_iserdese2_CLKDIVP_Q1)
                                                      0.372     2.398 r  memory/controller/u_davinci_ddr3_mig_mig/u_memc_ui_top_std/mem_intfc0/ddr_phy_top0/u_ddr_mc_phy_wrapper/u_ddr_mc_phy/ddr_phy_4lanes_0.u_ddr_phy_4lanes/ddr_byte_lane_C.ddr_byte_lane_C/ddr_byte_group_io/input_[1].iserdes_dq_.iserdesdq/Q1
                         net (fo=1, routed)           0.421     2.819    memory/controller/u_davinci_ddr3_mig_mig/u_memc_ui_top_std/mem_intfc0/ddr_phy_top0/u_ddr_mc_phy_wrapper/u_ddr_mc_phy/ddr_phy_4lanes_0.u_ddr_phy_4lanes/ddr_byte_lane_C.ddr_byte_lane_C/if_d1[3]
    IN_FIFO_X1Y6         IN_FIFO                                      r  memory/controller/u_davinci_ddr3_mig_mig/u_memc_ui_top_std/mem_intfc0/ddr_phy_top0/u_ddr_mc_phy_wrapper/u_ddr_mc_phy/ddr_phy_4lanes_0.u_ddr_phy_4lanes/ddr_byte_lane_C.ddr_byte_lane_C/in_fifo_gen.in_fifo/D1[3]
  -------------------------------------------------------------------    -------------------

                         (clock iserdes_clkdiv_2 rise edge)
                                                     10.000    10.000 r  
    R4                                                0.000    10.000 r  sys_clk (IN)
                         net (fo=0)                   0.000    10.000    sys_clk
    R4                   IBUF (Prop_ibuf_I_O)         1.366    11.366 r  sys_clk_IBUF_inst/O
                         net (fo=1, routed)           1.004    12.369    multiplied_clock.clock_generator/sys_clk_IBUF
    MMCME2_ADV_X1Y0      MMCME2_ADV (Prop_mmcme2_adv_CLKIN1_CLKOUT1)
                                                     -6.057     6.312 r  multiplied_clock.clock_generator/mmcm/CLKOUT1
                         net (fo=1, routed)           1.352     7.665    multiplied_clock.clock_generator/ddr_ref_raw
    BUFGCTRL_X0Y1        BUFG (Prop_bufg_I_O)         0.077     7.742 r  multiplied_clock.clock_generator/ddr_ref_buffer/O
                         net (fo=63, routed)          1.290     9.032    memory/controller/u_davinci_ddr3_mig_mig/u_ddr3_infrastructure/mmcm_clk
    PLLE2_ADV_X1Y1       PLLE2_ADV (Prop_plle2_adv_CLKIN1_CLKOUT0)
                                                      0.073     9.105 r  memory/controller/u_davinci_ddr3_mig_mig/u_ddr3_infrastructure/plle2_i/CLKOUT0
                         net (fo=7, routed)           0.490     9.595    memory/controller/u_davinci_ddr3_mig_mig/u_memc_ui_top_std/mem_intfc0/ddr_phy_top0/u_ddr_mc_phy_wrapper/u_ddr_mc_phy/ddr_phy_4lanes_0.u_ddr_phy_4lanes/ddr_byte_lane_C.ddr_byte_lane_C/freq_refclk
    PHASER_IN_PHY_X1Y6   PHASER_IN_PHY (Prop_phaser_in_phy_FREQREFCLK_ICLK)
                                                      1.394    10.989 r  memory/controller/u_davinci_ddr3_mig_mig/u_memc_ui_top_std/mem_intfc0/ddr_phy_top0/u_ddr_mc_phy_wrapper/u_ddr_mc_phy/ddr_phy_4lanes_0.u_ddr_phy_4lanes/ddr_byte_lane_C.ddr_byte_lane_C/phaser_in_gen.phaser_in/ICLK
    PHASER_IN_PHY_X1Y6   PHASER_IN_PHY (Prop_phaser_in_phy_ICLK_ICLKDIV)
                                                      0.145    11.134 r  memory/controller/u_davinci_ddr3_mig_mig/u_memc_ui_top_std/mem_intfc0/ddr_phy_top0/u_ddr_mc_phy_wrapper/u_ddr_mc_phy/ddr_phy_4lanes_0.u_ddr_phy_4lanes/ddr_byte_lane_C.ddr_byte_lane_C/phaser_in_gen.phaser_in/ICLKDIV
                         net (fo=9, routed)           0.000    11.134    memory/controller/u_davinci_ddr3_mig_mig/u_memc_ui_top_std/mem_intfc0/ddr_phy_top0/u_ddr_mc_phy_wrapper/u_ddr_mc_phy/ddr_phy_4lanes_0.u_ddr_phy_4lanes/ddr_byte_lane_C.ddr_byte_lane_C/iserdes_clkdiv
    IN_FIFO_X1Y6         IN_FIFO                                      r  memory/controller/u_davinci_ddr3_mig_mig/u_memc_ui_top_std/mem_intfc0/ddr_phy_top0/u_ddr_mc_phy_wrapper/u_ddr_mc_phy/ddr_phy_4lanes_0.u_ddr_phy_4lanes/ddr_byte_lane_C.ddr_byte_lane_C/in_fifo_gen.in_fifo/WRCLK
                         clock pessimism              0.513    11.647    
                         clock uncertainty           -0.052    11.594    
    IN_FIFO_X1Y6         IN_FIFO (Setup_in_fifo_WRCLK_D1[3])
                                                     -0.506    11.088    memory/controller/u_davinci_ddr3_mig_mig/u_memc_ui_top_std/mem_intfc0/ddr_phy_top0/u_ddr_mc_phy_wrapper/u_ddr_mc_phy/ddr_phy_4lanes_0.u_ddr_phy_4lanes/ddr_byte_lane_C.ddr_byte_lane_C/in_fifo_gen.in_fifo
  -------------------------------------------------------------------
                         required time                         11.088    
                         arrival time                          -2.819    
  -------------------------------------------------------------------
                         slack                                  8.270    





Min Delay Paths
--------------------------------------------------------------------------------------
Slack (MET) :             0.071ns  (arrival time - required time)
  Source:                 memory/controller/u_davinci_ddr3_mig_mig/u_memc_ui_top_std/mem_intfc0/ddr_phy_top0/u_ddr_mc_phy_wrapper/u_ddr_mc_phy/ddr_phy_4lanes_0.u_ddr_phy_4lanes/ddr_byte_lane_C.ddr_byte_lane_C/phaser_in_gen.phaser_in/ICLKDIV
                            (rising edge-triggered cell PHASER_IN_PHY clocked by iserdes_clkdiv_2  {rise@0.000ns fall@5.000ns period=10.000ns})
  Destination:            memory/controller/u_davinci_ddr3_mig_mig/u_memc_ui_top_std/mem_intfc0/ddr_phy_top0/u_ddr_mc_phy_wrapper/u_ddr_mc_phy/ddr_phy_4lanes_0.u_ddr_phy_4lanes/ddr_byte_lane_C.ddr_byte_lane_C/in_fifo_gen.in_fifo/WREN
                            (rising edge-triggered cell IN_FIFO clocked by iserdes_clkdiv_2  {rise@0.000ns fall@5.000ns period=10.000ns})
  Path Group:             iserdes_clkdiv_2
  Path Type:              Hold (Min at Fast Process Corner)
  Requirement:            0.000ns  (iserdes_clkdiv_2 rise@0.000ns - iserdes_clkdiv_2 rise@0.000ns)
  Data Path Delay:        0.058ns  (logic 0.058ns (100.000%)  route 0.000ns (0.000%))
  Logic Levels:           0  
  Clock Path Skew:        0.000ns (DCD - SCD - CPR)
    Destination Clock Delay (DCD):    0.758ns
    Source Clock Delay      (SCD):    0.945ns
    Clock Pessimism Removal (CPR):    -0.187ns

    Location             Delay type                Incr(ns)  Path(ns)    Netlist Resource(s)
  -------------------------------------------------------------------    -------------------
                         (clock iserdes_clkdiv_2 rise edge)
                                                      0.000     0.000 r  
    R4                                                0.000     0.000 r  sys_clk (IN)
                         net (fo=0)                   0.000     0.000    sys_clk
    R4                   IBUF (Prop_ibuf_I_O)         0.269     0.269 r  sys_clk_IBUF_inst/O
                         net (fo=1, routed)           0.440     0.709    multiplied_clock.clock_generator/sys_clk_IBUF
    MMCME2_ADV_X1Y0      MMCME2_ADV (Prop_mmcme2_adv_CLKIN1_CLKOUT1)
                                                     -2.360    -1.651 r  multiplied_clock.clock_generator/mmcm/CLKOUT1
                         net (fo=1, routed)           0.486    -1.165    multiplied_clock.clock_generator/ddr_ref_raw
    BUFGCTRL_X0Y1        BUFG (Prop_bufg_I_O)         0.026    -1.139 r  multiplied_clock.clock_generator/ddr_ref_buffer/O
                         net (fo=63, routed)          0.552    -0.587    memory/controller/u_davinci_ddr3_mig_mig/u_ddr3_infrastructure/mmcm_clk
    PLLE2_ADV_X1Y1       PLLE2_ADV (Prop_plle2_adv_CLKIN1_CLKOUT0)
                                                      0.050    -0.537 r  memory/controller/u_davinci_ddr3_mig_mig/u_ddr3_infrastructure/plle2_i/CLKOUT0
                         net (fo=7, routed)           0.197    -0.340    memory/controller/u_davinci_ddr3_mig_mig/u_memc_ui_top_std/mem_intfc0/ddr_phy_top0/u_ddr_mc_phy_wrapper/u_ddr_mc_phy/ddr_phy_4lanes_0.u_ddr_phy_4lanes/ddr_byte_lane_C.ddr_byte_lane_C/freq_refclk
    PHASER_IN_PHY_X1Y6   PHASER_IN_PHY (Prop_phaser_in_phy_FREQREFCLK_ICLK)
                                                      1.195     0.855 r  memory/controller/u_davinci_ddr3_mig_mig/u_memc_ui_top_std/mem_intfc0/ddr_phy_top0/u_ddr_mc_phy_wrapper/u_ddr_mc_phy/ddr_phy_4lanes_0.u_ddr_phy_4lanes/ddr_byte_lane_C.ddr_byte_lane_C/phaser_in_gen.phaser_in/ICLK
    PHASER_IN_PHY_X1Y6   PHASER_IN_PHY (Prop_phaser_in_phy_ICLK_ICLKDIV)
                                                      0.090     0.945 r  memory/controller/u_davinci_ddr3_mig_mig/u_memc_ui_top_std/mem_intfc0/ddr_phy_top0/u_ddr_mc_phy_wrapper/u_ddr_mc_phy/ddr_phy_4lanes_0.u_ddr_phy_4lanes/ddr_byte_lane_C.ddr_byte_lane_C/phaser_in_gen.phaser_in/ICLKDIV
  -------------------------------------------------------------------    -------------------
    PHASER_IN_PHY_X1Y6   PHASER_IN_PHY (Prop_phaser_in_phy_ICLKDIV_WRENABLE)
                                                      0.058     1.003 r  memory/controller/u_davinci_ddr3_mig_mig/u_memc_ui_top_std/mem_intfc0/ddr_phy_top0/u_ddr_mc_phy_wrapper/u_ddr_mc_phy/ddr_phy_4lanes_0.u_ddr_phy_4lanes/ddr_byte_lane_C.ddr_byte_lane_C/phaser_in_gen.phaser_in/WRENABLE
                         net (fo=1, routed)           0.000     1.003    memory/controller/u_davinci_ddr3_mig_mig/u_memc_ui_top_std/mem_intfc0/ddr_phy_top0/u_ddr_mc_phy_wrapper/u_ddr_mc_phy/ddr_phy_4lanes_0.u_ddr_phy_4lanes/ddr_byte_lane_C.ddr_byte_lane_C/ififo_wr_enable
    IN_FIFO_X1Y6         IN_FIFO                                      r  memory/controller/u_davinci_ddr3_mig_mig/u_memc_ui_top_std/mem_intfc0/ddr_phy_top0/u_ddr_mc_phy_wrapper/u_ddr_mc_phy/ddr_phy_4lanes_0.u_ddr_phy_4lanes/ddr_byte_lane_C.ddr_byte_lane_C/in_fifo_gen.in_fifo/WREN
  -------------------------------------------------------------------    -------------------

                         (clock iserdes_clkdiv_2 rise edge)
                                                      0.000     0.000 r  
    R4                                                0.000     0.000 r  sys_clk (IN)
                         net (fo=0)                   0.000     0.000    sys_clk
    R4                   IBUF (Prop_ibuf_I_O)         0.457     0.457 r  sys_clk_IBUF_inst/O
                         net (fo=1, routed)           0.480     0.937    multiplied_clock.clock_generator/sys_clk_IBUF
    MMCME2_ADV_X1Y0      MMCME2_ADV (Prop_mmcme2_adv_CLKIN1_CLKOUT1)
                                                     -3.142    -2.205 r  multiplied_clock.clock_generator/mmcm/CLKOUT1
                         net (fo=1, routed)           0.530    -1.676    multiplied_clock.clock_generator/ddr_ref_raw
    BUFGCTRL_X0Y1        BUFG (Prop_bufg_I_O)         0.029    -1.647 r  multiplied_clock.clock_generator/ddr_ref_buffer/O
                         net (fo=63, routed)          0.820    -0.827    memory/controller/u_davinci_ddr3_mig_mig/u_ddr3_infrastructure/mmcm_clk
    PLLE2_ADV_X1Y1       PLLE2_ADV (Prop_plle2_adv_CLKIN1_CLKOUT0)
                                                      0.053    -0.774 r  memory/controller/u_davinci_ddr3_mig_mig/u_ddr3_infrastructure/plle2_i/CLKOUT0
                         net (fo=7, routed)           0.217    -0.557    memory/controller/u_davinci_ddr3_mig_mig/u_memc_ui_top_std/mem_intfc0/ddr_phy_top0/u_ddr_mc_phy_wrapper/u_ddr_mc_phy/ddr_phy_4lanes_0.u_ddr_phy_4lanes/ddr_byte_lane_C.ddr_byte_lane_C/freq_refclk
    PHASER_IN_PHY_X1Y6   PHASER_IN_PHY (Prop_phaser_in_phy_FREQREFCLK_ICLK)
                                                      1.219     0.662 r  memory/controller/u_davinci_ddr3_mig_mig/u_memc_ui_top_std/mem_intfc0/ddr_phy_top0/u_ddr_mc_phy_wrapper/u_ddr_mc_phy/ddr_phy_4lanes_0.u_ddr_phy_4lanes/ddr_byte_lane_C.ddr_byte_lane_C/phaser_in_gen.phaser_in/ICLK
    PHASER_IN_PHY_X1Y6   PHASER_IN_PHY (Prop_phaser_in_phy_ICLK_ICLKDIV)
                                                      0.096     0.758 r  memory/controller/u_davinci_ddr3_mig_mig/u_memc_ui_top_std/mem_intfc0/ddr_phy_top0/u_ddr_mc_phy_wrapper/u_ddr_mc_phy/ddr_phy_4lanes_0.u_ddr_phy_4lanes/ddr_byte_lane_C.ddr_byte_lane_C/phaser_in_gen.phaser_in/ICLKDIV
                         net (fo=9, routed)           0.000     0.758    memory/controller/u_davinci_ddr3_mig_mig/u_memc_ui_top_std/mem_intfc0/ddr_phy_top0/u_ddr_mc_phy_wrapper/u_ddr_mc_phy/ddr_phy_4lanes_0.u_ddr_phy_4lanes/ddr_byte_lane_C.ddr_byte_lane_C/iserdes_clkdiv
    IN_FIFO_X1Y6         IN_FIFO                                      r  memory/controller/u_davinci_ddr3_mig_mig/u_memc_ui_top_std/mem_intfc0/ddr_phy_top0/u_ddr_mc_phy_wrapper/u_ddr_mc_phy/ddr_phy_4lanes_0.u_ddr_phy_4lanes/ddr_byte_lane_C.ddr_byte_lane_C/in_fifo_gen.in_fifo/WRCLK
                         clock pessimism              0.187     0.945    
    IN_FIFO_X1Y6         IN_FIFO (Hold_in_fifo_WRCLK_WREN)
                                                     -0.013     0.932    memory/controller/u_davinci_ddr3_mig_mig/u_memc_ui_top_std/mem_intfc0/ddr_phy_top0/u_ddr_mc_phy_wrapper/u_ddr_mc_phy/ddr_phy_4lanes_0.u_ddr_phy_4lanes/ddr_byte_lane_C.ddr_byte_lane_C/in_fifo_gen.in_fifo
  -------------------------------------------------------------------
                         required time                         -0.932    
                         arrival time                           1.003    
  -------------------------------------------------------------------
                         slack                                  0.071    





Pulse Width Checks
--------------------------------------------------------------------------------------
Clock Name:         iserdes_clkdiv_2
Waveform(ns):       { 0.000 5.000 }
Period(ns):         10.000
Sources:            { memory/controller/u_davinci_ddr3_mig_mig/u_memc_ui_top_std/mem_intfc0/ddr_phy_top0/u_ddr_mc_phy_wrapper/u_ddr_mc_phy/ddr_phy_4lanes_0.u_ddr_phy_4lanes/ddr_byte_lane_C.ddr_byte_lane_C/phaser_in_gen.phaser_in/ICLKDIV }

Check Type        Corner  Lib Pin        Reference Pin  Required(ns)  Actual(ns)  Slack(ns)  Location      Pin
Min Period        n/a     IN_FIFO/WRCLK  n/a            5.000         10.000      5.000      IN_FIFO_X1Y6  memory/controller/u_davinci_ddr3_mig_mig/u_memc_ui_top_std/mem_intfc0/ddr_phy_top0/u_ddr_mc_phy_wrapper/u_ddr_mc_phy/ddr_phy_4lanes_0.u_ddr_phy_4lanes/ddr_byte_lane_C.ddr_byte_lane_C/in_fifo_gen.in_fifo/WRCLK
Low Pulse Width   Fast    IN_FIFO/WRCLK  n/a            2.150         5.000       2.850      IN_FIFO_X1Y6  memory/controller/u_davinci_ddr3_mig_mig/u_memc_ui_top_std/mem_intfc0/ddr_phy_top0/u_ddr_mc_phy_wrapper/u_ddr_mc_phy/ddr_phy_4lanes_0.u_ddr_phy_4lanes/ddr_byte_lane_C.ddr_byte_lane_C/in_fifo_gen.in_fifo/WRCLK
High Pulse Width  Slow    IN_FIFO/WRCLK  n/a            2.150         5.000       2.850      IN_FIFO_X1Y6  memory/controller/u_davinci_ddr3_mig_mig/u_memc_ui_top_std/mem_intfc0/ddr_phy_top0/u_ddr_mc_phy_wrapper/u_ddr_mc_phy/ddr_phy_4lanes_0.u_ddr_phy_4lanes/ddr_byte_lane_C.ddr_byte_lane_C/in_fifo_gen.in_fifo/WRCLK



---------------------------------------------------------------------------------------------------
From Clock:  u_memc_ui_top_std/mem_intfc0/ddr_phy_top0/u_ddr_mc_phy_wrapper/u_ddr_mc_phy/ddr_phy_4lanes_0.u_ddr_phy_4lanes/ddr_byte_lane_D.ddr_byte_lane_D/iserdes_clk_1
  To Clock:  u_memc_ui_top_std/mem_intfc0/ddr_phy_top0/u_ddr_mc_phy_wrapper/u_ddr_mc_phy/ddr_phy_4lanes_0.u_ddr_phy_4lanes/ddr_byte_lane_D.ddr_byte_lane_D/iserdes_clk_1

Setup :           NA  Failing Endpoints,  Worst Slack           NA  ,  Total Violation           NA
Hold  :           NA  Failing Endpoints,  Worst Slack           NA  ,  Total Violation           NA
PW    :            0  Failing Endpoints,  Worst Slack        1.029ns,  Total Violation        0.000ns
---------------------------------------------------------------------------------------------------


Pulse Width Checks
--------------------------------------------------------------------------------------
Clock Name:         u_memc_ui_top_std/mem_intfc0/ddr_phy_top0/u_ddr_mc_phy_wrapper/u_ddr_mc_phy/ddr_phy_4lanes_0.u_ddr_phy_4lanes/ddr_byte_lane_D.ddr_byte_lane_D/iserdes_clk_1
Waveform(ns):       { 0.000 1.250 }
Period(ns):         2.500
Sources:            { memory/controller/u_davinci_ddr3_mig_mig/u_memc_ui_top_std/mem_intfc0/ddr_phy_top0/u_ddr_mc_phy_wrapper/u_ddr_mc_phy/ddr_phy_4lanes_0.u_ddr_phy_4lanes/ddr_byte_lane_D.ddr_byte_lane_D/phaser_in_gen.phaser_in/ICLK }

Check Type  Corner  Lib Pin        Reference Pin  Required(ns)  Actual(ns)  Slack(ns)  Location      Pin
Min Period  n/a     ISERDESE2/CLK  n/a            1.471         2.500       1.029      ILOGIC_X1Y88  memory/controller/u_davinci_ddr3_mig_mig/u_memc_ui_top_std/mem_intfc0/ddr_phy_top0/u_ddr_mc_phy_wrapper/u_ddr_mc_phy/ddr_phy_4lanes_0.u_ddr_phy_4lanes/ddr_byte_lane_D.ddr_byte_lane_D/ddr_byte_group_io/input_[1].iserdes_dq_.iserdesdq/CLK



---------------------------------------------------------------------------------------------------
From Clock:  iserdes_clkdiv_3
  To Clock:  iserdes_clkdiv_3

Setup :            0  Failing Endpoints,  Worst Slack        8.256ns,  Total Violation        0.000ns
Hold  :            0  Failing Endpoints,  Worst Slack        0.071ns,  Total Violation        0.000ns
PW    :            0  Failing Endpoints,  Worst Slack        2.850ns,  Total Violation        0.000ns
---------------------------------------------------------------------------------------------------


Max Delay Paths
--------------------------------------------------------------------------------------
Slack (MET) :             8.256ns  (required time - arrival time)
  Source:                 memory/controller/u_davinci_ddr3_mig_mig/u_memc_ui_top_std/mem_intfc0/ddr_phy_top0/u_ddr_mc_phy_wrapper/u_ddr_mc_phy/ddr_phy_4lanes_0.u_ddr_phy_4lanes/ddr_byte_lane_D.ddr_byte_lane_D/ddr_byte_group_io/input_[1].iserdes_dq_.iserdesdq/CLKDIVP
                            (rising edge-triggered cell ISERDESE2 clocked by iserdes_clkdiv_3  {rise@0.000ns fall@5.000ns period=10.000ns})
  Destination:            memory/controller/u_davinci_ddr3_mig_mig/u_memc_ui_top_std/mem_intfc0/ddr_phy_top0/u_ddr_mc_phy_wrapper/u_ddr_mc_phy/ddr_phy_4lanes_0.u_ddr_phy_4lanes/ddr_byte_lane_D.ddr_byte_lane_D/in_fifo_gen.in_fifo/D1[3]
                            (rising edge-triggered cell IN_FIFO clocked by iserdes_clkdiv_3  {rise@0.000ns fall@5.000ns period=10.000ns})
  Path Group:             iserdes_clkdiv_3
  Path Type:              Setup (Max at Slow Process Corner)
  Requirement:            10.000ns  (iserdes_clkdiv_3 rise@10.000ns - iserdes_clkdiv_3 rise@0.000ns)
  Data Path Delay:        0.793ns  (logic 0.372ns (46.908%)  route 0.421ns (53.092%))
  Logic Levels:           0  
  Clock Path Skew:        -0.393ns (DCD - SCD + CPR)
    Destination Clock Delay (DCD):    1.125ns = ( 11.125 - 10.000 ) 
    Source Clock Delay      (SCD):    2.031ns
    Clock Pessimism Removal (CPR):    0.513ns
  Clock Uncertainty:      0.052ns  ((TSJ^2 + DJ^2)^1/2) / 2 + PE
    Total System Jitter     (TSJ):    0.071ns
    Discrete Jitter          (DJ):    0.077ns
    Phase Error              (PE):    0.000ns

    Location             Delay type                Incr(ns)  Path(ns)    Netlist Resource(s)
  -------------------------------------------------------------------    -------------------
                         (clock iserdes_clkdiv_3 rise edge)
                                                      0.000     0.000 r  
    R4                                                0.000     0.000 r  sys_clk (IN)
                         net (fo=0)                   0.000     0.000    sys_clk
    R4                   IBUF (Prop_ibuf_I_O)         1.432     1.432 r  sys_clk_IBUF_inst/O
                         net (fo=1, routed)           1.065     2.497    multiplied_clock.clock_generator/sys_clk_IBUF
    MMCME2_ADV_X1Y0      MMCME2_ADV (Prop_mmcme2_adv_CLKIN1_CLKOUT1)
                                                     -5.921    -3.424 r  multiplied_clock.clock_generator/mmcm/CLKOUT1
                         net (fo=1, routed)           1.421    -2.004    multiplied_clock.clock_generator/ddr_ref_raw
    BUFGCTRL_X0Y1        BUFG (Prop_bufg_I_O)         0.081    -1.923 r  multiplied_clock.clock_generator/ddr_ref_buffer/O
                         net (fo=63, routed)          1.394    -0.528    memory/controller/u_davinci_ddr3_mig_mig/u_ddr3_infrastructure/mmcm_clk
    PLLE2_ADV_X1Y1       PLLE2_ADV (Prop_plle2_adv_CLKIN1_CLKOUT0)
                                                      0.077    -0.451 r  memory/controller/u_davinci_ddr3_mig_mig/u_ddr3_infrastructure/plle2_i/CLKOUT0
                         net (fo=7, routed)           0.507     0.056    memory/controller/u_davinci_ddr3_mig_mig/u_memc_ui_top_std/mem_intfc0/ddr_phy_top0/u_ddr_mc_phy_wrapper/u_ddr_mc_phy/ddr_phy_4lanes_0.u_ddr_phy_4lanes/ddr_byte_lane_D.ddr_byte_lane_D/freq_refclk
    PHASER_IN_PHY_X1Y7   PHASER_IN_PHY (Prop_phaser_in_phy_FREQREFCLK_ICLK)
                                                      1.428     1.484 r  memory/controller/u_davinci_ddr3_mig_mig/u_memc_ui_top_std/mem_intfc0/ddr_phy_top0/u_ddr_mc_phy_wrapper/u_ddr_mc_phy/ddr_phy_4lanes_0.u_ddr_phy_4lanes/ddr_byte_lane_D.ddr_byte_lane_D/phaser_in_gen.phaser_in/ICLK
    PHASER_IN_PHY_X1Y7   PHASER_IN_PHY (Prop_phaser_in_phy_ICLK_ICLKDIV)
                                                      0.154     1.638 r  memory/controller/u_davinci_ddr3_mig_mig/u_memc_ui_top_std/mem_intfc0/ddr_phy_top0/u_ddr_mc_phy_wrapper/u_ddr_mc_phy/ddr_phy_4lanes_0.u_ddr_phy_4lanes/ddr_byte_lane_D.ddr_byte_lane_D/phaser_in_gen.phaser_in/ICLKDIV
                         net (fo=9, routed)           0.393     2.031    memory/controller/u_davinci_ddr3_mig_mig/u_memc_ui_top_std/mem_intfc0/ddr_phy_top0/u_ddr_mc_phy_wrapper/u_ddr_mc_phy/ddr_phy_4lanes_0.u_ddr_phy_4lanes/ddr_byte_lane_D.ddr_byte_lane_D/ddr_byte_group_io/iserdes_clkdiv
    ILOGIC_X1Y88         ISERDESE2                                    r  memory/controller/u_davinci_ddr3_mig_mig/u_memc_ui_top_std/mem_intfc0/ddr_phy_top0/u_ddr_mc_phy_wrapper/u_ddr_mc_phy/ddr_phy_4lanes_0.u_ddr_phy_4lanes/ddr_byte_lane_D.ddr_byte_lane_D/ddr_byte_group_io/input_[1].iserdes_dq_.iserdesdq/CLKDIVP
  -------------------------------------------------------------------    -------------------
    ILOGIC_X1Y88         ISERDESE2 (Prop_iserdese2_CLKDIVP_Q1)
                                                      0.372     2.403 r  memory/controller/u_davinci_ddr3_mig_mig/u_memc_ui_top_std/mem_intfc0/ddr_phy_top0/u_ddr_mc_phy_wrapper/u_ddr_mc_phy/ddr_phy_4lanes_0.u_ddr_phy_4lanes/ddr_byte_lane_D.ddr_byte_lane_D/ddr_byte_group_io/input_[1].iserdes_dq_.iserdesdq/Q1
                         net (fo=1, routed)           0.421     2.824    memory/controller/u_davinci_ddr3_mig_mig/u_memc_ui_top_std/mem_intfc0/ddr_phy_top0/u_ddr_mc_phy_wrapper/u_ddr_mc_phy/ddr_phy_4lanes_0.u_ddr_phy_4lanes/ddr_byte_lane_D.ddr_byte_lane_D/if_d1[3]
    IN_FIFO_X1Y7         IN_FIFO                                      r  memory/controller/u_davinci_ddr3_mig_mig/u_memc_ui_top_std/mem_intfc0/ddr_phy_top0/u_ddr_mc_phy_wrapper/u_ddr_mc_phy/ddr_phy_4lanes_0.u_ddr_phy_4lanes/ddr_byte_lane_D.ddr_byte_lane_D/in_fifo_gen.in_fifo/D1[3]
  -------------------------------------------------------------------    -------------------

                         (clock iserdes_clkdiv_3 rise edge)
                                                     10.000    10.000 r  
    R4                                                0.000    10.000 r  sys_clk (IN)
                         net (fo=0)                   0.000    10.000    sys_clk
    R4                   IBUF (Prop_ibuf_I_O)         1.366    11.366 r  sys_clk_IBUF_inst/O
                         net (fo=1, routed)           1.004    12.369    multiplied_clock.clock_generator/sys_clk_IBUF
    MMCME2_ADV_X1Y0      MMCME2_ADV (Prop_mmcme2_adv_CLKIN1_CLKOUT1)
                                                     -6.057     6.312 r  multiplied_clock.clock_generator/mmcm/CLKOUT1
                         net (fo=1, routed)           1.352     7.665    multiplied_clock.clock_generator/ddr_ref_raw
    BUFGCTRL_X0Y1        BUFG (Prop_bufg_I_O)         0.077     7.742 r  multiplied_clock.clock_generator/ddr_ref_buffer/O
                         net (fo=63, routed)          1.290     9.032    memory/controller/u_davinci_ddr3_mig_mig/u_ddr3_infrastructure/mmcm_clk
    PLLE2_ADV_X1Y1       PLLE2_ADV (Prop_plle2_adv_CLKIN1_CLKOUT0)
                                                      0.073     9.105 r  memory/controller/u_davinci_ddr3_mig_mig/u_ddr3_infrastructure/plle2_i/CLKOUT0
                         net (fo=7, routed)           0.481     9.586    memory/controller/u_davinci_ddr3_mig_mig/u_memc_ui_top_std/mem_intfc0/ddr_phy_top0/u_ddr_mc_phy_wrapper/u_ddr_mc_phy/ddr_phy_4lanes_0.u_ddr_phy_4lanes/ddr_byte_lane_D.ddr_byte_lane_D/freq_refclk
    PHASER_IN_PHY_X1Y7   PHASER_IN_PHY (Prop_phaser_in_phy_FREQREFCLK_ICLK)
                                                      1.394    10.980 r  memory/controller/u_davinci_ddr3_mig_mig/u_memc_ui_top_std/mem_intfc0/ddr_phy_top0/u_ddr_mc_phy_wrapper/u_ddr_mc_phy/ddr_phy_4lanes_0.u_ddr_phy_4lanes/ddr_byte_lane_D.ddr_byte_lane_D/phaser_in_gen.phaser_in/ICLK
    PHASER_IN_PHY_X1Y7   PHASER_IN_PHY (Prop_phaser_in_phy_ICLK_ICLKDIV)
                                                      0.145    11.125 r  memory/controller/u_davinci_ddr3_mig_mig/u_memc_ui_top_std/mem_intfc0/ddr_phy_top0/u_ddr_mc_phy_wrapper/u_ddr_mc_phy/ddr_phy_4lanes_0.u_ddr_phy_4lanes/ddr_byte_lane_D.ddr_byte_lane_D/phaser_in_gen.phaser_in/ICLKDIV
                         net (fo=9, routed)           0.000    11.125    memory/controller/u_davinci_ddr3_mig_mig/u_memc_ui_top_std/mem_intfc0/ddr_phy_top0/u_ddr_mc_phy_wrapper/u_ddr_mc_phy/ddr_phy_4lanes_0.u_ddr_phy_4lanes/ddr_byte_lane_D.ddr_byte_lane_D/iserdes_clkdiv
    IN_FIFO_X1Y7         IN_FIFO                                      r  memory/controller/u_davinci_ddr3_mig_mig/u_memc_ui_top_std/mem_intfc0/ddr_phy_top0/u_ddr_mc_phy_wrapper/u_ddr_mc_phy/ddr_phy_4lanes_0.u_ddr_phy_4lanes/ddr_byte_lane_D.ddr_byte_lane_D/in_fifo_gen.in_fifo/WRCLK
                         clock pessimism              0.513    11.638    
                         clock uncertainty           -0.052    11.585    
    IN_FIFO_X1Y7         IN_FIFO (Setup_in_fifo_WRCLK_D1[3])
                                                     -0.506    11.079    memory/controller/u_davinci_ddr3_mig_mig/u_memc_ui_top_std/mem_intfc0/ddr_phy_top0/u_ddr_mc_phy_wrapper/u_ddr_mc_phy/ddr_phy_4lanes_0.u_ddr_phy_4lanes/ddr_byte_lane_D.ddr_byte_lane_D/in_fifo_gen.in_fifo
  -------------------------------------------------------------------
                         required time                         11.079    
                         arrival time                          -2.824    
  -------------------------------------------------------------------
                         slack                                  8.256    





Min Delay Paths
--------------------------------------------------------------------------------------
Slack (MET) :             0.071ns  (arrival time - required time)
  Source:                 memory/controller/u_davinci_ddr3_mig_mig/u_memc_ui_top_std/mem_intfc0/ddr_phy_top0/u_ddr_mc_phy_wrapper/u_ddr_mc_phy/ddr_phy_4lanes_0.u_ddr_phy_4lanes/ddr_byte_lane_D.ddr_byte_lane_D/phaser_in_gen.phaser_in/ICLKDIV
                            (rising edge-triggered cell PHASER_IN_PHY clocked by iserdes_clkdiv_3  {rise@0.000ns fall@5.000ns period=10.000ns})
  Destination:            memory/controller/u_davinci_ddr3_mig_mig/u_memc_ui_top_std/mem_intfc0/ddr_phy_top0/u_ddr_mc_phy_wrapper/u_ddr_mc_phy/ddr_phy_4lanes_0.u_ddr_phy_4lanes/ddr_byte_lane_D.ddr_byte_lane_D/in_fifo_gen.in_fifo/WREN
                            (rising edge-triggered cell IN_FIFO clocked by iserdes_clkdiv_3  {rise@0.000ns fall@5.000ns period=10.000ns})
  Path Group:             iserdes_clkdiv_3
  Path Type:              Hold (Min at Fast Process Corner)
  Requirement:            0.000ns  (iserdes_clkdiv_3 rise@0.000ns - iserdes_clkdiv_3 rise@0.000ns)
  Data Path Delay:        0.058ns  (logic 0.058ns (100.000%)  route 0.000ns (0.000%))
  Logic Levels:           0  
  Clock Path Skew:        0.000ns (DCD - SCD - CPR)
    Destination Clock Delay (DCD):    0.752ns
    Source Clock Delay      (SCD):    0.939ns
    Clock Pessimism Removal (CPR):    -0.187ns

    Location             Delay type                Incr(ns)  Path(ns)    Netlist Resource(s)
  -------------------------------------------------------------------    -------------------
                         (clock iserdes_clkdiv_3 rise edge)
                                                      0.000     0.000 r  
    R4                                                0.000     0.000 r  sys_clk (IN)
                         net (fo=0)                   0.000     0.000    sys_clk
    R4                   IBUF (Prop_ibuf_I_O)         0.269     0.269 r  sys_clk_IBUF_inst/O
                         net (fo=1, routed)           0.440     0.709    multiplied_clock.clock_generator/sys_clk_IBUF
    MMCME2_ADV_X1Y0      MMCME2_ADV (Prop_mmcme2_adv_CLKIN1_CLKOUT1)
                                                     -2.360    -1.651 r  multiplied_clock.clock_generator/mmcm/CLKOUT1
                         net (fo=1, routed)           0.486    -1.165    multiplied_clock.clock_generator/ddr_ref_raw
    BUFGCTRL_X0Y1        BUFG (Prop_bufg_I_O)         0.026    -1.139 r  multiplied_clock.clock_generator/ddr_ref_buffer/O
                         net (fo=63, routed)          0.552    -0.587    memory/controller/u_davinci_ddr3_mig_mig/u_ddr3_infrastructure/mmcm_clk
    PLLE2_ADV_X1Y1       PLLE2_ADV (Prop_plle2_adv_CLKIN1_CLKOUT0)
                                                      0.050    -0.537 r  memory/controller/u_davinci_ddr3_mig_mig/u_ddr3_infrastructure/plle2_i/CLKOUT0
                         net (fo=7, routed)           0.191    -0.346    memory/controller/u_davinci_ddr3_mig_mig/u_memc_ui_top_std/mem_intfc0/ddr_phy_top0/u_ddr_mc_phy_wrapper/u_ddr_mc_phy/ddr_phy_4lanes_0.u_ddr_phy_4lanes/ddr_byte_lane_D.ddr_byte_lane_D/freq_refclk
    PHASER_IN_PHY_X1Y7   PHASER_IN_PHY (Prop_phaser_in_phy_FREQREFCLK_ICLK)
                                                      1.195     0.849 r  memory/controller/u_davinci_ddr3_mig_mig/u_memc_ui_top_std/mem_intfc0/ddr_phy_top0/u_ddr_mc_phy_wrapper/u_ddr_mc_phy/ddr_phy_4lanes_0.u_ddr_phy_4lanes/ddr_byte_lane_D.ddr_byte_lane_D/phaser_in_gen.phaser_in/ICLK
    PHASER_IN_PHY_X1Y7   PHASER_IN_PHY (Prop_phaser_in_phy_ICLK_ICLKDIV)
                                                      0.090     0.939 r  memory/controller/u_davinci_ddr3_mig_mig/u_memc_ui_top_std/mem_intfc0/ddr_phy_top0/u_ddr_mc_phy_wrapper/u_ddr_mc_phy/ddr_phy_4lanes_0.u_ddr_phy_4lanes/ddr_byte_lane_D.ddr_byte_lane_D/phaser_in_gen.phaser_in/ICLKDIV
  -------------------------------------------------------------------    -------------------
    PHASER_IN_PHY_X1Y7   PHASER_IN_PHY (Prop_phaser_in_phy_ICLKDIV_WRENABLE)
                                                      0.058     0.997 r  memory/controller/u_davinci_ddr3_mig_mig/u_memc_ui_top_std/mem_intfc0/ddr_phy_top0/u_ddr_mc_phy_wrapper/u_ddr_mc_phy/ddr_phy_4lanes_0.u_ddr_phy_4lanes/ddr_byte_lane_D.ddr_byte_lane_D/phaser_in_gen.phaser_in/WRENABLE
                         net (fo=1, routed)           0.000     0.997    memory/controller/u_davinci_ddr3_mig_mig/u_memc_ui_top_std/mem_intfc0/ddr_phy_top0/u_ddr_mc_phy_wrapper/u_ddr_mc_phy/ddr_phy_4lanes_0.u_ddr_phy_4lanes/ddr_byte_lane_D.ddr_byte_lane_D/ififo_wr_enable
    IN_FIFO_X1Y7         IN_FIFO                                      r  memory/controller/u_davinci_ddr3_mig_mig/u_memc_ui_top_std/mem_intfc0/ddr_phy_top0/u_ddr_mc_phy_wrapper/u_ddr_mc_phy/ddr_phy_4lanes_0.u_ddr_phy_4lanes/ddr_byte_lane_D.ddr_byte_lane_D/in_fifo_gen.in_fifo/WREN
  -------------------------------------------------------------------    -------------------

                         (clock iserdes_clkdiv_3 rise edge)
                                                      0.000     0.000 r  
    R4                                                0.000     0.000 r  sys_clk (IN)
                         net (fo=0)                   0.000     0.000    sys_clk
    R4                   IBUF (Prop_ibuf_I_O)         0.457     0.457 r  sys_clk_IBUF_inst/O
                         net (fo=1, routed)           0.480     0.937    multiplied_clock.clock_generator/sys_clk_IBUF
    MMCME2_ADV_X1Y0      MMCME2_ADV (Prop_mmcme2_adv_CLKIN1_CLKOUT1)
                                                     -3.142    -2.205 r  multiplied_clock.clock_generator/mmcm/CLKOUT1
                         net (fo=1, routed)           0.530    -1.676    multiplied_clock.clock_generator/ddr_ref_raw
    BUFGCTRL_X0Y1        BUFG (Prop_bufg_I_O)         0.029    -1.647 r  multiplied_clock.clock_generator/ddr_ref_buffer/O
                         net (fo=63, routed)          0.820    -0.827    memory/controller/u_davinci_ddr3_mig_mig/u_ddr3_infrastructure/mmcm_clk
    PLLE2_ADV_X1Y1       PLLE2_ADV (Prop_plle2_adv_CLKIN1_CLKOUT0)
                                                      0.053    -0.774 r  memory/controller/u_davinci_ddr3_mig_mig/u_ddr3_infrastructure/plle2_i/CLKOUT0
                         net (fo=7, routed)           0.211    -0.563    memory/controller/u_davinci_ddr3_mig_mig/u_memc_ui_top_std/mem_intfc0/ddr_phy_top0/u_ddr_mc_phy_wrapper/u_ddr_mc_phy/ddr_phy_4lanes_0.u_ddr_phy_4lanes/ddr_byte_lane_D.ddr_byte_lane_D/freq_refclk
    PHASER_IN_PHY_X1Y7   PHASER_IN_PHY (Prop_phaser_in_phy_FREQREFCLK_ICLK)
                                                      1.219     0.656 r  memory/controller/u_davinci_ddr3_mig_mig/u_memc_ui_top_std/mem_intfc0/ddr_phy_top0/u_ddr_mc_phy_wrapper/u_ddr_mc_phy/ddr_phy_4lanes_0.u_ddr_phy_4lanes/ddr_byte_lane_D.ddr_byte_lane_D/phaser_in_gen.phaser_in/ICLK
    PHASER_IN_PHY_X1Y7   PHASER_IN_PHY (Prop_phaser_in_phy_ICLK_ICLKDIV)
                                                      0.096     0.752 r  memory/controller/u_davinci_ddr3_mig_mig/u_memc_ui_top_std/mem_intfc0/ddr_phy_top0/u_ddr_mc_phy_wrapper/u_ddr_mc_phy/ddr_phy_4lanes_0.u_ddr_phy_4lanes/ddr_byte_lane_D.ddr_byte_lane_D/phaser_in_gen.phaser_in/ICLKDIV
                         net (fo=9, routed)           0.000     0.752    memory/controller/u_davinci_ddr3_mig_mig/u_memc_ui_top_std/mem_intfc0/ddr_phy_top0/u_ddr_mc_phy_wrapper/u_ddr_mc_phy/ddr_phy_4lanes_0.u_ddr_phy_4lanes/ddr_byte_lane_D.ddr_byte_lane_D/iserdes_clkdiv
    IN_FIFO_X1Y7         IN_FIFO                                      r  memory/controller/u_davinci_ddr3_mig_mig/u_memc_ui_top_std/mem_intfc0/ddr_phy_top0/u_ddr_mc_phy_wrapper/u_ddr_mc_phy/ddr_phy_4lanes_0.u_ddr_phy_4lanes/ddr_byte_lane_D.ddr_byte_lane_D/in_fifo_gen.in_fifo/WRCLK
                         clock pessimism              0.187     0.939    
    IN_FIFO_X1Y7         IN_FIFO (Hold_in_fifo_WRCLK_WREN)
                                                     -0.013     0.926    memory/controller/u_davinci_ddr3_mig_mig/u_memc_ui_top_std/mem_intfc0/ddr_phy_top0/u_ddr_mc_phy_wrapper/u_ddr_mc_phy/ddr_phy_4lanes_0.u_ddr_phy_4lanes/ddr_byte_lane_D.ddr_byte_lane_D/in_fifo_gen.in_fifo
  -------------------------------------------------------------------
                         required time                         -0.926    
                         arrival time                           0.997    
  -------------------------------------------------------------------
                         slack                                  0.071    





Pulse Width Checks
--------------------------------------------------------------------------------------
Clock Name:         iserdes_clkdiv_3
Waveform(ns):       { 0.000 5.000 }
Period(ns):         10.000
Sources:            { memory/controller/u_davinci_ddr3_mig_mig/u_memc_ui_top_std/mem_intfc0/ddr_phy_top0/u_ddr_mc_phy_wrapper/u_ddr_mc_phy/ddr_phy_4lanes_0.u_ddr_phy_4lanes/ddr_byte_lane_D.ddr_byte_lane_D/phaser_in_gen.phaser_in/ICLKDIV }

Check Type        Corner  Lib Pin        Reference Pin  Required(ns)  Actual(ns)  Slack(ns)  Location      Pin
Min Period        n/a     IN_FIFO/WRCLK  n/a            5.000         10.000      5.000      IN_FIFO_X1Y7  memory/controller/u_davinci_ddr3_mig_mig/u_memc_ui_top_std/mem_intfc0/ddr_phy_top0/u_ddr_mc_phy_wrapper/u_ddr_mc_phy/ddr_phy_4lanes_0.u_ddr_phy_4lanes/ddr_byte_lane_D.ddr_byte_lane_D/in_fifo_gen.in_fifo/WRCLK
Low Pulse Width   Slow    IN_FIFO/WRCLK  n/a            2.150         5.000       2.850      IN_FIFO_X1Y7  memory/controller/u_davinci_ddr3_mig_mig/u_memc_ui_top_std/mem_intfc0/ddr_phy_top0/u_ddr_mc_phy_wrapper/u_ddr_mc_phy/ddr_phy_4lanes_0.u_ddr_phy_4lanes/ddr_byte_lane_D.ddr_byte_lane_D/in_fifo_gen.in_fifo/WRCLK
High Pulse Width  Slow    IN_FIFO/WRCLK  n/a            2.150         5.000       2.850      IN_FIFO_X1Y7  memory/controller/u_davinci_ddr3_mig_mig/u_memc_ui_top_std/mem_intfc0/ddr_phy_top0/u_ddr_mc_phy_wrapper/u_ddr_mc_phy/ddr_phy_4lanes_0.u_ddr_phy_4lanes/ddr_byte_lane_D.ddr_byte_lane_D/in_fifo_gen.in_fifo/WRCLK



---------------------------------------------------------------------------------------------------
From Clock:  mem_refclk_1
  To Clock:  mem_refclk_1

Setup :            0  Failing Endpoints,  Worst Slack        1.415ns,  Total Violation        0.000ns
Hold  :            0  Failing Endpoints,  Worst Slack        0.336ns,  Total Violation        0.000ns
PW    :            0  Failing Endpoints,  Worst Slack        0.715ns,  Total Violation        0.000ns
---------------------------------------------------------------------------------------------------


Max Delay Paths
--------------------------------------------------------------------------------------
Slack (MET) :             1.415ns  (required time - arrival time)
  Source:                 memory/controller/u_davinci_ddr3_mig_mig/u_memc_ui_top_std/mem_intfc0/ddr_phy_top0/u_ddr_mc_phy_wrapper/u_ddr_mc_phy/ddr_phy_4lanes_0.u_ddr_phy_4lanes/phy_control_i/MEMREFCLK
                            (rising edge-triggered cell PHY_CONTROL clocked by mem_refclk_1  {rise@0.000ns fall@1.250ns period=2.500ns})
  Destination:            memory/controller/u_davinci_ddr3_mig_mig/u_memc_ui_top_std/mem_intfc0/ddr_phy_top0/u_ddr_mc_phy_wrapper/u_ddr_mc_phy/ddr_phy_4lanes_0.u_ddr_phy_4lanes/phy_control_i/PHYCTLMSTREMPTY
                            (rising edge-triggered cell PHY_CONTROL clocked by mem_refclk_1  {rise@0.000ns fall@1.250ns period=2.500ns})
  Path Group:             mem_refclk_1
  Path Type:              Setup (Max at Slow Process Corner)
  Requirement:            2.500ns  (mem_refclk_1 rise@2.500ns - mem_refclk_1 rise@0.000ns)
  Data Path Delay:        1.019ns  (logic 0.622ns (61.040%)  route 0.397ns (38.960%))
  Logic Levels:           0  
  Clock Path Skew:        0.000ns (DCD - SCD + CPR)
    Destination Clock Delay (DCD):    -0.394ns = ( 2.106 - 2.500 ) 
    Source Clock Delay      (SCD):    0.077ns
    Clock Pessimism Removal (CPR):    0.471ns
  Clock Uncertainty:      0.057ns  ((TSJ^2 + DJ^2)^1/2) / 2 + PE
    Total System Jitter     (TSJ):    0.071ns
    Discrete Jitter          (DJ):    0.089ns
    Phase Error              (PE):    0.000ns

    Location             Delay type                Incr(ns)  Path(ns)    Netlist Resource(s)
  -------------------------------------------------------------------    -------------------
                         (clock mem_refclk_1 rise edge)
                                                      0.000     0.000 r  
    R4                                                0.000     0.000 r  sys_clk (IN)
                         net (fo=0)                   0.000     0.000    sys_clk
    R4                   IBUF (Prop_ibuf_I_O)         1.432     1.432 r  sys_clk_IBUF_inst/O
                         net (fo=1, routed)           1.065     2.497    multiplied_clock.clock_generator/sys_clk_IBUF
    MMCME2_ADV_X1Y0      MMCME2_ADV (Prop_mmcme2_adv_CLKIN1_CLKOUT1)
                                                     -5.921    -3.424 r  multiplied_clock.clock_generator/mmcm/CLKOUT1
                         net (fo=1, routed)           1.421    -2.004    multiplied_clock.clock_generator/ddr_ref_raw
    BUFGCTRL_X0Y1        BUFG (Prop_bufg_I_O)         0.081    -1.923 r  multiplied_clock.clock_generator/ddr_ref_buffer/O
                         net (fo=63, routed)          1.394    -0.528    memory/controller/u_davinci_ddr3_mig_mig/u_ddr3_infrastructure/mmcm_clk
    PLLE2_ADV_X1Y1       PLLE2_ADV (Prop_plle2_adv_CLKIN1_CLKOUT1)
                                                      0.077    -0.451 r  memory/controller/u_davinci_ddr3_mig_mig/u_ddr3_infrastructure/plle2_i/CLKOUT1
                         net (fo=7, routed)           0.528     0.077    memory/controller/u_davinci_ddr3_mig_mig/u_memc_ui_top_std/mem_intfc0/ddr_phy_top0/u_ddr_mc_phy_wrapper/u_ddr_mc_phy/ddr_phy_4lanes_0.u_ddr_phy_4lanes/mem_refclk
    PHY_CONTROL_X1Y1     PHY_CONTROL                                  r  memory/controller/u_davinci_ddr3_mig_mig/u_memc_ui_top_std/mem_intfc0/ddr_phy_top0/u_ddr_mc_phy_wrapper/u_ddr_mc_phy/ddr_phy_4lanes_0.u_ddr_phy_4lanes/phy_control_i/MEMREFCLK
  -------------------------------------------------------------------    -------------------
    PHY_CONTROL_X1Y1     PHY_CONTROL (Prop_phy_control_MEMREFCLK_PHYCTLEMPTY)
                                                      0.622     0.699 r  memory/controller/u_davinci_ddr3_mig_mig/u_memc_ui_top_std/mem_intfc0/ddr_phy_top0/u_ddr_mc_phy_wrapper/u_ddr_mc_phy/ddr_phy_4lanes_0.u_ddr_phy_4lanes/phy_control_i/PHYCTLEMPTY
                         net (fo=1, routed)           0.397     1.096    memory/controller/u_davinci_ddr3_mig_mig/u_memc_ui_top_std/mem_intfc0/ddr_phy_top0/u_ddr_mc_phy_wrapper/u_ddr_mc_phy/ddr_phy_4lanes_0.u_ddr_phy_4lanes/phy_control_i_n_1
    PHY_CONTROL_X1Y1     PHY_CONTROL                                  r  memory/controller/u_davinci_ddr3_mig_mig/u_memc_ui_top_std/mem_intfc0/ddr_phy_top0/u_ddr_mc_phy_wrapper/u_ddr_mc_phy/ddr_phy_4lanes_0.u_ddr_phy_4lanes/phy_control_i/PHYCTLMSTREMPTY
  -------------------------------------------------------------------    -------------------

                         (clock mem_refclk_1 rise edge)
                                                      2.500     2.500 r  
    R4                                                0.000     2.500 r  sys_clk (IN)
                         net (fo=0)                   0.000     2.500    sys_clk
    R4                   IBUF (Prop_ibuf_I_O)         1.366     3.866 r  sys_clk_IBUF_inst/O
                         net (fo=1, routed)           1.004     4.869    multiplied_clock.clock_generator/sys_clk_IBUF
    MMCME2_ADV_X1Y0      MMCME2_ADV (Prop_mmcme2_adv_CLKIN1_CLKOUT1)
                                                     -6.057    -1.188 r  multiplied_clock.clock_generator/mmcm/CLKOUT1
                         net (fo=1, routed)           1.352     0.165    multiplied_clock.clock_generator/ddr_ref_raw
    BUFGCTRL_X0Y1        BUFG (Prop_bufg_I_O)         0.077     0.242 r  multiplied_clock.clock_generator/ddr_ref_buffer/O
                         net (fo=63, routed)          1.290     1.532    memory/controller/u_davinci_ddr3_mig_mig/u_ddr3_infrastructure/mmcm_clk
    PLLE2_ADV_X1Y1       PLLE2_ADV (Prop_plle2_adv_CLKIN1_CLKOUT1)
                                                      0.073     1.605 r  memory/controller/u_davinci_ddr3_mig_mig/u_ddr3_infrastructure/plle2_i/CLKOUT1
                         net (fo=7, routed)           0.501     2.106    memory/controller/u_davinci_ddr3_mig_mig/u_memc_ui_top_std/mem_intfc0/ddr_phy_top0/u_ddr_mc_phy_wrapper/u_ddr_mc_phy/ddr_phy_4lanes_0.u_ddr_phy_4lanes/mem_refclk
    PHY_CONTROL_X1Y1     PHY_CONTROL                                  r  memory/controller/u_davinci_ddr3_mig_mig/u_memc_ui_top_std/mem_intfc0/ddr_phy_top0/u_ddr_mc_phy_wrapper/u_ddr_mc_phy/ddr_phy_4lanes_0.u_ddr_phy_4lanes/phy_control_i/MEMREFCLK
                         clock pessimism              0.471     2.577    
                         clock uncertainty           -0.057     2.520    
    PHY_CONTROL_X1Y1     PHY_CONTROL (Setup_phy_control_MEMREFCLK_PHYCTLMSTREMPTY)
                                                     -0.009     2.511    memory/controller/u_davinci_ddr3_mig_mig/u_memc_ui_top_std/mem_intfc0/ddr_phy_top0/u_ddr_mc_phy_wrapper/u_ddr_mc_phy/ddr_phy_4lanes_0.u_ddr_phy_4lanes/phy_control_i
  -------------------------------------------------------------------
                         required time                          2.511    
                         arrival time                          -1.096    
  -------------------------------------------------------------------
                         slack                                  1.415    





Min Delay Paths
--------------------------------------------------------------------------------------
Slack (MET) :             0.336ns  (arrival time - required time)
  Source:                 memory/controller/u_davinci_ddr3_mig_mig/u_memc_ui_top_std/mem_intfc0/ddr_phy_top0/u_ddr_mc_phy_wrapper/u_ddr_mc_phy/ddr_phy_4lanes_0.u_ddr_phy_4lanes/phy_control_i/MEMREFCLK
                            (rising edge-triggered cell PHY_CONTROL clocked by mem_refclk_1  {rise@0.000ns fall@1.250ns period=2.500ns})
  Destination:            memory/controller/u_davinci_ddr3_mig_mig/u_memc_ui_top_std/mem_intfc0/ddr_phy_top0/u_ddr_mc_phy_wrapper/u_ddr_mc_phy/ddr_phy_4lanes_0.u_ddr_phy_4lanes/phy_control_i/PHYCTLMSTREMPTY
                            (rising edge-triggered cell PHY_CONTROL clocked by mem_refclk_1  {rise@0.000ns fall@1.250ns period=2.500ns})
  Path Group:             mem_refclk_1
  Path Type:              Hold (Min at Fast Process Corner)
  Requirement:            0.000ns  (mem_refclk_1 rise@0.000ns - mem_refclk_1 rise@0.000ns)
  Data Path Delay:        0.459ns  (logic 0.313ns (68.192%)  route 0.146ns (31.808%))
  Logic Levels:           0  
  Clock Path Skew:        0.000ns (DCD - SCD - CPR)
    Destination Clock Delay (DCD):    -0.559ns
    Source Clock Delay      (SCD):    -0.342ns
    Clock Pessimism Removal (CPR):    -0.217ns

    Location             Delay type                Incr(ns)  Path(ns)    Netlist Resource(s)
  -------------------------------------------------------------------    -------------------
                         (clock mem_refclk_1 rise edge)
                                                      0.000     0.000 r  
    R4                                                0.000     0.000 r  sys_clk (IN)
                         net (fo=0)                   0.000     0.000    sys_clk
    R4                   IBUF (Prop_ibuf_I_O)         0.269     0.269 r  sys_clk_IBUF_inst/O
                         net (fo=1, routed)           0.440     0.709    multiplied_clock.clock_generator/sys_clk_IBUF
    MMCME2_ADV_X1Y0      MMCME2_ADV (Prop_mmcme2_adv_CLKIN1_CLKOUT1)
                                                     -2.360    -1.651 r  multiplied_clock.clock_generator/mmcm/CLKOUT1
                         net (fo=1, routed)           0.486    -1.165    multiplied_clock.clock_generator/ddr_ref_raw
    BUFGCTRL_X0Y1        BUFG (Prop_bufg_I_O)         0.026    -1.139 r  multiplied_clock.clock_generator/ddr_ref_buffer/O
                         net (fo=63, routed)          0.552    -0.587    memory/controller/u_davinci_ddr3_mig_mig/u_ddr3_infrastructure/mmcm_clk
    PLLE2_ADV_X1Y1       PLLE2_ADV (Prop_plle2_adv_CLKIN1_CLKOUT1)
                                                      0.050    -0.537 r  memory/controller/u_davinci_ddr3_mig_mig/u_ddr3_infrastructure/plle2_i/CLKOUT1
                         net (fo=7, routed)           0.195    -0.342    memory/controller/u_davinci_ddr3_mig_mig/u_memc_ui_top_std/mem_intfc0/ddr_phy_top0/u_ddr_mc_phy_wrapper/u_ddr_mc_phy/ddr_phy_4lanes_0.u_ddr_phy_4lanes/mem_refclk
    PHY_CONTROL_X1Y1     PHY_CONTROL                                  r  memory/controller/u_davinci_ddr3_mig_mig/u_memc_ui_top_std/mem_intfc0/ddr_phy_top0/u_ddr_mc_phy_wrapper/u_ddr_mc_phy/ddr_phy_4lanes_0.u_ddr_phy_4lanes/phy_control_i/MEMREFCLK
  -------------------------------------------------------------------    -------------------
    PHY_CONTROL_X1Y1     PHY_CONTROL (Prop_phy_control_MEMREFCLK_PHYCTLEMPTY)
                                                      0.313    -0.029 r  memory/controller/u_davinci_ddr3_mig_mig/u_memc_ui_top_std/mem_intfc0/ddr_phy_top0/u_ddr_mc_phy_wrapper/u_ddr_mc_phy/ddr_phy_4lanes_0.u_ddr_phy_4lanes/phy_control_i/PHYCTLEMPTY
                         net (fo=1, routed)           0.146     0.117    memory/controller/u_davinci_ddr3_mig_mig/u_memc_ui_top_std/mem_intfc0/ddr_phy_top0/u_ddr_mc_phy_wrapper/u_ddr_mc_phy/ddr_phy_4lanes_0.u_ddr_phy_4lanes/phy_control_i_n_1
    PHY_CONTROL_X1Y1     PHY_CONTROL                                  r  memory/controller/u_davinci_ddr3_mig_mig/u_memc_ui_top_std/mem_intfc0/ddr_phy_top0/u_ddr_mc_phy_wrapper/u_ddr_mc_phy/ddr_phy_4lanes_0.u_ddr_phy_4lanes/phy_control_i/PHYCTLMSTREMPTY
  -------------------------------------------------------------------    -------------------

                         (clock mem_refclk_1 rise edge)
                                                      0.000     0.000 r  
    R4                                                0.000     0.000 r  sys_clk (IN)
                         net (fo=0)                   0.000     0.000    sys_clk
    R4                   IBUF (Prop_ibuf_I_O)         0.457     0.457 r  sys_clk_IBUF_inst/O
                         net (fo=1, routed)           0.480     0.937    multiplied_clock.clock_generator/sys_clk_IBUF
    MMCME2_ADV_X1Y0      MMCME2_ADV (Prop_mmcme2_adv_CLKIN1_CLKOUT1)
                                                     -3.142    -2.205 r  multiplied_clock.clock_generator/mmcm/CLKOUT1
                         net (fo=1, routed)           0.530    -1.676    multiplied_clock.clock_generator/ddr_ref_raw
    BUFGCTRL_X0Y1        BUFG (Prop_bufg_I_O)         0.029    -1.647 r  multiplied_clock.clock_generator/ddr_ref_buffer/O
                         net (fo=63, routed)          0.820    -0.827    memory/controller/u_davinci_ddr3_mig_mig/u_ddr3_infrastructure/mmcm_clk
    PLLE2_ADV_X1Y1       PLLE2_ADV (Prop_plle2_adv_CLKIN1_CLKOUT1)
                                                      0.053    -0.774 r  memory/controller/u_davinci_ddr3_mig_mig/u_ddr3_infrastructure/plle2_i/CLKOUT1
                         net (fo=7, routed)           0.215    -0.559    memory/controller/u_davinci_ddr3_mig_mig/u_memc_ui_top_std/mem_intfc0/ddr_phy_top0/u_ddr_mc_phy_wrapper/u_ddr_mc_phy/ddr_phy_4lanes_0.u_ddr_phy_4lanes/mem_refclk
    PHY_CONTROL_X1Y1     PHY_CONTROL                                  r  memory/controller/u_davinci_ddr3_mig_mig/u_memc_ui_top_std/mem_intfc0/ddr_phy_top0/u_ddr_mc_phy_wrapper/u_ddr_mc_phy/ddr_phy_4lanes_0.u_ddr_phy_4lanes/phy_control_i/MEMREFCLK
                         clock pessimism              0.217    -0.342    
    PHY_CONTROL_X1Y1     PHY_CONTROL (Hold_phy_control_MEMREFCLK_PHYCTLMSTREMPTY)
                                                      0.123    -0.219    memory/controller/u_davinci_ddr3_mig_mig/u_memc_ui_top_std/mem_intfc0/ddr_phy_top0/u_ddr_mc_phy_wrapper/u_ddr_mc_phy/ddr_phy_4lanes_0.u_ddr_phy_4lanes/phy_control_i
  -------------------------------------------------------------------
                         required time                          0.219    
                         arrival time                           0.117    
  -------------------------------------------------------------------
                         slack                                  0.336    





Pulse Width Checks
--------------------------------------------------------------------------------------
Clock Name:         mem_refclk_1
Waveform(ns):       { 0.000 1.250 }
Period(ns):         2.500
Sources:            { memory/controller/u_davinci_ddr3_mig_mig/u_ddr3_infrastructure/plle2_i/CLKOUT1 }

Check Type        Corner  Lib Pin                Reference Pin  Required(ns)  Actual(ns)  Slack(ns)  Location          Pin
Min Period        n/a     PHY_CONTROL/MEMREFCLK  n/a            1.475         2.500       1.025      PHY_CONTROL_X1Y1  memory/controller/u_davinci_ddr3_mig_mig/u_memc_ui_top_std/mem_intfc0/ddr_phy_top0/u_ddr_mc_phy_wrapper/u_ddr_mc_phy/ddr_phy_4lanes_0.u_ddr_phy_4lanes/phy_control_i/MEMREFCLK
Max Period        n/a     PLLE2_ADV/CLKOUT1      n/a            160.000       2.500       157.500    PLLE2_ADV_X1Y1    memory/controller/u_davinci_ddr3_mig_mig/u_ddr3_infrastructure/plle2_i/CLKOUT1
Low Pulse Width   Fast    PHY_CONTROL/MEMREFCLK  n/a            0.535         1.250       0.715      PHY_CONTROL_X1Y1  memory/controller/u_davinci_ddr3_mig_mig/u_memc_ui_top_std/mem_intfc0/ddr_phy_top0/u_ddr_mc_phy_wrapper/u_ddr_mc_phy/ddr_phy_4lanes_0.u_ddr_phy_4lanes/phy_control_i/MEMREFCLK
High Pulse Width  Slow    PHY_CONTROL/MEMREFCLK  n/a            0.535         1.250       0.715      PHY_CONTROL_X1Y1  memory/controller/u_davinci_ddr3_mig_mig/u_memc_ui_top_std/mem_intfc0/ddr_phy_top0/u_ddr_mc_phy_wrapper/u_ddr_mc_phy/ddr_phy_4lanes_0.u_ddr_phy_4lanes/phy_control_i/MEMREFCLK



---------------------------------------------------------------------------------------------------
From Clock:  oserdes_clk_4
  To Clock:  oserdes_clk_4

Setup :           NA  Failing Endpoints,  Worst Slack           NA  ,  Total Violation           NA
Hold  :           NA  Failing Endpoints,  Worst Slack           NA  ,  Total Violation           NA
PW    :            0  Failing Endpoints,  Worst Slack        1.026ns,  Total Violation        0.000ns
---------------------------------------------------------------------------------------------------


Pulse Width Checks
--------------------------------------------------------------------------------------
Clock Name:         oserdes_clk_4
Waveform(ns):       { 0.000 1.250 }
Period(ns):         2.500
Sources:            { memory/controller/u_davinci_ddr3_mig_mig/u_memc_ui_top_std/mem_intfc0/ddr_phy_top0/u_ddr_mc_phy_wrapper/u_ddr_mc_phy/ddr_phy_4lanes_0.u_ddr_phy_4lanes/ddr_byte_lane_A.ddr_byte_lane_A/phaser_out/OCLK }

Check Type  Corner  Lib Pin  Reference Pin  Required(ns)  Actual(ns)  Slack(ns)  Location      Pin
Min Period  n/a     ODDR/C   n/a            1.474         2.500       1.026      OLOGIC_X1Y58  memory/controller/u_davinci_ddr3_mig_mig/u_memc_ui_top_std/mem_intfc0/ddr_phy_top0/u_ddr_mc_phy_wrapper/u_ddr_mc_phy/ddr_phy_4lanes_0.u_ddr_phy_4lanes/ddr_byte_lane_A.ddr_byte_lane_A/ddr_ck_gen_loop[0].ddr_ck_gen.ddr_ck/C



---------------------------------------------------------------------------------------------------
From Clock:  oserdes_clkdiv_4
  To Clock:  oserdes_clkdiv_4

Setup :            0  Failing Endpoints,  Worst Slack        8.408ns,  Total Violation        0.000ns
Hold  :            0  Failing Endpoints,  Worst Slack        0.088ns,  Total Violation        0.000ns
PW    :            0  Failing Endpoints,  Worst Slack        2.850ns,  Total Violation        0.000ns
---------------------------------------------------------------------------------------------------


Max Delay Paths
--------------------------------------------------------------------------------------
Slack (MET) :             8.408ns  (required time - arrival time)
  Source:                 memory/controller/u_davinci_ddr3_mig_mig/u_memc_ui_top_std/mem_intfc0/ddr_phy_top0/u_ddr_mc_phy_wrapper/u_ddr_mc_phy/ddr_phy_4lanes_0.u_ddr_phy_4lanes/ddr_byte_lane_A.ddr_byte_lane_A/out_fifo/RDCLK
                            (rising edge-triggered cell OUT_FIFO clocked by oserdes_clkdiv_4  {rise@0.000ns fall@5.000ns period=10.000ns})
  Destination:            memory/controller/u_davinci_ddr3_mig_mig/u_memc_ui_top_std/mem_intfc0/ddr_phy_top0/u_ddr_mc_phy_wrapper/u_ddr_mc_phy/ddr_phy_4lanes_0.u_ddr_phy_4lanes/ddr_byte_lane_A.ddr_byte_lane_A/ddr_byte_group_io/output_[11].oserdes_dq_.sdr.oserdes_dq_i/D4
                            (rising edge-triggered cell OSERDESE2 clocked by oserdes_clkdiv_4  {rise@0.000ns fall@5.000ns period=10.000ns})
  Path Group:             oserdes_clkdiv_4
  Path Type:              Setup (Max at Slow Process Corner)
  Requirement:            10.000ns  (oserdes_clkdiv_4 rise@10.000ns - oserdes_clkdiv_4 rise@0.000ns)
  Data Path Delay:        1.429ns  (logic 0.596ns (41.693%)  route 0.833ns (58.307%))
  Logic Levels:           0  
  Clock Path Skew:        0.343ns (DCD - SCD + CPR)
    Destination Clock Delay (DCD):    2.104ns = ( 12.104 - 10.000 ) 
    Source Clock Delay      (SCD):    2.295ns
    Clock Pessimism Removal (CPR):    0.534ns
  Clock Uncertainty:      0.057ns  ((TSJ^2 + DJ^2)^1/2) / 2 + PE
    Total System Jitter     (TSJ):    0.071ns
    Discrete Jitter          (DJ):    0.089ns
    Phase Error              (PE):    0.000ns

    Location             Delay type                Incr(ns)  Path(ns)    Netlist Resource(s)
  -------------------------------------------------------------------    -------------------
                         (clock oserdes_clkdiv_4 rise edge)
                                                      0.000     0.000 r  
    R4                                                0.000     0.000 r  sys_clk (IN)
                         net (fo=0)                   0.000     0.000    sys_clk
    R4                   IBUF (Prop_ibuf_I_O)         1.432     1.432 r  sys_clk_IBUF_inst/O
                         net (fo=1, routed)           1.065     2.497    multiplied_clock.clock_generator/sys_clk_IBUF
    MMCME2_ADV_X1Y0      MMCME2_ADV (Prop_mmcme2_adv_CLKIN1_CLKOUT1)
                                                     -5.921    -3.424 r  multiplied_clock.clock_generator/mmcm/CLKOUT1
                         net (fo=1, routed)           1.421    -2.004    multiplied_clock.clock_generator/ddr_ref_raw
    BUFGCTRL_X0Y1        BUFG (Prop_bufg_I_O)         0.081    -1.923 r  multiplied_clock.clock_generator/ddr_ref_buffer/O
                         net (fo=63, routed)          1.394    -0.528    memory/controller/u_davinci_ddr3_mig_mig/u_ddr3_infrastructure/mmcm_clk
    PLLE2_ADV_X1Y1       PLLE2_ADV (Prop_plle2_adv_CLKIN1_CLKOUT1)
                                                      0.077    -0.451 r  memory/controller/u_davinci_ddr3_mig_mig/u_ddr3_infrastructure/plle2_i/CLKOUT1
                         net (fo=7, routed)           0.522     0.071    memory/controller/u_davinci_ddr3_mig_mig/u_memc_ui_top_std/mem_intfc0/ddr_phy_top0/u_ddr_mc_phy_wrapper/u_ddr_mc_phy/ddr_phy_4lanes_0.u_ddr_phy_4lanes/ddr_byte_lane_A.ddr_byte_lane_A/mem_refclk
    PHASER_OUT_PHY_X1Y4  PHASER_OUT_PHY (Prop_phaser_out_phy_MEMREFCLK_OCLK)
                                                      2.083     2.154 r  memory/controller/u_davinci_ddr3_mig_mig/u_memc_ui_top_std/mem_intfc0/ddr_phy_top0/u_ddr_mc_phy_wrapper/u_ddr_mc_phy/ddr_phy_4lanes_0.u_ddr_phy_4lanes/ddr_byte_lane_A.ddr_byte_lane_A/phaser_out/OCLK
    PHASER_OUT_PHY_X1Y4  PHASER_OUT_PHY (Prop_phaser_out_phy_OCLK_OCLKDIV)
                                                      0.141     2.295 r  memory/controller/u_davinci_ddr3_mig_mig/u_memc_ui_top_std/mem_intfc0/ddr_phy_top0/u_ddr_mc_phy_wrapper/u_ddr_mc_phy/ddr_phy_4lanes_0.u_ddr_phy_4lanes/ddr_byte_lane_A.ddr_byte_lane_A/phaser_out/OCLKDIV
                         net (fo=12, routed)          0.000     2.295    memory/controller/u_davinci_ddr3_mig_mig/u_memc_ui_top_std/mem_intfc0/ddr_phy_top0/u_ddr_mc_phy_wrapper/u_ddr_mc_phy/ddr_phy_4lanes_0.u_ddr_phy_4lanes/ddr_byte_lane_A.ddr_byte_lane_A/oserdes_clkdiv
    OUT_FIFO_X1Y4        OUT_FIFO                                     r  memory/controller/u_davinci_ddr3_mig_mig/u_memc_ui_top_std/mem_intfc0/ddr_phy_top0/u_ddr_mc_phy_wrapper/u_ddr_mc_phy/ddr_phy_4lanes_0.u_ddr_phy_4lanes/ddr_byte_lane_A.ddr_byte_lane_A/out_fifo/RDCLK
  -------------------------------------------------------------------    -------------------
    OUT_FIFO_X1Y4        OUT_FIFO (Prop_out_fifo_RDCLK_Q6[7])
                                                      0.596     2.891 r  memory/controller/u_davinci_ddr3_mig_mig/u_memc_ui_top_std/mem_intfc0/ddr_phy_top0/u_ddr_mc_phy_wrapper/u_ddr_mc_phy/ddr_phy_4lanes_0.u_ddr_phy_4lanes/ddr_byte_lane_A.ddr_byte_lane_A/out_fifo/Q6[7]
                         net (fo=1, routed)           0.833     3.724    memory/controller/u_davinci_ddr3_mig_mig/u_memc_ui_top_std/mem_intfc0/ddr_phy_top0/u_ddr_mc_phy_wrapper/u_ddr_mc_phy/ddr_phy_4lanes_0.u_ddr_phy_4lanes/ddr_byte_lane_A.ddr_byte_lane_A/ddr_byte_group_io/oserdes_dq[43]
    OLOGIC_X1Y50         OSERDESE2                                    r  memory/controller/u_davinci_ddr3_mig_mig/u_memc_ui_top_std/mem_intfc0/ddr_phy_top0/u_ddr_mc_phy_wrapper/u_ddr_mc_phy/ddr_phy_4lanes_0.u_ddr_phy_4lanes/ddr_byte_lane_A.ddr_byte_lane_A/ddr_byte_group_io/output_[11].oserdes_dq_.sdr.oserdes_dq_i/D4
  -------------------------------------------------------------------    -------------------

                         (clock oserdes_clkdiv_4 rise edge)
                                                     10.000    10.000 r  
    R4                                                0.000    10.000 r  sys_clk (IN)
                         net (fo=0)                   0.000    10.000    sys_clk
    R4                   IBUF (Prop_ibuf_I_O)         1.366    11.366 r  sys_clk_IBUF_inst/O
                         net (fo=1, routed)           1.004    12.369    multiplied_clock.clock_generator/sys_clk_IBUF
    MMCME2_ADV_X1Y0      MMCME2_ADV (Prop_mmcme2_adv_CLKIN1_CLKOUT1)
                                                     -6.057     6.312 r  multiplied_clock.clock_generator/mmcm/CLKOUT1
                         net (fo=1, routed)           1.352     7.665    multiplied_clock.clock_generator/ddr_ref_raw
    BUFGCTRL_X0Y1        BUFG (Prop_bufg_I_O)         0.077     7.742 r  multiplied_clock.clock_generator/ddr_ref_buffer/O
                         net (fo=63, routed)          1.290     9.032    memory/controller/u_davinci_ddr3_mig_mig/u_ddr3_infrastructure/mmcm_clk
    PLLE2_ADV_X1Y1       PLLE2_ADV (Prop_plle2_adv_CLKIN1_CLKOUT1)
                                                      0.073     9.105 r  memory/controller/u_davinci_ddr3_mig_mig/u_ddr3_infrastructure/plle2_i/CLKOUT1
                         net (fo=7, routed)           0.496     9.601    memory/controller/u_davinci_ddr3_mig_mig/u_memc_ui_top_std/mem_intfc0/ddr_phy_top0/u_ddr_mc_phy_wrapper/u_ddr_mc_phy/ddr_phy_4lanes_0.u_ddr_phy_4lanes/ddr_byte_lane_A.ddr_byte_lane_A/mem_refclk
    PHASER_OUT_PHY_X1Y4  PHASER_OUT_PHY (Prop_phaser_out_phy_MEMREFCLK_OCLK)
                                                      2.027    11.628 r  memory/controller/u_davinci_ddr3_mig_mig/u_memc_ui_top_std/mem_intfc0/ddr_phy_top0/u_ddr_mc_phy_wrapper/u_ddr_mc_phy/ddr_phy_4lanes_0.u_ddr_phy_4lanes/ddr_byte_lane_A.ddr_byte_lane_A/phaser_out/OCLK
    PHASER_OUT_PHY_X1Y4  PHASER_OUT_PHY (Prop_phaser_out_phy_OCLK_OCLKDIV)
                                                      0.133    11.761 r  memory/controller/u_davinci_ddr3_mig_mig/u_memc_ui_top_std/mem_intfc0/ddr_phy_top0/u_ddr_mc_phy_wrapper/u_ddr_mc_phy/ddr_phy_4lanes_0.u_ddr_phy_4lanes/ddr_byte_lane_A.ddr_byte_lane_A/phaser_out/OCLKDIV
                         net (fo=12, routed)          0.343    12.104    memory/controller/u_davinci_ddr3_mig_mig/u_memc_ui_top_std/mem_intfc0/ddr_phy_top0/u_ddr_mc_phy_wrapper/u_ddr_mc_phy/ddr_phy_4lanes_0.u_ddr_phy_4lanes/ddr_byte_lane_A.ddr_byte_lane_A/ddr_byte_group_io/oserdes_clkdiv
    OLOGIC_X1Y50         OSERDESE2                                    r  memory/controller/u_davinci_ddr3_mig_mig/u_memc_ui_top_std/mem_intfc0/ddr_phy_top0/u_ddr_mc_phy_wrapper/u_ddr_mc_phy/ddr_phy_4lanes_0.u_ddr_phy_4lanes/ddr_byte_lane_A.ddr_byte_lane_A/ddr_byte_group_io/output_[11].oserdes_dq_.sdr.oserdes_dq_i/CLKDIV
                         clock pessimism              0.534    12.638    
                         clock uncertainty           -0.057    12.581    
    OLOGIC_X1Y50         OSERDESE2 (Setup_oserdese2_CLKDIV_D4)
                                                     -0.449    12.132    memory/controller/u_davinci_ddr3_mig_mig/u_memc_ui_top_std/mem_intfc0/ddr_phy_top0/u_ddr_mc_phy_wrapper/u_ddr_mc_phy/ddr_phy_4lanes_0.u_ddr_phy_4lanes/ddr_byte_lane_A.ddr_byte_lane_A/ddr_byte_group_io/output_[11].oserdes_dq_.sdr.oserdes_dq_i
  -------------------------------------------------------------------
                         required time                         12.132    
                         arrival time                          -3.724    
  -------------------------------------------------------------------
                         slack                                  8.408    





Min Delay Paths
--------------------------------------------------------------------------------------
Slack (MET) :             0.088ns  (arrival time - required time)
  Source:                 memory/controller/u_davinci_ddr3_mig_mig/u_memc_ui_top_std/mem_intfc0/ddr_phy_top0/u_ddr_mc_phy_wrapper/u_ddr_mc_phy/ddr_phy_4lanes_0.u_ddr_phy_4lanes/ddr_byte_lane_A.ddr_byte_lane_A/out_fifo/RDCLK
                            (rising edge-triggered cell OUT_FIFO clocked by oserdes_clkdiv_4  {rise@0.000ns fall@5.000ns period=10.000ns})
  Destination:            memory/controller/u_davinci_ddr3_mig_mig/u_memc_ui_top_std/mem_intfc0/ddr_phy_top0/u_ddr_mc_phy_wrapper/u_ddr_mc_phy/ddr_phy_4lanes_0.u_ddr_phy_4lanes/ddr_byte_lane_A.ddr_byte_lane_A/ddr_byte_group_io/output_[2].oserdes_dq_.sdr.oserdes_dq_i/D2
                            (rising edge-triggered cell OSERDESE2 clocked by oserdes_clkdiv_4  {rise@0.000ns fall@5.000ns period=10.000ns})
  Path Group:             oserdes_clkdiv_4
  Path Type:              Hold (Min at Fast Process Corner)
  Requirement:            0.000ns  (oserdes_clkdiv_4 rise@0.000ns - oserdes_clkdiv_4 rise@0.000ns)
  Data Path Delay:        0.286ns  (logic 0.138ns (48.242%)  route 0.148ns (51.758%))
  Logic Levels:           0  
  Clock Path Skew:        0.179ns (DCD - SCD - CPR)
    Destination Clock Delay (DCD):    1.569ns
    Source Clock Delay      (SCD):    1.556ns
    Clock Pessimism Removal (CPR):    -0.166ns

    Location             Delay type                Incr(ns)  Path(ns)    Netlist Resource(s)
  -------------------------------------------------------------------    -------------------
                         (clock oserdes_clkdiv_4 rise edge)
                                                      0.000     0.000 r  
    R4                                                0.000     0.000 r  sys_clk (IN)
                         net (fo=0)                   0.000     0.000    sys_clk
    R4                   IBUF (Prop_ibuf_I_O)         0.269     0.269 r  sys_clk_IBUF_inst/O
                         net (fo=1, routed)           0.440     0.709    multiplied_clock.clock_generator/sys_clk_IBUF
    MMCME2_ADV_X1Y0      MMCME2_ADV (Prop_mmcme2_adv_CLKIN1_CLKOUT1)
                                                     -2.360    -1.651 r  multiplied_clock.clock_generator/mmcm/CLKOUT1
                         net (fo=1, routed)           0.486    -1.165    multiplied_clock.clock_generator/ddr_ref_raw
    BUFGCTRL_X0Y1        BUFG (Prop_bufg_I_O)         0.026    -1.139 r  multiplied_clock.clock_generator/ddr_ref_buffer/O
                         net (fo=63, routed)          0.552    -0.587    memory/controller/u_davinci_ddr3_mig_mig/u_ddr3_infrastructure/mmcm_clk
    PLLE2_ADV_X1Y1       PLLE2_ADV (Prop_plle2_adv_CLKIN1_CLKOUT1)
                                                      0.050    -0.537 r  memory/controller/u_davinci_ddr3_mig_mig/u_ddr3_infrastructure/plle2_i/CLKOUT1
                         net (fo=7, routed)           0.197    -0.340    memory/controller/u_davinci_ddr3_mig_mig/u_memc_ui_top_std/mem_intfc0/ddr_phy_top0/u_ddr_mc_phy_wrapper/u_ddr_mc_phy/ddr_phy_4lanes_0.u_ddr_phy_4lanes/ddr_byte_lane_A.ddr_byte_lane_A/mem_refclk
    PHASER_OUT_PHY_X1Y4  PHASER_OUT_PHY (Prop_phaser_out_phy_MEMREFCLK_OCLK)
                                                      1.813     1.473 r  memory/controller/u_davinci_ddr3_mig_mig/u_memc_ui_top_std/mem_intfc0/ddr_phy_top0/u_ddr_mc_phy_wrapper/u_ddr_mc_phy/ddr_phy_4lanes_0.u_ddr_phy_4lanes/ddr_byte_lane_A.ddr_byte_lane_A/phaser_out/OCLK
    PHASER_OUT_PHY_X1Y4  PHASER_OUT_PHY (Prop_phaser_out_phy_OCLK_OCLKDIV)
                                                      0.083     1.556 r  memory/controller/u_davinci_ddr3_mig_mig/u_memc_ui_top_std/mem_intfc0/ddr_phy_top0/u_ddr_mc_phy_wrapper/u_ddr_mc_phy/ddr_phy_4lanes_0.u_ddr_phy_4lanes/ddr_byte_lane_A.ddr_byte_lane_A/phaser_out/OCLKDIV
                         net (fo=12, routed)          0.000     1.556    memory/controller/u_davinci_ddr3_mig_mig/u_memc_ui_top_std/mem_intfc0/ddr_phy_top0/u_ddr_mc_phy_wrapper/u_ddr_mc_phy/ddr_phy_4lanes_0.u_ddr_phy_4lanes/ddr_byte_lane_A.ddr_byte_lane_A/oserdes_clkdiv
    OUT_FIFO_X1Y4        OUT_FIFO                                     r  memory/controller/u_davinci_ddr3_mig_mig/u_memc_ui_top_std/mem_intfc0/ddr_phy_top0/u_ddr_mc_phy_wrapper/u_ddr_mc_phy/ddr_phy_4lanes_0.u_ddr_phy_4lanes/ddr_byte_lane_A.ddr_byte_lane_A/out_fifo/RDCLK
  -------------------------------------------------------------------    -------------------
    OUT_FIFO_X1Y4        OUT_FIFO (Prop_out_fifo_RDCLK_Q2[1])
                                                      0.138     1.694 r  memory/controller/u_davinci_ddr3_mig_mig/u_memc_ui_top_std/mem_intfc0/ddr_phy_top0/u_ddr_mc_phy_wrapper/u_ddr_mc_phy/ddr_phy_4lanes_0.u_ddr_phy_4lanes/ddr_byte_lane_A.ddr_byte_lane_A/out_fifo/Q2[1]
                         net (fo=1, routed)           0.148     1.842    memory/controller/u_davinci_ddr3_mig_mig/u_memc_ui_top_std/mem_intfc0/ddr_phy_top0/u_ddr_mc_phy_wrapper/u_ddr_mc_phy/ddr_phy_4lanes_0.u_ddr_phy_4lanes/ddr_byte_lane_A.ddr_byte_lane_A/ddr_byte_group_io/oserdes_dq[9]
    OLOGIC_X1Y53         OSERDESE2                                    r  memory/controller/u_davinci_ddr3_mig_mig/u_memc_ui_top_std/mem_intfc0/ddr_phy_top0/u_ddr_mc_phy_wrapper/u_ddr_mc_phy/ddr_phy_4lanes_0.u_ddr_phy_4lanes/ddr_byte_lane_A.ddr_byte_lane_A/ddr_byte_group_io/output_[2].oserdes_dq_.sdr.oserdes_dq_i/D2
  -------------------------------------------------------------------    -------------------

                         (clock oserdes_clkdiv_4 rise edge)
                                                      0.000     0.000 r  
    R4                                                0.000     0.000 r  sys_clk (IN)
                         net (fo=0)                   0.000     0.000    sys_clk
    R4                   IBUF (Prop_ibuf_I_O)         0.457     0.457 r  sys_clk_IBUF_inst/O
                         net (fo=1, routed)           0.480     0.937    multiplied_clock.clock_generator/sys_clk_IBUF
    MMCME2_ADV_X1Y0      MMCME2_ADV (Prop_mmcme2_adv_CLKIN1_CLKOUT1)
                                                     -3.142    -2.205 r  multiplied_clock.clock_generator/mmcm/CLKOUT1
                         net (fo=1, routed)           0.530    -1.676    multiplied_clock.clock_generator/ddr_ref_raw
    BUFGCTRL_X0Y1        BUFG (Prop_bufg_I_O)         0.029    -1.647 r  multiplied_clock.clock_generator/ddr_ref_buffer/O
                         net (fo=63, routed)          0.820    -0.827    memory/controller/u_davinci_ddr3_mig_mig/u_ddr3_infrastructure/mmcm_clk
    PLLE2_ADV_X1Y1       PLLE2_ADV (Prop_plle2_adv_CLKIN1_CLKOUT1)
                                                      0.053    -0.774 r  memory/controller/u_davinci_ddr3_mig_mig/u_ddr3_infrastructure/plle2_i/CLKOUT1
                         net (fo=7, routed)           0.218    -0.556    memory/controller/u_davinci_ddr3_mig_mig/u_memc_ui_top_std/mem_intfc0/ddr_phy_top0/u_ddr_mc_phy_wrapper/u_ddr_mc_phy/ddr_phy_4lanes_0.u_ddr_phy_4lanes/ddr_byte_lane_A.ddr_byte_lane_A/mem_refclk
    PHASER_OUT_PHY_X1Y4  PHASER_OUT_PHY (Prop_phaser_out_phy_MEMREFCLK_OCLK)
                                                      1.858     1.302 r  memory/controller/u_davinci_ddr3_mig_mig/u_memc_ui_top_std/mem_intfc0/ddr_phy_top0/u_ddr_mc_phy_wrapper/u_ddr_mc_phy/ddr_phy_4lanes_0.u_ddr_phy_4lanes/ddr_byte_lane_A.ddr_byte_lane_A/phaser_out/OCLK
    PHASER_OUT_PHY_X1Y4  PHASER_OUT_PHY (Prop_phaser_out_phy_OCLK_OCLKDIV)
                                                      0.088     1.390 r  memory/controller/u_davinci_ddr3_mig_mig/u_memc_ui_top_std/mem_intfc0/ddr_phy_top0/u_ddr_mc_phy_wrapper/u_ddr_mc_phy/ddr_phy_4lanes_0.u_ddr_phy_4lanes/ddr_byte_lane_A.ddr_byte_lane_A/phaser_out/OCLKDIV
                         net (fo=12, routed)          0.179     1.569    memory/controller/u_davinci_ddr3_mig_mig/u_memc_ui_top_std/mem_intfc0/ddr_phy_top0/u_ddr_mc_phy_wrapper/u_ddr_mc_phy/ddr_phy_4lanes_0.u_ddr_phy_4lanes/ddr_byte_lane_A.ddr_byte_lane_A/ddr_byte_group_io/oserdes_clkdiv
    OLOGIC_X1Y53         OSERDESE2                                    r  memory/controller/u_davinci_ddr3_mig_mig/u_memc_ui_top_std/mem_intfc0/ddr_phy_top0/u_ddr_mc_phy_wrapper/u_ddr_mc_phy/ddr_phy_4lanes_0.u_ddr_phy_4lanes/ddr_byte_lane_A.ddr_byte_lane_A/ddr_byte_group_io/output_[2].oserdes_dq_.sdr.oserdes_dq_i/CLKDIV
                         clock pessimism              0.166     1.735    
    OLOGIC_X1Y53         OSERDESE2 (Hold_oserdese2_CLKDIV_D2)
                                                      0.019     1.754    memory/controller/u_davinci_ddr3_mig_mig/u_memc_ui_top_std/mem_intfc0/ddr_phy_top0/u_ddr_mc_phy_wrapper/u_ddr_mc_phy/ddr_phy_4lanes_0.u_ddr_phy_4lanes/ddr_byte_lane_A.ddr_byte_lane_A/ddr_byte_group_io/output_[2].oserdes_dq_.sdr.oserdes_dq_i
  -------------------------------------------------------------------
                         required time                         -1.754    
                         arrival time                           1.842    
  -------------------------------------------------------------------
                         slack                                  0.088    





Pulse Width Checks
--------------------------------------------------------------------------------------
Clock Name:         oserdes_clkdiv_4
Waveform(ns):       { 0.000 5.000 }
Period(ns):         10.000
Sources:            { memory/controller/u_davinci_ddr3_mig_mig/u_memc_ui_top_std/mem_intfc0/ddr_phy_top0/u_ddr_mc_phy_wrapper/u_ddr_mc_phy/ddr_phy_4lanes_0.u_ddr_phy_4lanes/ddr_byte_lane_A.ddr_byte_lane_A/phaser_out/OCLKDIV }

Check Type        Corner  Lib Pin         Reference Pin  Required(ns)  Actual(ns)  Slack(ns)  Location       Pin
Min Period        n/a     OUT_FIFO/RDCLK  n/a            5.000         10.000      5.000      OUT_FIFO_X1Y4  memory/controller/u_davinci_ddr3_mig_mig/u_memc_ui_top_std/mem_intfc0/ddr_phy_top0/u_ddr_mc_phy_wrapper/u_ddr_mc_phy/ddr_phy_4lanes_0.u_ddr_phy_4lanes/ddr_byte_lane_A.ddr_byte_lane_A/out_fifo/RDCLK
Low Pulse Width   Fast    OUT_FIFO/RDCLK  n/a            2.150         5.000       2.850      OUT_FIFO_X1Y4  memory/controller/u_davinci_ddr3_mig_mig/u_memc_ui_top_std/mem_intfc0/ddr_phy_top0/u_ddr_mc_phy_wrapper/u_ddr_mc_phy/ddr_phy_4lanes_0.u_ddr_phy_4lanes/ddr_byte_lane_A.ddr_byte_lane_A/out_fifo/RDCLK
High Pulse Width  Slow    OUT_FIFO/RDCLK  n/a            2.150         5.000       2.850      OUT_FIFO_X1Y4  memory/controller/u_davinci_ddr3_mig_mig/u_memc_ui_top_std/mem_intfc0/ddr_phy_top0/u_ddr_mc_phy_wrapper/u_ddr_mc_phy/ddr_phy_4lanes_0.u_ddr_phy_4lanes/ddr_byte_lane_A.ddr_byte_lane_A/out_fifo/RDCLK



---------------------------------------------------------------------------------------------------
From Clock:  oserdes_clk_5
  To Clock:  oserdes_clk_5

Setup :           NA  Failing Endpoints,  Worst Slack           NA  ,  Total Violation           NA
Hold  :           NA  Failing Endpoints,  Worst Slack           NA  ,  Total Violation           NA
PW    :            0  Failing Endpoints,  Worst Slack        1.029ns,  Total Violation        0.000ns
---------------------------------------------------------------------------------------------------


Pulse Width Checks
--------------------------------------------------------------------------------------
Clock Name:         oserdes_clk_5
Waveform(ns):       { 0.000 1.250 }
Period(ns):         2.500
Sources:            { memory/controller/u_davinci_ddr3_mig_mig/u_memc_ui_top_std/mem_intfc0/ddr_phy_top0/u_ddr_mc_phy_wrapper/u_ddr_mc_phy/ddr_phy_4lanes_0.u_ddr_phy_4lanes/ddr_byte_lane_B.ddr_byte_lane_B/phaser_out/OCLK }

Check Type  Corner  Lib Pin        Reference Pin  Required(ns)  Actual(ns)  Slack(ns)  Location      Pin
Min Period  n/a     OSERDESE2/CLK  n/a            1.471         2.500       1.029      OLOGIC_X1Y63  memory/controller/u_davinci_ddr3_mig_mig/u_memc_ui_top_std/mem_intfc0/ddr_phy_top0/u_ddr_mc_phy_wrapper/u_ddr_mc_phy/ddr_phy_4lanes_0.u_ddr_phy_4lanes/ddr_byte_lane_B.ddr_byte_lane_B/ddr_byte_group_io/output_[0].oserdes_dq_.sdr.oserdes_dq_i/CLK



---------------------------------------------------------------------------------------------------
From Clock:  oserdes_clkdiv_5
  To Clock:  oserdes_clkdiv_5

Setup :            0  Failing Endpoints,  Worst Slack        8.860ns,  Total Violation        0.000ns
Hold  :            0  Failing Endpoints,  Worst Slack        0.092ns,  Total Violation        0.000ns
PW    :            0  Failing Endpoints,  Worst Slack        2.850ns,  Total Violation        0.000ns
---------------------------------------------------------------------------------------------------


Max Delay Paths
--------------------------------------------------------------------------------------
Slack (MET) :             8.860ns  (required time - arrival time)
  Source:                 memory/controller/u_davinci_ddr3_mig_mig/u_memc_ui_top_std/mem_intfc0/ddr_phy_top0/u_ddr_mc_phy_wrapper/u_ddr_mc_phy/ddr_phy_4lanes_0.u_ddr_phy_4lanes/ddr_byte_lane_B.ddr_byte_lane_B/out_fifo/RDCLK
                            (rising edge-triggered cell OUT_FIFO clocked by oserdes_clkdiv_5  {rise@0.000ns fall@5.000ns period=10.000ns})
  Destination:            memory/controller/u_davinci_ddr3_mig_mig/u_memc_ui_top_std/mem_intfc0/ddr_phy_top0/u_ddr_mc_phy_wrapper/u_ddr_mc_phy/ddr_phy_4lanes_0.u_ddr_phy_4lanes/ddr_byte_lane_B.ddr_byte_lane_B/ddr_byte_group_io/output_[10].oserdes_dq_.sdr.oserdes_dq_i/D1
                            (rising edge-triggered cell OSERDESE2 clocked by oserdes_clkdiv_5  {rise@0.000ns fall@5.000ns period=10.000ns})
  Path Group:             oserdes_clkdiv_5
  Path Type:              Setup (Max at Slow Process Corner)
  Requirement:            10.000ns  (oserdes_clkdiv_5 rise@10.000ns - oserdes_clkdiv_5 rise@0.000ns)
  Data Path Delay:        0.964ns  (logic 0.596ns (61.822%)  route 0.368ns (38.178%))
  Logic Levels:           0  
  Clock Path Skew:        0.330ns (DCD - SCD + CPR)
    Destination Clock Delay (DCD):    2.081ns = ( 12.081 - 10.000 ) 
    Source Clock Delay      (SCD):    2.284ns
    Clock Pessimism Removal (CPR):    0.533ns
  Clock Uncertainty:      0.057ns  ((TSJ^2 + DJ^2)^1/2) / 2 + PE
    Total System Jitter     (TSJ):    0.071ns
    Discrete Jitter          (DJ):    0.089ns
    Phase Error              (PE):    0.000ns

    Location             Delay type                Incr(ns)  Path(ns)    Netlist Resource(s)
  -------------------------------------------------------------------    -------------------
                         (clock oserdes_clkdiv_5 rise edge)
                                                      0.000     0.000 r  
    R4                                                0.000     0.000 r  sys_clk (IN)
                         net (fo=0)                   0.000     0.000    sys_clk
    R4                   IBUF (Prop_ibuf_I_O)         1.432     1.432 r  sys_clk_IBUF_inst/O
                         net (fo=1, routed)           1.065     2.497    multiplied_clock.clock_generator/sys_clk_IBUF
    MMCME2_ADV_X1Y0      MMCME2_ADV (Prop_mmcme2_adv_CLKIN1_CLKOUT1)
                                                     -5.921    -3.424 r  multiplied_clock.clock_generator/mmcm/CLKOUT1
                         net (fo=1, routed)           1.421    -2.004    multiplied_clock.clock_generator/ddr_ref_raw
    BUFGCTRL_X0Y1        BUFG (Prop_bufg_I_O)         0.081    -1.923 r  multiplied_clock.clock_generator/ddr_ref_buffer/O
                         net (fo=63, routed)          1.394    -0.528    memory/controller/u_davinci_ddr3_mig_mig/u_ddr3_infrastructure/mmcm_clk
    PLLE2_ADV_X1Y1       PLLE2_ADV (Prop_plle2_adv_CLKIN1_CLKOUT1)
                                                      0.077    -0.451 r  memory/controller/u_davinci_ddr3_mig_mig/u_ddr3_infrastructure/plle2_i/CLKOUT1
                         net (fo=7, routed)           0.511     0.060    memory/controller/u_davinci_ddr3_mig_mig/u_memc_ui_top_std/mem_intfc0/ddr_phy_top0/u_ddr_mc_phy_wrapper/u_ddr_mc_phy/ddr_phy_4lanes_0.u_ddr_phy_4lanes/ddr_byte_lane_B.ddr_byte_lane_B/mem_refclk
    PHASER_OUT_PHY_X1Y5  PHASER_OUT_PHY (Prop_phaser_out_phy_MEMREFCLK_OCLK)
                                                      2.083     2.143 r  memory/controller/u_davinci_ddr3_mig_mig/u_memc_ui_top_std/mem_intfc0/ddr_phy_top0/u_ddr_mc_phy_wrapper/u_ddr_mc_phy/ddr_phy_4lanes_0.u_ddr_phy_4lanes/ddr_byte_lane_B.ddr_byte_lane_B/phaser_out/OCLK
    PHASER_OUT_PHY_X1Y5  PHASER_OUT_PHY (Prop_phaser_out_phy_OCLK_OCLKDIV)
                                                      0.141     2.284 r  memory/controller/u_davinci_ddr3_mig_mig/u_memc_ui_top_std/mem_intfc0/ddr_phy_top0/u_ddr_mc_phy_wrapper/u_ddr_mc_phy/ddr_phy_4lanes_0.u_ddr_phy_4lanes/ddr_byte_lane_B.ddr_byte_lane_B/phaser_out/OCLKDIV
                         net (fo=13, routed)          0.000     2.284    memory/controller/u_davinci_ddr3_mig_mig/u_memc_ui_top_std/mem_intfc0/ddr_phy_top0/u_ddr_mc_phy_wrapper/u_ddr_mc_phy/ddr_phy_4lanes_0.u_ddr_phy_4lanes/ddr_byte_lane_B.ddr_byte_lane_B/oserdes_clkdiv
    OUT_FIFO_X1Y5        OUT_FIFO                                     r  memory/controller/u_davinci_ddr3_mig_mig/u_memc_ui_top_std/mem_intfc0/ddr_phy_top0/u_ddr_mc_phy_wrapper/u_ddr_mc_phy/ddr_phy_4lanes_0.u_ddr_phy_4lanes/ddr_byte_lane_B.ddr_byte_lane_B/out_fifo/RDCLK
  -------------------------------------------------------------------    -------------------
    OUT_FIFO_X1Y5        OUT_FIFO (Prop_out_fifo_RDCLK_Q5[4])
                                                      0.596     2.880 r  memory/controller/u_davinci_ddr3_mig_mig/u_memc_ui_top_std/mem_intfc0/ddr_phy_top0/u_ddr_mc_phy_wrapper/u_ddr_mc_phy/ddr_phy_4lanes_0.u_ddr_phy_4lanes/ddr_byte_lane_B.ddr_byte_lane_B/out_fifo/Q5[4]
                         net (fo=1, routed)           0.368     3.248    memory/controller/u_davinci_ddr3_mig_mig/u_memc_ui_top_std/mem_intfc0/ddr_phy_top0/u_ddr_mc_phy_wrapper/u_ddr_mc_phy/ddr_phy_4lanes_0.u_ddr_phy_4lanes/ddr_byte_lane_B.ddr_byte_lane_B/ddr_byte_group_io/oserdes_dq[40]
    OLOGIC_X1Y69         OSERDESE2                                    r  memory/controller/u_davinci_ddr3_mig_mig/u_memc_ui_top_std/mem_intfc0/ddr_phy_top0/u_ddr_mc_phy_wrapper/u_ddr_mc_phy/ddr_phy_4lanes_0.u_ddr_phy_4lanes/ddr_byte_lane_B.ddr_byte_lane_B/ddr_byte_group_io/output_[10].oserdes_dq_.sdr.oserdes_dq_i/D1
  -------------------------------------------------------------------    -------------------

                         (clock oserdes_clkdiv_5 rise edge)
                                                     10.000    10.000 r  
    R4                                                0.000    10.000 r  sys_clk (IN)
                         net (fo=0)                   0.000    10.000    sys_clk
    R4                   IBUF (Prop_ibuf_I_O)         1.366    11.366 r  sys_clk_IBUF_inst/O
                         net (fo=1, routed)           1.004    12.369    multiplied_clock.clock_generator/sys_clk_IBUF
    MMCME2_ADV_X1Y0      MMCME2_ADV (Prop_mmcme2_adv_CLKIN1_CLKOUT1)
                                                     -6.057     6.312 r  multiplied_clock.clock_generator/mmcm/CLKOUT1
                         net (fo=1, routed)           1.352     7.665    multiplied_clock.clock_generator/ddr_ref_raw
    BUFGCTRL_X0Y1        BUFG (Prop_bufg_I_O)         0.077     7.742 r  multiplied_clock.clock_generator/ddr_ref_buffer/O
                         net (fo=63, routed)          1.290     9.032    memory/controller/u_davinci_ddr3_mig_mig/u_ddr3_infrastructure/mmcm_clk
    PLLE2_ADV_X1Y1       PLLE2_ADV (Prop_plle2_adv_CLKIN1_CLKOUT1)
                                                      0.073     9.105 r  memory/controller/u_davinci_ddr3_mig_mig/u_ddr3_infrastructure/plle2_i/CLKOUT1
                         net (fo=7, routed)           0.486     9.591    memory/controller/u_davinci_ddr3_mig_mig/u_memc_ui_top_std/mem_intfc0/ddr_phy_top0/u_ddr_mc_phy_wrapper/u_ddr_mc_phy/ddr_phy_4lanes_0.u_ddr_phy_4lanes/ddr_byte_lane_B.ddr_byte_lane_B/mem_refclk
    PHASER_OUT_PHY_X1Y5  PHASER_OUT_PHY (Prop_phaser_out_phy_MEMREFCLK_OCLK)
                                                      2.027    11.618 r  memory/controller/u_davinci_ddr3_mig_mig/u_memc_ui_top_std/mem_intfc0/ddr_phy_top0/u_ddr_mc_phy_wrapper/u_ddr_mc_phy/ddr_phy_4lanes_0.u_ddr_phy_4lanes/ddr_byte_lane_B.ddr_byte_lane_B/phaser_out/OCLK
    PHASER_OUT_PHY_X1Y5  PHASER_OUT_PHY (Prop_phaser_out_phy_OCLK_OCLKDIV)
                                                      0.133    11.751 r  memory/controller/u_davinci_ddr3_mig_mig/u_memc_ui_top_std/mem_intfc0/ddr_phy_top0/u_ddr_mc_phy_wrapper/u_ddr_mc_phy/ddr_phy_4lanes_0.u_ddr_phy_4lanes/ddr_byte_lane_B.ddr_byte_lane_B/phaser_out/OCLKDIV
                         net (fo=13, routed)          0.330    12.081    memory/controller/u_davinci_ddr3_mig_mig/u_memc_ui_top_std/mem_intfc0/ddr_phy_top0/u_ddr_mc_phy_wrapper/u_ddr_mc_phy/ddr_phy_4lanes_0.u_ddr_phy_4lanes/ddr_byte_lane_B.ddr_byte_lane_B/ddr_byte_group_io/oserdes_clkdiv
    OLOGIC_X1Y69         OSERDESE2                                    r  memory/controller/u_davinci_ddr3_mig_mig/u_memc_ui_top_std/mem_intfc0/ddr_phy_top0/u_ddr_mc_phy_wrapper/u_ddr_mc_phy/ddr_phy_4lanes_0.u_ddr_phy_4lanes/ddr_byte_lane_B.ddr_byte_lane_B/ddr_byte_group_io/output_[10].oserdes_dq_.sdr.oserdes_dq_i/CLKDIV
                         clock pessimism              0.533    12.614    
                         clock uncertainty           -0.057    12.557    
    OLOGIC_X1Y69         OSERDESE2 (Setup_oserdese2_CLKDIV_D1)
                                                     -0.449    12.108    memory/controller/u_davinci_ddr3_mig_mig/u_memc_ui_top_std/mem_intfc0/ddr_phy_top0/u_ddr_mc_phy_wrapper/u_ddr_mc_phy/ddr_phy_4lanes_0.u_ddr_phy_4lanes/ddr_byte_lane_B.ddr_byte_lane_B/ddr_byte_group_io/output_[10].oserdes_dq_.sdr.oserdes_dq_i
  -------------------------------------------------------------------
                         required time                         12.108    
                         arrival time                          -3.248    
  -------------------------------------------------------------------
                         slack                                  8.860    





Min Delay Paths
--------------------------------------------------------------------------------------
Slack (MET) :             0.092ns  (arrival time - required time)
  Source:                 memory/controller/u_davinci_ddr3_mig_mig/u_memc_ui_top_std/mem_intfc0/ddr_phy_top0/u_ddr_mc_phy_wrapper/u_ddr_mc_phy/ddr_phy_4lanes_0.u_ddr_phy_4lanes/ddr_byte_lane_B.ddr_byte_lane_B/out_fifo/RDCLK
                            (rising edge-triggered cell OUT_FIFO clocked by oserdes_clkdiv_5  {rise@0.000ns fall@5.000ns period=10.000ns})
  Destination:            memory/controller/u_davinci_ddr3_mig_mig/u_memc_ui_top_std/mem_intfc0/ddr_phy_top0/u_ddr_mc_phy_wrapper/u_ddr_mc_phy/ddr_phy_4lanes_0.u_ddr_phy_4lanes/ddr_byte_lane_B.ddr_byte_lane_B/ddr_byte_group_io/output_[2].oserdes_dq_.sdr.oserdes_dq_i/D2
                            (rising edge-triggered cell OSERDESE2 clocked by oserdes_clkdiv_5  {rise@0.000ns fall@5.000ns period=10.000ns})
  Path Group:             oserdes_clkdiv_5
  Path Type:              Hold (Min at Fast Process Corner)
  Requirement:            0.000ns  (oserdes_clkdiv_5 rise@0.000ns - oserdes_clkdiv_5 rise@0.000ns)
  Data Path Delay:        0.286ns  (logic 0.138ns (48.242%)  route 0.148ns (51.758%))
  Logic Levels:           0  
  Clock Path Skew:        0.175ns (DCD - SCD - CPR)
    Destination Clock Delay (DCD):    1.556ns
    Source Clock Delay      (SCD):    1.549ns
    Clock Pessimism Removal (CPR):    -0.168ns

    Location             Delay type                Incr(ns)  Path(ns)    Netlist Resource(s)
  -------------------------------------------------------------------    -------------------
                         (clock oserdes_clkdiv_5 rise edge)
                                                      0.000     0.000 r  
    R4                                                0.000     0.000 r  sys_clk (IN)
                         net (fo=0)                   0.000     0.000    sys_clk
    R4                   IBUF (Prop_ibuf_I_O)         0.269     0.269 r  sys_clk_IBUF_inst/O
                         net (fo=1, routed)           0.440     0.709    multiplied_clock.clock_generator/sys_clk_IBUF
    MMCME2_ADV_X1Y0      MMCME2_ADV (Prop_mmcme2_adv_CLKIN1_CLKOUT1)
                                                     -2.360    -1.651 r  multiplied_clock.clock_generator/mmcm/CLKOUT1
                         net (fo=1, routed)           0.486    -1.165    multiplied_clock.clock_generator/ddr_ref_raw
    BUFGCTRL_X0Y1        BUFG (Prop_bufg_I_O)         0.026    -1.139 r  multiplied_clock.clock_generator/ddr_ref_buffer/O
                         net (fo=63, routed)          0.552    -0.587    memory/controller/u_davinci_ddr3_mig_mig/u_ddr3_infrastructure/mmcm_clk
    PLLE2_ADV_X1Y1       PLLE2_ADV (Prop_plle2_adv_CLKIN1_CLKOUT1)
                                                      0.050    -0.537 r  memory/controller/u_davinci_ddr3_mig_mig/u_ddr3_infrastructure/plle2_i/CLKOUT1
                         net (fo=7, routed)           0.190    -0.347    memory/controller/u_davinci_ddr3_mig_mig/u_memc_ui_top_std/mem_intfc0/ddr_phy_top0/u_ddr_mc_phy_wrapper/u_ddr_mc_phy/ddr_phy_4lanes_0.u_ddr_phy_4lanes/ddr_byte_lane_B.ddr_byte_lane_B/mem_refclk
    PHASER_OUT_PHY_X1Y5  PHASER_OUT_PHY (Prop_phaser_out_phy_MEMREFCLK_OCLK)
                                                      1.813     1.466 r  memory/controller/u_davinci_ddr3_mig_mig/u_memc_ui_top_std/mem_intfc0/ddr_phy_top0/u_ddr_mc_phy_wrapper/u_ddr_mc_phy/ddr_phy_4lanes_0.u_ddr_phy_4lanes/ddr_byte_lane_B.ddr_byte_lane_B/phaser_out/OCLK
    PHASER_OUT_PHY_X1Y5  PHASER_OUT_PHY (Prop_phaser_out_phy_OCLK_OCLKDIV)
                                                      0.083     1.549 r  memory/controller/u_davinci_ddr3_mig_mig/u_memc_ui_top_std/mem_intfc0/ddr_phy_top0/u_ddr_mc_phy_wrapper/u_ddr_mc_phy/ddr_phy_4lanes_0.u_ddr_phy_4lanes/ddr_byte_lane_B.ddr_byte_lane_B/phaser_out/OCLKDIV
                         net (fo=13, routed)          0.000     1.549    memory/controller/u_davinci_ddr3_mig_mig/u_memc_ui_top_std/mem_intfc0/ddr_phy_top0/u_ddr_mc_phy_wrapper/u_ddr_mc_phy/ddr_phy_4lanes_0.u_ddr_phy_4lanes/ddr_byte_lane_B.ddr_byte_lane_B/oserdes_clkdiv
    OUT_FIFO_X1Y5        OUT_FIFO                                     r  memory/controller/u_davinci_ddr3_mig_mig/u_memc_ui_top_std/mem_intfc0/ddr_phy_top0/u_ddr_mc_phy_wrapper/u_ddr_mc_phy/ddr_phy_4lanes_0.u_ddr_phy_4lanes/ddr_byte_lane_B.ddr_byte_lane_B/out_fifo/RDCLK
  -------------------------------------------------------------------    -------------------
    OUT_FIFO_X1Y5        OUT_FIFO (Prop_out_fifo_RDCLK_Q2[1])
                                                      0.138     1.687 r  memory/controller/u_davinci_ddr3_mig_mig/u_memc_ui_top_std/mem_intfc0/ddr_phy_top0/u_ddr_mc_phy_wrapper/u_ddr_mc_phy/ddr_phy_4lanes_0.u_ddr_phy_4lanes/ddr_byte_lane_B.ddr_byte_lane_B/out_fifo/Q2[1]
                         net (fo=1, routed)           0.148     1.835    memory/controller/u_davinci_ddr3_mig_mig/u_memc_ui_top_std/mem_intfc0/ddr_phy_top0/u_ddr_mc_phy_wrapper/u_ddr_mc_phy/ddr_phy_4lanes_0.u_ddr_phy_4lanes/ddr_byte_lane_B.ddr_byte_lane_B/ddr_byte_group_io/oserdes_dq[9]
    OLOGIC_X1Y65         OSERDESE2                                    r  memory/controller/u_davinci_ddr3_mig_mig/u_memc_ui_top_std/mem_intfc0/ddr_phy_top0/u_ddr_mc_phy_wrapper/u_ddr_mc_phy/ddr_phy_4lanes_0.u_ddr_phy_4lanes/ddr_byte_lane_B.ddr_byte_lane_B/ddr_byte_group_io/output_[2].oserdes_dq_.sdr.oserdes_dq_i/D2
  -------------------------------------------------------------------    -------------------

                         (clock oserdes_clkdiv_5 rise edge)
                                                      0.000     0.000 r  
    R4                                                0.000     0.000 r  sys_clk (IN)
                         net (fo=0)                   0.000     0.000    sys_clk
    R4                   IBUF (Prop_ibuf_I_O)         0.457     0.457 r  sys_clk_IBUF_inst/O
                         net (fo=1, routed)           0.480     0.937    multiplied_clock.clock_generator/sys_clk_IBUF
    MMCME2_ADV_X1Y0      MMCME2_ADV (Prop_mmcme2_adv_CLKIN1_CLKOUT1)
                                                     -3.142    -2.205 r  multiplied_clock.clock_generator/mmcm/CLKOUT1
                         net (fo=1, routed)           0.530    -1.676    multiplied_clock.clock_generator/ddr_ref_raw
    BUFGCTRL_X0Y1        BUFG (Prop_bufg_I_O)         0.029    -1.647 r  multiplied_clock.clock_generator/ddr_ref_buffer/O
                         net (fo=63, routed)          0.820    -0.827    memory/controller/u_davinci_ddr3_mig_mig/u_ddr3_infrastructure/mmcm_clk
    PLLE2_ADV_X1Y1       PLLE2_ADV (Prop_plle2_adv_CLKIN1_CLKOUT1)
                                                      0.053    -0.774 r  memory/controller/u_davinci_ddr3_mig_mig/u_ddr3_infrastructure/plle2_i/CLKOUT1
                         net (fo=7, routed)           0.209    -0.565    memory/controller/u_davinci_ddr3_mig_mig/u_memc_ui_top_std/mem_intfc0/ddr_phy_top0/u_ddr_mc_phy_wrapper/u_ddr_mc_phy/ddr_phy_4lanes_0.u_ddr_phy_4lanes/ddr_byte_lane_B.ddr_byte_lane_B/mem_refclk
    PHASER_OUT_PHY_X1Y5  PHASER_OUT_PHY (Prop_phaser_out_phy_MEMREFCLK_OCLK)
                                                      1.858     1.293 r  memory/controller/u_davinci_ddr3_mig_mig/u_memc_ui_top_std/mem_intfc0/ddr_phy_top0/u_ddr_mc_phy_wrapper/u_ddr_mc_phy/ddr_phy_4lanes_0.u_ddr_phy_4lanes/ddr_byte_lane_B.ddr_byte_lane_B/phaser_out/OCLK
    PHASER_OUT_PHY_X1Y5  PHASER_OUT_PHY (Prop_phaser_out_phy_OCLK_OCLKDIV)
                                                      0.088     1.381 r  memory/controller/u_davinci_ddr3_mig_mig/u_memc_ui_top_std/mem_intfc0/ddr_phy_top0/u_ddr_mc_phy_wrapper/u_ddr_mc_phy/ddr_phy_4lanes_0.u_ddr_phy_4lanes/ddr_byte_lane_B.ddr_byte_lane_B/phaser_out/OCLKDIV
                         net (fo=13, routed)          0.175     1.556    memory/controller/u_davinci_ddr3_mig_mig/u_memc_ui_top_std/mem_intfc0/ddr_phy_top0/u_ddr_mc_phy_wrapper/u_ddr_mc_phy/ddr_phy_4lanes_0.u_ddr_phy_4lanes/ddr_byte_lane_B.ddr_byte_lane_B/ddr_byte_group_io/oserdes_clkdiv
    OLOGIC_X1Y65         OSERDESE2                                    r  memory/controller/u_davinci_ddr3_mig_mig/u_memc_ui_top_std/mem_intfc0/ddr_phy_top0/u_ddr_mc_phy_wrapper/u_ddr_mc_phy/ddr_phy_4lanes_0.u_ddr_phy_4lanes/ddr_byte_lane_B.ddr_byte_lane_B/ddr_byte_group_io/output_[2].oserdes_dq_.sdr.oserdes_dq_i/CLKDIV
                         clock pessimism              0.168     1.724    
    OLOGIC_X1Y65         OSERDESE2 (Hold_oserdese2_CLKDIV_D2)
                                                      0.019     1.743    memory/controller/u_davinci_ddr3_mig_mig/u_memc_ui_top_std/mem_intfc0/ddr_phy_top0/u_ddr_mc_phy_wrapper/u_ddr_mc_phy/ddr_phy_4lanes_0.u_ddr_phy_4lanes/ddr_byte_lane_B.ddr_byte_lane_B/ddr_byte_group_io/output_[2].oserdes_dq_.sdr.oserdes_dq_i
  -------------------------------------------------------------------
                         required time                         -1.743    
                         arrival time                           1.835    
  -------------------------------------------------------------------
                         slack                                  0.092    





Pulse Width Checks
--------------------------------------------------------------------------------------
Clock Name:         oserdes_clkdiv_5
Waveform(ns):       { 0.000 5.000 }
Period(ns):         10.000
Sources:            { memory/controller/u_davinci_ddr3_mig_mig/u_memc_ui_top_std/mem_intfc0/ddr_phy_top0/u_ddr_mc_phy_wrapper/u_ddr_mc_phy/ddr_phy_4lanes_0.u_ddr_phy_4lanes/ddr_byte_lane_B.ddr_byte_lane_B/phaser_out/OCLKDIV }

Check Type        Corner  Lib Pin         Reference Pin  Required(ns)  Actual(ns)  Slack(ns)  Location       Pin
Min Period        n/a     OUT_FIFO/RDCLK  n/a            5.000         10.000      5.000      OUT_FIFO_X1Y5  memory/controller/u_davinci_ddr3_mig_mig/u_memc_ui_top_std/mem_intfc0/ddr_phy_top0/u_ddr_mc_phy_wrapper/u_ddr_mc_phy/ddr_phy_4lanes_0.u_ddr_phy_4lanes/ddr_byte_lane_B.ddr_byte_lane_B/out_fifo/RDCLK
Low Pulse Width   Fast    OUT_FIFO/RDCLK  n/a            2.150         5.000       2.850      OUT_FIFO_X1Y5  memory/controller/u_davinci_ddr3_mig_mig/u_memc_ui_top_std/mem_intfc0/ddr_phy_top0/u_ddr_mc_phy_wrapper/u_ddr_mc_phy/ddr_phy_4lanes_0.u_ddr_phy_4lanes/ddr_byte_lane_B.ddr_byte_lane_B/out_fifo/RDCLK
High Pulse Width  Slow    OUT_FIFO/RDCLK  n/a            2.150         5.000       2.850      OUT_FIFO_X1Y5  memory/controller/u_davinci_ddr3_mig_mig/u_memc_ui_top_std/mem_intfc0/ddr_phy_top0/u_ddr_mc_phy_wrapper/u_ddr_mc_phy/ddr_phy_4lanes_0.u_ddr_phy_4lanes/ddr_byte_lane_B.ddr_byte_lane_B/out_fifo/RDCLK



---------------------------------------------------------------------------------------------------
From Clock:  oserdes_clk_6
  To Clock:  oserdes_clk_6

Setup :            0  Failing Endpoints,  Worst Slack        1.192ns,  Total Violation        0.000ns
Hold  :            0  Failing Endpoints,  Worst Slack        0.411ns,  Total Violation        0.000ns
PW    :            0  Failing Endpoints,  Worst Slack        1.026ns,  Total Violation        0.000ns
---------------------------------------------------------------------------------------------------


Max Delay Paths
--------------------------------------------------------------------------------------
Slack (MET) :             1.192ns  (required time - arrival time)
  Source:                 memory/controller/u_davinci_ddr3_mig_mig/u_memc_ui_top_std/mem_intfc0/ddr_phy_top0/u_ddr_mc_phy_wrapper/u_ddr_mc_phy/ddr_phy_4lanes_0.u_ddr_phy_4lanes/ddr_byte_lane_C.ddr_byte_lane_C/phaser_out/OCLKDELAYED
                            (rising edge-triggered cell PHASER_OUT_PHY clocked by oserdes_clk_6  {rise@0.000ns fall@1.250ns period=2.500ns})
  Destination:            memory/controller/u_davinci_ddr3_mig_mig/u_memc_ui_top_std/mem_intfc0/ddr_phy_top0/u_ddr_mc_phy_wrapper/u_ddr_mc_phy/ddr_phy_4lanes_0.u_ddr_phy_4lanes/ddr_byte_lane_C.ddr_byte_lane_C/ddr_byte_group_io/dqs_gen.oddr_dqsts/D1
                            (rising edge-triggered cell ODDR clocked by oserdes_clk_6  {rise@0.000ns fall@1.250ns period=2.500ns})
  Path Group:             oserdes_clk_6
  Path Type:              Setup (Max at Slow Process Corner)
  Requirement:            2.500ns  (oserdes_clk_6 rise@2.500ns - oserdes_clk_6 rise@0.000ns)
  Data Path Delay:        0.864ns  (logic 0.489ns (56.594%)  route 0.375ns (43.406%))
  Logic Levels:           0  
  Clock Path Skew:        0.336ns (DCD - SCD + CPR)
    Destination Clock Delay (DCD):    2.588ns = ( 5.088 - 2.500 ) 
    Source Clock Delay      (SCD):    2.816ns
    Clock Pessimism Removal (CPR):    0.564ns
  Clock Uncertainty:      0.057ns  ((TSJ^2 + DJ^2)^1/2) / 2 + PE
    Total System Jitter     (TSJ):    0.071ns
    Discrete Jitter          (DJ):    0.089ns
    Phase Error              (PE):    0.000ns

    Location             Delay type                Incr(ns)  Path(ns)    Netlist Resource(s)
  -------------------------------------------------------------------    -------------------
                         (clock oserdes_clk_6 rise edge)
                                                      0.000     0.000 r  
    R4                                                0.000     0.000 r  sys_clk (IN)
                         net (fo=0)                   0.000     0.000    sys_clk
    R4                   IBUF (Prop_ibuf_I_O)         1.432     1.432 r  sys_clk_IBUF_inst/O
                         net (fo=1, routed)           1.065     2.497    multiplied_clock.clock_generator/sys_clk_IBUF
    MMCME2_ADV_X1Y0      MMCME2_ADV (Prop_mmcme2_adv_CLKIN1_CLKOUT1)
                                                     -5.921    -3.424 r  multiplied_clock.clock_generator/mmcm/CLKOUT1
                         net (fo=1, routed)           1.421    -2.004    multiplied_clock.clock_generator/ddr_ref_raw
    BUFGCTRL_X0Y1        BUFG (Prop_bufg_I_O)         0.081    -1.923 r  multiplied_clock.clock_generator/ddr_ref_buffer/O
                         net (fo=63, routed)          1.394    -0.528    memory/controller/u_davinci_ddr3_mig_mig/u_ddr3_infrastructure/mmcm_clk
    PLLE2_ADV_X1Y1       PLLE2_ADV (Prop_plle2_adv_CLKIN1_CLKOUT1)
                                                      0.077    -0.451 r  memory/controller/u_davinci_ddr3_mig_mig/u_ddr3_infrastructure/plle2_i/CLKOUT1
                         net (fo=7, routed)           0.522     0.071    memory/controller/u_davinci_ddr3_mig_mig/u_memc_ui_top_std/mem_intfc0/ddr_phy_top0/u_ddr_mc_phy_wrapper/u_ddr_mc_phy/ddr_phy_4lanes_0.u_ddr_phy_4lanes/ddr_byte_lane_C.ddr_byte_lane_C/mem_refclk
    PHASER_OUT_PHY_X1Y6  PHASER_OUT_PHY (Prop_phaser_out_phy_MEMREFCLK_OCLK)
                                                      2.083     2.154 r  memory/controller/u_davinci_ddr3_mig_mig/u_memc_ui_top_std/mem_intfc0/ddr_phy_top0/u_ddr_mc_phy_wrapper/u_ddr_mc_phy/ddr_phy_4lanes_0.u_ddr_phy_4lanes/ddr_byte_lane_C.ddr_byte_lane_C/phaser_out/OCLK
    PHASER_OUT_PHY_X1Y6  PHASER_OUT_PHY (Prop_phaser_out_phy_OCLK_OCLKDELAYED)
                                                      0.662     2.816 r  memory/controller/u_davinci_ddr3_mig_mig/u_memc_ui_top_std/mem_intfc0/ddr_phy_top0/u_ddr_mc_phy_wrapper/u_ddr_mc_phy/ddr_phy_4lanes_0.u_ddr_phy_4lanes/ddr_byte_lane_C.ddr_byte_lane_C/phaser_out/OCLKDELAYED
  -------------------------------------------------------------------    -------------------
    PHASER_OUT_PHY_X1Y6  PHASER_OUT_PHY (Prop_phaser_out_phy_OCLKDELAYED_CTSBUS[0])
                                                      0.489     3.305 r  memory/controller/u_davinci_ddr3_mig_mig/u_memc_ui_top_std/mem_intfc0/ddr_phy_top0/u_ddr_mc_phy_wrapper/u_ddr_mc_phy/ddr_phy_4lanes_0.u_ddr_phy_4lanes/ddr_byte_lane_C.ddr_byte_lane_C/phaser_out/CTSBUS[0]
                         net (fo=2, routed)           0.375     3.680    memory/controller/u_davinci_ddr3_mig_mig/u_memc_ui_top_std/mem_intfc0/ddr_phy_top0/u_ddr_mc_phy_wrapper/u_ddr_mc_phy/ddr_phy_4lanes_0.u_ddr_phy_4lanes/ddr_byte_lane_C.ddr_byte_lane_C/ddr_byte_group_io/CTSBUS[0]
    OLOGIC_X1Y82         ODDR                                         r  memory/controller/u_davinci_ddr3_mig_mig/u_memc_ui_top_std/mem_intfc0/ddr_phy_top0/u_ddr_mc_phy_wrapper/u_ddr_mc_phy/ddr_phy_4lanes_0.u_ddr_phy_4lanes/ddr_byte_lane_C.ddr_byte_lane_C/ddr_byte_group_io/dqs_gen.oddr_dqsts/D1
  -------------------------------------------------------------------    -------------------

                         (clock oserdes_clk_6 rise edge)
                                                      2.500     2.500 r  
    R4                                                0.000     2.500 r  sys_clk (IN)
                         net (fo=0)                   0.000     2.500    sys_clk
    R4                   IBUF (Prop_ibuf_I_O)         1.366     3.866 r  sys_clk_IBUF_inst/O
                         net (fo=1, routed)           1.004     4.869    multiplied_clock.clock_generator/sys_clk_IBUF
    MMCME2_ADV_X1Y0      MMCME2_ADV (Prop_mmcme2_adv_CLKIN1_CLKOUT1)
                                                     -6.057    -1.188 r  multiplied_clock.clock_generator/mmcm/CLKOUT1
                         net (fo=1, routed)           1.352     0.165    multiplied_clock.clock_generator/ddr_ref_raw
    BUFGCTRL_X0Y1        BUFG (Prop_bufg_I_O)         0.077     0.242 r  multiplied_clock.clock_generator/ddr_ref_buffer/O
                         net (fo=63, routed)          1.290     1.532    memory/controller/u_davinci_ddr3_mig_mig/u_ddr3_infrastructure/mmcm_clk
    PLLE2_ADV_X1Y1       PLLE2_ADV (Prop_plle2_adv_CLKIN1_CLKOUT1)
                                                      0.073     1.605 r  memory/controller/u_davinci_ddr3_mig_mig/u_ddr3_infrastructure/plle2_i/CLKOUT1
                         net (fo=7, routed)           0.496     2.101    memory/controller/u_davinci_ddr3_mig_mig/u_memc_ui_top_std/mem_intfc0/ddr_phy_top0/u_ddr_mc_phy_wrapper/u_ddr_mc_phy/ddr_phy_4lanes_0.u_ddr_phy_4lanes/ddr_byte_lane_C.ddr_byte_lane_C/mem_refclk
    PHASER_OUT_PHY_X1Y6  PHASER_OUT_PHY (Prop_phaser_out_phy_MEMREFCLK_OCLK)
                                                      2.027     4.128 r  memory/controller/u_davinci_ddr3_mig_mig/u_memc_ui_top_std/mem_intfc0/ddr_phy_top0/u_ddr_mc_phy_wrapper/u_ddr_mc_phy/ddr_phy_4lanes_0.u_ddr_phy_4lanes/ddr_byte_lane_C.ddr_byte_lane_C/phaser_out/OCLK
    PHASER_OUT_PHY_X1Y6  PHASER_OUT_PHY (Prop_phaser_out_phy_OCLK_OCLKDELAYED)
                                                      0.624     4.752 r  memory/controller/u_davinci_ddr3_mig_mig/u_memc_ui_top_std/mem_intfc0/ddr_phy_top0/u_ddr_mc_phy_wrapper/u_ddr_mc_phy/ddr_phy_4lanes_0.u_ddr_phy_4lanes/ddr_byte_lane_C.ddr_byte_lane_C/phaser_out/OCLKDELAYED
                         net (fo=2, routed)           0.336     5.088    memory/controller/u_davinci_ddr3_mig_mig/u_memc_ui_top_std/mem_intfc0/ddr_phy_top0/u_ddr_mc_phy_wrapper/u_ddr_mc_phy/ddr_phy_4lanes_0.u_ddr_phy_4lanes/ddr_byte_lane_C.ddr_byte_lane_C/ddr_byte_group_io/oserdes_clk_delayed
    OLOGIC_X1Y82         ODDR                                         r  memory/controller/u_davinci_ddr3_mig_mig/u_memc_ui_top_std/mem_intfc0/ddr_phy_top0/u_ddr_mc_phy_wrapper/u_ddr_mc_phy/ddr_phy_4lanes_0.u_ddr_phy_4lanes/ddr_byte_lane_C.ddr_byte_lane_C/ddr_byte_group_io/dqs_gen.oddr_dqsts/C
                         clock pessimism              0.564     5.652    
                         clock uncertainty           -0.057     5.595    
    OLOGIC_X1Y82         ODDR (Setup_oddr_C_D1)      -0.723     4.872    memory/controller/u_davinci_ddr3_mig_mig/u_memc_ui_top_std/mem_intfc0/ddr_phy_top0/u_ddr_mc_phy_wrapper/u_ddr_mc_phy/ddr_phy_4lanes_0.u_ddr_phy_4lanes/ddr_byte_lane_C.ddr_byte_lane_C/ddr_byte_group_io/dqs_gen.oddr_dqsts
  -------------------------------------------------------------------
                         required time                          4.872    
                         arrival time                          -3.680    
  -------------------------------------------------------------------
                         slack                                  1.192    





Min Delay Paths
--------------------------------------------------------------------------------------
Slack (MET) :             0.411ns  (arrival time - required time)
  Source:                 memory/controller/u_davinci_ddr3_mig_mig/u_memc_ui_top_std/mem_intfc0/ddr_phy_top0/u_ddr_mc_phy_wrapper/u_ddr_mc_phy/ddr_phy_4lanes_0.u_ddr_phy_4lanes/ddr_byte_lane_C.ddr_byte_lane_C/phaser_out/OCLKDELAYED
                            (rising edge-triggered cell PHASER_OUT_PHY clocked by oserdes_clk_6  {rise@0.000ns fall@1.250ns period=2.500ns})
  Destination:            memory/controller/u_davinci_ddr3_mig_mig/u_memc_ui_top_std/mem_intfc0/ddr_phy_top0/u_ddr_mc_phy_wrapper/u_ddr_mc_phy/ddr_phy_4lanes_0.u_ddr_phy_4lanes/ddr_byte_lane_C.ddr_byte_lane_C/ddr_byte_group_io/dqs_gen.oddr_dqs/D2
                            (rising edge-triggered cell ODDR clocked by oserdes_clk_6  {rise@0.000ns fall@1.250ns period=2.500ns})
  Path Group:             oserdes_clk_6
  Path Type:              Hold (Min at Fast Process Corner)
  Requirement:            0.000ns  (oserdes_clk_6 rise@0.000ns - oserdes_clk_6 rise@0.000ns)
  Data Path Delay:        0.494ns  (logic 0.346ns (70.032%)  route 0.148ns (29.968%))
  Logic Levels:           0  
  Clock Path Skew:        0.176ns (DCD - SCD - CPR)
    Destination Clock Delay (DCD):    2.051ns
    Source Clock Delay      (SCD):    2.013ns
    Clock Pessimism Removal (CPR):    -0.138ns

    Location             Delay type                Incr(ns)  Path(ns)    Netlist Resource(s)
  -------------------------------------------------------------------    -------------------
                         (clock oserdes_clk_6 rise edge)
                                                      0.000     0.000 r  
    R4                                                0.000     0.000 r  sys_clk (IN)
                         net (fo=0)                   0.000     0.000    sys_clk
    R4                   IBUF (Prop_ibuf_I_O)         0.269     0.269 r  sys_clk_IBUF_inst/O
                         net (fo=1, routed)           0.440     0.709    multiplied_clock.clock_generator/sys_clk_IBUF
    MMCME2_ADV_X1Y0      MMCME2_ADV (Prop_mmcme2_adv_CLKIN1_CLKOUT1)
                                                     -2.360    -1.651 r  multiplied_clock.clock_generator/mmcm/CLKOUT1
                         net (fo=1, routed)           0.486    -1.165    multiplied_clock.clock_generator/ddr_ref_raw
    BUFGCTRL_X0Y1        BUFG (Prop_bufg_I_O)         0.026    -1.139 r  multiplied_clock.clock_generator/ddr_ref_buffer/O
                         net (fo=63, routed)          0.552    -0.587    memory/controller/u_davinci_ddr3_mig_mig/u_ddr3_infrastructure/mmcm_clk
    PLLE2_ADV_X1Y1       PLLE2_ADV (Prop_plle2_adv_CLKIN1_CLKOUT1)
                                                      0.050    -0.537 r  memory/controller/u_davinci_ddr3_mig_mig/u_ddr3_infrastructure/plle2_i/CLKOUT1
                         net (fo=7, routed)           0.197    -0.340    memory/controller/u_davinci_ddr3_mig_mig/u_memc_ui_top_std/mem_intfc0/ddr_phy_top0/u_ddr_mc_phy_wrapper/u_ddr_mc_phy/ddr_phy_4lanes_0.u_ddr_phy_4lanes/ddr_byte_lane_C.ddr_byte_lane_C/mem_refclk
    PHASER_OUT_PHY_X1Y6  PHASER_OUT_PHY (Prop_phaser_out_phy_MEMREFCLK_OCLK)
                                                      1.813     1.473 r  memory/controller/u_davinci_ddr3_mig_mig/u_memc_ui_top_std/mem_intfc0/ddr_phy_top0/u_ddr_mc_phy_wrapper/u_ddr_mc_phy/ddr_phy_4lanes_0.u_ddr_phy_4lanes/ddr_byte_lane_C.ddr_byte_lane_C/phaser_out/OCLK
    PHASER_OUT_PHY_X1Y6  PHASER_OUT_PHY (Prop_phaser_out_phy_OCLK_OCLKDELAYED)
                                                      0.539     2.013 r  memory/controller/u_davinci_ddr3_mig_mig/u_memc_ui_top_std/mem_intfc0/ddr_phy_top0/u_ddr_mc_phy_wrapper/u_ddr_mc_phy/ddr_phy_4lanes_0.u_ddr_phy_4lanes/ddr_byte_lane_C.ddr_byte_lane_C/phaser_out/OCLKDELAYED
  -------------------------------------------------------------------    -------------------
    PHASER_OUT_PHY_X1Y6  PHASER_OUT_PHY (Prop_phaser_out_phy_OCLKDELAYED_DQSBUS[1])
                                                      0.346     2.359 r  memory/controller/u_davinci_ddr3_mig_mig/u_memc_ui_top_std/mem_intfc0/ddr_phy_top0/u_ddr_mc_phy_wrapper/u_ddr_mc_phy/ddr_phy_4lanes_0.u_ddr_phy_4lanes/ddr_byte_lane_C.ddr_byte_lane_C/phaser_out/DQSBUS[1]
                         net (fo=1, routed)           0.148     2.507    memory/controller/u_davinci_ddr3_mig_mig/u_memc_ui_top_std/mem_intfc0/ddr_phy_top0/u_ddr_mc_phy_wrapper/u_ddr_mc_phy/ddr_phy_4lanes_0.u_ddr_phy_4lanes/ddr_byte_lane_C.ddr_byte_lane_C/ddr_byte_group_io/DQSBUS[1]
    OLOGIC_X1Y82         ODDR                                         r  memory/controller/u_davinci_ddr3_mig_mig/u_memc_ui_top_std/mem_intfc0/ddr_phy_top0/u_ddr_mc_phy_wrapper/u_ddr_mc_phy/ddr_phy_4lanes_0.u_ddr_phy_4lanes/ddr_byte_lane_C.ddr_byte_lane_C/ddr_byte_group_io/dqs_gen.oddr_dqs/D2
  -------------------------------------------------------------------    -------------------

                         (clock oserdes_clk_6 rise edge)
                                                      0.000     0.000 r  
    R4                                                0.000     0.000 r  sys_clk (IN)
                         net (fo=0)                   0.000     0.000    sys_clk
    R4                   IBUF (Prop_ibuf_I_O)         0.457     0.457 r  sys_clk_IBUF_inst/O
                         net (fo=1, routed)           0.480     0.937    multiplied_clock.clock_generator/sys_clk_IBUF
    MMCME2_ADV_X1Y0      MMCME2_ADV (Prop_mmcme2_adv_CLKIN1_CLKOUT1)
                                                     -3.142    -2.205 r  multiplied_clock.clock_generator/mmcm/CLKOUT1
                         net (fo=1, routed)           0.530    -1.676    multiplied_clock.clock_generator/ddr_ref_raw
    BUFGCTRL_X0Y1        BUFG (Prop_bufg_I_O)         0.029    -1.647 r  multiplied_clock.clock_generator/ddr_ref_buffer/O
                         net (fo=63, routed)          0.820    -0.827    memory/controller/u_davinci_ddr3_mig_mig/u_ddr3_infrastructure/mmcm_clk
    PLLE2_ADV_X1Y1       PLLE2_ADV (Prop_plle2_adv_CLKIN1_CLKOUT1)
                                                      0.053    -0.774 r  memory/controller/u_davinci_ddr3_mig_mig/u_ddr3_infrastructure/plle2_i/CLKOUT1
                         net (fo=7, routed)           0.218    -0.556    memory/controller/u_davinci_ddr3_mig_mig/u_memc_ui_top_std/mem_intfc0/ddr_phy_top0/u_ddr_mc_phy_wrapper/u_ddr_mc_phy/ddr_phy_4lanes_0.u_ddr_phy_4lanes/ddr_byte_lane_C.ddr_byte_lane_C/mem_refclk
    PHASER_OUT_PHY_X1Y6  PHASER_OUT_PHY (Prop_phaser_out_phy_MEMREFCLK_OCLK)
                                                      1.858     1.302 r  memory/controller/u_davinci_ddr3_mig_mig/u_memc_ui_top_std/mem_intfc0/ddr_phy_top0/u_ddr_mc_phy_wrapper/u_ddr_mc_phy/ddr_phy_4lanes_0.u_ddr_phy_4lanes/ddr_byte_lane_C.ddr_byte_lane_C/phaser_out/OCLK
    PHASER_OUT_PHY_X1Y6  PHASER_OUT_PHY (Prop_phaser_out_phy_OCLK_OCLKDELAYED)
                                                      0.573     1.875 r  memory/controller/u_davinci_ddr3_mig_mig/u_memc_ui_top_std/mem_intfc0/ddr_phy_top0/u_ddr_mc_phy_wrapper/u_ddr_mc_phy/ddr_phy_4lanes_0.u_ddr_phy_4lanes/ddr_byte_lane_C.ddr_byte_lane_C/phaser_out/OCLKDELAYED
                         net (fo=2, routed)           0.176     2.051    memory/controller/u_davinci_ddr3_mig_mig/u_memc_ui_top_std/mem_intfc0/ddr_phy_top0/u_ddr_mc_phy_wrapper/u_ddr_mc_phy/ddr_phy_4lanes_0.u_ddr_phy_4lanes/ddr_byte_lane_C.ddr_byte_lane_C/ddr_byte_group_io/oserdes_clk_delayed
    OLOGIC_X1Y82         ODDR                                         r  memory/controller/u_davinci_ddr3_mig_mig/u_memc_ui_top_std/mem_intfc0/ddr_phy_top0/u_ddr_mc_phy_wrapper/u_ddr_mc_phy/ddr_phy_4lanes_0.u_ddr_phy_4lanes/ddr_byte_lane_C.ddr_byte_lane_C/ddr_byte_group_io/dqs_gen.oddr_dqs/C
                         clock pessimism              0.138     2.189    
    OLOGIC_X1Y82         ODDR (Hold_oddr_C_D2)       -0.093     2.096    memory/controller/u_davinci_ddr3_mig_mig/u_memc_ui_top_std/mem_intfc0/ddr_phy_top0/u_ddr_mc_phy_wrapper/u_ddr_mc_phy/ddr_phy_4lanes_0.u_ddr_phy_4lanes/ddr_byte_lane_C.ddr_byte_lane_C/ddr_byte_group_io/dqs_gen.oddr_dqs
  -------------------------------------------------------------------
                         required time                         -2.096    
                         arrival time                           2.507    
  -------------------------------------------------------------------
                         slack                                  0.411    





Pulse Width Checks
--------------------------------------------------------------------------------------
Clock Name:         oserdes_clk_6
Waveform(ns):       { 0.000 1.250 }
Period(ns):         2.500
Sources:            { memory/controller/u_davinci_ddr3_mig_mig/u_memc_ui_top_std/mem_intfc0/ddr_phy_top0/u_ddr_mc_phy_wrapper/u_ddr_mc_phy/ddr_phy_4lanes_0.u_ddr_phy_4lanes/ddr_byte_lane_C.ddr_byte_lane_C/phaser_out/OCLK }

Check Type  Corner  Lib Pin  Reference Pin  Required(ns)  Actual(ns)  Slack(ns)  Location      Pin
Min Period  n/a     ODDR/C   n/a            1.474         2.500       1.026      OLOGIC_X1Y82  memory/controller/u_davinci_ddr3_mig_mig/u_memc_ui_top_std/mem_intfc0/ddr_phy_top0/u_ddr_mc_phy_wrapper/u_ddr_mc_phy/ddr_phy_4lanes_0.u_ddr_phy_4lanes/ddr_byte_lane_C.ddr_byte_lane_C/ddr_byte_group_io/dqs_gen.oddr_dqs/C



---------------------------------------------------------------------------------------------------
From Clock:  oserdes_clkdiv_6
  To Clock:  oserdes_clkdiv_6

Setup :            0  Failing Endpoints,  Worst Slack        3.866ns,  Total Violation        0.000ns
Hold  :            0  Failing Endpoints,  Worst Slack        0.090ns,  Total Violation        0.000ns
PW    :            0  Failing Endpoints,  Worst Slack        0.000ns,  Total Violation        0.000ns
---------------------------------------------------------------------------------------------------


Max Delay Paths
--------------------------------------------------------------------------------------
Slack (MET) :             3.866ns  (required time - arrival time)
  Source:                 memory/controller/u_davinci_ddr3_mig_mig/u_memc_ui_top_std/mem_intfc0/ddr_phy_top0/u_ddr_mc_phy_wrapper/u_ddr_mc_phy/ddr_phy_4lanes_0.u_ddr_phy_4lanes/ddr_byte_lane_C.ddr_byte_lane_C/out_fifo/RDCLK
                            (rising edge-triggered cell OUT_FIFO clocked by oserdes_clkdiv_6  {rise@0.000ns fall@2.500ns period=5.000ns})
  Destination:            memory/controller/u_davinci_ddr3_mig_mig/u_memc_ui_top_std/mem_intfc0/ddr_phy_top0/u_ddr_mc_phy_wrapper/u_ddr_mc_phy/ddr_phy_4lanes_0.u_ddr_phy_4lanes/ddr_byte_lane_C.ddr_byte_lane_C/ddr_byte_group_io/output_[6].oserdes_dq_.ddr.oserdes_dq_i/D1
                            (rising edge-triggered cell OSERDESE2 clocked by oserdes_clkdiv_6  {rise@0.000ns fall@2.500ns period=5.000ns})
  Path Group:             oserdes_clkdiv_6
  Path Type:              Setup (Max at Slow Process Corner)
  Requirement:            5.000ns  (oserdes_clkdiv_6 rise@5.000ns - oserdes_clkdiv_6 rise@0.000ns)
  Data Path Delay:        0.964ns  (logic 0.596ns (61.822%)  route 0.368ns (38.178%))
  Logic Levels:           0  
  Clock Path Skew:        0.336ns (DCD - SCD + CPR)
    Destination Clock Delay (DCD):    2.097ns = ( 7.097 - 5.000 ) 
    Source Clock Delay      (SCD):    2.295ns
    Clock Pessimism Removal (CPR):    0.534ns
  Clock Uncertainty:      0.057ns  ((TSJ^2 + DJ^2)^1/2) / 2 + PE
    Total System Jitter     (TSJ):    0.071ns
    Discrete Jitter          (DJ):    0.089ns
    Phase Error              (PE):    0.000ns

    Location             Delay type                Incr(ns)  Path(ns)    Netlist Resource(s)
  -------------------------------------------------------------------    -------------------
                         (clock oserdes_clkdiv_6 rise edge)
                                                      0.000     0.000 r  
    R4                                                0.000     0.000 r  sys_clk (IN)
                         net (fo=0)                   0.000     0.000    sys_clk
    R4                   IBUF (Prop_ibuf_I_O)         1.432     1.432 r  sys_clk_IBUF_inst/O
                         net (fo=1, routed)           1.065     2.497    multiplied_clock.clock_generator/sys_clk_IBUF
    MMCME2_ADV_X1Y0      MMCME2_ADV (Prop_mmcme2_adv_CLKIN1_CLKOUT1)
                                                     -5.921    -3.424 r  multiplied_clock.clock_generator/mmcm/CLKOUT1
                         net (fo=1, routed)           1.421    -2.004    multiplied_clock.clock_generator/ddr_ref_raw
    BUFGCTRL_X0Y1        BUFG (Prop_bufg_I_O)         0.081    -1.923 r  multiplied_clock.clock_generator/ddr_ref_buffer/O
                         net (fo=63, routed)          1.394    -0.528    memory/controller/u_davinci_ddr3_mig_mig/u_ddr3_infrastructure/mmcm_clk
    PLLE2_ADV_X1Y1       PLLE2_ADV (Prop_plle2_adv_CLKIN1_CLKOUT1)
                                                      0.077    -0.451 r  memory/controller/u_davinci_ddr3_mig_mig/u_ddr3_infrastructure/plle2_i/CLKOUT1
                         net (fo=7, routed)           0.522     0.071    memory/controller/u_davinci_ddr3_mig_mig/u_memc_ui_top_std/mem_intfc0/ddr_phy_top0/u_ddr_mc_phy_wrapper/u_ddr_mc_phy/ddr_phy_4lanes_0.u_ddr_phy_4lanes/ddr_byte_lane_C.ddr_byte_lane_C/mem_refclk
    PHASER_OUT_PHY_X1Y6  PHASER_OUT_PHY (Prop_phaser_out_phy_MEMREFCLK_OCLK)
                                                      2.083     2.154 r  memory/controller/u_davinci_ddr3_mig_mig/u_memc_ui_top_std/mem_intfc0/ddr_phy_top0/u_ddr_mc_phy_wrapper/u_ddr_mc_phy/ddr_phy_4lanes_0.u_ddr_phy_4lanes/ddr_byte_lane_C.ddr_byte_lane_C/phaser_out/OCLK
    PHASER_OUT_PHY_X1Y6  PHASER_OUT_PHY (Prop_phaser_out_phy_OCLK_OCLKDIV)
                                                      0.141     2.295 r  memory/controller/u_davinci_ddr3_mig_mig/u_memc_ui_top_std/mem_intfc0/ddr_phy_top0/u_ddr_mc_phy_wrapper/u_ddr_mc_phy/ddr_phy_4lanes_0.u_ddr_phy_4lanes/ddr_byte_lane_C.ddr_byte_lane_C/phaser_out/OCLKDIV
                         net (fo=11, routed)          0.000     2.295    memory/controller/u_davinci_ddr3_mig_mig/u_memc_ui_top_std/mem_intfc0/ddr_phy_top0/u_ddr_mc_phy_wrapper/u_ddr_mc_phy/ddr_phy_4lanes_0.u_ddr_phy_4lanes/ddr_byte_lane_C.ddr_byte_lane_C/oserdes_clkdiv
    OUT_FIFO_X1Y6        OUT_FIFO                                     r  memory/controller/u_davinci_ddr3_mig_mig/u_memc_ui_top_std/mem_intfc0/ddr_phy_top0/u_ddr_mc_phy_wrapper/u_ddr_mc_phy/ddr_phy_4lanes_0.u_ddr_phy_4lanes/ddr_byte_lane_C.ddr_byte_lane_C/out_fifo/RDCLK
  -------------------------------------------------------------------    -------------------
    OUT_FIFO_X1Y6        OUT_FIFO (Prop_out_fifo_RDCLK_Q6[0])
                                                      0.596     2.891 r  memory/controller/u_davinci_ddr3_mig_mig/u_memc_ui_top_std/mem_intfc0/ddr_phy_top0/u_ddr_mc_phy_wrapper/u_ddr_mc_phy/ddr_phy_4lanes_0.u_ddr_phy_4lanes/ddr_byte_lane_C.ddr_byte_lane_C/out_fifo/Q6[0]
                         net (fo=1, routed)           0.368     3.259    memory/controller/u_davinci_ddr3_mig_mig/u_memc_ui_top_std/mem_intfc0/ddr_phy_top0/u_ddr_mc_phy_wrapper/u_ddr_mc_phy/ddr_phy_4lanes_0.u_ddr_phy_4lanes/ddr_byte_lane_C.ddr_byte_lane_C/ddr_byte_group_io/of_dqbus[20]
    OLOGIC_X1Y83         OSERDESE2                                    r  memory/controller/u_davinci_ddr3_mig_mig/u_memc_ui_top_std/mem_intfc0/ddr_phy_top0/u_ddr_mc_phy_wrapper/u_ddr_mc_phy/ddr_phy_4lanes_0.u_ddr_phy_4lanes/ddr_byte_lane_C.ddr_byte_lane_C/ddr_byte_group_io/output_[6].oserdes_dq_.ddr.oserdes_dq_i/D1
  -------------------------------------------------------------------    -------------------

                         (clock oserdes_clkdiv_6 rise edge)
                                                      5.000     5.000 r  
    R4                                                0.000     5.000 r  sys_clk (IN)
                         net (fo=0)                   0.000     5.000    sys_clk
    R4                   IBUF (Prop_ibuf_I_O)         1.366     6.366 r  sys_clk_IBUF_inst/O
                         net (fo=1, routed)           1.004     7.369    multiplied_clock.clock_generator/sys_clk_IBUF
    MMCME2_ADV_X1Y0      MMCME2_ADV (Prop_mmcme2_adv_CLKIN1_CLKOUT1)
                                                     -6.057     1.312 r  multiplied_clock.clock_generator/mmcm/CLKOUT1
                         net (fo=1, routed)           1.352     2.665    multiplied_clock.clock_generator/ddr_ref_raw
    BUFGCTRL_X0Y1        BUFG (Prop_bufg_I_O)         0.077     2.742 r  multiplied_clock.clock_generator/ddr_ref_buffer/O
                         net (fo=63, routed)          1.290     4.032    memory/controller/u_davinci_ddr3_mig_mig/u_ddr3_infrastructure/mmcm_clk
    PLLE2_ADV_X1Y1       PLLE2_ADV (Prop_plle2_adv_CLKIN1_CLKOUT1)
                                                      0.073     4.105 r  memory/controller/u_davinci_ddr3_mig_mig/u_ddr3_infrastructure/plle2_i/CLKOUT1
                         net (fo=7, routed)           0.496     4.601    memory/controller/u_davinci_ddr3_mig_mig/u_memc_ui_top_std/mem_intfc0/ddr_phy_top0/u_ddr_mc_phy_wrapper/u_ddr_mc_phy/ddr_phy_4lanes_0.u_ddr_phy_4lanes/ddr_byte_lane_C.ddr_byte_lane_C/mem_refclk
    PHASER_OUT_PHY_X1Y6  PHASER_OUT_PHY (Prop_phaser_out_phy_MEMREFCLK_OCLK)
                                                      2.027     6.628 r  memory/controller/u_davinci_ddr3_mig_mig/u_memc_ui_top_std/mem_intfc0/ddr_phy_top0/u_ddr_mc_phy_wrapper/u_ddr_mc_phy/ddr_phy_4lanes_0.u_ddr_phy_4lanes/ddr_byte_lane_C.ddr_byte_lane_C/phaser_out/OCLK
    PHASER_OUT_PHY_X1Y6  PHASER_OUT_PHY (Prop_phaser_out_phy_OCLK_OCLKDIV)
                                                      0.133     6.761 r  memory/controller/u_davinci_ddr3_mig_mig/u_memc_ui_top_std/mem_intfc0/ddr_phy_top0/u_ddr_mc_phy_wrapper/u_ddr_mc_phy/ddr_phy_4lanes_0.u_ddr_phy_4lanes/ddr_byte_lane_C.ddr_byte_lane_C/phaser_out/OCLKDIV
                         net (fo=11, routed)          0.336     7.097    memory/controller/u_davinci_ddr3_mig_mig/u_memc_ui_top_std/mem_intfc0/ddr_phy_top0/u_ddr_mc_phy_wrapper/u_ddr_mc_phy/ddr_phy_4lanes_0.u_ddr_phy_4lanes/ddr_byte_lane_C.ddr_byte_lane_C/ddr_byte_group_io/oserdes_clkdiv
    OLOGIC_X1Y83         OSERDESE2                                    r  memory/controller/u_davinci_ddr3_mig_mig/u_memc_ui_top_std/mem_intfc0/ddr_phy_top0/u_ddr_mc_phy_wrapper/u_ddr_mc_phy/ddr_phy_4lanes_0.u_ddr_phy_4lanes/ddr_byte_lane_C.ddr_byte_lane_C/ddr_byte_group_io/output_[6].oserdes_dq_.ddr.oserdes_dq_i/CLKDIV
                         clock pessimism              0.534     7.631    
                         clock uncertainty           -0.057     7.574    
    OLOGIC_X1Y83         OSERDESE2 (Setup_oserdese2_CLKDIV_D1)
                                                     -0.449     7.125    memory/controller/u_davinci_ddr3_mig_mig/u_memc_ui_top_std/mem_intfc0/ddr_phy_top0/u_ddr_mc_phy_wrapper/u_ddr_mc_phy/ddr_phy_4lanes_0.u_ddr_phy_4lanes/ddr_byte_lane_C.ddr_byte_lane_C/ddr_byte_group_io/output_[6].oserdes_dq_.ddr.oserdes_dq_i
  -------------------------------------------------------------------
                         required time                          7.125    
                         arrival time                          -3.259    
  -------------------------------------------------------------------
                         slack                                  3.866    





Min Delay Paths
--------------------------------------------------------------------------------------
Slack (MET) :             0.090ns  (arrival time - required time)
  Source:                 memory/controller/u_davinci_ddr3_mig_mig/u_memc_ui_top_std/mem_intfc0/ddr_phy_top0/u_ddr_mc_phy_wrapper/u_ddr_mc_phy/ddr_phy_4lanes_0.u_ddr_phy_4lanes/ddr_byte_lane_C.ddr_byte_lane_C/out_fifo/RDCLK
                            (rising edge-triggered cell OUT_FIFO clocked by oserdes_clkdiv_6  {rise@0.000ns fall@2.500ns period=5.000ns})
  Destination:            memory/controller/u_davinci_ddr3_mig_mig/u_memc_ui_top_std/mem_intfc0/ddr_phy_top0/u_ddr_mc_phy_wrapper/u_ddr_mc_phy/ddr_phy_4lanes_0.u_ddr_phy_4lanes/ddr_byte_lane_C.ddr_byte_lane_C/ddr_byte_group_io/output_[2].oserdes_dq_.ddr.oserdes_dq_i/D2
                            (rising edge-triggered cell OSERDESE2 clocked by oserdes_clkdiv_6  {rise@0.000ns fall@2.500ns period=5.000ns})
  Path Group:             oserdes_clkdiv_6
  Path Type:              Hold (Min at Fast Process Corner)
  Requirement:            0.000ns  (oserdes_clkdiv_6 rise@0.000ns - oserdes_clkdiv_6 rise@0.000ns)
  Data Path Delay:        0.286ns  (logic 0.138ns (48.242%)  route 0.148ns (51.758%))
  Logic Levels:           0  
  Clock Path Skew:        0.177ns (DCD - SCD - CPR)
    Destination Clock Delay (DCD):    1.567ns
    Source Clock Delay      (SCD):    1.556ns
    Clock Pessimism Removal (CPR):    -0.166ns

    Location             Delay type                Incr(ns)  Path(ns)    Netlist Resource(s)
  -------------------------------------------------------------------    -------------------
                         (clock oserdes_clkdiv_6 rise edge)
                                                      0.000     0.000 r  
    R4                                                0.000     0.000 r  sys_clk (IN)
                         net (fo=0)                   0.000     0.000    sys_clk
    R4                   IBUF (Prop_ibuf_I_O)         0.269     0.269 r  sys_clk_IBUF_inst/O
                         net (fo=1, routed)           0.440     0.709    multiplied_clock.clock_generator/sys_clk_IBUF
    MMCME2_ADV_X1Y0      MMCME2_ADV (Prop_mmcme2_adv_CLKIN1_CLKOUT1)
                                                     -2.360    -1.651 r  multiplied_clock.clock_generator/mmcm/CLKOUT1
                         net (fo=1, routed)           0.486    -1.165    multiplied_clock.clock_generator/ddr_ref_raw
    BUFGCTRL_X0Y1        BUFG (Prop_bufg_I_O)         0.026    -1.139 r  multiplied_clock.clock_generator/ddr_ref_buffer/O
                         net (fo=63, routed)          0.552    -0.587    memory/controller/u_davinci_ddr3_mig_mig/u_ddr3_infrastructure/mmcm_clk
    PLLE2_ADV_X1Y1       PLLE2_ADV (Prop_plle2_adv_CLKIN1_CLKOUT1)
                                                      0.050    -0.537 r  memory/controller/u_davinci_ddr3_mig_mig/u_ddr3_infrastructure/plle2_i/CLKOUT1
                         net (fo=7, routed)           0.197    -0.340    memory/controller/u_davinci_ddr3_mig_mig/u_memc_ui_top_std/mem_intfc0/ddr_phy_top0/u_ddr_mc_phy_wrapper/u_ddr_mc_phy/ddr_phy_4lanes_0.u_ddr_phy_4lanes/ddr_byte_lane_C.ddr_byte_lane_C/mem_refclk
    PHASER_OUT_PHY_X1Y6  PHASER_OUT_PHY (Prop_phaser_out_phy_MEMREFCLK_OCLK)
                                                      1.813     1.473 r  memory/controller/u_davinci_ddr3_mig_mig/u_memc_ui_top_std/mem_intfc0/ddr_phy_top0/u_ddr_mc_phy_wrapper/u_ddr_mc_phy/ddr_phy_4lanes_0.u_ddr_phy_4lanes/ddr_byte_lane_C.ddr_byte_lane_C/phaser_out/OCLK
    PHASER_OUT_PHY_X1Y6  PHASER_OUT_PHY (Prop_phaser_out_phy_OCLK_OCLKDIV)
                                                      0.083     1.556 r  memory/controller/u_davinci_ddr3_mig_mig/u_memc_ui_top_std/mem_intfc0/ddr_phy_top0/u_ddr_mc_phy_wrapper/u_ddr_mc_phy/ddr_phy_4lanes_0.u_ddr_phy_4lanes/ddr_byte_lane_C.ddr_byte_lane_C/phaser_out/OCLKDIV
                         net (fo=11, routed)          0.000     1.556    memory/controller/u_davinci_ddr3_mig_mig/u_memc_ui_top_std/mem_intfc0/ddr_phy_top0/u_ddr_mc_phy_wrapper/u_ddr_mc_phy/ddr_phy_4lanes_0.u_ddr_phy_4lanes/ddr_byte_lane_C.ddr_byte_lane_C/oserdes_clkdiv
    OUT_FIFO_X1Y6        OUT_FIFO                                     r  memory/controller/u_davinci_ddr3_mig_mig/u_memc_ui_top_std/mem_intfc0/ddr_phy_top0/u_ddr_mc_phy_wrapper/u_ddr_mc_phy/ddr_phy_4lanes_0.u_ddr_phy_4lanes/ddr_byte_lane_C.ddr_byte_lane_C/out_fifo/RDCLK
  -------------------------------------------------------------------    -------------------
    OUT_FIFO_X1Y6        OUT_FIFO (Prop_out_fifo_RDCLK_Q2[1])
                                                      0.138     1.694 r  memory/controller/u_davinci_ddr3_mig_mig/u_memc_ui_top_std/mem_intfc0/ddr_phy_top0/u_ddr_mc_phy_wrapper/u_ddr_mc_phy/ddr_phy_4lanes_0.u_ddr_phy_4lanes/ddr_byte_lane_C.ddr_byte_lane_C/out_fifo/Q2[1]
                         net (fo=1, routed)           0.148     1.842    memory/controller/u_davinci_ddr3_mig_mig/u_memc_ui_top_std/mem_intfc0/ddr_phy_top0/u_ddr_mc_phy_wrapper/u_ddr_mc_phy/ddr_phy_4lanes_0.u_ddr_phy_4lanes/ddr_byte_lane_C.ddr_byte_lane_C/ddr_byte_group_io/of_dqbus[5]
    OLOGIC_X1Y77         OSERDESE2                                    r  memory/controller/u_davinci_ddr3_mig_mig/u_memc_ui_top_std/mem_intfc0/ddr_phy_top0/u_ddr_mc_phy_wrapper/u_ddr_mc_phy/ddr_phy_4lanes_0.u_ddr_phy_4lanes/ddr_byte_lane_C.ddr_byte_lane_C/ddr_byte_group_io/output_[2].oserdes_dq_.ddr.oserdes_dq_i/D2
  -------------------------------------------------------------------    -------------------

                         (clock oserdes_clkdiv_6 rise edge)
                                                      0.000     0.000 r  
    R4                                                0.000     0.000 r  sys_clk (IN)
                         net (fo=0)                   0.000     0.000    sys_clk
    R4                   IBUF (Prop_ibuf_I_O)         0.457     0.457 r  sys_clk_IBUF_inst/O
                         net (fo=1, routed)           0.480     0.937    multiplied_clock.clock_generator/sys_clk_IBUF
    MMCME2_ADV_X1Y0      MMCME2_ADV (Prop_mmcme2_adv_CLKIN1_CLKOUT1)
                                                     -3.142    -2.205 r  multiplied_clock.clock_generator/mmcm/CLKOUT1
                         net (fo=1, routed)           0.530    -1.676    multiplied_clock.clock_generator/ddr_ref_raw
    BUFGCTRL_X0Y1        BUFG (Prop_bufg_I_O)         0.029    -1.647 r  multiplied_clock.clock_generator/ddr_ref_buffer/O
                         net (fo=63, routed)          0.820    -0.827    memory/controller/u_davinci_ddr3_mig_mig/u_ddr3_infrastructure/mmcm_clk
    PLLE2_ADV_X1Y1       PLLE2_ADV (Prop_plle2_adv_CLKIN1_CLKOUT1)
                                                      0.053    -0.774 r  memory/controller/u_davinci_ddr3_mig_mig/u_ddr3_infrastructure/plle2_i/CLKOUT1
                         net (fo=7, routed)           0.218    -0.556    memory/controller/u_davinci_ddr3_mig_mig/u_memc_ui_top_std/mem_intfc0/ddr_phy_top0/u_ddr_mc_phy_wrapper/u_ddr_mc_phy/ddr_phy_4lanes_0.u_ddr_phy_4lanes/ddr_byte_lane_C.ddr_byte_lane_C/mem_refclk
    PHASER_OUT_PHY_X1Y6  PHASER_OUT_PHY (Prop_phaser_out_phy_MEMREFCLK_OCLK)
                                                      1.858     1.302 r  memory/controller/u_davinci_ddr3_mig_mig/u_memc_ui_top_std/mem_intfc0/ddr_phy_top0/u_ddr_mc_phy_wrapper/u_ddr_mc_phy/ddr_phy_4lanes_0.u_ddr_phy_4lanes/ddr_byte_lane_C.ddr_byte_lane_C/phaser_out/OCLK
    PHASER_OUT_PHY_X1Y6  PHASER_OUT_PHY (Prop_phaser_out_phy_OCLK_OCLKDIV)
                                                      0.088     1.390 r  memory/controller/u_davinci_ddr3_mig_mig/u_memc_ui_top_std/mem_intfc0/ddr_phy_top0/u_ddr_mc_phy_wrapper/u_ddr_mc_phy/ddr_phy_4lanes_0.u_ddr_phy_4lanes/ddr_byte_lane_C.ddr_byte_lane_C/phaser_out/OCLKDIV
                         net (fo=11, routed)          0.177     1.567    memory/controller/u_davinci_ddr3_mig_mig/u_memc_ui_top_std/mem_intfc0/ddr_phy_top0/u_ddr_mc_phy_wrapper/u_ddr_mc_phy/ddr_phy_4lanes_0.u_ddr_phy_4lanes/ddr_byte_lane_C.ddr_byte_lane_C/ddr_byte_group_io/oserdes_clkdiv
    OLOGIC_X1Y77         OSERDESE2                                    r  memory/controller/u_davinci_ddr3_mig_mig/u_memc_ui_top_std/mem_intfc0/ddr_phy_top0/u_ddr_mc_phy_wrapper/u_ddr_mc_phy/ddr_phy_4lanes_0.u_ddr_phy_4lanes/ddr_byte_lane_C.ddr_byte_lane_C/ddr_byte_group_io/output_[2].oserdes_dq_.ddr.oserdes_dq_i/CLKDIV
                         clock pessimism              0.166     1.733    
    OLOGIC_X1Y77         OSERDESE2 (Hold_oserdese2_CLKDIV_D2)
                                                      0.019     1.752    memory/controller/u_davinci_ddr3_mig_mig/u_memc_ui_top_std/mem_intfc0/ddr_phy_top0/u_ddr_mc_phy_wrapper/u_ddr_mc_phy/ddr_phy_4lanes_0.u_ddr_phy_4lanes/ddr_byte_lane_C.ddr_byte_lane_C/ddr_byte_group_io/output_[2].oserdes_dq_.ddr.oserdes_dq_i
  -------------------------------------------------------------------
                         required time                         -1.752    
                         arrival time                           1.842    
  -------------------------------------------------------------------
                         slack                                  0.090    





Pulse Width Checks
--------------------------------------------------------------------------------------
Clock Name:         oserdes_clkdiv_6
Waveform(ns):       { 0.000 2.500 }
Period(ns):         5.000
Sources:            { memory/controller/u_davinci_ddr3_mig_mig/u_memc_ui_top_std/mem_intfc0/ddr_phy_top0/u_ddr_mc_phy_wrapper/u_ddr_mc_phy/ddr_phy_4lanes_0.u_ddr_phy_4lanes/ddr_byte_lane_C.ddr_byte_lane_C/phaser_out/OCLKDIV }

Check Type        Corner  Lib Pin         Reference Pin  Required(ns)  Actual(ns)  Slack(ns)  Location       Pin
Min Period        n/a     OUT_FIFO/RDCLK  n/a            5.000         5.000       0.000      OUT_FIFO_X1Y6  memory/controller/u_davinci_ddr3_mig_mig/u_memc_ui_top_std/mem_intfc0/ddr_phy_top0/u_ddr_mc_phy_wrapper/u_ddr_mc_phy/ddr_phy_4lanes_0.u_ddr_phy_4lanes/ddr_byte_lane_C.ddr_byte_lane_C/out_fifo/RDCLK
Low Pulse Width   Slow    OUT_FIFO/RDCLK  n/a            2.150         2.500       0.350      OUT_FIFO_X1Y6  memory/controller/u_davinci_ddr3_mig_mig/u_memc_ui_top_std/mem_intfc0/ddr_phy_top0/u_ddr_mc_phy_wrapper/u_ddr_mc_phy/ddr_phy_4lanes_0.u_ddr_phy_4lanes/ddr_byte_lane_C.ddr_byte_lane_C/out_fifo/RDCLK
High Pulse Width  Fast    OUT_FIFO/RDCLK  n/a            2.150         2.500       0.350      OUT_FIFO_X1Y6  memory/controller/u_davinci_ddr3_mig_mig/u_memc_ui_top_std/mem_intfc0/ddr_phy_top0/u_ddr_mc_phy_wrapper/u_ddr_mc_phy/ddr_phy_4lanes_0.u_ddr_phy_4lanes/ddr_byte_lane_C.ddr_byte_lane_C/out_fifo/RDCLK



---------------------------------------------------------------------------------------------------
From Clock:  oserdes_clk_7
  To Clock:  oserdes_clk_7

Setup :            0  Failing Endpoints,  Worst Slack        1.206ns,  Total Violation        0.000ns
Hold  :            0  Failing Endpoints,  Worst Slack        0.406ns,  Total Violation        0.000ns
PW    :            0  Failing Endpoints,  Worst Slack        1.026ns,  Total Violation        0.000ns
---------------------------------------------------------------------------------------------------


Max Delay Paths
--------------------------------------------------------------------------------------
Slack (MET) :             1.206ns  (required time - arrival time)
  Source:                 memory/controller/u_davinci_ddr3_mig_mig/u_memc_ui_top_std/mem_intfc0/ddr_phy_top0/u_ddr_mc_phy_wrapper/u_ddr_mc_phy/ddr_phy_4lanes_0.u_ddr_phy_4lanes/ddr_byte_lane_D.ddr_byte_lane_D/phaser_out/OCLKDELAYED
                            (rising edge-triggered cell PHASER_OUT_PHY clocked by oserdes_clk_7  {rise@0.000ns fall@1.250ns period=2.500ns})
  Destination:            memory/controller/u_davinci_ddr3_mig_mig/u_memc_ui_top_std/mem_intfc0/ddr_phy_top0/u_ddr_mc_phy_wrapper/u_ddr_mc_phy/ddr_phy_4lanes_0.u_ddr_phy_4lanes/ddr_byte_lane_D.ddr_byte_lane_D/ddr_byte_group_io/dqs_gen.oddr_dqsts/D1
                            (rising edge-triggered cell ODDR clocked by oserdes_clk_7  {rise@0.000ns fall@1.250ns period=2.500ns})
  Path Group:             oserdes_clk_7
  Path Type:              Setup (Max at Slow Process Corner)
  Requirement:            2.500ns  (oserdes_clk_7 rise@2.500ns - oserdes_clk_7 rise@0.000ns)
  Data Path Delay:        0.864ns  (logic 0.489ns (56.594%)  route 0.375ns (43.406%))
  Logic Levels:           0  
  Clock Path Skew:        0.350ns (DCD - SCD + CPR)
    Destination Clock Delay (DCD):    2.592ns = ( 5.092 - 2.500 ) 
    Source Clock Delay      (SCD):    2.805ns
    Clock Pessimism Removal (CPR):    0.563ns
  Clock Uncertainty:      0.057ns  ((TSJ^2 + DJ^2)^1/2) / 2 + PE
    Total System Jitter     (TSJ):    0.071ns
    Discrete Jitter          (DJ):    0.089ns
    Phase Error              (PE):    0.000ns

    Location             Delay type                Incr(ns)  Path(ns)    Netlist Resource(s)
  -------------------------------------------------------------------    -------------------
                         (clock oserdes_clk_7 rise edge)
                                                      0.000     0.000 r  
    R4                                                0.000     0.000 r  sys_clk (IN)
                         net (fo=0)                   0.000     0.000    sys_clk
    R4                   IBUF (Prop_ibuf_I_O)         1.432     1.432 r  sys_clk_IBUF_inst/O
                         net (fo=1, routed)           1.065     2.497    multiplied_clock.clock_generator/sys_clk_IBUF
    MMCME2_ADV_X1Y0      MMCME2_ADV (Prop_mmcme2_adv_CLKIN1_CLKOUT1)
                                                     -5.921    -3.424 r  multiplied_clock.clock_generator/mmcm/CLKOUT1
                         net (fo=1, routed)           1.421    -2.004    multiplied_clock.clock_generator/ddr_ref_raw
    BUFGCTRL_X0Y1        BUFG (Prop_bufg_I_O)         0.081    -1.923 r  multiplied_clock.clock_generator/ddr_ref_buffer/O
                         net (fo=63, routed)          1.394    -0.528    memory/controller/u_davinci_ddr3_mig_mig/u_ddr3_infrastructure/mmcm_clk
    PLLE2_ADV_X1Y1       PLLE2_ADV (Prop_plle2_adv_CLKIN1_CLKOUT1)
                                                      0.077    -0.451 r  memory/controller/u_davinci_ddr3_mig_mig/u_ddr3_infrastructure/plle2_i/CLKOUT1
                         net (fo=7, routed)           0.511     0.060    memory/controller/u_davinci_ddr3_mig_mig/u_memc_ui_top_std/mem_intfc0/ddr_phy_top0/u_ddr_mc_phy_wrapper/u_ddr_mc_phy/ddr_phy_4lanes_0.u_ddr_phy_4lanes/ddr_byte_lane_D.ddr_byte_lane_D/mem_refclk
    PHASER_OUT_PHY_X1Y7  PHASER_OUT_PHY (Prop_phaser_out_phy_MEMREFCLK_OCLK)
                                                      2.083     2.143 r  memory/controller/u_davinci_ddr3_mig_mig/u_memc_ui_top_std/mem_intfc0/ddr_phy_top0/u_ddr_mc_phy_wrapper/u_ddr_mc_phy/ddr_phy_4lanes_0.u_ddr_phy_4lanes/ddr_byte_lane_D.ddr_byte_lane_D/phaser_out/OCLK
    PHASER_OUT_PHY_X1Y7  PHASER_OUT_PHY (Prop_phaser_out_phy_OCLK_OCLKDELAYED)
                                                      0.662     2.805 r  memory/controller/u_davinci_ddr3_mig_mig/u_memc_ui_top_std/mem_intfc0/ddr_phy_top0/u_ddr_mc_phy_wrapper/u_ddr_mc_phy/ddr_phy_4lanes_0.u_ddr_phy_4lanes/ddr_byte_lane_D.ddr_byte_lane_D/phaser_out/OCLKDELAYED
  -------------------------------------------------------------------    -------------------
    PHASER_OUT_PHY_X1Y7  PHASER_OUT_PHY (Prop_phaser_out_phy_OCLKDELAYED_CTSBUS[0])
                                                      0.489     3.294 r  memory/controller/u_davinci_ddr3_mig_mig/u_memc_ui_top_std/mem_intfc0/ddr_phy_top0/u_ddr_mc_phy_wrapper/u_ddr_mc_phy/ddr_phy_4lanes_0.u_ddr_phy_4lanes/ddr_byte_lane_D.ddr_byte_lane_D/phaser_out/CTSBUS[0]
                         net (fo=2, routed)           0.375     3.669    memory/controller/u_davinci_ddr3_mig_mig/u_memc_ui_top_std/mem_intfc0/ddr_phy_top0/u_ddr_mc_phy_wrapper/u_ddr_mc_phy/ddr_phy_4lanes_0.u_ddr_phy_4lanes/ddr_byte_lane_D.ddr_byte_lane_D/ddr_byte_group_io/CTSBUS[0]
    OLOGIC_X1Y94         ODDR                                         r  memory/controller/u_davinci_ddr3_mig_mig/u_memc_ui_top_std/mem_intfc0/ddr_phy_top0/u_ddr_mc_phy_wrapper/u_ddr_mc_phy/ddr_phy_4lanes_0.u_ddr_phy_4lanes/ddr_byte_lane_D.ddr_byte_lane_D/ddr_byte_group_io/dqs_gen.oddr_dqsts/D1
  -------------------------------------------------------------------    -------------------

                         (clock oserdes_clk_7 rise edge)
                                                      2.500     2.500 r  
    R4                                                0.000     2.500 r  sys_clk (IN)
                         net (fo=0)                   0.000     2.500    sys_clk
    R4                   IBUF (Prop_ibuf_I_O)         1.366     3.866 r  sys_clk_IBUF_inst/O
                         net (fo=1, routed)           1.004     4.869    multiplied_clock.clock_generator/sys_clk_IBUF
    MMCME2_ADV_X1Y0      MMCME2_ADV (Prop_mmcme2_adv_CLKIN1_CLKOUT1)
                                                     -6.057    -1.188 r  multiplied_clock.clock_generator/mmcm/CLKOUT1
                         net (fo=1, routed)           1.352     0.165    multiplied_clock.clock_generator/ddr_ref_raw
    BUFGCTRL_X0Y1        BUFG (Prop_bufg_I_O)         0.077     0.242 r  multiplied_clock.clock_generator/ddr_ref_buffer/O
                         net (fo=63, routed)          1.290     1.532    memory/controller/u_davinci_ddr3_mig_mig/u_ddr3_infrastructure/mmcm_clk
    PLLE2_ADV_X1Y1       PLLE2_ADV (Prop_plle2_adv_CLKIN1_CLKOUT1)
                                                      0.073     1.605 r  memory/controller/u_davinci_ddr3_mig_mig/u_ddr3_infrastructure/plle2_i/CLKOUT1
                         net (fo=7, routed)           0.486     2.091    memory/controller/u_davinci_ddr3_mig_mig/u_memc_ui_top_std/mem_intfc0/ddr_phy_top0/u_ddr_mc_phy_wrapper/u_ddr_mc_phy/ddr_phy_4lanes_0.u_ddr_phy_4lanes/ddr_byte_lane_D.ddr_byte_lane_D/mem_refclk
    PHASER_OUT_PHY_X1Y7  PHASER_OUT_PHY (Prop_phaser_out_phy_MEMREFCLK_OCLK)
                                                      2.027     4.118 r  memory/controller/u_davinci_ddr3_mig_mig/u_memc_ui_top_std/mem_intfc0/ddr_phy_top0/u_ddr_mc_phy_wrapper/u_ddr_mc_phy/ddr_phy_4lanes_0.u_ddr_phy_4lanes/ddr_byte_lane_D.ddr_byte_lane_D/phaser_out/OCLK
    PHASER_OUT_PHY_X1Y7  PHASER_OUT_PHY (Prop_phaser_out_phy_OCLK_OCLKDELAYED)
                                                      0.624     4.742 r  memory/controller/u_davinci_ddr3_mig_mig/u_memc_ui_top_std/mem_intfc0/ddr_phy_top0/u_ddr_mc_phy_wrapper/u_ddr_mc_phy/ddr_phy_4lanes_0.u_ddr_phy_4lanes/ddr_byte_lane_D.ddr_byte_lane_D/phaser_out/OCLKDELAYED
                         net (fo=2, routed)           0.350     5.092    memory/controller/u_davinci_ddr3_mig_mig/u_memc_ui_top_std/mem_intfc0/ddr_phy_top0/u_ddr_mc_phy_wrapper/u_ddr_mc_phy/ddr_phy_4lanes_0.u_ddr_phy_4lanes/ddr_byte_lane_D.ddr_byte_lane_D/ddr_byte_group_io/oserdes_clk_delayed
    OLOGIC_X1Y94         ODDR                                         r  memory/controller/u_davinci_ddr3_mig_mig/u_memc_ui_top_std/mem_intfc0/ddr_phy_top0/u_ddr_mc_phy_wrapper/u_ddr_mc_phy/ddr_phy_4lanes_0.u_ddr_phy_4lanes/ddr_byte_lane_D.ddr_byte_lane_D/ddr_byte_group_io/dqs_gen.oddr_dqsts/C
                         clock pessimism              0.563     5.655    
                         clock uncertainty           -0.057     5.598    
    OLOGIC_X1Y94         ODDR (Setup_oddr_C_D1)      -0.723     4.875    memory/controller/u_davinci_ddr3_mig_mig/u_memc_ui_top_std/mem_intfc0/ddr_phy_top0/u_ddr_mc_phy_wrapper/u_ddr_mc_phy/ddr_phy_4lanes_0.u_ddr_phy_4lanes/ddr_byte_lane_D.ddr_byte_lane_D/ddr_byte_group_io/dqs_gen.oddr_dqsts
  -------------------------------------------------------------------
                         required time                          4.875    
                         arrival time                          -3.669    
  -------------------------------------------------------------------
                         slack                                  1.206    





Min Delay Paths
--------------------------------------------------------------------------------------
Slack (MET) :             0.406ns  (arrival time - required time)
  Source:                 memory/controller/u_davinci_ddr3_mig_mig/u_memc_ui_top_std/mem_intfc0/ddr_phy_top0/u_ddr_mc_phy_wrapper/u_ddr_mc_phy/ddr_phy_4lanes_0.u_ddr_phy_4lanes/ddr_byte_lane_D.ddr_byte_lane_D/phaser_out/OCLKDELAYED
                            (rising edge-triggered cell PHASER_OUT_PHY clocked by oserdes_clk_7  {rise@0.000ns fall@1.250ns period=2.500ns})
  Destination:            memory/controller/u_davinci_ddr3_mig_mig/u_memc_ui_top_std/mem_intfc0/ddr_phy_top0/u_ddr_mc_phy_wrapper/u_ddr_mc_phy/ddr_phy_4lanes_0.u_ddr_phy_4lanes/ddr_byte_lane_D.ddr_byte_lane_D/ddr_byte_group_io/dqs_gen.oddr_dqs/D2
                            (rising edge-triggered cell ODDR clocked by oserdes_clk_7  {rise@0.000ns fall@1.250ns period=2.500ns})
  Path Group:             oserdes_clk_7
  Path Type:              Hold (Min at Fast Process Corner)
  Requirement:            0.000ns  (oserdes_clk_7 rise@0.000ns - oserdes_clk_7 rise@0.000ns)
  Data Path Delay:        0.494ns  (logic 0.346ns (70.032%)  route 0.148ns (29.968%))
  Logic Levels:           0  
  Clock Path Skew:        0.181ns (DCD - SCD - CPR)
    Destination Clock Delay (DCD):    2.047ns
    Source Clock Delay      (SCD):    2.006ns
    Clock Pessimism Removal (CPR):    -0.140ns

    Location             Delay type                Incr(ns)  Path(ns)    Netlist Resource(s)
  -------------------------------------------------------------------    -------------------
                         (clock oserdes_clk_7 rise edge)
                                                      0.000     0.000 r  
    R4                                                0.000     0.000 r  sys_clk (IN)
                         net (fo=0)                   0.000     0.000    sys_clk
    R4                   IBUF (Prop_ibuf_I_O)         0.269     0.269 r  sys_clk_IBUF_inst/O
                         net (fo=1, routed)           0.440     0.709    multiplied_clock.clock_generator/sys_clk_IBUF
    MMCME2_ADV_X1Y0      MMCME2_ADV (Prop_mmcme2_adv_CLKIN1_CLKOUT1)
                                                     -2.360    -1.651 r  multiplied_clock.clock_generator/mmcm/CLKOUT1
                         net (fo=1, routed)           0.486    -1.165    multiplied_clock.clock_generator/ddr_ref_raw
    BUFGCTRL_X0Y1        BUFG (Prop_bufg_I_O)         0.026    -1.139 r  multiplied_clock.clock_generator/ddr_ref_buffer/O
                         net (fo=63, routed)          0.552    -0.587    memory/controller/u_davinci_ddr3_mig_mig/u_ddr3_infrastructure/mmcm_clk
    PLLE2_ADV_X1Y1       PLLE2_ADV (Prop_plle2_adv_CLKIN1_CLKOUT1)
                                                      0.050    -0.537 r  memory/controller/u_davinci_ddr3_mig_mig/u_ddr3_infrastructure/plle2_i/CLKOUT1
                         net (fo=7, routed)           0.190    -0.347    memory/controller/u_davinci_ddr3_mig_mig/u_memc_ui_top_std/mem_intfc0/ddr_phy_top0/u_ddr_mc_phy_wrapper/u_ddr_mc_phy/ddr_phy_4lanes_0.u_ddr_phy_4lanes/ddr_byte_lane_D.ddr_byte_lane_D/mem_refclk
    PHASER_OUT_PHY_X1Y7  PHASER_OUT_PHY (Prop_phaser_out_phy_MEMREFCLK_OCLK)
                                                      1.813     1.466 r  memory/controller/u_davinci_ddr3_mig_mig/u_memc_ui_top_std/mem_intfc0/ddr_phy_top0/u_ddr_mc_phy_wrapper/u_ddr_mc_phy/ddr_phy_4lanes_0.u_ddr_phy_4lanes/ddr_byte_lane_D.ddr_byte_lane_D/phaser_out/OCLK
    PHASER_OUT_PHY_X1Y7  PHASER_OUT_PHY (Prop_phaser_out_phy_OCLK_OCLKDELAYED)
                                                      0.539     2.006 r  memory/controller/u_davinci_ddr3_mig_mig/u_memc_ui_top_std/mem_intfc0/ddr_phy_top0/u_ddr_mc_phy_wrapper/u_ddr_mc_phy/ddr_phy_4lanes_0.u_ddr_phy_4lanes/ddr_byte_lane_D.ddr_byte_lane_D/phaser_out/OCLKDELAYED
  -------------------------------------------------------------------    -------------------
    PHASER_OUT_PHY_X1Y7  PHASER_OUT_PHY (Prop_phaser_out_phy_OCLKDELAYED_DQSBUS[1])
                                                      0.346     2.352 r  memory/controller/u_davinci_ddr3_mig_mig/u_memc_ui_top_std/mem_intfc0/ddr_phy_top0/u_ddr_mc_phy_wrapper/u_ddr_mc_phy/ddr_phy_4lanes_0.u_ddr_phy_4lanes/ddr_byte_lane_D.ddr_byte_lane_D/phaser_out/DQSBUS[1]
                         net (fo=1, routed)           0.148     2.500    memory/controller/u_davinci_ddr3_mig_mig/u_memc_ui_top_std/mem_intfc0/ddr_phy_top0/u_ddr_mc_phy_wrapper/u_ddr_mc_phy/ddr_phy_4lanes_0.u_ddr_phy_4lanes/ddr_byte_lane_D.ddr_byte_lane_D/ddr_byte_group_io/DQSBUS[1]
    OLOGIC_X1Y94         ODDR                                         r  memory/controller/u_davinci_ddr3_mig_mig/u_memc_ui_top_std/mem_intfc0/ddr_phy_top0/u_ddr_mc_phy_wrapper/u_ddr_mc_phy/ddr_phy_4lanes_0.u_ddr_phy_4lanes/ddr_byte_lane_D.ddr_byte_lane_D/ddr_byte_group_io/dqs_gen.oddr_dqs/D2
  -------------------------------------------------------------------    -------------------

                         (clock oserdes_clk_7 rise edge)
                                                      0.000     0.000 r  
    R4                                                0.000     0.000 r  sys_clk (IN)
                         net (fo=0)                   0.000     0.000    sys_clk
    R4                   IBUF (Prop_ibuf_I_O)         0.457     0.457 r  sys_clk_IBUF_inst/O
                         net (fo=1, routed)           0.480     0.937    multiplied_clock.clock_generator/sys_clk_IBUF
    MMCME2_ADV_X1Y0      MMCME2_ADV (Prop_mmcme2_adv_CLKIN1_CLKOUT1)
                                                     -3.142    -2.205 r  multiplied_clock.clock_generator/mmcm/CLKOUT1
                         net (fo=1, routed)           0.530    -1.676    multiplied_clock.clock_generator/ddr_ref_raw
    BUFGCTRL_X0Y1        BUFG (Prop_bufg_I_O)         0.029    -1.647 r  multiplied_clock.clock_generator/ddr_ref_buffer/O
                         net (fo=63, routed)          0.820    -0.827    memory/controller/u_davinci_ddr3_mig_mig/u_ddr3_infrastructure/mmcm_clk
    PLLE2_ADV_X1Y1       PLLE2_ADV (Prop_plle2_adv_CLKIN1_CLKOUT1)
                                                      0.053    -0.774 r  memory/controller/u_davinci_ddr3_mig_mig/u_ddr3_infrastructure/plle2_i/CLKOUT1
                         net (fo=7, routed)           0.209    -0.565    memory/controller/u_davinci_ddr3_mig_mig/u_memc_ui_top_std/mem_intfc0/ddr_phy_top0/u_ddr_mc_phy_wrapper/u_ddr_mc_phy/ddr_phy_4lanes_0.u_ddr_phy_4lanes/ddr_byte_lane_D.ddr_byte_lane_D/mem_refclk
    PHASER_OUT_PHY_X1Y7  PHASER_OUT_PHY (Prop_phaser_out_phy_MEMREFCLK_OCLK)
                                                      1.858     1.293 r  memory/controller/u_davinci_ddr3_mig_mig/u_memc_ui_top_std/mem_intfc0/ddr_phy_top0/u_ddr_mc_phy_wrapper/u_ddr_mc_phy/ddr_phy_4lanes_0.u_ddr_phy_4lanes/ddr_byte_lane_D.ddr_byte_lane_D/phaser_out/OCLK
    PHASER_OUT_PHY_X1Y7  PHASER_OUT_PHY (Prop_phaser_out_phy_OCLK_OCLKDELAYED)
                                                      0.573     1.866 r  memory/controller/u_davinci_ddr3_mig_mig/u_memc_ui_top_std/mem_intfc0/ddr_phy_top0/u_ddr_mc_phy_wrapper/u_ddr_mc_phy/ddr_phy_4lanes_0.u_ddr_phy_4lanes/ddr_byte_lane_D.ddr_byte_lane_D/phaser_out/OCLKDELAYED
                         net (fo=2, routed)           0.181     2.047    memory/controller/u_davinci_ddr3_mig_mig/u_memc_ui_top_std/mem_intfc0/ddr_phy_top0/u_ddr_mc_phy_wrapper/u_ddr_mc_phy/ddr_phy_4lanes_0.u_ddr_phy_4lanes/ddr_byte_lane_D.ddr_byte_lane_D/ddr_byte_group_io/oserdes_clk_delayed
    OLOGIC_X1Y94         ODDR                                         r  memory/controller/u_davinci_ddr3_mig_mig/u_memc_ui_top_std/mem_intfc0/ddr_phy_top0/u_ddr_mc_phy_wrapper/u_ddr_mc_phy/ddr_phy_4lanes_0.u_ddr_phy_4lanes/ddr_byte_lane_D.ddr_byte_lane_D/ddr_byte_group_io/dqs_gen.oddr_dqs/C
                         clock pessimism              0.140     2.187    
    OLOGIC_X1Y94         ODDR (Hold_oddr_C_D2)       -0.093     2.094    memory/controller/u_davinci_ddr3_mig_mig/u_memc_ui_top_std/mem_intfc0/ddr_phy_top0/u_ddr_mc_phy_wrapper/u_ddr_mc_phy/ddr_phy_4lanes_0.u_ddr_phy_4lanes/ddr_byte_lane_D.ddr_byte_lane_D/ddr_byte_group_io/dqs_gen.oddr_dqs
  -------------------------------------------------------------------
                         required time                         -2.094    
                         arrival time                           2.500    
  -------------------------------------------------------------------
                         slack                                  0.406    





Pulse Width Checks
--------------------------------------------------------------------------------------
Clock Name:         oserdes_clk_7
Waveform(ns):       { 0.000 1.250 }
Period(ns):         2.500
Sources:            { memory/controller/u_davinci_ddr3_mig_mig/u_memc_ui_top_std/mem_intfc0/ddr_phy_top0/u_ddr_mc_phy_wrapper/u_ddr_mc_phy/ddr_phy_4lanes_0.u_ddr_phy_4lanes/ddr_byte_lane_D.ddr_byte_lane_D/phaser_out/OCLK }

Check Type  Corner  Lib Pin  Reference Pin  Required(ns)  Actual(ns)  Slack(ns)  Location      Pin
Min Period  n/a     ODDR/C   n/a            1.474         2.500       1.026      OLOGIC_X1Y94  memory/controller/u_davinci_ddr3_mig_mig/u_memc_ui_top_std/mem_intfc0/ddr_phy_top0/u_ddr_mc_phy_wrapper/u_ddr_mc_phy/ddr_phy_4lanes_0.u_ddr_phy_4lanes/ddr_byte_lane_D.ddr_byte_lane_D/ddr_byte_group_io/dqs_gen.oddr_dqs/C



---------------------------------------------------------------------------------------------------
From Clock:  oserdes_clkdiv_7
  To Clock:  oserdes_clkdiv_7

Setup :            0  Failing Endpoints,  Worst Slack        3.880ns,  Total Violation        0.000ns
Hold  :            0  Failing Endpoints,  Worst Slack        0.084ns,  Total Violation        0.000ns
PW    :            0  Failing Endpoints,  Worst Slack        0.000ns,  Total Violation        0.000ns
---------------------------------------------------------------------------------------------------


Max Delay Paths
--------------------------------------------------------------------------------------
Slack (MET) :             3.880ns  (required time - arrival time)
  Source:                 memory/controller/u_davinci_ddr3_mig_mig/u_memc_ui_top_std/mem_intfc0/ddr_phy_top0/u_ddr_mc_phy_wrapper/u_ddr_mc_phy/ddr_phy_4lanes_0.u_ddr_phy_4lanes/ddr_byte_lane_D.ddr_byte_lane_D/out_fifo/RDCLK
                            (rising edge-triggered cell OUT_FIFO clocked by oserdes_clkdiv_7  {rise@0.000ns fall@2.500ns period=5.000ns})
  Destination:            memory/controller/u_davinci_ddr3_mig_mig/u_memc_ui_top_std/mem_intfc0/ddr_phy_top0/u_ddr_mc_phy_wrapper/u_ddr_mc_phy/ddr_phy_4lanes_0.u_ddr_phy_4lanes/ddr_byte_lane_D.ddr_byte_lane_D/ddr_byte_group_io/output_[6].oserdes_dq_.ddr.oserdes_dq_i/D1
                            (rising edge-triggered cell OSERDESE2 clocked by oserdes_clkdiv_7  {rise@0.000ns fall@2.500ns period=5.000ns})
  Path Group:             oserdes_clkdiv_7
  Path Type:              Setup (Max at Slow Process Corner)
  Requirement:            5.000ns  (oserdes_clkdiv_7 rise@5.000ns - oserdes_clkdiv_7 rise@0.000ns)
  Data Path Delay:        0.964ns  (logic 0.596ns (61.822%)  route 0.368ns (38.178%))
  Logic Levels:           0  
  Clock Path Skew:        0.350ns (DCD - SCD + CPR)
    Destination Clock Delay (DCD):    2.101ns = ( 7.101 - 5.000 ) 
    Source Clock Delay      (SCD):    2.284ns
    Clock Pessimism Removal (CPR):    0.533ns
  Clock Uncertainty:      0.057ns  ((TSJ^2 + DJ^2)^1/2) / 2 + PE
    Total System Jitter     (TSJ):    0.071ns
    Discrete Jitter          (DJ):    0.089ns
    Phase Error              (PE):    0.000ns

    Location             Delay type                Incr(ns)  Path(ns)    Netlist Resource(s)
  -------------------------------------------------------------------    -------------------
                         (clock oserdes_clkdiv_7 rise edge)
                                                      0.000     0.000 r  
    R4                                                0.000     0.000 r  sys_clk (IN)
                         net (fo=0)                   0.000     0.000    sys_clk
    R4                   IBUF (Prop_ibuf_I_O)         1.432     1.432 r  sys_clk_IBUF_inst/O
                         net (fo=1, routed)           1.065     2.497    multiplied_clock.clock_generator/sys_clk_IBUF
    MMCME2_ADV_X1Y0      MMCME2_ADV (Prop_mmcme2_adv_CLKIN1_CLKOUT1)
                                                     -5.921    -3.424 r  multiplied_clock.clock_generator/mmcm/CLKOUT1
                         net (fo=1, routed)           1.421    -2.004    multiplied_clock.clock_generator/ddr_ref_raw
    BUFGCTRL_X0Y1        BUFG (Prop_bufg_I_O)         0.081    -1.923 r  multiplied_clock.clock_generator/ddr_ref_buffer/O
                         net (fo=63, routed)          1.394    -0.528    memory/controller/u_davinci_ddr3_mig_mig/u_ddr3_infrastructure/mmcm_clk
    PLLE2_ADV_X1Y1       PLLE2_ADV (Prop_plle2_adv_CLKIN1_CLKOUT1)
                                                      0.077    -0.451 r  memory/controller/u_davinci_ddr3_mig_mig/u_ddr3_infrastructure/plle2_i/CLKOUT1
                         net (fo=7, routed)           0.511     0.060    memory/controller/u_davinci_ddr3_mig_mig/u_memc_ui_top_std/mem_intfc0/ddr_phy_top0/u_ddr_mc_phy_wrapper/u_ddr_mc_phy/ddr_phy_4lanes_0.u_ddr_phy_4lanes/ddr_byte_lane_D.ddr_byte_lane_D/mem_refclk
    PHASER_OUT_PHY_X1Y7  PHASER_OUT_PHY (Prop_phaser_out_phy_MEMREFCLK_OCLK)
                                                      2.083     2.143 r  memory/controller/u_davinci_ddr3_mig_mig/u_memc_ui_top_std/mem_intfc0/ddr_phy_top0/u_ddr_mc_phy_wrapper/u_ddr_mc_phy/ddr_phy_4lanes_0.u_ddr_phy_4lanes/ddr_byte_lane_D.ddr_byte_lane_D/phaser_out/OCLK
    PHASER_OUT_PHY_X1Y7  PHASER_OUT_PHY (Prop_phaser_out_phy_OCLK_OCLKDIV)
                                                      0.141     2.284 r  memory/controller/u_davinci_ddr3_mig_mig/u_memc_ui_top_std/mem_intfc0/ddr_phy_top0/u_ddr_mc_phy_wrapper/u_ddr_mc_phy/ddr_phy_4lanes_0.u_ddr_phy_4lanes/ddr_byte_lane_D.ddr_byte_lane_D/phaser_out/OCLKDIV
                         net (fo=11, routed)          0.000     2.284    memory/controller/u_davinci_ddr3_mig_mig/u_memc_ui_top_std/mem_intfc0/ddr_phy_top0/u_ddr_mc_phy_wrapper/u_ddr_mc_phy/ddr_phy_4lanes_0.u_ddr_phy_4lanes/ddr_byte_lane_D.ddr_byte_lane_D/oserdes_clkdiv
    OUT_FIFO_X1Y7        OUT_FIFO                                     r  memory/controller/u_davinci_ddr3_mig_mig/u_memc_ui_top_std/mem_intfc0/ddr_phy_top0/u_ddr_mc_phy_wrapper/u_ddr_mc_phy/ddr_phy_4lanes_0.u_ddr_phy_4lanes/ddr_byte_lane_D.ddr_byte_lane_D/out_fifo/RDCLK
  -------------------------------------------------------------------    -------------------
    OUT_FIFO_X1Y7        OUT_FIFO (Prop_out_fifo_RDCLK_Q6[0])
                                                      0.596     2.880 r  memory/controller/u_davinci_ddr3_mig_mig/u_memc_ui_top_std/mem_intfc0/ddr_phy_top0/u_ddr_mc_phy_wrapper/u_ddr_mc_phy/ddr_phy_4lanes_0.u_ddr_phy_4lanes/ddr_byte_lane_D.ddr_byte_lane_D/out_fifo/Q6[0]
                         net (fo=1, routed)           0.368     3.248    memory/controller/u_davinci_ddr3_mig_mig/u_memc_ui_top_std/mem_intfc0/ddr_phy_top0/u_ddr_mc_phy_wrapper/u_ddr_mc_phy/ddr_phy_4lanes_0.u_ddr_phy_4lanes/ddr_byte_lane_D.ddr_byte_lane_D/ddr_byte_group_io/of_dqbus[20]
    OLOGIC_X1Y95         OSERDESE2                                    r  memory/controller/u_davinci_ddr3_mig_mig/u_memc_ui_top_std/mem_intfc0/ddr_phy_top0/u_ddr_mc_phy_wrapper/u_ddr_mc_phy/ddr_phy_4lanes_0.u_ddr_phy_4lanes/ddr_byte_lane_D.ddr_byte_lane_D/ddr_byte_group_io/output_[6].oserdes_dq_.ddr.oserdes_dq_i/D1
  -------------------------------------------------------------------    -------------------

                         (clock oserdes_clkdiv_7 rise edge)
                                                      5.000     5.000 r  
    R4                                                0.000     5.000 r  sys_clk (IN)
                         net (fo=0)                   0.000     5.000    sys_clk
    R4                   IBUF (Prop_ibuf_I_O)         1.366     6.366 r  sys_clk_IBUF_inst/O
                         net (fo=1, routed)           1.004     7.369    multiplied_clock.clock_generator/sys_clk_IBUF
    MMCME2_ADV_X1Y0      MMCME2_ADV (Prop_mmcme2_adv_CLKIN1_CLKOUT1)
                                                     -6.057     1.312 r  multiplied_clock.clock_generator/mmcm/CLKOUT1
                         net (fo=1, routed)           1.352     2.665    multiplied_clock.clock_generator/ddr_ref_raw
    BUFGCTRL_X0Y1        BUFG (Prop_bufg_I_O)         0.077     2.742 r  multiplied_clock.clock_generator/ddr_ref_buffer/O
                         net (fo=63, routed)          1.290     4.032    memory/controller/u_davinci_ddr3_mig_mig/u_ddr3_infrastructure/mmcm_clk
    PLLE2_ADV_X1Y1       PLLE2_ADV (Prop_plle2_adv_CLKIN1_CLKOUT1)
                                                      0.073     4.105 r  memory/controller/u_davinci_ddr3_mig_mig/u_ddr3_infrastructure/plle2_i/CLKOUT1
                         net (fo=7, routed)           0.486     4.591    memory/controller/u_davinci_ddr3_mig_mig/u_memc_ui_top_std/mem_intfc0/ddr_phy_top0/u_ddr_mc_phy_wrapper/u_ddr_mc_phy/ddr_phy_4lanes_0.u_ddr_phy_4lanes/ddr_byte_lane_D.ddr_byte_lane_D/mem_refclk
    PHASER_OUT_PHY_X1Y7  PHASER_OUT_PHY (Prop_phaser_out_phy_MEMREFCLK_OCLK)
                                                      2.027     6.618 r  memory/controller/u_davinci_ddr3_mig_mig/u_memc_ui_top_std/mem_intfc0/ddr_phy_top0/u_ddr_mc_phy_wrapper/u_ddr_mc_phy/ddr_phy_4lanes_0.u_ddr_phy_4lanes/ddr_byte_lane_D.ddr_byte_lane_D/phaser_out/OCLK
    PHASER_OUT_PHY_X1Y7  PHASER_OUT_PHY (Prop_phaser_out_phy_OCLK_OCLKDIV)
                                                      0.133     6.751 r  memory/controller/u_davinci_ddr3_mig_mig/u_memc_ui_top_std/mem_intfc0/ddr_phy_top0/u_ddr_mc_phy_wrapper/u_ddr_mc_phy/ddr_phy_4lanes_0.u_ddr_phy_4lanes/ddr_byte_lane_D.ddr_byte_lane_D/phaser_out/OCLKDIV
                         net (fo=11, routed)          0.350     7.101    memory/controller/u_davinci_ddr3_mig_mig/u_memc_ui_top_std/mem_intfc0/ddr_phy_top0/u_ddr_mc_phy_wrapper/u_ddr_mc_phy/ddr_phy_4lanes_0.u_ddr_phy_4lanes/ddr_byte_lane_D.ddr_byte_lane_D/ddr_byte_group_io/oserdes_clkdiv
    OLOGIC_X1Y95         OSERDESE2                                    r  memory/controller/u_davinci_ddr3_mig_mig/u_memc_ui_top_std/mem_intfc0/ddr_phy_top0/u_ddr_mc_phy_wrapper/u_ddr_mc_phy/ddr_phy_4lanes_0.u_ddr_phy_4lanes/ddr_byte_lane_D.ddr_byte_lane_D/ddr_byte_group_io/output_[6].oserdes_dq_.ddr.oserdes_dq_i/CLKDIV
                         clock pessimism              0.533     7.634    
                         clock uncertainty           -0.057     7.577    
    OLOGIC_X1Y95         OSERDESE2 (Setup_oserdese2_CLKDIV_D1)
                                                     -0.449     7.128    memory/controller/u_davinci_ddr3_mig_mig/u_memc_ui_top_std/mem_intfc0/ddr_phy_top0/u_ddr_mc_phy_wrapper/u_ddr_mc_phy/ddr_phy_4lanes_0.u_ddr_phy_4lanes/ddr_byte_lane_D.ddr_byte_lane_D/ddr_byte_group_io/output_[6].oserdes_dq_.ddr.oserdes_dq_i
  -------------------------------------------------------------------
                         required time                          7.128    
                         arrival time                          -3.248    
  -------------------------------------------------------------------
                         slack                                  3.880    





Min Delay Paths
--------------------------------------------------------------------------------------
Slack (MET) :             0.084ns  (arrival time - required time)
  Source:                 memory/controller/u_davinci_ddr3_mig_mig/u_memc_ui_top_std/mem_intfc0/ddr_phy_top0/u_ddr_mc_phy_wrapper/u_ddr_mc_phy/ddr_phy_4lanes_0.u_ddr_phy_4lanes/ddr_byte_lane_D.ddr_byte_lane_D/out_fifo/RDCLK
                            (rising edge-triggered cell OUT_FIFO clocked by oserdes_clkdiv_7  {rise@0.000ns fall@2.500ns period=5.000ns})
  Destination:            memory/controller/u_davinci_ddr3_mig_mig/u_memc_ui_top_std/mem_intfc0/ddr_phy_top0/u_ddr_mc_phy_wrapper/u_ddr_mc_phy/ddr_phy_4lanes_0.u_ddr_phy_4lanes/ddr_byte_lane_D.ddr_byte_lane_D/ddr_byte_group_io/output_[2].oserdes_dq_.ddr.oserdes_dq_i/D2
                            (rising edge-triggered cell OSERDESE2 clocked by oserdes_clkdiv_7  {rise@0.000ns fall@2.500ns period=5.000ns})
  Path Group:             oserdes_clkdiv_7
  Path Type:              Hold (Min at Fast Process Corner)
  Requirement:            0.000ns  (oserdes_clkdiv_7 rise@0.000ns - oserdes_clkdiv_7 rise@0.000ns)
  Data Path Delay:        0.286ns  (logic 0.138ns (48.242%)  route 0.148ns (51.758%))
  Logic Levels:           0  
  Clock Path Skew:        0.183ns (DCD - SCD - CPR)
    Destination Clock Delay (DCD):    1.564ns
    Source Clock Delay      (SCD):    1.549ns
    Clock Pessimism Removal (CPR):    -0.168ns

    Location             Delay type                Incr(ns)  Path(ns)    Netlist Resource(s)
  -------------------------------------------------------------------    -------------------
                         (clock oserdes_clkdiv_7 rise edge)
                                                      0.000     0.000 r  
    R4                                                0.000     0.000 r  sys_clk (IN)
                         net (fo=0)                   0.000     0.000    sys_clk
    R4                   IBUF (Prop_ibuf_I_O)         0.269     0.269 r  sys_clk_IBUF_inst/O
                         net (fo=1, routed)           0.440     0.709    multiplied_clock.clock_generator/sys_clk_IBUF
    MMCME2_ADV_X1Y0      MMCME2_ADV (Prop_mmcme2_adv_CLKIN1_CLKOUT1)
                                                     -2.360    -1.651 r  multiplied_clock.clock_generator/mmcm/CLKOUT1
                         net (fo=1, routed)           0.486    -1.165    multiplied_clock.clock_generator/ddr_ref_raw
    BUFGCTRL_X0Y1        BUFG (Prop_bufg_I_O)         0.026    -1.139 r  multiplied_clock.clock_generator/ddr_ref_buffer/O
                         net (fo=63, routed)          0.552    -0.587    memory/controller/u_davinci_ddr3_mig_mig/u_ddr3_infrastructure/mmcm_clk
    PLLE2_ADV_X1Y1       PLLE2_ADV (Prop_plle2_adv_CLKIN1_CLKOUT1)
                                                      0.050    -0.537 r  memory/controller/u_davinci_ddr3_mig_mig/u_ddr3_infrastructure/plle2_i/CLKOUT1
                         net (fo=7, routed)           0.190    -0.347    memory/controller/u_davinci_ddr3_mig_mig/u_memc_ui_top_std/mem_intfc0/ddr_phy_top0/u_ddr_mc_phy_wrapper/u_ddr_mc_phy/ddr_phy_4lanes_0.u_ddr_phy_4lanes/ddr_byte_lane_D.ddr_byte_lane_D/mem_refclk
    PHASER_OUT_PHY_X1Y7  PHASER_OUT_PHY (Prop_phaser_out_phy_MEMREFCLK_OCLK)
                                                      1.813     1.466 r  memory/controller/u_davinci_ddr3_mig_mig/u_memc_ui_top_std/mem_intfc0/ddr_phy_top0/u_ddr_mc_phy_wrapper/u_ddr_mc_phy/ddr_phy_4lanes_0.u_ddr_phy_4lanes/ddr_byte_lane_D.ddr_byte_lane_D/phaser_out/OCLK
    PHASER_OUT_PHY_X1Y7  PHASER_OUT_PHY (Prop_phaser_out_phy_OCLK_OCLKDIV)
                                                      0.083     1.549 r  memory/controller/u_davinci_ddr3_mig_mig/u_memc_ui_top_std/mem_intfc0/ddr_phy_top0/u_ddr_mc_phy_wrapper/u_ddr_mc_phy/ddr_phy_4lanes_0.u_ddr_phy_4lanes/ddr_byte_lane_D.ddr_byte_lane_D/phaser_out/OCLKDIV
                         net (fo=11, routed)          0.000     1.549    memory/controller/u_davinci_ddr3_mig_mig/u_memc_ui_top_std/mem_intfc0/ddr_phy_top0/u_ddr_mc_phy_wrapper/u_ddr_mc_phy/ddr_phy_4lanes_0.u_ddr_phy_4lanes/ddr_byte_lane_D.ddr_byte_lane_D/oserdes_clkdiv
    OUT_FIFO_X1Y7        OUT_FIFO                                     r  memory/controller/u_davinci_ddr3_mig_mig/u_memc_ui_top_std/mem_intfc0/ddr_phy_top0/u_ddr_mc_phy_wrapper/u_ddr_mc_phy/ddr_phy_4lanes_0.u_ddr_phy_4lanes/ddr_byte_lane_D.ddr_byte_lane_D/out_fifo/RDCLK
  -------------------------------------------------------------------    -------------------
    OUT_FIFO_X1Y7        OUT_FIFO (Prop_out_fifo_RDCLK_Q2[1])
                                                      0.138     1.687 r  memory/controller/u_davinci_ddr3_mig_mig/u_memc_ui_top_std/mem_intfc0/ddr_phy_top0/u_ddr_mc_phy_wrapper/u_ddr_mc_phy/ddr_phy_4lanes_0.u_ddr_phy_4lanes/ddr_byte_lane_D.ddr_byte_lane_D/out_fifo/Q2[1]
                         net (fo=1, routed)           0.148     1.835    memory/controller/u_davinci_ddr3_mig_mig/u_memc_ui_top_std/mem_intfc0/ddr_phy_top0/u_ddr_mc_phy_wrapper/u_ddr_mc_phy/ddr_phy_4lanes_0.u_ddr_phy_4lanes/ddr_byte_lane_D.ddr_byte_lane_D/ddr_byte_group_io/of_dqbus[5]
    OLOGIC_X1Y89         OSERDESE2                                    r  memory/controller/u_davinci_ddr3_mig_mig/u_memc_ui_top_std/mem_intfc0/ddr_phy_top0/u_ddr_mc_phy_wrapper/u_ddr_mc_phy/ddr_phy_4lanes_0.u_ddr_phy_4lanes/ddr_byte_lane_D.ddr_byte_lane_D/ddr_byte_group_io/output_[2].oserdes_dq_.ddr.oserdes_dq_i/D2
  -------------------------------------------------------------------    -------------------

                         (clock oserdes_clkdiv_7 rise edge)
                                                      0.000     0.000 r  
    R4                                                0.000     0.000 r  sys_clk (IN)
                         net (fo=0)                   0.000     0.000    sys_clk
    R4                   IBUF (Prop_ibuf_I_O)         0.457     0.457 r  sys_clk_IBUF_inst/O
                         net (fo=1, routed)           0.480     0.937    multiplied_clock.clock_generator/sys_clk_IBUF
    MMCME2_ADV_X1Y0      MMCME2_ADV (Prop_mmcme2_adv_CLKIN1_CLKOUT1)
                                                     -3.142    -2.205 r  multiplied_clock.clock_generator/mmcm/CLKOUT1
                         net (fo=1, routed)           0.530    -1.676    multiplied_clock.clock_generator/ddr_ref_raw
    BUFGCTRL_X0Y1        BUFG (Prop_bufg_I_O)         0.029    -1.647 r  multiplied_clock.clock_generator/ddr_ref_buffer/O
                         net (fo=63, routed)          0.820    -0.827    memory/controller/u_davinci_ddr3_mig_mig/u_ddr3_infrastructure/mmcm_clk
    PLLE2_ADV_X1Y1       PLLE2_ADV (Prop_plle2_adv_CLKIN1_CLKOUT1)
                                                      0.053    -0.774 r  memory/controller/u_davinci_ddr3_mig_mig/u_ddr3_infrastructure/plle2_i/CLKOUT1
                         net (fo=7, routed)           0.209    -0.565    memory/controller/u_davinci_ddr3_mig_mig/u_memc_ui_top_std/mem_intfc0/ddr_phy_top0/u_ddr_mc_phy_wrapper/u_ddr_mc_phy/ddr_phy_4lanes_0.u_ddr_phy_4lanes/ddr_byte_lane_D.ddr_byte_lane_D/mem_refclk
    PHASER_OUT_PHY_X1Y7  PHASER_OUT_PHY (Prop_phaser_out_phy_MEMREFCLK_OCLK)
                                                      1.858     1.293 r  memory/controller/u_davinci_ddr3_mig_mig/u_memc_ui_top_std/mem_intfc0/ddr_phy_top0/u_ddr_mc_phy_wrapper/u_ddr_mc_phy/ddr_phy_4lanes_0.u_ddr_phy_4lanes/ddr_byte_lane_D.ddr_byte_lane_D/phaser_out/OCLK
    PHASER_OUT_PHY_X1Y7  PHASER_OUT_PHY (Prop_phaser_out_phy_OCLK_OCLKDIV)
                                                      0.088     1.381 r  memory/controller/u_davinci_ddr3_mig_mig/u_memc_ui_top_std/mem_intfc0/ddr_phy_top0/u_ddr_mc_phy_wrapper/u_ddr_mc_phy/ddr_phy_4lanes_0.u_ddr_phy_4lanes/ddr_byte_lane_D.ddr_byte_lane_D/phaser_out/OCLKDIV
                         net (fo=11, routed)          0.183     1.564    memory/controller/u_davinci_ddr3_mig_mig/u_memc_ui_top_std/mem_intfc0/ddr_phy_top0/u_ddr_mc_phy_wrapper/u_ddr_mc_phy/ddr_phy_4lanes_0.u_ddr_phy_4lanes/ddr_byte_lane_D.ddr_byte_lane_D/ddr_byte_group_io/oserdes_clkdiv
    OLOGIC_X1Y89         OSERDESE2                                    r  memory/controller/u_davinci_ddr3_mig_mig/u_memc_ui_top_std/mem_intfc0/ddr_phy_top0/u_ddr_mc_phy_wrapper/u_ddr_mc_phy/ddr_phy_4lanes_0.u_ddr_phy_4lanes/ddr_byte_lane_D.ddr_byte_lane_D/ddr_byte_group_io/output_[2].oserdes_dq_.ddr.oserdes_dq_i/CLKDIV
                         clock pessimism              0.168     1.732    
    OLOGIC_X1Y89         OSERDESE2 (Hold_oserdese2_CLKDIV_D2)
                                                      0.019     1.751    memory/controller/u_davinci_ddr3_mig_mig/u_memc_ui_top_std/mem_intfc0/ddr_phy_top0/u_ddr_mc_phy_wrapper/u_ddr_mc_phy/ddr_phy_4lanes_0.u_ddr_phy_4lanes/ddr_byte_lane_D.ddr_byte_lane_D/ddr_byte_group_io/output_[2].oserdes_dq_.ddr.oserdes_dq_i
  -------------------------------------------------------------------
                         required time                         -1.751    
                         arrival time                           1.835    
  -------------------------------------------------------------------
                         slack                                  0.084    





Pulse Width Checks
--------------------------------------------------------------------------------------
Clock Name:         oserdes_clkdiv_7
Waveform(ns):       { 0.000 2.500 }
Period(ns):         5.000
Sources:            { memory/controller/u_davinci_ddr3_mig_mig/u_memc_ui_top_std/mem_intfc0/ddr_phy_top0/u_ddr_mc_phy_wrapper/u_ddr_mc_phy/ddr_phy_4lanes_0.u_ddr_phy_4lanes/ddr_byte_lane_D.ddr_byte_lane_D/phaser_out/OCLKDIV }

Check Type        Corner  Lib Pin         Reference Pin  Required(ns)  Actual(ns)  Slack(ns)  Location       Pin
Min Period        n/a     OUT_FIFO/RDCLK  n/a            5.000         5.000       0.000      OUT_FIFO_X1Y7  memory/controller/u_davinci_ddr3_mig_mig/u_memc_ui_top_std/mem_intfc0/ddr_phy_top0/u_ddr_mc_phy_wrapper/u_ddr_mc_phy/ddr_phy_4lanes_0.u_ddr_phy_4lanes/ddr_byte_lane_D.ddr_byte_lane_D/out_fifo/RDCLK
Low Pulse Width   Slow    OUT_FIFO/RDCLK  n/a            2.150         2.500       0.350      OUT_FIFO_X1Y7  memory/controller/u_davinci_ddr3_mig_mig/u_memc_ui_top_std/mem_intfc0/ddr_phy_top0/u_ddr_mc_phy_wrapper/u_ddr_mc_phy/ddr_phy_4lanes_0.u_ddr_phy_4lanes/ddr_byte_lane_D.ddr_byte_lane_D/out_fifo/RDCLK
High Pulse Width  Fast    OUT_FIFO/RDCLK  n/a            2.150         2.500       0.350      OUT_FIFO_X1Y7  memory/controller/u_davinci_ddr3_mig_mig/u_memc_ui_top_std/mem_intfc0/ddr_phy_top0/u_ddr_mc_phy_wrapper/u_ddr_mc_phy/ddr_phy_4lanes_0.u_ddr_phy_4lanes/ddr_byte_lane_D.ddr_byte_lane_D/out_fifo/RDCLK



---------------------------------------------------------------------------------------------------
From Clock:  pll_clk3_out_1
  To Clock:  pll_clk3_out_1

Setup :           NA  Failing Endpoints,  Worst Slack           NA  ,  Total Violation           NA
Hold  :           NA  Failing Endpoints,  Worst Slack           NA  ,  Total Violation           NA
PW    :            0  Failing Endpoints,  Worst Slack        3.000ns,  Total Violation        0.000ns
---------------------------------------------------------------------------------------------------


Pulse Width Checks
--------------------------------------------------------------------------------------
Clock Name:         pll_clk3_out_1
Waveform(ns):       { 0.000 5.000 }
Period(ns):         10.000
Sources:            { memory/controller/u_davinci_ddr3_mig_mig/u_ddr3_infrastructure/plle2_i/CLKOUT3 }

Check Type        Corner  Lib Pin            Reference Pin  Required(ns)  Actual(ns)  Slack(ns)  Location         Pin
Min Period        n/a     BUFH/I             n/a            1.592         10.000      8.408      BUFHCE_X1Y12     memory/controller/u_davinci_ddr3_mig_mig/u_ddr3_infrastructure/u_bufh_pll_clk3/I
Max Period        n/a     MMCME2_ADV/CLKIN1  n/a            100.000       10.000      90.000     MMCME2_ADV_X1Y1  memory/controller/u_davinci_ddr3_mig_mig/u_ddr3_infrastructure/gen_mmcm.mmcm_i/CLKIN1
Low Pulse Width   Slow    MMCME2_ADV/CLKIN1  n/a            2.000         5.000       3.000      MMCME2_ADV_X1Y1  memory/controller/u_davinci_ddr3_mig_mig/u_ddr3_infrastructure/gen_mmcm.mmcm_i/CLKIN1
High Pulse Width  Fast    MMCME2_ADV/CLKIN1  n/a            2.000         5.000       3.000      MMCME2_ADV_X1Y1  memory/controller/u_davinci_ddr3_mig_mig/u_ddr3_infrastructure/gen_mmcm.mmcm_i/CLKIN1



---------------------------------------------------------------------------------------------------
From Clock:  clk_pll_i_1
  To Clock:  clk_pll_i_1

Setup :            0  Failing Endpoints,  Worst Slack        1.611ns,  Total Violation        0.000ns
Hold  :            0  Failing Endpoints,  Worst Slack        0.061ns,  Total Violation        0.000ns
PW    :            0  Failing Endpoints,  Worst Slack        2.850ns,  Total Violation        0.000ns
---------------------------------------------------------------------------------------------------


Max Delay Paths
--------------------------------------------------------------------------------------
Slack (MET) :             1.611ns  (required time - arrival time)
  Source:                 memory/bridge/read_fifo/rd_gray_sync2_reg[3]/C
                            (rising edge-triggered cell FDCE clocked by clk_pll_i_1  {rise@0.000ns fall@5.000ns period=10.000ns})
  Destination:            memory/bridge/read_fifo/memory_reg_0_63_33_35/RAMA/WE
                            (rising edge-triggered cell RAMD64E clocked by clk_pll_i_1  {rise@0.000ns fall@5.000ns period=10.000ns})
  Path Group:             clk_pll_i_1
  Path Type:              Setup (Max at Slow Process Corner)
  Requirement:            10.000ns  (clk_pll_i_1 rise@10.000ns - clk_pll_i_1 rise@0.000ns)
  Data Path Delay:        7.632ns  (logic 3.082ns (40.383%)  route 4.550ns (59.617%))
  Logic Levels:           11  (CARRY4=3 LUT2=4 LUT3=1 LUT6=3)
  Clock Path Skew:        -0.262ns (DCD - SCD + CPR)
    Destination Clock Delay (DCD):    0.744ns = ( 10.744 - 10.000 ) 
    Source Clock Delay      (SCD):    1.560ns
    Clock Pessimism Removal (CPR):    0.555ns
  Clock Uncertainty:      0.060ns  ((TSJ^2 + DJ^2)^1/2) / 2 + PE
    Total System Jitter     (TSJ):    0.071ns
    Discrete Jitter          (DJ):    0.098ns
    Phase Error              (PE):    0.000ns

    Location             Delay type                Incr(ns)  Path(ns)    Netlist Resource(s)
  -------------------------------------------------------------------    -------------------
                         (clock clk_pll_i_1 rise edge)
                                                      0.000     0.000 r  
    R4                                                0.000     0.000 r  sys_clk (IN)
                         net (fo=0)                   0.000     0.000    sys_clk
    R4                   IBUF (Prop_ibuf_I_O)         1.432     1.432 r  sys_clk_IBUF_inst/O
                         net (fo=1, routed)           1.065     2.497    multiplied_clock.clock_generator/sys_clk_IBUF
    MMCME2_ADV_X1Y0      MMCME2_ADV (Prop_mmcme2_adv_CLKIN1_CLKOUT1)
                                                     -5.921    -3.424 r  multiplied_clock.clock_generator/mmcm/CLKOUT1
                         net (fo=1, routed)           1.421    -2.004    multiplied_clock.clock_generator/ddr_ref_raw
    BUFGCTRL_X0Y1        BUFG (Prop_bufg_I_O)         0.081    -1.923 r  multiplied_clock.clock_generator/ddr_ref_buffer/O
                         net (fo=63, routed)          1.394    -0.528    memory/controller/u_davinci_ddr3_mig_mig/u_ddr3_infrastructure/mmcm_clk
    PLLE2_ADV_X1Y1       PLLE2_ADV (Prop_plle2_adv_CLKIN1_CLKOUT3)
                                                      0.077    -0.451 r  memory/controller/u_davinci_ddr3_mig_mig/u_ddr3_infrastructure/plle2_i/CLKOUT3
                         net (fo=1, routed)           1.062     0.611    memory/controller/u_davinci_ddr3_mig_mig/u_ddr3_infrastructure/pll_clk3_out
    BUFHCE_X1Y12         BUFH (Prop_bufh_I_O)         0.106     0.717 r  memory/controller/u_davinci_ddr3_mig_mig/u_ddr3_infrastructure/u_bufh_pll_clk3/O
                         net (fo=1, routed)           0.702     1.419    memory/controller/u_davinci_ddr3_mig_mig/u_ddr3_infrastructure/pll_clk3
    MMCME2_ADV_X1Y1      MMCME2_ADV (Prop_mmcme2_adv_CLKIN1_CLKFBOUT)
                                                     -2.874    -1.455 r  memory/controller/u_davinci_ddr3_mig_mig/u_ddr3_infrastructure/gen_mmcm.mmcm_i/CLKFBOUT
                         net (fo=1, routed)           1.421    -0.035    memory/controller/u_davinci_ddr3_mig_mig/u_ddr3_infrastructure/clk_pll_i
    BUFGCTRL_X0Y16       BUFG (Prop_bufg_I_O)         0.081     0.046 r  memory/controller/u_davinci_ddr3_mig_mig/u_ddr3_infrastructure/u_bufg_clkdiv0/O
                         net (fo=4851, routed)        1.514     1.560    memory/bridge/read_fifo/CLK
    SLICE_X30Y100        FDCE                                         r  memory/bridge/read_fifo/rd_gray_sync2_reg[3]/C
  -------------------------------------------------------------------    -------------------
    SLICE_X30Y100        FDCE (Prop_fdce_C_Q)         0.398     1.958 r  memory/bridge/read_fifo/rd_gray_sync2_reg[3]/Q
                         net (fo=4, routed)           0.699     2.657    memory/bridge/read_fifo/rd_gray_sync2[3]
    SLICE_X31Y100        LUT6 (Prop_lut6_I1_O)        0.235     2.892 r  memory/bridge/read_fifo/wr_used_carry_i_5/O
                         net (fo=2, routed)           0.251     3.143    memory/bridge/read_fifo/wr_used_carry_i_5_n_0
    SLICE_X32Y99         LUT2 (Prop_lut2_I1_O)        0.105     3.248 r  memory/bridge/read_fifo/wr_used_carry_i_3/O
                         net (fo=1, routed)           0.000     3.248    memory/bridge/read_fifo/wr_used_carry_i_3_n_0
    SLICE_X32Y99         CARRY4 (Prop_carry4_S[1]_CO[3])
                                                      0.457     3.705 r  memory/bridge/read_fifo/wr_used_carry/CO[3]
                         net (fo=1, routed)           0.001     3.706    memory/bridge/read_fifo/wr_used_carry_n_0
    SLICE_X32Y100        CARRY4 (Prop_carry4_CI_O[1])
                                                      0.265     3.971 r  memory/bridge/read_fifo/wr_used_carry__0/O[1]
                         net (fo=2, routed)           0.272     4.242    memory/bridge/read_fifo_used[5]
    SLICE_X33Y100        LUT2 (Prop_lut2_I0_O)        0.250     4.492 r  memory/bridge/controller_i_39/O
                         net (fo=1, routed)           0.000     4.492    memory/bridge/read_fifo/controller_i_30_0[1]
    SLICE_X33Y100        CARRY4 (Prop_carry4_S[1]_O[3])
                                                      0.530     5.022 f  memory/bridge/read_fifo/controller_i_35/O[3]
                         net (fo=1, routed)           0.657     5.680    memory/bridge/read_fifo_n_27
    SLICE_X31Y100        LUT3 (Prop_lut3_I2_O)        0.257     5.937 f  memory/bridge/controller_i_29/O
                         net (fo=1, routed)           0.465     6.402    memory/bridge/write_fifo/controller_i_7_1
    SLICE_X32Y98         LUT6 (Prop_lut6_I3_O)        0.105     6.507 r  memory/bridge/write_fifo/controller_i_26/O
                         net (fo=3, routed)           0.340     6.847    memory/bridge/write_fifo/app_en
    SLICE_X32Y98         LUT2 (Prop_lut2_I0_O)        0.108     6.955 f  memory/bridge/write_fifo/write_command_accepted_i_3/O
                         net (fo=15, routed)          0.338     7.293    memory/bridge/write_fifo/write_command_accepted_i_3_n_0
    SLICE_X33Y98         LUT6 (Prop_lut6_I1_O)        0.267     7.560 f  memory/bridge/write_fifo/wr_gray[5]_i_3/O
                         net (fo=4, routed)           0.354     7.914    memory/bridge/write_fifo/ui_read_outstanding_reg[0]
    SLICE_X35Y98         LUT2 (Prop_lut2_I1_O)        0.105     8.019 r  memory/bridge/write_fifo/wr_gray[5]_i_1__0/O
                         net (fo=188, routed)         1.173     9.192    memory/bridge/read_fifo/memory_reg_0_63_33_35/WE
    SLICE_X50Y91         RAMD64E                                      r  memory/bridge/read_fifo/memory_reg_0_63_33_35/RAMA/WE
  -------------------------------------------------------------------    -------------------

                         (clock clk_pll_i_1 rise edge)
                                                     10.000    10.000 r  
    R4                                                0.000    10.000 r  sys_clk (IN)
                         net (fo=0)                   0.000    10.000    sys_clk
    R4                   IBUF (Prop_ibuf_I_O)         1.366    11.366 r  sys_clk_IBUF_inst/O
                         net (fo=1, routed)           1.004    12.369    multiplied_clock.clock_generator/sys_clk_IBUF
    MMCME2_ADV_X1Y0      MMCME2_ADV (Prop_mmcme2_adv_CLKIN1_CLKOUT1)
                                                     -6.057     6.312 r  multiplied_clock.clock_generator/mmcm/CLKOUT1
                         net (fo=1, routed)           1.352     7.665    multiplied_clock.clock_generator/ddr_ref_raw
    BUFGCTRL_X0Y1        BUFG (Prop_bufg_I_O)         0.077     7.742 r  multiplied_clock.clock_generator/ddr_ref_buffer/O
                         net (fo=63, routed)          1.290     9.032    memory/controller/u_davinci_ddr3_mig_mig/u_ddr3_infrastructure/mmcm_clk
    PLLE2_ADV_X1Y1       PLLE2_ADV (Prop_plle2_adv_CLKIN1_CLKOUT3)
                                                      0.073     9.105 r  memory/controller/u_davinci_ddr3_mig_mig/u_ddr3_infrastructure/plle2_i/CLKOUT3
                         net (fo=1, routed)           0.929    10.034    memory/controller/u_davinci_ddr3_mig_mig/u_ddr3_infrastructure/pll_clk3_out
    BUFHCE_X1Y12         BUFH (Prop_bufh_I_O)         0.069    10.103 r  memory/controller/u_davinci_ddr3_mig_mig/u_ddr3_infrastructure/u_bufh_pll_clk3/O
                         net (fo=1, routed)           0.664    10.767    memory/controller/u_davinci_ddr3_mig_mig/u_ddr3_infrastructure/pll_clk3
    MMCME2_ADV_X1Y1      MMCME2_ADV (Prop_mmcme2_adv_CLKIN1_CLKFBOUT)
                                                     -2.699     8.068 r  memory/controller/u_davinci_ddr3_mig_mig/u_ddr3_infrastructure/gen_mmcm.mmcm_i/CLKFBOUT
                         net (fo=1, routed)           1.352     9.421    memory/controller/u_davinci_ddr3_mig_mig/u_ddr3_infrastructure/clk_pll_i
    BUFGCTRL_X0Y16       BUFG (Prop_bufg_I_O)         0.077     9.498 r  memory/controller/u_davinci_ddr3_mig_mig/u_ddr3_infrastructure/u_bufg_clkdiv0/O
                         net (fo=4851, routed)        1.246    10.744    memory/bridge/read_fifo/memory_reg_0_63_33_35/WCLK
    SLICE_X50Y91         RAMD64E                                      r  memory/bridge/read_fifo/memory_reg_0_63_33_35/RAMA/CLK
                         clock pessimism              0.555    11.298    
                         clock uncertainty           -0.060    11.238    
    SLICE_X50Y91         RAMD64E (Setup_ramd64e_CLK_WE)
                                                     -0.435    10.803    memory/bridge/read_fifo/memory_reg_0_63_33_35/RAMA
  -------------------------------------------------------------------
                         required time                         10.803    
                         arrival time                          -9.192    
  -------------------------------------------------------------------
                         slack                                  1.611    





Min Delay Paths
--------------------------------------------------------------------------------------
Slack (MET) :             0.061ns  (arrival time - required time)
  Source:                 memory/controller/u_davinci_ddr3_mig_mig/u_memc_ui_top_std/mem_intfc0/ddr_phy_top0/u_ddr_calib_top/ddr_phy_rdlvl_gen.u_ddr_phy_rdlvl/FSM_onehot_cal1_state_r_reg[14]/C
                            (rising edge-triggered cell FDRE clocked by clk_pll_i_1  {rise@0.000ns fall@5.000ns period=10.000ns})
  Destination:            memory/controller/u_davinci_ddr3_mig_mig/u_memc_ui_top_std/mem_intfc0/ddr_phy_top0/u_ddr_calib_top/ddr_phy_rdlvl_gen.u_ddr_phy_rdlvl/FSM_onehot_cal1_state_r_reg[1]/D
                            (rising edge-triggered cell FDRE clocked by clk_pll_i_1  {rise@0.000ns fall@5.000ns period=10.000ns})
  Path Group:             clk_pll_i_1
  Path Type:              Hold (Min at Fast Process Corner)
  Requirement:            0.000ns  (clk_pll_i_1 rise@0.000ns - clk_pll_i_1 rise@0.000ns)
  Data Path Delay:        0.532ns  (logic 0.186ns (34.962%)  route 0.346ns (65.038%))
  Logic Levels:           1  (LUT3=1)
  Clock Path Skew:        0.350ns (DCD - SCD - CPR)
    Destination Clock Delay (DCD):    0.277ns
    Source Clock Delay      (SCD):    0.138ns
    Clock Pessimism Removal (CPR):    -0.211ns

    Location             Delay type                Incr(ns)  Path(ns)    Netlist Resource(s)
  -------------------------------------------------------------------    -------------------
                         (clock clk_pll_i_1 rise edge)
                                                      0.000     0.000 r  
    R4                                                0.000     0.000 r  sys_clk (IN)
                         net (fo=0)                   0.000     0.000    sys_clk
    R4                   IBUF (Prop_ibuf_I_O)         0.269     0.269 r  sys_clk_IBUF_inst/O
                         net (fo=1, routed)           0.440     0.709    multiplied_clock.clock_generator/sys_clk_IBUF
    MMCME2_ADV_X1Y0      MMCME2_ADV (Prop_mmcme2_adv_CLKIN1_CLKOUT1)
                                                     -2.360    -1.651 r  multiplied_clock.clock_generator/mmcm/CLKOUT1
                         net (fo=1, routed)           0.486    -1.165    multiplied_clock.clock_generator/ddr_ref_raw
    BUFGCTRL_X0Y1        BUFG (Prop_bufg_I_O)         0.026    -1.139 r  multiplied_clock.clock_generator/ddr_ref_buffer/O
                         net (fo=63, routed)          0.552    -0.587    memory/controller/u_davinci_ddr3_mig_mig/u_ddr3_infrastructure/mmcm_clk
    PLLE2_ADV_X1Y1       PLLE2_ADV (Prop_plle2_adv_CLKIN1_CLKOUT3)
                                                      0.050    -0.537 r  memory/controller/u_davinci_ddr3_mig_mig/u_ddr3_infrastructure/plle2_i/CLKOUT3
                         net (fo=1, routed)           0.381    -0.156    memory/controller/u_davinci_ddr3_mig_mig/u_ddr3_infrastructure/pll_clk3_out
    BUFHCE_X1Y12         BUFH (Prop_bufh_I_O)         0.020    -0.136 r  memory/controller/u_davinci_ddr3_mig_mig/u_ddr3_infrastructure/u_bufh_pll_clk3/O
                         net (fo=1, routed)           0.259     0.123    memory/controller/u_davinci_ddr3_mig_mig/u_ddr3_infrastructure/pll_clk3
    MMCME2_ADV_X1Y1      MMCME2_ADV (Prop_mmcme2_adv_CLKIN1_CLKFBOUT)
                                                     -1.057    -0.934 r  memory/controller/u_davinci_ddr3_mig_mig/u_ddr3_infrastructure/gen_mmcm.mmcm_i/CLKFBOUT
                         net (fo=1, routed)           0.486    -0.448    memory/controller/u_davinci_ddr3_mig_mig/u_ddr3_infrastructure/clk_pll_i
    BUFGCTRL_X0Y16       BUFG (Prop_bufg_I_O)         0.026    -0.422 r  memory/controller/u_davinci_ddr3_mig_mig/u_ddr3_infrastructure/u_bufg_clkdiv0/O
                         net (fo=4851, routed)        0.560     0.138    memory/controller/u_davinci_ddr3_mig_mig/u_memc_ui_top_std/mem_intfc0/ddr_phy_top0/u_ddr_calib_top/ddr_phy_rdlvl_gen.u_ddr_phy_rdlvl/CLK
    SLICE_X39Y98         FDRE                                         r  memory/controller/u_davinci_ddr3_mig_mig/u_memc_ui_top_std/mem_intfc0/ddr_phy_top0/u_ddr_calib_top/ddr_phy_rdlvl_gen.u_ddr_phy_rdlvl/FSM_onehot_cal1_state_r_reg[14]/C
  -------------------------------------------------------------------    -------------------
    SLICE_X39Y98         FDRE (Prop_fdre_C_Q)         0.141     0.279 r  memory/controller/u_davinci_ddr3_mig_mig/u_memc_ui_top_std/mem_intfc0/ddr_phy_top0/u_ddr_calib_top/ddr_phy_rdlvl_gen.u_ddr_phy_rdlvl/FSM_onehot_cal1_state_r_reg[14]/Q
                         net (fo=5, routed)           0.346     0.625    memory/controller/u_davinci_ddr3_mig_mig/u_memc_ui_top_std/mem_intfc0/ddr_phy_top0/u_ddr_calib_top/ddr_phy_rdlvl_gen.u_ddr_phy_rdlvl/p_9_in
    SLICE_X38Y100        LUT3 (Prop_lut3_I1_O)        0.045     0.670 r  memory/controller/u_davinci_ddr3_mig_mig/u_memc_ui_top_std/mem_intfc0/ddr_phy_top0/u_ddr_calib_top/ddr_phy_rdlvl_gen.u_ddr_phy_rdlvl/FSM_onehot_cal1_state_r[1]_i_1/O
                         net (fo=1, routed)           0.000     0.670    memory/controller/u_davinci_ddr3_mig_mig/u_memc_ui_top_std/mem_intfc0/ddr_phy_top0/u_ddr_calib_top/ddr_phy_rdlvl_gen.u_ddr_phy_rdlvl/FSM_onehot_cal1_state_r[1]_i_1_n_0
    SLICE_X38Y100        FDRE                                         r  memory/controller/u_davinci_ddr3_mig_mig/u_memc_ui_top_std/mem_intfc0/ddr_phy_top0/u_ddr_calib_top/ddr_phy_rdlvl_gen.u_ddr_phy_rdlvl/FSM_onehot_cal1_state_r_reg[1]/D
  -------------------------------------------------------------------    -------------------

                         (clock clk_pll_i_1 rise edge)
                                                      0.000     0.000 r  
    R4                                                0.000     0.000 r  sys_clk (IN)
                         net (fo=0)                   0.000     0.000    sys_clk
    R4                   IBUF (Prop_ibuf_I_O)         0.457     0.457 r  sys_clk_IBUF_inst/O
                         net (fo=1, routed)           0.480     0.937    multiplied_clock.clock_generator/sys_clk_IBUF
    MMCME2_ADV_X1Y0      MMCME2_ADV (Prop_mmcme2_adv_CLKIN1_CLKOUT1)
                                                     -3.142    -2.205 r  multiplied_clock.clock_generator/mmcm/CLKOUT1
                         net (fo=1, routed)           0.530    -1.676    multiplied_clock.clock_generator/ddr_ref_raw
    BUFGCTRL_X0Y1        BUFG (Prop_bufg_I_O)         0.029    -1.647 r  multiplied_clock.clock_generator/ddr_ref_buffer/O
                         net (fo=63, routed)          0.820    -0.827    memory/controller/u_davinci_ddr3_mig_mig/u_ddr3_infrastructure/mmcm_clk
    PLLE2_ADV_X1Y1       PLLE2_ADV (Prop_plle2_adv_CLKIN1_CLKOUT3)
                                                      0.053    -0.774 r  memory/controller/u_davinci_ddr3_mig_mig/u_ddr3_infrastructure/plle2_i/CLKOUT3
                         net (fo=1, routed)           0.423    -0.351    memory/controller/u_davinci_ddr3_mig_mig/u_ddr3_infrastructure/pll_clk3_out
    BUFHCE_X1Y12         BUFH (Prop_bufh_I_O)         0.043    -0.308 r  memory/controller/u_davinci_ddr3_mig_mig/u_ddr3_infrastructure/u_bufh_pll_clk3/O
                         net (fo=1, routed)           0.483     0.175    memory/controller/u_davinci_ddr3_mig_mig/u_ddr3_infrastructure/pll_clk3
    MMCME2_ADV_X1Y1      MMCME2_ADV (Prop_mmcme2_adv_CLKIN1_CLKFBOUT)
                                                     -1.371    -1.196 r  memory/controller/u_davinci_ddr3_mig_mig/u_ddr3_infrastructure/gen_mmcm.mmcm_i/CLKFBOUT
                         net (fo=1, routed)           0.530    -0.667    memory/controller/u_davinci_ddr3_mig_mig/u_ddr3_infrastructure/clk_pll_i
    BUFGCTRL_X0Y16       BUFG (Prop_bufg_I_O)         0.029    -0.638 r  memory/controller/u_davinci_ddr3_mig_mig/u_ddr3_infrastructure/u_bufg_clkdiv0/O
                         net (fo=4851, routed)        0.915     0.277    memory/controller/u_davinci_ddr3_mig_mig/u_memc_ui_top_std/mem_intfc0/ddr_phy_top0/u_ddr_calib_top/ddr_phy_rdlvl_gen.u_ddr_phy_rdlvl/CLK
    SLICE_X38Y100        FDRE                                         r  memory/controller/u_davinci_ddr3_mig_mig/u_memc_ui_top_std/mem_intfc0/ddr_phy_top0/u_ddr_calib_top/ddr_phy_rdlvl_gen.u_ddr_phy_rdlvl/FSM_onehot_cal1_state_r_reg[1]/C
                         clock pessimism              0.211     0.488    
    SLICE_X38Y100        FDRE (Hold_fdre_C_D)         0.121     0.609    memory/controller/u_davinci_ddr3_mig_mig/u_memc_ui_top_std/mem_intfc0/ddr_phy_top0/u_ddr_calib_top/ddr_phy_rdlvl_gen.u_ddr_phy_rdlvl/FSM_onehot_cal1_state_r_reg[1]
  -------------------------------------------------------------------
                         required time                         -0.609    
                         arrival time                           0.670    
  -------------------------------------------------------------------
                         slack                                  0.061    





Pulse Width Checks
--------------------------------------------------------------------------------------
Clock Name:         clk_pll_i_1
Waveform(ns):       { 0.000 5.000 }
Period(ns):         10.000
Sources:            { memory/controller/u_davinci_ddr3_mig_mig/u_ddr3_infrastructure/gen_mmcm.mmcm_i/CLKFBOUT }

Check Type        Corner  Lib Pin             Reference Pin  Required(ns)  Actual(ns)  Slack(ns)  Location         Pin
Min Period        n/a     OUT_FIFO/WRCLK      n/a            5.000         10.000      5.000      OUT_FIFO_X1Y4    memory/controller/u_davinci_ddr3_mig_mig/u_memc_ui_top_std/mem_intfc0/ddr_phy_top0/u_ddr_mc_phy_wrapper/u_ddr_mc_phy/ddr_phy_4lanes_0.u_ddr_phy_4lanes/ddr_byte_lane_A.ddr_byte_lane_A/out_fifo/WRCLK
Max Period        n/a     MMCME2_ADV/CLKFBIN  n/a            100.000       10.000      90.000     MMCME2_ADV_X1Y1  memory/controller/u_davinci_ddr3_mig_mig/u_ddr3_infrastructure/gen_mmcm.mmcm_i/CLKFBIN
Low Pulse Width   Slow    OUT_FIFO/WRCLK      n/a            2.150         5.000       2.850      OUT_FIFO_X1Y4    memory/controller/u_davinci_ddr3_mig_mig/u_memc_ui_top_std/mem_intfc0/ddr_phy_top0/u_ddr_mc_phy_wrapper/u_ddr_mc_phy/ddr_phy_4lanes_0.u_ddr_phy_4lanes/ddr_byte_lane_A.ddr_byte_lane_A/out_fifo/WRCLK
High Pulse Width  Slow    OUT_FIFO/WRCLK      n/a            2.150         5.000       2.850      OUT_FIFO_X1Y4    memory/controller/u_davinci_ddr3_mig_mig/u_memc_ui_top_std/mem_intfc0/ddr_phy_top0/u_ddr_mc_phy_wrapper/u_ddr_mc_phy/ddr_phy_4lanes_0.u_ddr_phy_4lanes/ddr_byte_lane_A.ddr_byte_lane_A/out_fifo/WRCLK



---------------------------------------------------------------------------------------------------
From Clock:  pll_clkfbout_1
  To Clock:  pll_clkfbout_1

Setup :           NA  Failing Endpoints,  Worst Slack           NA  ,  Total Violation           NA
Hold  :           NA  Failing Endpoints,  Worst Slack           NA  ,  Total Violation           NA
PW    :            0  Failing Endpoints,  Worst Slack        3.751ns,  Total Violation        0.000ns
---------------------------------------------------------------------------------------------------


Pulse Width Checks
--------------------------------------------------------------------------------------
Clock Name:         pll_clkfbout_1
Waveform(ns):       { 0.000 2.500 }
Period(ns):         5.000
Sources:            { memory/controller/u_davinci_ddr3_mig_mig/u_ddr3_infrastructure/plle2_i/CLKFBOUT }

Check Type  Corner  Lib Pin             Reference Pin  Required(ns)  Actual(ns)  Slack(ns)  Location        Pin
Min Period  n/a     PLLE2_ADV/CLKFBOUT  n/a            1.249         5.000       3.751      PLLE2_ADV_X1Y1  memory/controller/u_davinci_ddr3_mig_mig/u_ddr3_infrastructure/plle2_i/CLKFBOUT
Max Period  n/a     PLLE2_ADV/CLKFBIN   n/a            52.633        5.000       47.633     PLLE2_ADV_X1Y1  memory/controller/u_davinci_ddr3_mig_mig/u_ddr3_infrastructure/plle2_i/CLKFBIN



---------------------------------------------------------------------------------------------------
From Clock:  sync_pulse_1
  To Clock:  sync_pulse_1

Setup :           NA  Failing Endpoints,  Worst Slack           NA  ,  Total Violation           NA
Hold  :           NA  Failing Endpoints,  Worst Slack           NA  ,  Total Violation           NA
PW    :            0  Failing Endpoints,  Worst Slack        1.428ns,  Total Violation        0.000ns
---------------------------------------------------------------------------------------------------


Pulse Width Checks
--------------------------------------------------------------------------------------
Clock Name:         sync_pulse_1
Waveform(ns):       { 1.094 3.594 }
Period(ns):         40.000
Sources:            { memory/controller/u_davinci_ddr3_mig_mig/u_ddr3_infrastructure/plle2_i/CLKOUT2 }

Check Type        Corner  Lib Pin               Reference Pin  Required(ns)  Actual(ns)  Slack(ns)  Location            Pin
Min Period        n/a     PLLE2_ADV/CLKOUT2     n/a            1.249         40.000      38.751     PLLE2_ADV_X1Y1      memory/controller/u_davinci_ddr3_mig_mig/u_ddr3_infrastructure/plle2_i/CLKOUT2
Max Period        n/a     PLLE2_ADV/CLKOUT2     n/a            160.000       40.000      120.000    PLLE2_ADV_X1Y1      memory/controller/u_davinci_ddr3_mig_mig/u_ddr3_infrastructure/plle2_i/CLKOUT2
High Pulse Width  Slow    PHASER_IN_PHY/SYNCIN  n/a            1.072         2.500       1.428      PHASER_IN_PHY_X1Y6  memory/controller/u_davinci_ddr3_mig_mig/u_memc_ui_top_std/mem_intfc0/ddr_phy_top0/u_ddr_mc_phy_wrapper/u_ddr_mc_phy/ddr_phy_4lanes_0.u_ddr_phy_4lanes/ddr_byte_lane_C.ddr_byte_lane_C/phaser_in_gen.phaser_in/SYNCIN



---------------------------------------------------------------------------------------------------
From Clock:  feedback_raw
  To Clock:  feedback_raw

Setup :           NA  Failing Endpoints,  Worst Slack           NA  ,  Total Violation           NA
Hold  :           NA  Failing Endpoints,  Worst Slack           NA  ,  Total Violation           NA
PW    :            0  Failing Endpoints,  Worst Slack       18.408ns,  Total Violation        0.000ns
---------------------------------------------------------------------------------------------------


Pulse Width Checks
--------------------------------------------------------------------------------------
Clock Name:         feedback_raw
Waveform(ns):       { 0.000 10.000 }
Period(ns):         20.000
Sources:            { multiplied_clock.clock_generator/mmcm/CLKFBOUT }

Check Type  Corner  Lib Pin             Reference Pin  Required(ns)  Actual(ns)  Slack(ns)  Location         Pin
Min Period  n/a     BUFG/I              n/a            1.592         20.000      18.408     BUFGCTRL_X0Y4    multiplied_clock.clock_generator/feedback_buffer/I
Max Period  n/a     MMCME2_ADV/CLKFBIN  n/a            100.000       20.000      80.000     MMCME2_ADV_X1Y0  multiplied_clock.clock_generator/mmcm/CLKFBIN



---------------------------------------------------------------------------------------------------
From Clock:  usb_clk
  To Clock:  usb_clk

Setup :            0  Failing Endpoints,  Worst Slack        0.064ns,  Total Violation        0.000ns
Hold  :            0  Failing Endpoints,  Worst Slack        0.031ns,  Total Violation        0.000ns
PW    :            0  Failing Endpoints,  Worst Slack        7.203ns,  Total Violation        0.000ns
---------------------------------------------------------------------------------------------------


Max Delay Paths
--------------------------------------------------------------------------------------
Slack (MET) :             0.064ns  (required time - arrival time)
  Source:                 synchronous.link/held_data_reg[5]/C
                            (rising edge-triggered cell FDCE clocked by usb_clk  {rise@0.000ns fall@8.333ns period=16.667ns})
  Destination:            usb_data[5]
                            (output port clocked by usb_clk  {rise@0.000ns fall@8.333ns period=16.667ns})
  Path Group:             usb_clk
  Path Type:              Max at Slow Process Corner
  Requirement:            16.667ns  (usb_clk rise@16.667ns - usb_clk rise@0.000ns)
  Data Path Delay:        3.757ns  (logic 3.756ns (99.973%)  route 0.001ns (0.027%))
  Logic Levels:           1  (OBUFT=1)
  Output Delay:           8.000ns
  Clock Path Skew:        -4.660ns (DCD - SCD + CPR)
    Destination Clock Delay (DCD):    0.000ns = ( 16.667 - 16.667 ) 
    Source Clock Delay      (SCD):    4.660ns
    Clock Pessimism Removal (CPR):    0.000ns
  Clock Uncertainty:      0.185ns  ((TSJ^2 + TIJ^2)^1/2 + DJ) / 2 + PE + UU
    Total System Jitter     (TSJ):    0.071ns
    Total Input Jitter      (TIJ):    0.000ns
    Discrete Jitter          (DJ):    0.000ns
    Phase Error              (PE):    0.000ns
    User Uncertainty         (UU):    0.150ns

    Location             Delay type                Incr(ns)  Path(ns)    Netlist Resource(s)
  -------------------------------------------------------------------    -------------------
                         (clock usb_clk rise edge)    0.000     0.000 r  
    Y4                                                0.000     0.000 r  usb_clk_60m (IN)
                         net (fo=0)                   0.000     0.000    usb_clk_60m
    Y4                   IBUF (Prop_ibuf_I_O)         1.439     1.439 r  usb_clk_60m_IBUF_inst/O
                         net (fo=1, routed)           1.689     3.127    usb_clk_60m_IBUF
    BUFGCTRL_X0Y0        BUFG (Prop_bufg_I_O)         0.081     3.208 r  synchronous.usb_clock_buffer/O
                         net (fo=1013, routed)        1.452     4.660    synchronous.link/synchronous.usb_clk
    OLOGIC_X1Y35         FDCE                                         r  synchronous.link/held_data_reg[5]/C
  -------------------------------------------------------------------    -------------------
    OLOGIC_X1Y35         FDCE (Prop_fdce_C_Q)         0.418     5.078 r  synchronous.link/held_data_reg[5]/Q
                         net (fo=1, routed)           0.001     5.079    usb_data_IOBUF[5]_inst/I
    AB1                  OBUFT (Prop_obuft_I_O)       3.338     8.417 r  usb_data_IOBUF[5]_inst/OBUFT/O
                         net (fo=1, unset)            0.000     8.417    usb_data[5]
    AB1                                                               r  usb_data[5] (INOUT)
  -------------------------------------------------------------------    -------------------

                         (clock usb_clk rise edge)   16.667    16.667 r  
                         clock pessimism              0.000    16.667    
                         clock uncertainty           -0.185    16.482    
                         output delay                -8.000     8.482    
  -------------------------------------------------------------------
                         required time                          8.482    
                         arrival time                          -8.417    
  -------------------------------------------------------------------
                         slack                                  0.064    





Min Delay Paths
--------------------------------------------------------------------------------------
Slack (MET) :             0.031ns  (arrival time - required time)
  Source:                 synchronous.link/stats_data_reg[193]/C
                            (rising edge-triggered cell FDCE clocked by usb_clk  {rise@0.000ns fall@8.333ns period=16.667ns})
  Destination:            synchronous.stats_mailbox/pending_data_reg[193]/D
                            (rising edge-triggered cell FDCE clocked by usb_clk  {rise@0.000ns fall@8.333ns period=16.667ns})
  Path Group:             usb_clk
  Path Type:              Hold (Min at Fast Process Corner)
  Requirement:            0.000ns  (usb_clk rise@0.000ns - usb_clk rise@0.000ns)
  Data Path Delay:        0.262ns  (logic 0.164ns (62.660%)  route 0.098ns (37.340%))
  Logic Levels:           0  
  Clock Path Skew:        0.015ns (DCD - SCD - CPR)
    Destination Clock Delay (DCD):    2.033ns
    Source Clock Delay      (SCD):    1.519ns
    Clock Pessimism Removal (CPR):    0.499ns
  Clock Uncertainty:      0.150ns  ((TSJ^2 + TIJ^2)^1/2 + DJ) / 2 + PE + UU
    Total System Jitter     (TSJ):    0.000ns
    Total Input Jitter      (TIJ):    0.000ns
    Discrete Jitter          (DJ):    0.000ns
    Phase Error              (PE):    0.000ns
    User Uncertainty         (UU):    0.150ns

    Location             Delay type                Incr(ns)  Path(ns)    Netlist Resource(s)
  -------------------------------------------------------------------    -------------------
                         (clock usb_clk rise edge)    0.000     0.000 r  
    Y4                                                0.000     0.000 r  usb_clk_60m (IN)
                         net (fo=0)                   0.000     0.000    usb_clk_60m
    Y4                   IBUF (Prop_ibuf_I_O)         0.275     0.275 r  usb_clk_60m_IBUF_inst/O
                         net (fo=1, routed)           0.631     0.906    usb_clk_60m_IBUF
    BUFGCTRL_X0Y0        BUFG (Prop_bufg_I_O)         0.026     0.932 r  synchronous.usb_clock_buffer/O
                         net (fo=1013, routed)        0.587     1.519    synchronous.link/synchronous.usb_clk
    SLICE_X60Y18         FDCE                                         r  synchronous.link/stats_data_reg[193]/C
  -------------------------------------------------------------------    -------------------
    SLICE_X60Y18         FDCE (Prop_fdce_C_Q)         0.164     1.683 r  synchronous.link/stats_data_reg[193]/Q
                         net (fo=1, routed)           0.098     1.781    synchronous.stats_mailbox/D[162]
    SLICE_X59Y17         FDCE                                         r  synchronous.stats_mailbox/pending_data_reg[193]/D
  -------------------------------------------------------------------    -------------------

                         (clock usb_clk rise edge)    0.000     0.000 r  
    Y4                                                0.000     0.000 r  usb_clk_60m (IN)
                         net (fo=0)                   0.000     0.000    usb_clk_60m
    Y4                   IBUF (Prop_ibuf_I_O)         0.463     0.463 r  usb_clk_60m_IBUF_inst/O
                         net (fo=1, routed)           0.685     1.148    usb_clk_60m_IBUF
    BUFGCTRL_X0Y0        BUFG (Prop_bufg_I_O)         0.029     1.177 r  synchronous.usb_clock_buffer/O
                         net (fo=1013, routed)        0.856     2.033    synchronous.stats_mailbox/synchronous.usb_clk
    SLICE_X59Y17         FDCE                                         r  synchronous.stats_mailbox/pending_data_reg[193]/C
                         clock pessimism             -0.499     1.534    
                         clock uncertainty            0.150     1.684    
    SLICE_X59Y17         FDCE (Hold_fdce_C_D)         0.066     1.750    synchronous.stats_mailbox/pending_data_reg[193]
  -------------------------------------------------------------------
                         required time                         -1.750    
                         arrival time                           1.781    
  -------------------------------------------------------------------
                         slack                                  0.031    





Pulse Width Checks
--------------------------------------------------------------------------------------
Clock Name:         usb_clk
Waveform(ns):       { 0.000 8.333 }
Period(ns):         16.667
Sources:            { usb_clk_60m }

Check Type        Corner  Lib Pin             Reference Pin  Required(ns)  Actual(ns)  Slack(ns)  Location      Pin
Min Period        n/a     RAMB36E1/CLKBWRCLK  n/a            2.170         16.667      14.497     RAMB36_X1Y0   synchronous.tx_fifo/memory_reg_0/CLKBWRCLK
Low Pulse Width   Slow    RAMD64E/CLK         n/a            1.130         8.333       7.203      SLICE_X64Y39  synchronous.rx_fifo/memory_reg_128_191_6_6/DP/CLK
High Pulse Width  Slow    RAMD64E/CLK         n/a            1.130         8.333       7.204      SLICE_X60Y36  synchronous.rx_fifo/memory_reg_0_63_0_2/RAMA/CLK



---------------------------------------------------------------------------------------------------
From Clock:  cam_clk
  To Clock:  clock_raw

Setup :            0  Failing Endpoints,  Worst Slack        0.161ns,  Total Violation        0.000ns
Hold  :            0  Failing Endpoints,  Worst Slack        0.643ns,  Total Violation        0.000ns
---------------------------------------------------------------------------------------------------


Max Delay Paths
--------------------------------------------------------------------------------------
Slack (MET) :             0.161ns  (required time - arrival time)
  Source:                 cam_data[1]
                            (input port clocked by cam_clk  {rise@0.000ns fall@6.625ns period=13.250ns})
  Destination:            real_camera.pin_data_reg[1]/D
                            (falling edge-triggered cell FDRE clocked by clock_raw  {rise@-1.104ns fall@5.521ns period=13.250ns})
  Path Group:             clock_raw
  Path Type:              Setup (Max at Slow Process Corner)
  Requirement:            12.146ns  (clock_raw fall@18.771ns - cam_clk fall@6.625ns)
  Data Path Delay:        2.280ns  (logic 1.436ns (62.990%)  route 0.844ns (37.010%))
  Logic Levels:           1  (IBUF=1)
  Input Delay:            10.000ns
  Clock Path Skew:        0.743ns (DCD - SCD + CPR)
    Destination Clock Delay (DCD):    0.743ns = ( 19.513 - 18.771 ) 
    Source Clock Delay      (SCD):    0.000ns = ( 6.625 - 6.625 ) 
    Clock Pessimism Removal (CPR):    0.000ns
  Clock Uncertainty:      0.404ns  ((TSJ^2 + DJ^2)^1/2) / 2 + PE + UU
    Total System Jitter     (TSJ):    0.071ns
    Discrete Jitter          (DJ):    0.114ns
    Phase Error              (PE):    0.087ns
    User Uncertainty         (UU):    0.250ns

    Location             Delay type                Incr(ns)  Path(ns)    Netlist Resource(s)
  -------------------------------------------------------------------    -------------------
                         (clock cam_clk fall edge)    6.625     6.625 f  
                         input delay                 10.000    16.625    
    B13                                               0.000    16.625 r  cam_data[1] (IN)
                         net (fo=0)                   0.000    16.625    cam_data[1]
    B13                  IBUF (Prop_ibuf_I_O)         1.436    18.061 r  cam_data_IBUF[1]_inst/O
                         net (fo=1, routed)           0.844    18.905    cam_data_IBUF[1]
    SLICE_X1Y129         FDRE                                         r  real_camera.pin_data_reg[1]/D
  -------------------------------------------------------------------    -------------------

                         (clock clock_raw fall edge)
                                                     18.771    18.771 f  
    F14                                               0.000    18.771 f  cam_pclk (IN)
                         net (fo=0)                   0.000    18.771    cam_pclk
    F14                  IBUF (Prop_ibuf_I_O)         1.327    20.097 f  cam_pclk_IBUF_inst/O
                         net (fo=1, routed)           2.581    22.678    real_camera.phase_clock.sampling_clock/pclk
    MMCME2_ADV_X0Y0      MMCME2_ADV (Prop_mmcme2_adv_CLKIN1_CLKOUT0)
                                                     -6.061    16.617 f  real_camera.phase_clock.sampling_clock/camera_mmcm/CLKOUT0
                         net (fo=1, routed)           1.357    17.975    real_camera.phase_clock.sampling_clock/clock_raw
    BUFGCTRL_X0Y3        BUFG (Prop_bufg_I_O)         0.077    18.052 f  real_camera.phase_clock.sampling_clock/sample_buffer/O
                         net (fo=495, routed)         1.462    19.513    real_camera.pclk
    SLICE_X1Y129         FDRE                                         r  real_camera.pin_data_reg[1]/C  (IS_INVERTED)
                         clock pessimism              0.000    19.513    
                         clock uncertainty           -0.404    19.109    
    SLICE_X1Y129         FDRE (Setup_fdre_C_D)       -0.043    19.066    real_camera.pin_data_reg[1]
  -------------------------------------------------------------------
                         required time                         19.066    
                         arrival time                         -18.905    
  -------------------------------------------------------------------
                         slack                                  0.161    





Min Delay Paths
--------------------------------------------------------------------------------------
Slack (MET) :             0.643ns  (arrival time - required time)
  Source:                 cam_data[4]
                            (input port clocked by cam_clk  {rise@0.000ns fall@6.625ns period=13.250ns})
  Destination:            real_camera.pin_data_reg[4]/D
                            (falling edge-triggered cell FDRE clocked by clock_raw  {rise@-1.104ns fall@5.521ns period=13.250ns})
  Path Group:             clock_raw
  Path Type:              Hold (Min at Fast Process Corner)
  Requirement:            -1.104ns  (clock_raw fall@5.521ns - cam_clk fall@6.625ns)
  Data Path Delay:        0.528ns  (logic 0.242ns (45.768%)  route 0.287ns (54.232%))
  Logic Levels:           1  (IBUF=1)
  Input Delay:            0.000ns
  Clock Path Skew:        0.508ns (DCD - SCD - CPR)
    Destination Clock Delay (DCD):    0.508ns = ( 6.029 - 5.521 ) 
    Source Clock Delay      (SCD):    0.000ns = ( 6.625 - 6.625 ) 
    Clock Pessimism Removal (CPR):    -0.000ns
  Clock Uncertainty:      0.404ns  ((TSJ^2 + DJ^2)^1/2) / 2 + PE + UU
    Total System Jitter     (TSJ):    0.071ns
    Discrete Jitter          (DJ):    0.114ns
    Phase Error              (PE):    0.087ns
    User Uncertainty         (UU):    0.250ns

    Location             Delay type                Incr(ns)  Path(ns)    Netlist Resource(s)
  -------------------------------------------------------------------    -------------------
                         (clock cam_clk fall edge)    6.625     6.625 f  
                         input delay                  0.000     6.625    
    D14                                               0.000     6.625 r  cam_data[4] (IN)
                         net (fo=0)                   0.000     6.625    cam_data[4]
    D14                  IBUF (Prop_ibuf_I_O)         0.242     6.867 r  cam_data_IBUF[4]_inst/O
                         net (fo=1, routed)           0.287     7.153    cam_data_IBUF[4]
    SLICE_X1Y138         FDRE                                         r  real_camera.pin_data_reg[4]/D
  -------------------------------------------------------------------    -------------------

                         (clock clock_raw fall edge)
                                                      5.521     5.521 f  
    F14                                               0.000     5.521 f  cam_pclk (IN)
                         net (fo=0)                   0.000     5.521    cam_pclk
    F14                  IBUF (Prop_ibuf_I_O)         0.417     5.938 f  cam_pclk_IBUF_inst/O
                         net (fo=1, routed)           1.726     7.664    real_camera.phase_clock.sampling_clock/pclk
    MMCME2_ADV_X0Y0      MMCME2_ADV (Prop_mmcme2_adv_CLKIN1_CLKOUT0)
                                                     -3.145     4.519 f  real_camera.phase_clock.sampling_clock/camera_mmcm/CLKOUT0
                         net (fo=1, routed)           0.534     5.052    real_camera.phase_clock.sampling_clock/clock_raw
    BUFGCTRL_X0Y3        BUFG (Prop_bufg_I_O)         0.029     5.081 f  real_camera.phase_clock.sampling_clock/sample_buffer/O
                         net (fo=495, routed)         0.948     6.029    real_camera.pclk
    SLICE_X1Y138         FDRE                                         r  real_camera.pin_data_reg[4]/C  (IS_INVERTED)
                         clock pessimism              0.000     6.029    
                         clock uncertainty            0.404     6.434    
    SLICE_X1Y138         FDRE (Hold_fdre_C_D)         0.077     6.511    real_camera.pin_data_reg[4]
  -------------------------------------------------------------------
                         required time                         -6.511    
                         arrival time                           7.153    
  -------------------------------------------------------------------
                         slack                                  0.643    





---------------------------------------------------------------------------------------------------
From Clock:  core_raw
  To Clock:  clock_raw

Setup :            0  Failing Endpoints,  Worst Slack        8.914ns,  Total Violation        0.000ns
Hold  :           NA  Failing Endpoints,  Worst Slack           NA  ,  Total Violation           NA
---------------------------------------------------------------------------------------------------


Max Delay Paths
--------------------------------------------------------------------------------------
Slack (MET) :             8.914ns  (required time - arrival time)
  Source:                 real_camera.capture/pixel_fifo/rgray_reg[11]/C
                            (rising edge-triggered cell FDCE clocked by core_raw  {rise@0.000ns fall@5.000ns period=10.000ns})
  Destination:            real_camera.capture/pixel_fifo/rgray_w1_reg[11]/D
                            (falling edge-triggered cell FDCE clocked by clock_raw  {rise@-1.104ns fall@5.521ns period=13.250ns})
  Path Group:             clock_raw
  Path Type:              Setup (Max at Slow Process Corner)
  Requirement:            10.000ns  (MaxDelay Path 10.000ns)
  Data Path Delay:        0.920ns  (logic 0.348ns (37.807%)  route 0.572ns (62.193%))
  Logic Levels:           0  
  Timing Exception:       MaxDelay Path 10.000ns -datapath_only

    Location             Delay type                Incr(ns)  Path(ns)    Netlist Resource(s)
  -------------------------------------------------------------------    -------------------
    SLICE_X9Y56                                       0.000     0.000 r  real_camera.capture/pixel_fifo/rgray_reg[11]/C
    SLICE_X9Y56          FDCE (Prop_fdce_C_Q)         0.348     0.348 r  real_camera.capture/pixel_fifo/rgray_reg[11]/Q
                         net (fo=1, routed)           0.572     0.920    real_camera.capture/pixel_fifo/rgray[11]
    SLICE_X2Y55          FDCE                                         r  real_camera.capture/pixel_fifo/rgray_w1_reg[11]/D
  -------------------------------------------------------------------    -------------------

                         max delay                   10.000    10.000    
    SLICE_X2Y55          FDCE (Setup_fdce_C_D)       -0.166     9.834    real_camera.capture/pixel_fifo/rgray_w1_reg[11]
  -------------------------------------------------------------------
                         required time                          9.834    
                         arrival time                          -0.920    
  -------------------------------------------------------------------
                         slack                                  8.914    





---------------------------------------------------------------------------------------------------
From Clock:  clock_raw
  To Clock:  core_raw

Setup :            0  Failing Endpoints,  Worst Slack       12.011ns,  Total Violation        0.000ns
Hold  :           NA  Failing Endpoints,  Worst Slack           NA  ,  Total Violation           NA
---------------------------------------------------------------------------------------------------


Max Delay Paths
--------------------------------------------------------------------------------------
Slack (MET) :             12.011ns  (required time - arrival time)
  Source:                 real_camera.capture/dropped_gray_reg[6]/C
                            (rising edge-triggered cell FDCE clocked by clock_raw'  {rise@-1.104ns fall@5.521ns period=13.250ns})
  Destination:            real_camera.capture/dropped_c1_reg[6]/D
                            (rising edge-triggered cell FDCE clocked by core_raw  {rise@0.000ns fall@5.000ns period=10.000ns})
  Path Group:             core_raw
  Path Type:              Setup (Max at Slow Process Corner)
  Requirement:            13.250ns  (MaxDelay Path 13.250ns)
  Data Path Delay:        1.032ns  (logic 0.353ns (34.217%)  route 0.679ns (65.783%))
  Logic Levels:           0  
  Timing Exception:       MaxDelay Path 13.250ns -datapath_only

    Location             Delay type                Incr(ns)  Path(ns)    Netlist Resource(s)
  -------------------------------------------------------------------    -------------------
    SLICE_X43Y65                                      0.000     0.000 r  real_camera.capture/dropped_gray_reg[6]/C
    SLICE_X43Y65         FDCE (Prop_fdce_C_Q)         0.353     0.353 r  real_camera.capture/dropped_gray_reg[6]/Q
                         net (fo=1, routed)           0.679     1.032    real_camera.capture/dropped_gray[6]
    SLICE_X48Y65         FDCE                                         r  real_camera.capture/dropped_c1_reg[6]/D
  -------------------------------------------------------------------    -------------------

                         max delay                   13.250    13.250    
    SLICE_X48Y65         FDCE (Setup_fdce_C_D)       -0.207    13.043    real_camera.capture/dropped_c1_reg[6]
  -------------------------------------------------------------------
                         required time                         13.043    
                         arrival time                          -1.032    
  -------------------------------------------------------------------
                         slack                                 12.011    





---------------------------------------------------------------------------------------------------
From Clock:  clk_pll_i_1
  To Clock:  core_raw

Setup :            0  Failing Endpoints,  Worst Slack        6.130ns,  Total Violation        0.000ns
Hold  :           NA  Failing Endpoints,  Worst Slack           NA  ,  Total Violation           NA
---------------------------------------------------------------------------------------------------


Max Delay Paths
--------------------------------------------------------------------------------------
Slack (MET) :             6.130ns  (required time - arrival time)
  Source:                 memory/bridge/read_fifo/memory_reg_0_63_126_128/RAMC/CLK
                            (rising edge-triggered cell RAMD64E clocked by clk_pll_i_1  {rise@0.000ns fall@5.000ns period=10.000ns})
  Destination:            memory/bridge/busy_reg/D
                            (rising edge-triggered cell FDCE clocked by core_raw  {rise@0.000ns fall@5.000ns period=10.000ns})
  Path Group:             core_raw
  Path Type:              Setup (Max at Slow Process Corner)
  Requirement:            10.000ns  (MaxDelay Path 10.000ns)
  Data Path Delay:        3.942ns  (logic 1.609ns (40.816%)  route 2.333ns (59.184%))
  Logic Levels:           5  (LUT4=2 LUT5=2 LUT6=1)
  Timing Exception:       MaxDelay Path 10.000ns -datapath_only

    Location             Delay type                Incr(ns)  Path(ns)    Netlist Resource(s)
  -------------------------------------------------------------------    -------------------
    SLICE_X42Y98                                      0.000     0.000 r  memory/bridge/read_fifo/memory_reg_0_63_126_128/RAMC/CLK
    SLICE_X42Y98         RAMD64E (Prop_ramd64e_CLK_O)
                                                      1.084     1.084 r  memory/bridge/read_fifo/memory_reg_0_63_126_128/RAMC/O
                         net (fo=1, routed)           1.108     2.192    memory/bridge/read_fifo/memory_reg_0_63_126_128_n_2
    SLICE_X14Y98         LUT4 (Prop_lut4_I3_O)        0.105     2.297 r  memory/bridge/read_fifo/read_consumed_i_3/O
                         net (fo=2, routed)           0.242     2.539    memory/bridge/read_fifo/busy_reg_0
    SLICE_X14Y97         LUT5 (Prop_lut5_I0_O)        0.105     2.644 r  memory/bridge/read_fifo/done_i_3__0/O
                         net (fo=1, routed)           0.230     2.874    memory/bridge/read_fifo/done_i_3__0_n_0
    SLICE_X14Y96         LUT6 (Prop_lut6_I1_O)        0.105     2.979 r  memory/bridge/read_fifo/done_i_2__0/O
                         net (fo=2, routed)           0.250     3.229    memory/bridge/read_fifo/done_i_2__0_n_0
    SLICE_X14Y95         LUT5 (Prop_lut5_I1_O)        0.105     3.334 r  memory/bridge/read_fifo/busy_i_2__0/O
                         net (fo=1, routed)           0.503     3.837    memory/bridge/read_fifo_n_11
    SLICE_X14Y95         LUT4 (Prop_lut4_I2_O)        0.105     3.942 r  memory/bridge/busy_i_1/O
                         net (fo=1, routed)           0.000     3.942    memory/bridge/busy_i_1_n_0
    SLICE_X14Y95         FDCE                                         r  memory/bridge/busy_reg/D
  -------------------------------------------------------------------    -------------------

                         max delay                   10.000    10.000    
    SLICE_X14Y95         FDCE (Setup_fdce_C_D)        0.072    10.072    memory/bridge/busy_reg
  -------------------------------------------------------------------
                         required time                         10.072    
                         arrival time                          -3.942    
  -------------------------------------------------------------------
                         slack                                  6.130    





---------------------------------------------------------------------------------------------------
From Clock:  usb_clk
  To Clock:  core_raw

Setup :            0  Failing Endpoints,  Worst Slack        7.950ns,  Total Violation        0.000ns
Hold  :           NA  Failing Endpoints,  Worst Slack           NA  ,  Total Violation           NA
---------------------------------------------------------------------------------------------------


Max Delay Paths
--------------------------------------------------------------------------------------
Slack (MET) :             7.950ns  (required time - arrival time)
  Source:                 synchronous.rx_fifo/memory_reg_128_191_7_7/DP/CLK
                            (rising edge-triggered cell RAMD64E clocked by usb_clk  {rise@0.000ns fall@8.333ns period=16.667ns})
  Destination:            synchronous.rx_fifo/m_data_reg[7]/D
                            (rising edge-triggered cell FDRE clocked by core_raw  {rise@0.000ns fall@5.000ns period=10.000ns})
  Path Group:             core_raw
  Path Type:              Setup (Max at Slow Process Corner)
  Requirement:            10.000ns  (MaxDelay Path 10.000ns)
  Data Path Delay:        2.082ns  (logic 1.186ns (56.977%)  route 0.896ns (43.023%))
  Logic Levels:           1  (LUT6=1)
  Timing Exception:       MaxDelay Path 10.000ns -datapath_only

    Location             Delay type                Incr(ns)  Path(ns)    Netlist Resource(s)
  -------------------------------------------------------------------    -------------------
    SLICE_X64Y39                                      0.000     0.000 r  synchronous.rx_fifo/memory_reg_128_191_7_7/DP/CLK
    SLICE_X64Y39         RAMD64E (Prop_ramd64e_CLK_O)
                                                      1.081     1.081 r  synchronous.rx_fifo/memory_reg_128_191_7_7/DP/O
                         net (fo=1, routed)           0.896     1.977    synchronous.rx_fifo/memory_reg_128_191_7_7_n_0
    SLICE_X61Y38         LUT6 (Prop_lut6_I1_O)        0.105     2.082 r  synchronous.rx_fifo/m_data[7]_i_2__2/O
                         net (fo=1, routed)           0.000     2.082    synchronous.rx_fifo/m_data0[7]
    SLICE_X61Y38         FDRE                                         r  synchronous.rx_fifo/m_data_reg[7]/D
  -------------------------------------------------------------------    -------------------

                         max delay                   10.000    10.000    
    SLICE_X61Y38         FDRE (Setup_fdre_C_D)        0.032    10.032    synchronous.rx_fifo/m_data_reg[7]
  -------------------------------------------------------------------
                         required time                         10.032    
                         arrival time                          -2.082    
  -------------------------------------------------------------------
                         slack                                  7.950    





---------------------------------------------------------------------------------------------------
From Clock:  clk_pll_i_1
  To Clock:  ddr_ref_raw

Setup :            0  Failing Endpoints,  Worst Slack       18.706ns,  Total Violation        0.000ns
Hold  :           NA  Failing Endpoints,  Worst Slack           NA  ,  Total Violation           NA
---------------------------------------------------------------------------------------------------


Max Delay Paths
--------------------------------------------------------------------------------------
Slack (MET) :             18.706ns  (required time - arrival time)
  Source:                 memory/controller/u_davinci_ddr3_mig_mig/u_ddr3_infrastructure/rstdiv0_sync_r1_reg_rep/C
                            (rising edge-triggered cell FDPE clocked by clk_pll_i_1  {rise@0.000ns fall@5.000ns period=10.000ns})
  Destination:            memory/controller/u_davinci_ddr3_mig_mig/temp_mon_enabled.u_tempmon/xadc_supplied_temperature.rst_r1_reg/D
                            (rising edge-triggered cell FDRE clocked by ddr_ref_raw  {rise@0.000ns fall@2.500ns period=5.000ns})
  Path Group:             ddr_ref_raw
  Path Type:              Setup (Max at Slow Process Corner)
  Requirement:            20.000ns  (MaxDelay Path 20.000ns)
  Data Path Delay:        1.219ns  (logic 0.379ns (31.079%)  route 0.840ns (68.921%))
  Logic Levels:           0  
  Timing Exception:       MaxDelay Path 20.000ns -datapath_only

    Location             Delay type                Incr(ns)  Path(ns)    Netlist Resource(s)
  -------------------------------------------------------------------    -------------------
    SLICE_X15Y85                                      0.000     0.000 r  memory/controller/u_davinci_ddr3_mig_mig/u_ddr3_infrastructure/rstdiv0_sync_r1_reg_rep/C
    SLICE_X15Y85         FDPE (Prop_fdpe_C_Q)         0.379     0.379 r  memory/controller/u_davinci_ddr3_mig_mig/u_ddr3_infrastructure/rstdiv0_sync_r1_reg_rep/Q
                         net (fo=53, routed)          0.840     1.219    memory/controller/u_davinci_ddr3_mig_mig/temp_mon_enabled.u_tempmon/in0
    SLICE_X13Y69         FDRE                                         r  memory/controller/u_davinci_ddr3_mig_mig/temp_mon_enabled.u_tempmon/xadc_supplied_temperature.rst_r1_reg/D
  -------------------------------------------------------------------    -------------------

                         max delay                   20.000    20.000    
    SLICE_X13Y69         FDRE (Setup_fdre_C_D)       -0.075    19.925    memory/controller/u_davinci_ddr3_mig_mig/temp_mon_enabled.u_tempmon/xadc_supplied_temperature.rst_r1_reg
  -------------------------------------------------------------------
                         required time                         19.925    
                         arrival time                          -1.219    
  -------------------------------------------------------------------
                         slack                                 18.706    





---------------------------------------------------------------------------------------------------
From Clock:  clk_pll_i_1
  To Clock:  u_memc_ui_top_std/mem_intfc0/ddr_phy_top0/u_ddr_mc_phy_wrapper/u_ddr_mc_phy/ddr_phy_4lanes_0.u_ddr_phy_4lanes/ddr_byte_lane_C.ddr_byte_lane_C/iserdes_clk_1

Setup :            0  Failing Endpoints,  Worst Slack        8.911ns,  Total Violation        0.000ns
Hold  :            0  Failing Endpoints,  Worst Slack       37.792ns,  Total Violation        0.000ns
---------------------------------------------------------------------------------------------------


Max Delay Paths
--------------------------------------------------------------------------------------
Slack (MET) :             8.911ns  (required time - arrival time)
  Source:                 memory/controller/u_davinci_ddr3_mig_mig/u_memc_ui_top_std/mem_intfc0/mc0/mc_read_idle_r_reg/C
                            (rising edge-triggered cell FDRE clocked by clk_pll_i_1  {rise@0.000ns fall@5.000ns period=10.000ns})
  Destination:            memory/controller/u_davinci_ddr3_mig_mig/u_memc_ui_top_std/mem_intfc0/ddr_phy_top0/u_ddr_mc_phy_wrapper/u_ddr_mc_phy/ddr_phy_4lanes_0.u_ddr_phy_4lanes/ddr_byte_lane_C.ddr_byte_lane_C/ddr_byte_group_io/input_[9].iserdes_dq_.iserdesdq/DDLY
                            (falling edge-triggered cell ISERDESE2 clocked by u_memc_ui_top_std/mem_intfc0/ddr_phy_top0/u_ddr_mc_phy_wrapper/u_ddr_mc_phy/ddr_phy_4lanes_0.u_ddr_phy_4lanes/ddr_byte_lane_C.ddr_byte_lane_C/iserdes_clk_1  {rise@0.000ns fall@1.250ns period=2.500ns})
  Path Group:             u_memc_ui_top_std/mem_intfc0/ddr_phy_top0/u_ddr_mc_phy_wrapper/u_ddr_mc_phy/ddr_phy_4lanes_0.u_ddr_phy_4lanes/ddr_byte_lane_C.ddr_byte_lane_C/iserdes_clk_1
  Path Type:              Setup (Max at Slow Process Corner)
  Requirement:            13.750ns  (u_memc_ui_top_std/mem_intfc0/ddr_phy_top0/u_ddr_mc_phy_wrapper/u_ddr_mc_phy/ddr_phy_4lanes_0.u_ddr_phy_4lanes/ddr_byte_lane_C.ddr_byte_lane_C/iserdes_clk_1 fall@13.750ns - clk_pll_i_1 rise@0.000ns)
  Data Path Delay:        4.878ns  (logic 3.357ns (68.821%)  route 1.521ns (31.179%))
  Logic Levels:           2  (IBUF_INTERMDISABLE=1 IDELAYE2=1)
  Clock Path Skew:        0.381ns (DCD - SCD + CPR)
    Destination Clock Delay (DCD):    1.332ns = ( 2.582 - 1.250 ) 
    Source Clock Delay      (SCD):    1.395ns
    Clock Pessimism Removal (CPR):    0.444ns
  Clock Uncertainty:      0.210ns  ((TSJ^2 + DJ^2)^1/2) / 2 + PE
    Total System Jitter     (TSJ):    0.071ns
    Discrete Jitter          (DJ):    0.096ns
    Phase Error              (PE):    0.150ns
  Timing Exception:       MultiCycle Path   Setup -end   6

    Location             Delay type                Incr(ns)  Path(ns)    Netlist Resource(s)
  -------------------------------------------------------------------    -------------------
                         (clock clk_pll_i_1 rise edge)
                                                      0.000     0.000 r  
    R4                                                0.000     0.000 r  sys_clk (IN)
                         net (fo=0)                   0.000     0.000    sys_clk
    R4                   IBUF (Prop_ibuf_I_O)         1.432     1.432 r  sys_clk_IBUF_inst/O
                         net (fo=1, routed)           1.065     2.497    multiplied_clock.clock_generator/sys_clk_IBUF
    MMCME2_ADV_X1Y0      MMCME2_ADV (Prop_mmcme2_adv_CLKIN1_CLKOUT1)
                                                     -5.921    -3.424 r  multiplied_clock.clock_generator/mmcm/CLKOUT1
                         net (fo=1, routed)           1.421    -2.004    multiplied_clock.clock_generator/ddr_ref_raw
    BUFGCTRL_X0Y1        BUFG (Prop_bufg_I_O)         0.081    -1.923 r  multiplied_clock.clock_generator/ddr_ref_buffer/O
                         net (fo=63, routed)          1.394    -0.528    memory/controller/u_davinci_ddr3_mig_mig/u_ddr3_infrastructure/mmcm_clk
    PLLE2_ADV_X1Y1       PLLE2_ADV (Prop_plle2_adv_CLKIN1_CLKOUT3)
                                                      0.077    -0.451 r  memory/controller/u_davinci_ddr3_mig_mig/u_ddr3_infrastructure/plle2_i/CLKOUT3
                         net (fo=1, routed)           1.062     0.611    memory/controller/u_davinci_ddr3_mig_mig/u_ddr3_infrastructure/pll_clk3_out
    BUFHCE_X1Y12         BUFH (Prop_bufh_I_O)         0.106     0.717 r  memory/controller/u_davinci_ddr3_mig_mig/u_ddr3_infrastructure/u_bufh_pll_clk3/O
                         net (fo=1, routed)           0.702     1.419    memory/controller/u_davinci_ddr3_mig_mig/u_ddr3_infrastructure/pll_clk3
    MMCME2_ADV_X1Y1      MMCME2_ADV (Prop_mmcme2_adv_CLKIN1_CLKFBOUT)
                                                     -2.874    -1.455 r  memory/controller/u_davinci_ddr3_mig_mig/u_ddr3_infrastructure/gen_mmcm.mmcm_i/CLKFBOUT
                         net (fo=1, routed)           1.421    -0.035    memory/controller/u_davinci_ddr3_mig_mig/u_ddr3_infrastructure/clk_pll_i
    BUFGCTRL_X0Y16       BUFG (Prop_bufg_I_O)         0.081     0.046 r  memory/controller/u_davinci_ddr3_mig_mig/u_ddr3_infrastructure/u_bufg_clkdiv0/O
                         net (fo=4851, routed)        1.348     1.395    memory/controller/u_davinci_ddr3_mig_mig/u_memc_ui_top_std/mem_intfc0/mc0/CLK
    SLICE_X55Y81         FDRE                                         r  memory/controller/u_davinci_ddr3_mig_mig/u_memc_ui_top_std/mem_intfc0/mc0/mc_read_idle_r_reg/C
  -------------------------------------------------------------------    -------------------
    SLICE_X55Y81         FDRE (Prop_fdre_C_Q)         0.379     1.774 r  memory/controller/u_davinci_ddr3_mig_mig/u_memc_ui_top_std/mem_intfc0/mc0/mc_read_idle_r_reg/Q
                         net (fo=36, routed)          1.521     3.294    memory/controller/u_davinci_ddr3_mig_mig/u_memc_ui_top_std/mem_intfc0/ddr_phy_top0/u_ddr_mc_phy_wrapper/gen_dq_iobuf_HR.gen_dq_iobuf[3].u_iobuf_dq/IBUFDISABLE
    K1                   IBUF_INTERMDISABLE (Prop_ibuf_intermdisable_IBUFDISABLE_O)
                                                      2.299     5.593 r  memory/controller/u_davinci_ddr3_mig_mig/u_memc_ui_top_std/mem_intfc0/ddr_phy_top0/u_ddr_mc_phy_wrapper/gen_dq_iobuf_HR.gen_dq_iobuf[3].u_iobuf_dq/IBUF/O
                         net (fo=2, routed)           0.000     5.593    memory/controller/u_davinci_ddr3_mig_mig/u_memc_ui_top_std/mem_intfc0/ddr_phy_top0/u_ddr_mc_phy_wrapper/u_ddr_mc_phy/ddr_phy_4lanes_0.u_ddr_phy_4lanes/ddr_byte_lane_C.ddr_byte_lane_C/ddr_byte_group_io/mem_dq_in[7]
    IDELAY_X1Y86         IDELAYE2 (Prop_idelaye2_IDATAIN_DATAOUT)
                                                      0.679     6.272 r  memory/controller/u_davinci_ddr3_mig_mig/u_memc_ui_top_std/mem_intfc0/ddr_phy_top0/u_ddr_mc_phy_wrapper/u_ddr_mc_phy/ddr_phy_4lanes_0.u_ddr_phy_4lanes/ddr_byte_lane_C.ddr_byte_lane_C/ddr_byte_group_io/input_[9].iserdes_dq_.idelay_dq.idelaye2/DATAOUT
                         net (fo=1, routed)           0.000     6.272    memory/controller/u_davinci_ddr3_mig_mig/u_memc_ui_top_std/mem_intfc0/ddr_phy_top0/u_ddr_mc_phy_wrapper/u_ddr_mc_phy/ddr_phy_4lanes_0.u_ddr_phy_4lanes/ddr_byte_lane_C.ddr_byte_lane_C/ddr_byte_group_io/data_in_dly_9
    ILOGIC_X1Y86         ISERDESE2                                    r  memory/controller/u_davinci_ddr3_mig_mig/u_memc_ui_top_std/mem_intfc0/ddr_phy_top0/u_ddr_mc_phy_wrapper/u_ddr_mc_phy/ddr_phy_4lanes_0.u_ddr_phy_4lanes/ddr_byte_lane_C.ddr_byte_lane_C/ddr_byte_group_io/input_[9].iserdes_dq_.iserdesdq/DDLY
  -------------------------------------------------------------------    -------------------

                         (clock u_memc_ui_top_std/mem_intfc0/ddr_phy_top0/u_ddr_mc_phy_wrapper/u_ddr_mc_phy/ddr_phy_4lanes_0.u_ddr_phy_4lanes/ddr_byte_lane_C.ddr_byte_lane_C/iserdes_clk_1 fall edge)
                                                     13.750    13.750 f  
    R4                                                0.000    13.750 f  sys_clk (IN)
                         net (fo=0)                   0.000    13.750    sys_clk
    R4                   IBUF (Prop_ibuf_I_O)         1.366    15.116 f  sys_clk_IBUF_inst/O
                         net (fo=1, routed)           1.004    16.119    multiplied_clock.clock_generator/sys_clk_IBUF
    MMCME2_ADV_X1Y0      MMCME2_ADV (Prop_mmcme2_adv_CLKIN1_CLKOUT1)
                                                     -6.057    10.062 f  multiplied_clock.clock_generator/mmcm/CLKOUT1
                         net (fo=1, routed)           1.352    11.415    multiplied_clock.clock_generator/ddr_ref_raw
    BUFGCTRL_X0Y1        BUFG (Prop_bufg_I_O)         0.077    11.492 f  multiplied_clock.clock_generator/ddr_ref_buffer/O
                         net (fo=63, routed)          1.290    12.782    memory/controller/u_davinci_ddr3_mig_mig/u_ddr3_infrastructure/mmcm_clk
    PLLE2_ADV_X1Y1       PLLE2_ADV (Prop_plle2_adv_CLKIN1_CLKOUT0)
                                                      0.073    12.855 f  memory/controller/u_davinci_ddr3_mig_mig/u_ddr3_infrastructure/plle2_i/CLKOUT0
                         net (fo=7, routed)           0.490    13.345    memory/controller/u_davinci_ddr3_mig_mig/u_memc_ui_top_std/mem_intfc0/ddr_phy_top0/u_ddr_mc_phy_wrapper/u_ddr_mc_phy/ddr_phy_4lanes_0.u_ddr_phy_4lanes/ddr_byte_lane_C.ddr_byte_lane_C/freq_refclk
    PHASER_IN_PHY_X1Y6   PHASER_IN_PHY (Prop_phaser_in_phy_FREQREFCLK_ICLK)
                                                      1.394    14.739 f  memory/controller/u_davinci_ddr3_mig_mig/u_memc_ui_top_std/mem_intfc0/ddr_phy_top0/u_ddr_mc_phy_wrapper/u_ddr_mc_phy/ddr_phy_4lanes_0.u_ddr_phy_4lanes/ddr_byte_lane_C.ddr_byte_lane_C/phaser_in_gen.phaser_in/ICLK
                         net (fo=16, routed)          0.343    15.082    memory/controller/u_davinci_ddr3_mig_mig/u_memc_ui_top_std/mem_intfc0/ddr_phy_top0/u_ddr_mc_phy_wrapper/u_ddr_mc_phy/ddr_phy_4lanes_0.u_ddr_phy_4lanes/ddr_byte_lane_C.ddr_byte_lane_C/ddr_byte_group_io/CLKB0
    ILOGIC_X1Y86         ISERDESE2                                    r  memory/controller/u_davinci_ddr3_mig_mig/u_memc_ui_top_std/mem_intfc0/ddr_phy_top0/u_ddr_mc_phy_wrapper/u_ddr_mc_phy/ddr_phy_4lanes_0.u_ddr_phy_4lanes/ddr_byte_lane_C.ddr_byte_lane_C/ddr_byte_group_io/input_[9].iserdes_dq_.iserdesdq/CLKB  (IS_INVERTED)
                         clock pessimism              0.444    15.526    
                         clock uncertainty           -0.210    15.316    
    ILOGIC_X1Y86         ISERDESE2 (Setup_iserdese2_CLKB_DDLY)
                                                     -0.132    15.184    memory/controller/u_davinci_ddr3_mig_mig/u_memc_ui_top_std/mem_intfc0/ddr_phy_top0/u_ddr_mc_phy_wrapper/u_ddr_mc_phy/ddr_phy_4lanes_0.u_ddr_phy_4lanes/ddr_byte_lane_C.ddr_byte_lane_C/ddr_byte_group_io/input_[9].iserdes_dq_.iserdesdq
  -------------------------------------------------------------------
                         required time                         15.184    
                         arrival time                          -6.272    
  -------------------------------------------------------------------
                         slack                                  8.911    





Min Delay Paths
--------------------------------------------------------------------------------------
Slack (MET) :             37.792ns  (arrival time - required time)
  Source:                 memory/controller/u_davinci_ddr3_mig_mig/u_memc_ui_top_std/mem_intfc0/mc0/mc_read_idle_r_reg/C
                            (rising edge-triggered cell FDRE clocked by clk_pll_i_1  {rise@0.000ns fall@5.000ns period=10.000ns})
  Destination:            memory/controller/u_davinci_ddr3_mig_mig/u_memc_ui_top_std/mem_intfc0/ddr_phy_top0/u_ddr_mc_phy_wrapper/u_ddr_mc_phy/ddr_phy_4lanes_0.u_ddr_phy_4lanes/ddr_byte_lane_C.ddr_byte_lane_C/ddr_byte_group_io/input_[6].iserdes_dq_.iserdesdq/DDLY
                            (rising edge-triggered cell ISERDESE2 clocked by u_memc_ui_top_std/mem_intfc0/ddr_phy_top0/u_ddr_mc_phy_wrapper/u_ddr_mc_phy/ddr_phy_4lanes_0.u_ddr_phy_4lanes/ddr_byte_lane_C.ddr_byte_lane_C/iserdes_clk_1  {rise@0.000ns fall@1.250ns period=2.500ns})
  Path Group:             u_memc_ui_top_std/mem_intfc0/ddr_phy_top0/u_ddr_mc_phy_wrapper/u_ddr_mc_phy/ddr_phy_4lanes_0.u_ddr_phy_4lanes/ddr_byte_lane_C.ddr_byte_lane_C/iserdes_clk_1
  Path Type:              Hold (Min at Fast Process Corner)
  Requirement:            -37.500ns  (u_memc_ui_top_std/mem_intfc0/ddr_phy_top0/u_ddr_mc_phy_wrapper/u_ddr_mc_phy/ddr_phy_4lanes_0.u_ddr_phy_4lanes/ddr_byte_lane_C.ddr_byte_lane_C/iserdes_clk_1 rise@12.500ns - clk_pll_i_1 rise@50.000ns)
  Data Path Delay:        1.503ns  (logic 1.068ns (71.051%)  route 0.435ns (28.949%))
  Logic Levels:           2  (IBUF_INTERMDISABLE=1 IDELAYE2=1)
  Clock Path Skew:        0.945ns (DCD - SCD - CPR)
    Destination Clock Delay (DCD):    0.841ns
    Source Clock Delay      (SCD):    0.133ns
    Clock Pessimism Removal (CPR):    -0.237ns
  Clock Uncertainty:      0.210ns  ((TSJ^2 + DJ^2)^1/2) / 2 + PE
    Total System Jitter     (TSJ):    0.071ns
    Discrete Jitter          (DJ):    0.096ns
    Phase Error              (PE):    0.150ns
  Timing Exception:       MultiCycle Path   Setup -end   6    Hold  -start 5

    Location             Delay type                Incr(ns)  Path(ns)    Netlist Resource(s)
  -------------------------------------------------------------------    -------------------
                         (clock clk_pll_i_1 rise edge)
                                                     50.000    50.000 r  
    R4                                                0.000    50.000 r  sys_clk (IN)
                         net (fo=0)                   0.000    50.000    sys_clk
    R4                   IBUF (Prop_ibuf_I_O)         0.269    50.269 r  sys_clk_IBUF_inst/O
                         net (fo=1, routed)           0.440    50.709    multiplied_clock.clock_generator/sys_clk_IBUF
    MMCME2_ADV_X1Y0      MMCME2_ADV (Prop_mmcme2_adv_CLKIN1_CLKOUT1)
                                                     -2.360    48.349 r  multiplied_clock.clock_generator/mmcm/CLKOUT1
                         net (fo=1, routed)           0.486    48.835    multiplied_clock.clock_generator/ddr_ref_raw
    BUFGCTRL_X0Y1        BUFG (Prop_bufg_I_O)         0.026    48.861 r  multiplied_clock.clock_generator/ddr_ref_buffer/O
                         net (fo=63, routed)          0.552    49.413    memory/controller/u_davinci_ddr3_mig_mig/u_ddr3_infrastructure/mmcm_clk
    PLLE2_ADV_X1Y1       PLLE2_ADV (Prop_plle2_adv_CLKIN1_CLKOUT3)
                                                      0.050    49.463 r  memory/controller/u_davinci_ddr3_mig_mig/u_ddr3_infrastructure/plle2_i/CLKOUT3
                         net (fo=1, routed)           0.381    49.844    memory/controller/u_davinci_ddr3_mig_mig/u_ddr3_infrastructure/pll_clk3_out
    BUFHCE_X1Y12         BUFH (Prop_bufh_I_O)         0.020    49.864 r  memory/controller/u_davinci_ddr3_mig_mig/u_ddr3_infrastructure/u_bufh_pll_clk3/O
                         net (fo=1, routed)           0.259    50.123    memory/controller/u_davinci_ddr3_mig_mig/u_ddr3_infrastructure/pll_clk3
    MMCME2_ADV_X1Y1      MMCME2_ADV (Prop_mmcme2_adv_CLKIN1_CLKFBOUT)
                                                     -1.057    49.066 r  memory/controller/u_davinci_ddr3_mig_mig/u_ddr3_infrastructure/gen_mmcm.mmcm_i/CLKFBOUT
                         net (fo=1, routed)           0.486    49.552    memory/controller/u_davinci_ddr3_mig_mig/u_ddr3_infrastructure/clk_pll_i
    BUFGCTRL_X0Y16       BUFG (Prop_bufg_I_O)         0.026    49.578 r  memory/controller/u_davinci_ddr3_mig_mig/u_ddr3_infrastructure/u_bufg_clkdiv0/O
                         net (fo=4851, routed)        0.555    50.133    memory/controller/u_davinci_ddr3_mig_mig/u_memc_ui_top_std/mem_intfc0/mc0/CLK
    SLICE_X55Y81         FDRE                                         r  memory/controller/u_davinci_ddr3_mig_mig/u_memc_ui_top_std/mem_intfc0/mc0/mc_read_idle_r_reg/C
  -------------------------------------------------------------------    -------------------
    SLICE_X55Y81         FDRE (Prop_fdre_C_Q)         0.141    50.274 r  memory/controller/u_davinci_ddr3_mig_mig/u_memc_ui_top_std/mem_intfc0/mc0/mc_read_idle_r_reg/Q
                         net (fo=36, routed)          0.435    50.709    memory/controller/u_davinci_ddr3_mig_mig/u_memc_ui_top_std/mem_intfc0/ddr_phy_top0/u_ddr_mc_phy_wrapper/gen_dq_iobuf_HR.gen_dq_iobuf[1].u_iobuf_dq/IBUFDISABLE
    G2                   IBUF_INTERMDISABLE (Prop_ibuf_intermdisable_IBUFDISABLE_O)
                                                      0.684    51.393 r  memory/controller/u_davinci_ddr3_mig_mig/u_memc_ui_top_std/mem_intfc0/ddr_phy_top0/u_ddr_mc_phy_wrapper/gen_dq_iobuf_HR.gen_dq_iobuf[1].u_iobuf_dq/IBUF/O
                         net (fo=2, routed)           0.000    51.393    memory/controller/u_davinci_ddr3_mig_mig/u_memc_ui_top_std/mem_intfc0/ddr_phy_top0/u_ddr_mc_phy_wrapper/u_ddr_mc_phy/ddr_phy_4lanes_0.u_ddr_phy_4lanes/ddr_byte_lane_C.ddr_byte_lane_C/ddr_byte_group_io/mem_dq_in[5]
    IDELAY_X1Y83         IDELAYE2 (Prop_idelaye2_IDATAIN_DATAOUT)
                                                      0.243    51.636 r  memory/controller/u_davinci_ddr3_mig_mig/u_memc_ui_top_std/mem_intfc0/ddr_phy_top0/u_ddr_mc_phy_wrapper/u_ddr_mc_phy/ddr_phy_4lanes_0.u_ddr_phy_4lanes/ddr_byte_lane_C.ddr_byte_lane_C/ddr_byte_group_io/input_[6].iserdes_dq_.idelay_dq.idelaye2/DATAOUT
                         net (fo=1, routed)           0.000    51.636    memory/controller/u_davinci_ddr3_mig_mig/u_memc_ui_top_std/mem_intfc0/ddr_phy_top0/u_ddr_mc_phy_wrapper/u_ddr_mc_phy/ddr_phy_4lanes_0.u_ddr_phy_4lanes/ddr_byte_lane_C.ddr_byte_lane_C/ddr_byte_group_io/data_in_dly_6
    ILOGIC_X1Y83         ISERDESE2                                    r  memory/controller/u_davinci_ddr3_mig_mig/u_memc_ui_top_std/mem_intfc0/ddr_phy_top0/u_ddr_mc_phy_wrapper/u_ddr_mc_phy/ddr_phy_4lanes_0.u_ddr_phy_4lanes/ddr_byte_lane_C.ddr_byte_lane_C/ddr_byte_group_io/input_[6].iserdes_dq_.iserdesdq/DDLY
  -------------------------------------------------------------------    -------------------

                         (clock u_memc_ui_top_std/mem_intfc0/ddr_phy_top0/u_ddr_mc_phy_wrapper/u_ddr_mc_phy/ddr_phy_4lanes_0.u_ddr_phy_4lanes/ddr_byte_lane_C.ddr_byte_lane_C/iserdes_clk_1 rise edge)
                                                     12.500    12.500 r  
    R4                                                0.000    12.500 r  sys_clk (IN)
                         net (fo=0)                   0.000    12.500    sys_clk
    R4                   IBUF (Prop_ibuf_I_O)         0.457    12.957 r  sys_clk_IBUF_inst/O
                         net (fo=1, routed)           0.480    13.437    multiplied_clock.clock_generator/sys_clk_IBUF
    MMCME2_ADV_X1Y0      MMCME2_ADV (Prop_mmcme2_adv_CLKIN1_CLKOUT1)
                                                     -3.142    10.295 r  multiplied_clock.clock_generator/mmcm/CLKOUT1
                         net (fo=1, routed)           0.530    10.824    multiplied_clock.clock_generator/ddr_ref_raw
    BUFGCTRL_X0Y1        BUFG (Prop_bufg_I_O)         0.029    10.853 r  multiplied_clock.clock_generator/ddr_ref_buffer/O
                         net (fo=63, routed)          0.820    11.673    memory/controller/u_davinci_ddr3_mig_mig/u_ddr3_infrastructure/mmcm_clk
    PLLE2_ADV_X1Y1       PLLE2_ADV (Prop_plle2_adv_CLKIN1_CLKOUT0)
                                                      0.053    11.726 r  memory/controller/u_davinci_ddr3_mig_mig/u_ddr3_infrastructure/plle2_i/CLKOUT0
                         net (fo=7, routed)           0.217    11.943    memory/controller/u_davinci_ddr3_mig_mig/u_memc_ui_top_std/mem_intfc0/ddr_phy_top0/u_ddr_mc_phy_wrapper/u_ddr_mc_phy/ddr_phy_4lanes_0.u_ddr_phy_4lanes/ddr_byte_lane_C.ddr_byte_lane_C/freq_refclk
    PHASER_IN_PHY_X1Y6   PHASER_IN_PHY (Prop_phaser_in_phy_FREQREFCLK_ICLK)
                                                      1.219    13.162 r  memory/controller/u_davinci_ddr3_mig_mig/u_memc_ui_top_std/mem_intfc0/ddr_phy_top0/u_ddr_mc_phy_wrapper/u_ddr_mc_phy/ddr_phy_4lanes_0.u_ddr_phy_4lanes/ddr_byte_lane_C.ddr_byte_lane_C/phaser_in_gen.phaser_in/ICLK
                         net (fo=16, routed)          0.179    13.341    memory/controller/u_davinci_ddr3_mig_mig/u_memc_ui_top_std/mem_intfc0/ddr_phy_top0/u_ddr_mc_phy_wrapper/u_ddr_mc_phy/ddr_phy_4lanes_0.u_ddr_phy_4lanes/ddr_byte_lane_C.ddr_byte_lane_C/ddr_byte_group_io/dq_gen_40.if_post_fifo_gen.if_empty_r_reg[3]
    ILOGIC_X1Y83         ISERDESE2                                    r  memory/controller/u_davinci_ddr3_mig_mig/u_memc_ui_top_std/mem_intfc0/ddr_phy_top0/u_ddr_mc_phy_wrapper/u_ddr_mc_phy/ddr_phy_4lanes_0.u_ddr_phy_4lanes/ddr_byte_lane_C.ddr_byte_lane_C/ddr_byte_group_io/input_[6].iserdes_dq_.iserdesdq/CLK
                         clock pessimism              0.237    13.578    
                         clock uncertainty            0.210    13.788    
    ILOGIC_X1Y83         ISERDESE2 (Hold_iserdese2_CLK_DDLY)
                                                      0.056    13.844    memory/controller/u_davinci_ddr3_mig_mig/u_memc_ui_top_std/mem_intfc0/ddr_phy_top0/u_ddr_mc_phy_wrapper/u_ddr_mc_phy/ddr_phy_4lanes_0.u_ddr_phy_4lanes/ddr_byte_lane_C.ddr_byte_lane_C/ddr_byte_group_io/input_[6].iserdes_dq_.iserdesdq
  -------------------------------------------------------------------
                         required time                        -13.844    
                         arrival time                          51.636    
  -------------------------------------------------------------------
                         slack                                 37.792    





---------------------------------------------------------------------------------------------------
From Clock:  clk_pll_i_1
  To Clock:  u_memc_ui_top_std/mem_intfc0/ddr_phy_top0/u_ddr_mc_phy_wrapper/u_ddr_mc_phy/ddr_phy_4lanes_0.u_ddr_phy_4lanes/ddr_byte_lane_D.ddr_byte_lane_D/iserdes_clk_1

Setup :            0  Failing Endpoints,  Worst Slack        7.741ns,  Total Violation        0.000ns
Hold  :            0  Failing Endpoints,  Worst Slack       38.251ns,  Total Violation        0.000ns
---------------------------------------------------------------------------------------------------


Max Delay Paths
--------------------------------------------------------------------------------------
Slack (MET) :             7.741ns  (required time - arrival time)
  Source:                 memory/controller/u_davinci_ddr3_mig_mig/u_memc_ui_top_std/mem_intfc0/mc0/mc_read_idle_r_reg/C
                            (rising edge-triggered cell FDRE clocked by clk_pll_i_1  {rise@0.000ns fall@5.000ns period=10.000ns})
  Destination:            memory/controller/u_davinci_ddr3_mig_mig/u_memc_ui_top_std/mem_intfc0/ddr_phy_top0/u_ddr_mc_phy_wrapper/u_ddr_mc_phy/ddr_phy_4lanes_0.u_ddr_phy_4lanes/ddr_byte_lane_D.ddr_byte_lane_D/ddr_byte_group_io/input_[9].iserdes_dq_.iserdesdq/DDLY
                            (falling edge-triggered cell ISERDESE2 clocked by u_memc_ui_top_std/mem_intfc0/ddr_phy_top0/u_ddr_mc_phy_wrapper/u_ddr_mc_phy/ddr_phy_4lanes_0.u_ddr_phy_4lanes/ddr_byte_lane_D.ddr_byte_lane_D/iserdes_clk_1  {rise@0.000ns fall@1.250ns period=2.500ns})
  Path Group:             u_memc_ui_top_std/mem_intfc0/ddr_phy_top0/u_ddr_mc_phy_wrapper/u_ddr_mc_phy/ddr_phy_4lanes_0.u_ddr_phy_4lanes/ddr_byte_lane_D.ddr_byte_lane_D/iserdes_clk_1
  Path Type:              Setup (Max at Slow Process Corner)
  Requirement:            13.750ns  (u_memc_ui_top_std/mem_intfc0/ddr_phy_top0/u_ddr_mc_phy_wrapper/u_ddr_mc_phy/ddr_phy_4lanes_0.u_ddr_phy_4lanes/ddr_byte_lane_D.ddr_byte_lane_D/iserdes_clk_1 fall@13.750ns - clk_pll_i_1 rise@0.000ns)
  Data Path Delay:        6.054ns  (logic 3.357ns (55.451%)  route 2.697ns (44.549%))
  Logic Levels:           2  (IBUF_INTERMDISABLE=1 IDELAYE2=1)
  Clock Path Skew:        0.387ns (DCD - SCD + CPR)
    Destination Clock Delay (DCD):    1.338ns = ( 2.588 - 1.250 ) 
    Source Clock Delay      (SCD):    1.395ns
    Clock Pessimism Removal (CPR):    0.444ns
  Clock Uncertainty:      0.210ns  ((TSJ^2 + DJ^2)^1/2) / 2 + PE
    Total System Jitter     (TSJ):    0.071ns
    Discrete Jitter          (DJ):    0.096ns
    Phase Error              (PE):    0.150ns
  Timing Exception:       MultiCycle Path   Setup -end   6

    Location             Delay type                Incr(ns)  Path(ns)    Netlist Resource(s)
  -------------------------------------------------------------------    -------------------
                         (clock clk_pll_i_1 rise edge)
                                                      0.000     0.000 r  
    R4                                                0.000     0.000 r  sys_clk (IN)
                         net (fo=0)                   0.000     0.000    sys_clk
    R4                   IBUF (Prop_ibuf_I_O)         1.432     1.432 r  sys_clk_IBUF_inst/O
                         net (fo=1, routed)           1.065     2.497    multiplied_clock.clock_generator/sys_clk_IBUF
    MMCME2_ADV_X1Y0      MMCME2_ADV (Prop_mmcme2_adv_CLKIN1_CLKOUT1)
                                                     -5.921    -3.424 r  multiplied_clock.clock_generator/mmcm/CLKOUT1
                         net (fo=1, routed)           1.421    -2.004    multiplied_clock.clock_generator/ddr_ref_raw
    BUFGCTRL_X0Y1        BUFG (Prop_bufg_I_O)         0.081    -1.923 r  multiplied_clock.clock_generator/ddr_ref_buffer/O
                         net (fo=63, routed)          1.394    -0.528    memory/controller/u_davinci_ddr3_mig_mig/u_ddr3_infrastructure/mmcm_clk
    PLLE2_ADV_X1Y1       PLLE2_ADV (Prop_plle2_adv_CLKIN1_CLKOUT3)
                                                      0.077    -0.451 r  memory/controller/u_davinci_ddr3_mig_mig/u_ddr3_infrastructure/plle2_i/CLKOUT3
                         net (fo=1, routed)           1.062     0.611    memory/controller/u_davinci_ddr3_mig_mig/u_ddr3_infrastructure/pll_clk3_out
    BUFHCE_X1Y12         BUFH (Prop_bufh_I_O)         0.106     0.717 r  memory/controller/u_davinci_ddr3_mig_mig/u_ddr3_infrastructure/u_bufh_pll_clk3/O
                         net (fo=1, routed)           0.702     1.419    memory/controller/u_davinci_ddr3_mig_mig/u_ddr3_infrastructure/pll_clk3
    MMCME2_ADV_X1Y1      MMCME2_ADV (Prop_mmcme2_adv_CLKIN1_CLKFBOUT)
                                                     -2.874    -1.455 r  memory/controller/u_davinci_ddr3_mig_mig/u_ddr3_infrastructure/gen_mmcm.mmcm_i/CLKFBOUT
                         net (fo=1, routed)           1.421    -0.035    memory/controller/u_davinci_ddr3_mig_mig/u_ddr3_infrastructure/clk_pll_i
    BUFGCTRL_X0Y16       BUFG (Prop_bufg_I_O)         0.081     0.046 r  memory/controller/u_davinci_ddr3_mig_mig/u_ddr3_infrastructure/u_bufg_clkdiv0/O
                         net (fo=4851, routed)        1.348     1.395    memory/controller/u_davinci_ddr3_mig_mig/u_memc_ui_top_std/mem_intfc0/mc0/CLK
    SLICE_X55Y81         FDRE                                         r  memory/controller/u_davinci_ddr3_mig_mig/u_memc_ui_top_std/mem_intfc0/mc0/mc_read_idle_r_reg/C
  -------------------------------------------------------------------    -------------------
    SLICE_X55Y81         FDRE (Prop_fdre_C_Q)         0.379     1.774 r  memory/controller/u_davinci_ddr3_mig_mig/u_memc_ui_top_std/mem_intfc0/mc0/mc_read_idle_r_reg/Q
                         net (fo=36, routed)          2.697     4.470    memory/controller/u_davinci_ddr3_mig_mig/u_memc_ui_top_std/mem_intfc0/ddr_phy_top0/u_ddr_mc_phy_wrapper/gen_dq_iobuf_HR.gen_dq_iobuf[12].u_iobuf_dq/IBUFDISABLE
    B1                   IBUF_INTERMDISABLE (Prop_ibuf_intermdisable_IBUFDISABLE_O)
                                                      2.299     6.769 r  memory/controller/u_davinci_ddr3_mig_mig/u_memc_ui_top_std/mem_intfc0/ddr_phy_top0/u_ddr_mc_phy_wrapper/gen_dq_iobuf_HR.gen_dq_iobuf[12].u_iobuf_dq/IBUF/O
                         net (fo=2, routed)           0.000     6.769    memory/controller/u_davinci_ddr3_mig_mig/u_memc_ui_top_std/mem_intfc0/ddr_phy_top0/u_ddr_mc_phy_wrapper/u_ddr_mc_phy/ddr_phy_4lanes_0.u_ddr_phy_4lanes/ddr_byte_lane_D.ddr_byte_lane_D/ddr_byte_group_io/mem_dq_in[7]
    IDELAY_X1Y98         IDELAYE2 (Prop_idelaye2_IDATAIN_DATAOUT)
                                                      0.679     7.448 r  memory/controller/u_davinci_ddr3_mig_mig/u_memc_ui_top_std/mem_intfc0/ddr_phy_top0/u_ddr_mc_phy_wrapper/u_ddr_mc_phy/ddr_phy_4lanes_0.u_ddr_phy_4lanes/ddr_byte_lane_D.ddr_byte_lane_D/ddr_byte_group_io/input_[9].iserdes_dq_.idelay_dq.idelaye2/DATAOUT
                         net (fo=1, routed)           0.000     7.448    memory/controller/u_davinci_ddr3_mig_mig/u_memc_ui_top_std/mem_intfc0/ddr_phy_top0/u_ddr_mc_phy_wrapper/u_ddr_mc_phy/ddr_phy_4lanes_0.u_ddr_phy_4lanes/ddr_byte_lane_D.ddr_byte_lane_D/ddr_byte_group_io/data_in_dly_9
    ILOGIC_X1Y98         ISERDESE2                                    r  memory/controller/u_davinci_ddr3_mig_mig/u_memc_ui_top_std/mem_intfc0/ddr_phy_top0/u_ddr_mc_phy_wrapper/u_ddr_mc_phy/ddr_phy_4lanes_0.u_ddr_phy_4lanes/ddr_byte_lane_D.ddr_byte_lane_D/ddr_byte_group_io/input_[9].iserdes_dq_.iserdesdq/DDLY
  -------------------------------------------------------------------    -------------------

                         (clock u_memc_ui_top_std/mem_intfc0/ddr_phy_top0/u_ddr_mc_phy_wrapper/u_ddr_mc_phy/ddr_phy_4lanes_0.u_ddr_phy_4lanes/ddr_byte_lane_D.ddr_byte_lane_D/iserdes_clk_1 fall edge)
                                                     13.750    13.750 f  
    R4                                                0.000    13.750 f  sys_clk (IN)
                         net (fo=0)                   0.000    13.750    sys_clk
    R4                   IBUF (Prop_ibuf_I_O)         1.366    15.116 f  sys_clk_IBUF_inst/O
                         net (fo=1, routed)           1.004    16.119    multiplied_clock.clock_generator/sys_clk_IBUF
    MMCME2_ADV_X1Y0      MMCME2_ADV (Prop_mmcme2_adv_CLKIN1_CLKOUT1)
                                                     -6.057    10.062 f  multiplied_clock.clock_generator/mmcm/CLKOUT1
                         net (fo=1, routed)           1.352    11.415    multiplied_clock.clock_generator/ddr_ref_raw
    BUFGCTRL_X0Y1        BUFG (Prop_bufg_I_O)         0.077    11.492 f  multiplied_clock.clock_generator/ddr_ref_buffer/O
                         net (fo=63, routed)          1.290    12.782    memory/controller/u_davinci_ddr3_mig_mig/u_ddr3_infrastructure/mmcm_clk
    PLLE2_ADV_X1Y1       PLLE2_ADV (Prop_plle2_adv_CLKIN1_CLKOUT0)
                                                      0.073    12.855 f  memory/controller/u_davinci_ddr3_mig_mig/u_ddr3_infrastructure/plle2_i/CLKOUT0
                         net (fo=7, routed)           0.481    13.336    memory/controller/u_davinci_ddr3_mig_mig/u_memc_ui_top_std/mem_intfc0/ddr_phy_top0/u_ddr_mc_phy_wrapper/u_ddr_mc_phy/ddr_phy_4lanes_0.u_ddr_phy_4lanes/ddr_byte_lane_D.ddr_byte_lane_D/freq_refclk
    PHASER_IN_PHY_X1Y7   PHASER_IN_PHY (Prop_phaser_in_phy_FREQREFCLK_ICLK)
                                                      1.394    14.730 f  memory/controller/u_davinci_ddr3_mig_mig/u_memc_ui_top_std/mem_intfc0/ddr_phy_top0/u_ddr_mc_phy_wrapper/u_ddr_mc_phy/ddr_phy_4lanes_0.u_ddr_phy_4lanes/ddr_byte_lane_D.ddr_byte_lane_D/phaser_in_gen.phaser_in/ICLK
                         net (fo=16, routed)          0.358    15.088    memory/controller/u_davinci_ddr3_mig_mig/u_memc_ui_top_std/mem_intfc0/ddr_phy_top0/u_ddr_mc_phy_wrapper/u_ddr_mc_phy/ddr_phy_4lanes_0.u_ddr_phy_4lanes/ddr_byte_lane_D.ddr_byte_lane_D/ddr_byte_group_io/CLKB0_4
    ILOGIC_X1Y98         ISERDESE2                                    r  memory/controller/u_davinci_ddr3_mig_mig/u_memc_ui_top_std/mem_intfc0/ddr_phy_top0/u_ddr_mc_phy_wrapper/u_ddr_mc_phy/ddr_phy_4lanes_0.u_ddr_phy_4lanes/ddr_byte_lane_D.ddr_byte_lane_D/ddr_byte_group_io/input_[9].iserdes_dq_.iserdesdq/CLKB  (IS_INVERTED)
                         clock pessimism              0.444    15.532    
                         clock uncertainty           -0.210    15.322    
    ILOGIC_X1Y98         ISERDESE2 (Setup_iserdese2_CLKB_DDLY)
                                                     -0.132    15.190    memory/controller/u_davinci_ddr3_mig_mig/u_memc_ui_top_std/mem_intfc0/ddr_phy_top0/u_ddr_mc_phy_wrapper/u_ddr_mc_phy/ddr_phy_4lanes_0.u_ddr_phy_4lanes/ddr_byte_lane_D.ddr_byte_lane_D/ddr_byte_group_io/input_[9].iserdes_dq_.iserdesdq
  -------------------------------------------------------------------
                         required time                         15.190    
                         arrival time                          -7.448    
  -------------------------------------------------------------------
                         slack                                  7.741    





Min Delay Paths
--------------------------------------------------------------------------------------
Slack (MET) :             38.251ns  (arrival time - required time)
  Source:                 memory/controller/u_davinci_ddr3_mig_mig/u_memc_ui_top_std/mem_intfc0/mc0/mc_read_idle_r_reg/C
                            (rising edge-triggered cell FDRE clocked by clk_pll_i_1  {rise@0.000ns fall@5.000ns period=10.000ns})
  Destination:            memory/controller/u_davinci_ddr3_mig_mig/u_memc_ui_top_std/mem_intfc0/ddr_phy_top0/u_ddr_mc_phy_wrapper/u_ddr_mc_phy/ddr_phy_4lanes_0.u_ddr_phy_4lanes/ddr_byte_lane_D.ddr_byte_lane_D/ddr_byte_group_io/input_[1].iserdes_dq_.iserdesdq/DDLY
                            (rising edge-triggered cell ISERDESE2 clocked by u_memc_ui_top_std/mem_intfc0/ddr_phy_top0/u_ddr_mc_phy_wrapper/u_ddr_mc_phy/ddr_phy_4lanes_0.u_ddr_phy_4lanes/ddr_byte_lane_D.ddr_byte_lane_D/iserdes_clk_1  {rise@0.000ns fall@1.250ns period=2.500ns})
  Path Group:             u_memc_ui_top_std/mem_intfc0/ddr_phy_top0/u_ddr_mc_phy_wrapper/u_ddr_mc_phy/ddr_phy_4lanes_0.u_ddr_phy_4lanes/ddr_byte_lane_D.ddr_byte_lane_D/iserdes_clk_1
  Path Type:              Hold (Min at Fast Process Corner)
  Requirement:            -37.500ns  (u_memc_ui_top_std/mem_intfc0/ddr_phy_top0/u_ddr_mc_phy_wrapper/u_ddr_mc_phy/ddr_phy_4lanes_0.u_ddr_phy_4lanes/ddr_byte_lane_D.ddr_byte_lane_D/iserdes_clk_1 rise@12.500ns - clk_pll_i_1 rise@50.000ns)
  Data Path Delay:        1.960ns  (logic 1.068ns (54.485%)  route 0.892ns (45.515%))
  Logic Levels:           2  (IBUF_INTERMDISABLE=1 IDELAYE2=1)
  Clock Path Skew:        0.943ns (DCD - SCD - CPR)
    Destination Clock Delay (DCD):    0.839ns
    Source Clock Delay      (SCD):    0.133ns
    Clock Pessimism Removal (CPR):    -0.237ns
  Clock Uncertainty:      0.210ns  ((TSJ^2 + DJ^2)^1/2) / 2 + PE
    Total System Jitter     (TSJ):    0.071ns
    Discrete Jitter          (DJ):    0.096ns
    Phase Error              (PE):    0.150ns
  Timing Exception:       MultiCycle Path   Setup -end   6    Hold  -start 5

    Location             Delay type                Incr(ns)  Path(ns)    Netlist Resource(s)
  -------------------------------------------------------------------    -------------------
                         (clock clk_pll_i_1 rise edge)
                                                     50.000    50.000 r  
    R4                                                0.000    50.000 r  sys_clk (IN)
                         net (fo=0)                   0.000    50.000    sys_clk
    R4                   IBUF (Prop_ibuf_I_O)         0.269    50.269 r  sys_clk_IBUF_inst/O
                         net (fo=1, routed)           0.440    50.709    multiplied_clock.clock_generator/sys_clk_IBUF
    MMCME2_ADV_X1Y0      MMCME2_ADV (Prop_mmcme2_adv_CLKIN1_CLKOUT1)
                                                     -2.360    48.349 r  multiplied_clock.clock_generator/mmcm/CLKOUT1
                         net (fo=1, routed)           0.486    48.835    multiplied_clock.clock_generator/ddr_ref_raw
    BUFGCTRL_X0Y1        BUFG (Prop_bufg_I_O)         0.026    48.861 r  multiplied_clock.clock_generator/ddr_ref_buffer/O
                         net (fo=63, routed)          0.552    49.413    memory/controller/u_davinci_ddr3_mig_mig/u_ddr3_infrastructure/mmcm_clk
    PLLE2_ADV_X1Y1       PLLE2_ADV (Prop_plle2_adv_CLKIN1_CLKOUT3)
                                                      0.050    49.463 r  memory/controller/u_davinci_ddr3_mig_mig/u_ddr3_infrastructure/plle2_i/CLKOUT3
                         net (fo=1, routed)           0.381    49.844    memory/controller/u_davinci_ddr3_mig_mig/u_ddr3_infrastructure/pll_clk3_out
    BUFHCE_X1Y12         BUFH (Prop_bufh_I_O)         0.020    49.864 r  memory/controller/u_davinci_ddr3_mig_mig/u_ddr3_infrastructure/u_bufh_pll_clk3/O
                         net (fo=1, routed)           0.259    50.123    memory/controller/u_davinci_ddr3_mig_mig/u_ddr3_infrastructure/pll_clk3
    MMCME2_ADV_X1Y1      MMCME2_ADV (Prop_mmcme2_adv_CLKIN1_CLKFBOUT)
                                                     -1.057    49.066 r  memory/controller/u_davinci_ddr3_mig_mig/u_ddr3_infrastructure/gen_mmcm.mmcm_i/CLKFBOUT
                         net (fo=1, routed)           0.486    49.552    memory/controller/u_davinci_ddr3_mig_mig/u_ddr3_infrastructure/clk_pll_i
    BUFGCTRL_X0Y16       BUFG (Prop_bufg_I_O)         0.026    49.578 r  memory/controller/u_davinci_ddr3_mig_mig/u_ddr3_infrastructure/u_bufg_clkdiv0/O
                         net (fo=4851, routed)        0.555    50.133    memory/controller/u_davinci_ddr3_mig_mig/u_memc_ui_top_std/mem_intfc0/mc0/CLK
    SLICE_X55Y81         FDRE                                         r  memory/controller/u_davinci_ddr3_mig_mig/u_memc_ui_top_std/mem_intfc0/mc0/mc_read_idle_r_reg/C
  -------------------------------------------------------------------    -------------------
    SLICE_X55Y81         FDRE (Prop_fdre_C_Q)         0.141    50.274 r  memory/controller/u_davinci_ddr3_mig_mig/u_memc_ui_top_std/mem_intfc0/mc0/mc_read_idle_r_reg/Q
                         net (fo=36, routed)          0.892    51.166    memory/controller/u_davinci_ddr3_mig_mig/u_memc_ui_top_std/mem_intfc0/ddr_phy_top0/u_ddr_mc_phy_wrapper/gen_dq_iobuf_HR.gen_dq_iobuf[15].u_iobuf_dq/IBUFDISABLE
    F3                   IBUF_INTERMDISABLE (Prop_ibuf_intermdisable_IBUFDISABLE_O)
                                                      0.684    51.850 r  memory/controller/u_davinci_ddr3_mig_mig/u_memc_ui_top_std/mem_intfc0/ddr_phy_top0/u_ddr_mc_phy_wrapper/gen_dq_iobuf_HR.gen_dq_iobuf[15].u_iobuf_dq/IBUF/O
                         net (fo=2, routed)           0.000    51.850    memory/controller/u_davinci_ddr3_mig_mig/u_memc_ui_top_std/mem_intfc0/ddr_phy_top0/u_ddr_mc_phy_wrapper/u_ddr_mc_phy/ddr_phy_4lanes_0.u_ddr_phy_4lanes/ddr_byte_lane_D.ddr_byte_lane_D/ddr_byte_group_io/mem_dq_in[0]
    IDELAY_X1Y88         IDELAYE2 (Prop_idelaye2_IDATAIN_DATAOUT)
                                                      0.243    52.093 r  memory/controller/u_davinci_ddr3_mig_mig/u_memc_ui_top_std/mem_intfc0/ddr_phy_top0/u_ddr_mc_phy_wrapper/u_ddr_mc_phy/ddr_phy_4lanes_0.u_ddr_phy_4lanes/ddr_byte_lane_D.ddr_byte_lane_D/ddr_byte_group_io/input_[1].iserdes_dq_.idelay_dq.idelaye2/DATAOUT
                         net (fo=1, routed)           0.000    52.093    memory/controller/u_davinci_ddr3_mig_mig/u_memc_ui_top_std/mem_intfc0/ddr_phy_top0/u_ddr_mc_phy_wrapper/u_ddr_mc_phy/ddr_phy_4lanes_0.u_ddr_phy_4lanes/ddr_byte_lane_D.ddr_byte_lane_D/ddr_byte_group_io/data_in_dly_1
    ILOGIC_X1Y88         ISERDESE2                                    r  memory/controller/u_davinci_ddr3_mig_mig/u_memc_ui_top_std/mem_intfc0/ddr_phy_top0/u_ddr_mc_phy_wrapper/u_ddr_mc_phy/ddr_phy_4lanes_0.u_ddr_phy_4lanes/ddr_byte_lane_D.ddr_byte_lane_D/ddr_byte_group_io/input_[1].iserdes_dq_.iserdesdq/DDLY
  -------------------------------------------------------------------    -------------------

                         (clock u_memc_ui_top_std/mem_intfc0/ddr_phy_top0/u_ddr_mc_phy_wrapper/u_ddr_mc_phy/ddr_phy_4lanes_0.u_ddr_phy_4lanes/ddr_byte_lane_D.ddr_byte_lane_D/iserdes_clk_1 rise edge)
                                                     12.500    12.500 r  
    R4                                                0.000    12.500 r  sys_clk (IN)
                         net (fo=0)                   0.000    12.500    sys_clk
    R4                   IBUF (Prop_ibuf_I_O)         0.457    12.957 r  sys_clk_IBUF_inst/O
                         net (fo=1, routed)           0.480    13.437    multiplied_clock.clock_generator/sys_clk_IBUF
    MMCME2_ADV_X1Y0      MMCME2_ADV (Prop_mmcme2_adv_CLKIN1_CLKOUT1)
                                                     -3.142    10.295 r  multiplied_clock.clock_generator/mmcm/CLKOUT1
                         net (fo=1, routed)           0.530    10.824    multiplied_clock.clock_generator/ddr_ref_raw
    BUFGCTRL_X0Y1        BUFG (Prop_bufg_I_O)         0.029    10.853 r  multiplied_clock.clock_generator/ddr_ref_buffer/O
                         net (fo=63, routed)          0.820    11.673    memory/controller/u_davinci_ddr3_mig_mig/u_ddr3_infrastructure/mmcm_clk
    PLLE2_ADV_X1Y1       PLLE2_ADV (Prop_plle2_adv_CLKIN1_CLKOUT0)
                                                      0.053    11.726 r  memory/controller/u_davinci_ddr3_mig_mig/u_ddr3_infrastructure/plle2_i/CLKOUT0
                         net (fo=7, routed)           0.211    11.937    memory/controller/u_davinci_ddr3_mig_mig/u_memc_ui_top_std/mem_intfc0/ddr_phy_top0/u_ddr_mc_phy_wrapper/u_ddr_mc_phy/ddr_phy_4lanes_0.u_ddr_phy_4lanes/ddr_byte_lane_D.ddr_byte_lane_D/freq_refclk
    PHASER_IN_PHY_X1Y7   PHASER_IN_PHY (Prop_phaser_in_phy_FREQREFCLK_ICLK)
                                                      1.219    13.156 r  memory/controller/u_davinci_ddr3_mig_mig/u_memc_ui_top_std/mem_intfc0/ddr_phy_top0/u_ddr_mc_phy_wrapper/u_ddr_mc_phy/ddr_phy_4lanes_0.u_ddr_phy_4lanes/ddr_byte_lane_D.ddr_byte_lane_D/phaser_in_gen.phaser_in/ICLK
                         net (fo=16, routed)          0.183    13.339    memory/controller/u_davinci_ddr3_mig_mig/u_memc_ui_top_std/mem_intfc0/ddr_phy_top0/u_ddr_mc_phy_wrapper/u_ddr_mc_phy/ddr_phy_4lanes_0.u_ddr_phy_4lanes/ddr_byte_lane_D.ddr_byte_lane_D/ddr_byte_group_io/dq_gen_40.if_post_fifo_gen.if_empty_r_reg[3]
    ILOGIC_X1Y88         ISERDESE2                                    r  memory/controller/u_davinci_ddr3_mig_mig/u_memc_ui_top_std/mem_intfc0/ddr_phy_top0/u_ddr_mc_phy_wrapper/u_ddr_mc_phy/ddr_phy_4lanes_0.u_ddr_phy_4lanes/ddr_byte_lane_D.ddr_byte_lane_D/ddr_byte_group_io/input_[1].iserdes_dq_.iserdesdq/CLK
                         clock pessimism              0.237    13.576    
                         clock uncertainty            0.210    13.786    
    ILOGIC_X1Y88         ISERDESE2 (Hold_iserdese2_CLK_DDLY)
                                                      0.056    13.842    memory/controller/u_davinci_ddr3_mig_mig/u_memc_ui_top_std/mem_intfc0/ddr_phy_top0/u_ddr_mc_phy_wrapper/u_ddr_mc_phy/ddr_phy_4lanes_0.u_ddr_phy_4lanes/ddr_byte_lane_D.ddr_byte_lane_D/ddr_byte_group_io/input_[1].iserdes_dq_.iserdesdq
  -------------------------------------------------------------------
                         required time                        -13.842    
                         arrival time                          52.093    
  -------------------------------------------------------------------
                         slack                                 38.251    





---------------------------------------------------------------------------------------------------
From Clock:  sync_pulse_1
  To Clock:  mem_refclk_1

Setup :            0  Failing Endpoints,  Worst Slack        0.994ns,  Total Violation        0.000ns
Hold  :            0  Failing Endpoints,  Worst Slack        0.690ns,  Total Violation        0.000ns
---------------------------------------------------------------------------------------------------


Max Delay Paths
--------------------------------------------------------------------------------------
Slack (MET) :             0.994ns  (required time - arrival time)
  Source:                 memory/controller/u_davinci_ddr3_mig_mig/u_ddr3_infrastructure/plle2_i/CLKOUT2
                            (clock source 'sync_pulse_1'  {rise@1.094ns fall@3.594ns period=40.000ns})
  Destination:            memory/controller/u_davinci_ddr3_mig_mig/u_memc_ui_top_std/mem_intfc0/ddr_phy_top0/u_ddr_mc_phy_wrapper/u_ddr_mc_phy/ddr_phy_4lanes_0.u_ddr_phy_4lanes/phy_control_i/SYNCIN
                            (rising edge-triggered cell PHY_CONTROL clocked by mem_refclk_1  {rise@0.000ns fall@1.250ns period=2.500ns})
  Path Group:             mem_refclk_1
  Path Type:              Setup (Max at Slow Process Corner)
  Requirement:            1.406ns  (mem_refclk_1 rise@2.500ns - sync_pulse_1 rise@1.094ns)
  Data Path Delay:        0.528ns  (logic 0.000ns (0.000%)  route 0.528ns (100.000%))
  Logic Levels:           0  
  Clock Path Skew:        0.501ns (DCD - SCD + CPR)
    Destination Clock Delay (DCD):    -0.394ns = ( 2.106 - 2.500 ) 
    Source Clock Delay      (SCD):    -0.451ns = ( 0.642 - 1.094 ) 
    Clock Pessimism Removal (CPR):    0.444ns
  Clock Uncertainty:      0.203ns  ((TSJ^2 + DJ^2)^1/2) / 2 + PE
    Total System Jitter     (TSJ):    0.071ns
    Discrete Jitter          (DJ):    0.150ns
    Phase Error              (PE):    0.120ns

    Location             Delay type                Incr(ns)  Path(ns)    Netlist Resource(s)
  -------------------------------------------------------------------    -------------------
                         (clock sync_pulse_1 rise edge)
                                                      1.094     1.094 r  
    R4                                                0.000     1.094 r  sys_clk (IN)
                         net (fo=0)                   0.000     1.094    sys_clk
    R4                   IBUF (Prop_ibuf_I_O)         1.432     2.526 r  sys_clk_IBUF_inst/O
                         net (fo=1, routed)           1.065     3.591    multiplied_clock.clock_generator/sys_clk_IBUF
    MMCME2_ADV_X1Y0      MMCME2_ADV (Prop_mmcme2_adv_CLKIN1_CLKOUT1)
                                                     -5.921    -2.331 r  multiplied_clock.clock_generator/mmcm/CLKOUT1
                         net (fo=1, routed)           1.421    -0.910    multiplied_clock.clock_generator/ddr_ref_raw
    BUFGCTRL_X0Y1        BUFG (Prop_bufg_I_O)         0.081    -0.829 r  multiplied_clock.clock_generator/ddr_ref_buffer/O
                         net (fo=63, routed)          1.394     0.565    memory/controller/u_davinci_ddr3_mig_mig/u_ddr3_infrastructure/mmcm_clk
  -------------------------------------------------------------------    -------------------
    PLLE2_ADV_X1Y1       PLLE2_ADV (Prop_plle2_adv_CLKIN1_CLKOUT2)
                                                      0.077     0.642 r  memory/controller/u_davinci_ddr3_mig_mig/u_ddr3_infrastructure/plle2_i/CLKOUT2
                         net (fo=7, routed)           0.528     1.170    memory/controller/u_davinci_ddr3_mig_mig/u_memc_ui_top_std/mem_intfc0/ddr_phy_top0/u_ddr_mc_phy_wrapper/u_ddr_mc_phy/ddr_phy_4lanes_0.u_ddr_phy_4lanes/sync_pulse
    PHY_CONTROL_X1Y1     PHY_CONTROL                                  r  memory/controller/u_davinci_ddr3_mig_mig/u_memc_ui_top_std/mem_intfc0/ddr_phy_top0/u_ddr_mc_phy_wrapper/u_ddr_mc_phy/ddr_phy_4lanes_0.u_ddr_phy_4lanes/phy_control_i/SYNCIN
  -------------------------------------------------------------------    -------------------

                         (clock mem_refclk_1 rise edge)
                                                      2.500     2.500 r  
    R4                                                0.000     2.500 r  sys_clk (IN)
                         net (fo=0)                   0.000     2.500    sys_clk
    R4                   IBUF (Prop_ibuf_I_O)         1.366     3.866 r  sys_clk_IBUF_inst/O
                         net (fo=1, routed)           1.004     4.869    multiplied_clock.clock_generator/sys_clk_IBUF
    MMCME2_ADV_X1Y0      MMCME2_ADV (Prop_mmcme2_adv_CLKIN1_CLKOUT1)
                                                     -6.057    -1.188 r  multiplied_clock.clock_generator/mmcm/CLKOUT1
                         net (fo=1, routed)           1.352     0.165    multiplied_clock.clock_generator/ddr_ref_raw
    BUFGCTRL_X0Y1        BUFG (Prop_bufg_I_O)         0.077     0.242 r  multiplied_clock.clock_generator/ddr_ref_buffer/O
                         net (fo=63, routed)          1.290     1.532    memory/controller/u_davinci_ddr3_mig_mig/u_ddr3_infrastructure/mmcm_clk
    PLLE2_ADV_X1Y1       PLLE2_ADV (Prop_plle2_adv_CLKIN1_CLKOUT1)
                                                      0.073     1.605 r  memory/controller/u_davinci_ddr3_mig_mig/u_ddr3_infrastructure/plle2_i/CLKOUT1
                         net (fo=7, routed)           0.501     2.106    memory/controller/u_davinci_ddr3_mig_mig/u_memc_ui_top_std/mem_intfc0/ddr_phy_top0/u_ddr_mc_phy_wrapper/u_ddr_mc_phy/ddr_phy_4lanes_0.u_ddr_phy_4lanes/mem_refclk
    PHY_CONTROL_X1Y1     PHY_CONTROL                                  r  memory/controller/u_davinci_ddr3_mig_mig/u_memc_ui_top_std/mem_intfc0/ddr_phy_top0/u_ddr_mc_phy_wrapper/u_ddr_mc_phy/ddr_phy_4lanes_0.u_ddr_phy_4lanes/phy_control_i/MEMREFCLK
                         clock pessimism              0.444     2.550    
                         clock uncertainty           -0.203     2.347    
    PHY_CONTROL_X1Y1     PHY_CONTROL (Setup_phy_control_MEMREFCLK_SYNCIN)
                                                     -0.182     2.165    memory/controller/u_davinci_ddr3_mig_mig/u_memc_ui_top_std/mem_intfc0/ddr_phy_top0/u_ddr_mc_phy_wrapper/u_ddr_mc_phy/ddr_phy_4lanes_0.u_ddr_phy_4lanes/phy_control_i
  -------------------------------------------------------------------
                         required time                          2.165    
                         arrival time                          -1.170    
  -------------------------------------------------------------------
                         slack                                  0.994    





Min Delay Paths
--------------------------------------------------------------------------------------
Slack (MET) :             0.690ns  (arrival time - required time)
  Source:                 memory/controller/u_davinci_ddr3_mig_mig/u_ddr3_infrastructure/plle2_i/CLKOUT2
                            (clock source 'sync_pulse_1'  {rise@1.094ns fall@3.594ns period=40.000ns})
  Destination:            memory/controller/u_davinci_ddr3_mig_mig/u_memc_ui_top_std/mem_intfc0/ddr_phy_top0/u_ddr_mc_phy_wrapper/u_ddr_mc_phy/ddr_phy_4lanes_0.u_ddr_phy_4lanes/phy_control_i/SYNCIN
                            (rising edge-triggered cell PHY_CONTROL clocked by mem_refclk_1  {rise@0.000ns fall@1.250ns period=2.500ns})
  Path Group:             mem_refclk_1
  Path Type:              Hold (Min at Slow Process Corner)
  Requirement:            -1.094ns  (mem_refclk_1 rise@2.500ns - sync_pulse_1 fall@3.594ns)
  Data Path Delay:        0.501ns  (logic 0.000ns (0.000%)  route 0.501ns (100.000%))
  Logic Levels:           0  
  Clock Path Skew:        0.528ns (DCD - SCD - CPR)
    Destination Clock Delay (DCD):    0.077ns = ( 2.577 - 2.500 ) 
    Source Clock Delay      (SCD):    -0.895ns = ( 2.699 - 3.594 ) 
    Clock Pessimism Removal (CPR):    0.444ns
  Clock Uncertainty:      0.203ns  ((TSJ^2 + DJ^2)^1/2) / 2 + PE
    Total System Jitter     (TSJ):    0.071ns
    Discrete Jitter          (DJ):    0.150ns
    Phase Error              (PE):    0.120ns

    Location             Delay type                Incr(ns)  Path(ns)    Netlist Resource(s)
  -------------------------------------------------------------------    -------------------
                         (clock sync_pulse_1 fall edge)
                                                      3.594     3.594 f  
    R4                                                0.000     3.594 f  sys_clk (IN)
                         net (fo=0)                   0.000     3.594    sys_clk
    R4                   IBUF (Prop_ibuf_I_O)         1.366     4.960 f  sys_clk_IBUF_inst/O
                         net (fo=1, routed)           1.004     5.963    multiplied_clock.clock_generator/sys_clk_IBUF
    MMCME2_ADV_X1Y0      MMCME2_ADV (Prop_mmcme2_adv_CLKIN1_CLKOUT1)
                                                     -6.057    -0.094 f  multiplied_clock.clock_generator/mmcm/CLKOUT1
                         net (fo=1, routed)           1.352     1.258    multiplied_clock.clock_generator/ddr_ref_raw
    BUFGCTRL_X0Y1        BUFG (Prop_bufg_I_O)         0.077     1.335 f  multiplied_clock.clock_generator/ddr_ref_buffer/O
                         net (fo=63, routed)          1.290     2.626    memory/controller/u_davinci_ddr3_mig_mig/u_ddr3_infrastructure/mmcm_clk
  -------------------------------------------------------------------    -------------------
    PLLE2_ADV_X1Y1       PLLE2_ADV (Prop_plle2_adv_CLKIN1_CLKOUT2)
                                                      0.073     2.699 f  memory/controller/u_davinci_ddr3_mig_mig/u_ddr3_infrastructure/plle2_i/CLKOUT2
                         net (fo=7, routed)           0.501     3.200    memory/controller/u_davinci_ddr3_mig_mig/u_memc_ui_top_std/mem_intfc0/ddr_phy_top0/u_ddr_mc_phy_wrapper/u_ddr_mc_phy/ddr_phy_4lanes_0.u_ddr_phy_4lanes/sync_pulse
    PHY_CONTROL_X1Y1     PHY_CONTROL                                  f  memory/controller/u_davinci_ddr3_mig_mig/u_memc_ui_top_std/mem_intfc0/ddr_phy_top0/u_ddr_mc_phy_wrapper/u_ddr_mc_phy/ddr_phy_4lanes_0.u_ddr_phy_4lanes/phy_control_i/SYNCIN
  -------------------------------------------------------------------    -------------------

                         (clock mem_refclk_1 rise edge)
                                                      2.500     2.500 r  
    R4                                                0.000     2.500 r  sys_clk (IN)
                         net (fo=0)                   0.000     2.500    sys_clk
    R4                   IBUF (Prop_ibuf_I_O)         1.432     3.932 r  sys_clk_IBUF_inst/O
                         net (fo=1, routed)           1.065     4.997    multiplied_clock.clock_generator/sys_clk_IBUF
    MMCME2_ADV_X1Y0      MMCME2_ADV (Prop_mmcme2_adv_CLKIN1_CLKOUT1)
                                                     -5.921    -0.924 r  multiplied_clock.clock_generator/mmcm/CLKOUT1
                         net (fo=1, routed)           1.421     0.496    multiplied_clock.clock_generator/ddr_ref_raw
    BUFGCTRL_X0Y1        BUFG (Prop_bufg_I_O)         0.081     0.577 r  multiplied_clock.clock_generator/ddr_ref_buffer/O
                         net (fo=63, routed)          1.394     1.972    memory/controller/u_davinci_ddr3_mig_mig/u_ddr3_infrastructure/mmcm_clk
    PLLE2_ADV_X1Y1       PLLE2_ADV (Prop_plle2_adv_CLKIN1_CLKOUT1)
                                                      0.077     2.049 r  memory/controller/u_davinci_ddr3_mig_mig/u_ddr3_infrastructure/plle2_i/CLKOUT1
                         net (fo=7, routed)           0.528     2.577    memory/controller/u_davinci_ddr3_mig_mig/u_memc_ui_top_std/mem_intfc0/ddr_phy_top0/u_ddr_mc_phy_wrapper/u_ddr_mc_phy/ddr_phy_4lanes_0.u_ddr_phy_4lanes/mem_refclk
    PHY_CONTROL_X1Y1     PHY_CONTROL                                  r  memory/controller/u_davinci_ddr3_mig_mig/u_memc_ui_top_std/mem_intfc0/ddr_phy_top0/u_ddr_mc_phy_wrapper/u_ddr_mc_phy/ddr_phy_4lanes_0.u_ddr_phy_4lanes/phy_control_i/MEMREFCLK
                         clock pessimism             -0.444     2.133    
                         clock uncertainty            0.203     2.336    
    PHY_CONTROL_X1Y1     PHY_CONTROL (Hold_phy_control_MEMREFCLK_SYNCIN)
                                                      0.174     2.510    memory/controller/u_davinci_ddr3_mig_mig/u_memc_ui_top_std/mem_intfc0/ddr_phy_top0/u_ddr_mc_phy_wrapper/u_ddr_mc_phy/ddr_phy_4lanes_0.u_ddr_phy_4lanes/phy_control_i
  -------------------------------------------------------------------
                         required time                         -2.510    
                         arrival time                           3.200    
  -------------------------------------------------------------------
                         slack                                  0.690    





---------------------------------------------------------------------------------------------------
From Clock:  oserdes_clk_4
  To Clock:  oserdes_clkdiv_4

Setup :            0  Failing Endpoints,  Worst Slack        1.703ns,  Total Violation        0.000ns
Hold  :            0  Failing Endpoints,  Worst Slack        0.093ns,  Total Violation        0.000ns
---------------------------------------------------------------------------------------------------


Max Delay Paths
--------------------------------------------------------------------------------------
Slack (MET) :             1.703ns  (required time - arrival time)
  Source:                 memory/controller/u_davinci_ddr3_mig_mig/u_memc_ui_top_std/mem_intfc0/ddr_phy_top0/u_ddr_mc_phy_wrapper/u_ddr_mc_phy/ddr_phy_4lanes_0.u_ddr_phy_4lanes/ddr_byte_lane_A.ddr_byte_lane_A/phaser_out/OCLK
                            (rising edge-triggered cell PHASER_OUT_PHY clocked by oserdes_clk_4  {rise@0.000ns fall@1.250ns period=2.500ns})
  Destination:            memory/controller/u_davinci_ddr3_mig_mig/u_memc_ui_top_std/mem_intfc0/ddr_phy_top0/u_ddr_mc_phy_wrapper/u_ddr_mc_phy/ddr_phy_4lanes_0.u_ddr_phy_4lanes/ddr_byte_lane_A.ddr_byte_lane_A/out_fifo/RDEN
                            (rising edge-triggered cell OUT_FIFO clocked by oserdes_clkdiv_4  {rise@0.000ns fall@5.000ns period=10.000ns})
  Path Group:             oserdes_clkdiv_4
  Path Type:              Setup (Max at Slow Process Corner)
  Requirement:            2.500ns  (oserdes_clkdiv_4 rise@10.000ns - oserdes_clk_4 rise@7.500ns)
  Data Path Delay:        0.301ns  (logic 0.301ns (100.000%)  route 0.000ns (0.000%))
  Logic Levels:           0  
  Clock Path Skew:        0.133ns (DCD - SCD + CPR)
    Destination Clock Delay (DCD):    1.761ns = ( 11.761 - 10.000 ) 
    Source Clock Delay      (SCD):    2.154ns = ( 9.654 - 7.500 ) 
    Clock Pessimism Removal (CPR):    0.526ns
  Clock Uncertainty:      0.056ns  ((TSJ^2 + DJ^2)^1/2) / 2 + PE
    Total System Jitter     (TSJ):    0.071ns
    Discrete Jitter          (DJ):    0.087ns
    Phase Error              (PE):    0.000ns

    Location             Delay type                Incr(ns)  Path(ns)    Netlist Resource(s)
  -------------------------------------------------------------------    -------------------
                         (clock oserdes_clk_4 rise edge)
                                                      7.500     7.500 r  
    R4                                                0.000     7.500 r  sys_clk (IN)
                         net (fo=0)                   0.000     7.500    sys_clk
    R4                   IBUF (Prop_ibuf_I_O)         1.432     8.932 r  sys_clk_IBUF_inst/O
                         net (fo=1, routed)           1.065     9.997    multiplied_clock.clock_generator/sys_clk_IBUF
    MMCME2_ADV_X1Y0      MMCME2_ADV (Prop_mmcme2_adv_CLKIN1_CLKOUT1)
                                                     -5.921     4.076 r  multiplied_clock.clock_generator/mmcm/CLKOUT1
                         net (fo=1, routed)           1.421     5.496    multiplied_clock.clock_generator/ddr_ref_raw
    BUFGCTRL_X0Y1        BUFG (Prop_bufg_I_O)         0.081     5.577 r  multiplied_clock.clock_generator/ddr_ref_buffer/O
                         net (fo=63, routed)          1.394     6.972    memory/controller/u_davinci_ddr3_mig_mig/u_ddr3_infrastructure/mmcm_clk
    PLLE2_ADV_X1Y1       PLLE2_ADV (Prop_plle2_adv_CLKIN1_CLKOUT1)
                                                      0.077     7.049 r  memory/controller/u_davinci_ddr3_mig_mig/u_ddr3_infrastructure/plle2_i/CLKOUT1
                         net (fo=7, routed)           0.522     7.571    memory/controller/u_davinci_ddr3_mig_mig/u_memc_ui_top_std/mem_intfc0/ddr_phy_top0/u_ddr_mc_phy_wrapper/u_ddr_mc_phy/ddr_phy_4lanes_0.u_ddr_phy_4lanes/ddr_byte_lane_A.ddr_byte_lane_A/mem_refclk
    PHASER_OUT_PHY_X1Y4  PHASER_OUT_PHY (Prop_phaser_out_phy_MEMREFCLK_OCLK)
                                                      2.083     9.654 r  memory/controller/u_davinci_ddr3_mig_mig/u_memc_ui_top_std/mem_intfc0/ddr_phy_top0/u_ddr_mc_phy_wrapper/u_ddr_mc_phy/ddr_phy_4lanes_0.u_ddr_phy_4lanes/ddr_byte_lane_A.ddr_byte_lane_A/phaser_out/OCLK
  -------------------------------------------------------------------    -------------------
    PHASER_OUT_PHY_X1Y4  PHASER_OUT_PHY (Prop_phaser_out_phy_OCLK_RDENABLE)
                                                      0.301     9.955 r  memory/controller/u_davinci_ddr3_mig_mig/u_memc_ui_top_std/mem_intfc0/ddr_phy_top0/u_ddr_mc_phy_wrapper/u_ddr_mc_phy/ddr_phy_4lanes_0.u_ddr_phy_4lanes/ddr_byte_lane_A.ddr_byte_lane_A/phaser_out/RDENABLE
                         net (fo=1, routed)           0.000     9.955    memory/controller/u_davinci_ddr3_mig_mig/u_memc_ui_top_std/mem_intfc0/ddr_phy_top0/u_ddr_mc_phy_wrapper/u_ddr_mc_phy/ddr_phy_4lanes_0.u_ddr_phy_4lanes/ddr_byte_lane_A.ddr_byte_lane_A/po_rd_enable
    OUT_FIFO_X1Y4        OUT_FIFO                                     r  memory/controller/u_davinci_ddr3_mig_mig/u_memc_ui_top_std/mem_intfc0/ddr_phy_top0/u_ddr_mc_phy_wrapper/u_ddr_mc_phy/ddr_phy_4lanes_0.u_ddr_phy_4lanes/ddr_byte_lane_A.ddr_byte_lane_A/out_fifo/RDEN
  -------------------------------------------------------------------    -------------------

                         (clock oserdes_clkdiv_4 rise edge)
                                                     10.000    10.000 r  
    R4                                                0.000    10.000 r  sys_clk (IN)
                         net (fo=0)                   0.000    10.000    sys_clk
    R4                   IBUF (Prop_ibuf_I_O)         1.366    11.366 r  sys_clk_IBUF_inst/O
                         net (fo=1, routed)           1.004    12.369    multiplied_clock.clock_generator/sys_clk_IBUF
    MMCME2_ADV_X1Y0      MMCME2_ADV (Prop_mmcme2_adv_CLKIN1_CLKOUT1)
                                                     -6.057     6.312 r  multiplied_clock.clock_generator/mmcm/CLKOUT1
                         net (fo=1, routed)           1.352     7.665    multiplied_clock.clock_generator/ddr_ref_raw
    BUFGCTRL_X0Y1        BUFG (Prop_bufg_I_O)         0.077     7.742 r  multiplied_clock.clock_generator/ddr_ref_buffer/O
                         net (fo=63, routed)          1.290     9.032    memory/controller/u_davinci_ddr3_mig_mig/u_ddr3_infrastructure/mmcm_clk
    PLLE2_ADV_X1Y1       PLLE2_ADV (Prop_plle2_adv_CLKIN1_CLKOUT1)
                                                      0.073     9.105 r  memory/controller/u_davinci_ddr3_mig_mig/u_ddr3_infrastructure/plle2_i/CLKOUT1
                         net (fo=7, routed)           0.496     9.601    memory/controller/u_davinci_ddr3_mig_mig/u_memc_ui_top_std/mem_intfc0/ddr_phy_top0/u_ddr_mc_phy_wrapper/u_ddr_mc_phy/ddr_phy_4lanes_0.u_ddr_phy_4lanes/ddr_byte_lane_A.ddr_byte_lane_A/mem_refclk
    PHASER_OUT_PHY_X1Y4  PHASER_OUT_PHY (Prop_phaser_out_phy_MEMREFCLK_OCLK)
                                                      2.027    11.628 r  memory/controller/u_davinci_ddr3_mig_mig/u_memc_ui_top_std/mem_intfc0/ddr_phy_top0/u_ddr_mc_phy_wrapper/u_ddr_mc_phy/ddr_phy_4lanes_0.u_ddr_phy_4lanes/ddr_byte_lane_A.ddr_byte_lane_A/phaser_out/OCLK
    PHASER_OUT_PHY_X1Y4  PHASER_OUT_PHY (Prop_phaser_out_phy_OCLK_OCLKDIV)
                                                      0.133    11.761 r  memory/controller/u_davinci_ddr3_mig_mig/u_memc_ui_top_std/mem_intfc0/ddr_phy_top0/u_ddr_mc_phy_wrapper/u_ddr_mc_phy/ddr_phy_4lanes_0.u_ddr_phy_4lanes/ddr_byte_lane_A.ddr_byte_lane_A/phaser_out/OCLKDIV
                         net (fo=12, routed)          0.000    11.761    memory/controller/u_davinci_ddr3_mig_mig/u_memc_ui_top_std/mem_intfc0/ddr_phy_top0/u_ddr_mc_phy_wrapper/u_ddr_mc_phy/ddr_phy_4lanes_0.u_ddr_phy_4lanes/ddr_byte_lane_A.ddr_byte_lane_A/oserdes_clkdiv
    OUT_FIFO_X1Y4        OUT_FIFO                                     r  memory/controller/u_davinci_ddr3_mig_mig/u_memc_ui_top_std/mem_intfc0/ddr_phy_top0/u_ddr_mc_phy_wrapper/u_ddr_mc_phy/ddr_phy_4lanes_0.u_ddr_phy_4lanes/ddr_byte_lane_A.ddr_byte_lane_A/out_fifo/RDCLK
                         clock pessimism              0.526    12.287    
                         clock uncertainty           -0.056    12.231    
    OUT_FIFO_X1Y4        OUT_FIFO (Setup_out_fifo_RDCLK_RDEN)
                                                     -0.573    11.658    memory/controller/u_davinci_ddr3_mig_mig/u_memc_ui_top_std/mem_intfc0/ddr_phy_top0/u_ddr_mc_phy_wrapper/u_ddr_mc_phy/ddr_phy_4lanes_0.u_ddr_phy_4lanes/ddr_byte_lane_A.ddr_byte_lane_A/out_fifo
  -------------------------------------------------------------------
                         required time                         11.658    
                         arrival time                          -9.955    
  -------------------------------------------------------------------
                         slack                                  1.703    





Min Delay Paths
--------------------------------------------------------------------------------------
Slack (MET) :             0.093ns  (arrival time - required time)
  Source:                 memory/controller/u_davinci_ddr3_mig_mig/u_memc_ui_top_std/mem_intfc0/ddr_phy_top0/u_ddr_mc_phy_wrapper/u_ddr_mc_phy/ddr_phy_4lanes_0.u_ddr_phy_4lanes/ddr_byte_lane_A.ddr_byte_lane_A/phaser_out/OCLK
                            (rising edge-triggered cell PHASER_OUT_PHY clocked by oserdes_clk_4  {rise@0.000ns fall@1.250ns period=2.500ns})
  Destination:            memory/controller/u_davinci_ddr3_mig_mig/u_memc_ui_top_std/mem_intfc0/ddr_phy_top0/u_ddr_mc_phy_wrapper/u_ddr_mc_phy/ddr_phy_4lanes_0.u_ddr_phy_4lanes/ddr_byte_lane_A.ddr_byte_lane_A/ddr_byte_group_io/output_[9].oserdes_dq_.sdr.oserdes_dq_i/RST
                            (rising edge-triggered cell OSERDESE2 clocked by oserdes_clkdiv_4  {rise@0.000ns fall@5.000ns period=10.000ns})
  Path Group:             oserdes_clkdiv_4
  Path Type:              Hold (Min at Fast Process Corner)
  Requirement:            0.000ns  (oserdes_clkdiv_4 rise@0.000ns - oserdes_clk_4 rise@0.000ns)
  Data Path Delay:        0.920ns  (logic 0.272ns (29.566%)  route 0.648ns (70.434%))
  Logic Levels:           0  
  Clock Path Skew:        0.268ns (DCD - SCD - CPR)
    Destination Clock Delay (DCD):    1.570ns
    Source Clock Delay      (SCD):    1.473ns
    Clock Pessimism Removal (CPR):    -0.171ns
  Timing Exception:       MultiCycle Path   Setup -start 2    Hold  -start 1

    Location             Delay type                Incr(ns)  Path(ns)    Netlist Resource(s)
  -------------------------------------------------------------------    -------------------
                         (clock oserdes_clk_4 rise edge)
                                                      0.000     0.000 r  
    R4                                                0.000     0.000 r  sys_clk (IN)
                         net (fo=0)                   0.000     0.000    sys_clk
    R4                   IBUF (Prop_ibuf_I_O)         0.269     0.269 r  sys_clk_IBUF_inst/O
                         net (fo=1, routed)           0.440     0.709    multiplied_clock.clock_generator/sys_clk_IBUF
    MMCME2_ADV_X1Y0      MMCME2_ADV (Prop_mmcme2_adv_CLKIN1_CLKOUT1)
                                                     -2.360    -1.651 r  multiplied_clock.clock_generator/mmcm/CLKOUT1
                         net (fo=1, routed)           0.486    -1.165    multiplied_clock.clock_generator/ddr_ref_raw
    BUFGCTRL_X0Y1        BUFG (Prop_bufg_I_O)         0.026    -1.139 r  multiplied_clock.clock_generator/ddr_ref_buffer/O
                         net (fo=63, routed)          0.552    -0.587    memory/controller/u_davinci_ddr3_mig_mig/u_ddr3_infrastructure/mmcm_clk
    PLLE2_ADV_X1Y1       PLLE2_ADV (Prop_plle2_adv_CLKIN1_CLKOUT1)
                                                      0.050    -0.537 r  memory/controller/u_davinci_ddr3_mig_mig/u_ddr3_infrastructure/plle2_i/CLKOUT1
                         net (fo=7, routed)           0.197    -0.340    memory/controller/u_davinci_ddr3_mig_mig/u_memc_ui_top_std/mem_intfc0/ddr_phy_top0/u_ddr_mc_phy_wrapper/u_ddr_mc_phy/ddr_phy_4lanes_0.u_ddr_phy_4lanes/ddr_byte_lane_A.ddr_byte_lane_A/mem_refclk
    PHASER_OUT_PHY_X1Y4  PHASER_OUT_PHY (Prop_phaser_out_phy_MEMREFCLK_OCLK)
                                                      1.813     1.473 r  memory/controller/u_davinci_ddr3_mig_mig/u_memc_ui_top_std/mem_intfc0/ddr_phy_top0/u_ddr_mc_phy_wrapper/u_ddr_mc_phy/ddr_phy_4lanes_0.u_ddr_phy_4lanes/ddr_byte_lane_A.ddr_byte_lane_A/phaser_out/OCLK
  -------------------------------------------------------------------    -------------------
    PHASER_OUT_PHY_X1Y4  PHASER_OUT_PHY (Prop_phaser_out_phy_OCLK_OSERDESRST)
                                                      0.272     1.745 r  memory/controller/u_davinci_ddr3_mig_mig/u_memc_ui_top_std/mem_intfc0/ddr_phy_top0/u_ddr_mc_phy_wrapper/u_ddr_mc_phy/ddr_phy_4lanes_0.u_ddr_phy_4lanes/ddr_byte_lane_A.ddr_byte_lane_A/phaser_out/OSERDESRST
                         net (fo=11, routed)          0.648     2.393    memory/controller/u_davinci_ddr3_mig_mig/u_memc_ui_top_std/mem_intfc0/ddr_phy_top0/u_ddr_mc_phy_wrapper/u_ddr_mc_phy/ddr_phy_4lanes_0.u_ddr_phy_4lanes/ddr_byte_lane_A.ddr_byte_lane_A/ddr_byte_group_io/po_oserdes_rst
    OLOGIC_X1Y62         OSERDESE2                                    r  memory/controller/u_davinci_ddr3_mig_mig/u_memc_ui_top_std/mem_intfc0/ddr_phy_top0/u_ddr_mc_phy_wrapper/u_ddr_mc_phy/ddr_phy_4lanes_0.u_ddr_phy_4lanes/ddr_byte_lane_A.ddr_byte_lane_A/ddr_byte_group_io/output_[9].oserdes_dq_.sdr.oserdes_dq_i/RST
  -------------------------------------------------------------------    -------------------

                         (clock oserdes_clkdiv_4 rise edge)
                                                      0.000     0.000 r  
    R4                                                0.000     0.000 r  sys_clk (IN)
                         net (fo=0)                   0.000     0.000    sys_clk
    R4                   IBUF (Prop_ibuf_I_O)         0.457     0.457 r  sys_clk_IBUF_inst/O
                         net (fo=1, routed)           0.480     0.937    multiplied_clock.clock_generator/sys_clk_IBUF
    MMCME2_ADV_X1Y0      MMCME2_ADV (Prop_mmcme2_adv_CLKIN1_CLKOUT1)
                                                     -3.142    -2.205 r  multiplied_clock.clock_generator/mmcm/CLKOUT1
                         net (fo=1, routed)           0.530    -1.676    multiplied_clock.clock_generator/ddr_ref_raw
    BUFGCTRL_X0Y1        BUFG (Prop_bufg_I_O)         0.029    -1.647 r  multiplied_clock.clock_generator/ddr_ref_buffer/O
                         net (fo=63, routed)          0.820    -0.827    memory/controller/u_davinci_ddr3_mig_mig/u_ddr3_infrastructure/mmcm_clk
    PLLE2_ADV_X1Y1       PLLE2_ADV (Prop_plle2_adv_CLKIN1_CLKOUT1)
                                                      0.053    -0.774 r  memory/controller/u_davinci_ddr3_mig_mig/u_ddr3_infrastructure/plle2_i/CLKOUT1
                         net (fo=7, routed)           0.218    -0.556    memory/controller/u_davinci_ddr3_mig_mig/u_memc_ui_top_std/mem_intfc0/ddr_phy_top0/u_ddr_mc_phy_wrapper/u_ddr_mc_phy/ddr_phy_4lanes_0.u_ddr_phy_4lanes/ddr_byte_lane_A.ddr_byte_lane_A/mem_refclk
    PHASER_OUT_PHY_X1Y4  PHASER_OUT_PHY (Prop_phaser_out_phy_MEMREFCLK_OCLK)
                                                      1.858     1.302 r  memory/controller/u_davinci_ddr3_mig_mig/u_memc_ui_top_std/mem_intfc0/ddr_phy_top0/u_ddr_mc_phy_wrapper/u_ddr_mc_phy/ddr_phy_4lanes_0.u_ddr_phy_4lanes/ddr_byte_lane_A.ddr_byte_lane_A/phaser_out/OCLK
    PHASER_OUT_PHY_X1Y4  PHASER_OUT_PHY (Prop_phaser_out_phy_OCLK_OCLKDIV)
                                                      0.088     1.390 r  memory/controller/u_davinci_ddr3_mig_mig/u_memc_ui_top_std/mem_intfc0/ddr_phy_top0/u_ddr_mc_phy_wrapper/u_ddr_mc_phy/ddr_phy_4lanes_0.u_ddr_phy_4lanes/ddr_byte_lane_A.ddr_byte_lane_A/phaser_out/OCLKDIV
                         net (fo=12, routed)          0.180     1.570    memory/controller/u_davinci_ddr3_mig_mig/u_memc_ui_top_std/mem_intfc0/ddr_phy_top0/u_ddr_mc_phy_wrapper/u_ddr_mc_phy/ddr_phy_4lanes_0.u_ddr_phy_4lanes/ddr_byte_lane_A.ddr_byte_lane_A/ddr_byte_group_io/oserdes_clkdiv
    OLOGIC_X1Y62         OSERDESE2                                    r  memory/controller/u_davinci_ddr3_mig_mig/u_memc_ui_top_std/mem_intfc0/ddr_phy_top0/u_ddr_mc_phy_wrapper/u_ddr_mc_phy/ddr_phy_4lanes_0.u_ddr_phy_4lanes/ddr_byte_lane_A.ddr_byte_lane_A/ddr_byte_group_io/output_[9].oserdes_dq_.sdr.oserdes_dq_i/CLKDIV
                         clock pessimism              0.171     1.741    
    OLOGIC_X1Y62         OSERDESE2 (Hold_oserdese2_CLKDIV_RST)
                                                      0.559     2.300    memory/controller/u_davinci_ddr3_mig_mig/u_memc_ui_top_std/mem_intfc0/ddr_phy_top0/u_ddr_mc_phy_wrapper/u_ddr_mc_phy/ddr_phy_4lanes_0.u_ddr_phy_4lanes/ddr_byte_lane_A.ddr_byte_lane_A/ddr_byte_group_io/output_[9].oserdes_dq_.sdr.oserdes_dq_i
  -------------------------------------------------------------------
                         required time                         -2.300    
                         arrival time                           2.393    
  -------------------------------------------------------------------
                         slack                                  0.093    





---------------------------------------------------------------------------------------------------
From Clock:  oserdes_clk_5
  To Clock:  oserdes_clkdiv_5

Setup :            0  Failing Endpoints,  Worst Slack        1.703ns,  Total Violation        0.000ns
Hold  :            0  Failing Endpoints,  Worst Slack        0.095ns,  Total Violation        0.000ns
---------------------------------------------------------------------------------------------------


Max Delay Paths
--------------------------------------------------------------------------------------
Slack (MET) :             1.703ns  (required time - arrival time)
  Source:                 memory/controller/u_davinci_ddr3_mig_mig/u_memc_ui_top_std/mem_intfc0/ddr_phy_top0/u_ddr_mc_phy_wrapper/u_ddr_mc_phy/ddr_phy_4lanes_0.u_ddr_phy_4lanes/ddr_byte_lane_B.ddr_byte_lane_B/phaser_out/OCLK
                            (rising edge-triggered cell PHASER_OUT_PHY clocked by oserdes_clk_5  {rise@0.000ns fall@1.250ns period=2.500ns})
  Destination:            memory/controller/u_davinci_ddr3_mig_mig/u_memc_ui_top_std/mem_intfc0/ddr_phy_top0/u_ddr_mc_phy_wrapper/u_ddr_mc_phy/ddr_phy_4lanes_0.u_ddr_phy_4lanes/ddr_byte_lane_B.ddr_byte_lane_B/out_fifo/RDEN
                            (rising edge-triggered cell OUT_FIFO clocked by oserdes_clkdiv_5  {rise@0.000ns fall@5.000ns period=10.000ns})
  Path Group:             oserdes_clkdiv_5
  Path Type:              Setup (Max at Slow Process Corner)
  Requirement:            2.500ns  (oserdes_clkdiv_5 rise@10.000ns - oserdes_clk_5 rise@7.500ns)
  Data Path Delay:        0.301ns  (logic 0.301ns (100.000%)  route 0.000ns (0.000%))
  Logic Levels:           0  
  Clock Path Skew:        0.133ns (DCD - SCD + CPR)
    Destination Clock Delay (DCD):    1.751ns = ( 11.751 - 10.000 ) 
    Source Clock Delay      (SCD):    2.143ns = ( 9.643 - 7.500 ) 
    Clock Pessimism Removal (CPR):    0.525ns
  Clock Uncertainty:      0.056ns  ((TSJ^2 + DJ^2)^1/2) / 2 + PE
    Total System Jitter     (TSJ):    0.071ns
    Discrete Jitter          (DJ):    0.087ns
    Phase Error              (PE):    0.000ns

    Location             Delay type                Incr(ns)  Path(ns)    Netlist Resource(s)
  -------------------------------------------------------------------    -------------------
                         (clock oserdes_clk_5 rise edge)
                                                      7.500     7.500 r  
    R4                                                0.000     7.500 r  sys_clk (IN)
                         net (fo=0)                   0.000     7.500    sys_clk
    R4                   IBUF (Prop_ibuf_I_O)         1.432     8.932 r  sys_clk_IBUF_inst/O
                         net (fo=1, routed)           1.065     9.997    multiplied_clock.clock_generator/sys_clk_IBUF
    MMCME2_ADV_X1Y0      MMCME2_ADV (Prop_mmcme2_adv_CLKIN1_CLKOUT1)
                                                     -5.921     4.076 r  multiplied_clock.clock_generator/mmcm/CLKOUT1
                         net (fo=1, routed)           1.421     5.496    multiplied_clock.clock_generator/ddr_ref_raw
    BUFGCTRL_X0Y1        BUFG (Prop_bufg_I_O)         0.081     5.577 r  multiplied_clock.clock_generator/ddr_ref_buffer/O
                         net (fo=63, routed)          1.394     6.972    memory/controller/u_davinci_ddr3_mig_mig/u_ddr3_infrastructure/mmcm_clk
    PLLE2_ADV_X1Y1       PLLE2_ADV (Prop_plle2_adv_CLKIN1_CLKOUT1)
                                                      0.077     7.049 r  memory/controller/u_davinci_ddr3_mig_mig/u_ddr3_infrastructure/plle2_i/CLKOUT1
                         net (fo=7, routed)           0.511     7.560    memory/controller/u_davinci_ddr3_mig_mig/u_memc_ui_top_std/mem_intfc0/ddr_phy_top0/u_ddr_mc_phy_wrapper/u_ddr_mc_phy/ddr_phy_4lanes_0.u_ddr_phy_4lanes/ddr_byte_lane_B.ddr_byte_lane_B/mem_refclk
    PHASER_OUT_PHY_X1Y5  PHASER_OUT_PHY (Prop_phaser_out_phy_MEMREFCLK_OCLK)
                                                      2.083     9.643 r  memory/controller/u_davinci_ddr3_mig_mig/u_memc_ui_top_std/mem_intfc0/ddr_phy_top0/u_ddr_mc_phy_wrapper/u_ddr_mc_phy/ddr_phy_4lanes_0.u_ddr_phy_4lanes/ddr_byte_lane_B.ddr_byte_lane_B/phaser_out/OCLK
  -------------------------------------------------------------------    -------------------
    PHASER_OUT_PHY_X1Y5  PHASER_OUT_PHY (Prop_phaser_out_phy_OCLK_RDENABLE)
                                                      0.301     9.944 r  memory/controller/u_davinci_ddr3_mig_mig/u_memc_ui_top_std/mem_intfc0/ddr_phy_top0/u_ddr_mc_phy_wrapper/u_ddr_mc_phy/ddr_phy_4lanes_0.u_ddr_phy_4lanes/ddr_byte_lane_B.ddr_byte_lane_B/phaser_out/RDENABLE
                         net (fo=1, routed)           0.000     9.944    memory/controller/u_davinci_ddr3_mig_mig/u_memc_ui_top_std/mem_intfc0/ddr_phy_top0/u_ddr_mc_phy_wrapper/u_ddr_mc_phy/ddr_phy_4lanes_0.u_ddr_phy_4lanes/ddr_byte_lane_B.ddr_byte_lane_B/po_rd_enable
    OUT_FIFO_X1Y5        OUT_FIFO                                     r  memory/controller/u_davinci_ddr3_mig_mig/u_memc_ui_top_std/mem_intfc0/ddr_phy_top0/u_ddr_mc_phy_wrapper/u_ddr_mc_phy/ddr_phy_4lanes_0.u_ddr_phy_4lanes/ddr_byte_lane_B.ddr_byte_lane_B/out_fifo/RDEN
  -------------------------------------------------------------------    -------------------

                         (clock oserdes_clkdiv_5 rise edge)
                                                     10.000    10.000 r  
    R4                                                0.000    10.000 r  sys_clk (IN)
                         net (fo=0)                   0.000    10.000    sys_clk
    R4                   IBUF (Prop_ibuf_I_O)         1.366    11.366 r  sys_clk_IBUF_inst/O
                         net (fo=1, routed)           1.004    12.369    multiplied_clock.clock_generator/sys_clk_IBUF
    MMCME2_ADV_X1Y0      MMCME2_ADV (Prop_mmcme2_adv_CLKIN1_CLKOUT1)
                                                     -6.057     6.312 r  multiplied_clock.clock_generator/mmcm/CLKOUT1
                         net (fo=1, routed)           1.352     7.665    multiplied_clock.clock_generator/ddr_ref_raw
    BUFGCTRL_X0Y1        BUFG (Prop_bufg_I_O)         0.077     7.742 r  multiplied_clock.clock_generator/ddr_ref_buffer/O
                         net (fo=63, routed)          1.290     9.032    memory/controller/u_davinci_ddr3_mig_mig/u_ddr3_infrastructure/mmcm_clk
    PLLE2_ADV_X1Y1       PLLE2_ADV (Prop_plle2_adv_CLKIN1_CLKOUT1)
                                                      0.073     9.105 r  memory/controller/u_davinci_ddr3_mig_mig/u_ddr3_infrastructure/plle2_i/CLKOUT1
                         net (fo=7, routed)           0.486     9.591    memory/controller/u_davinci_ddr3_mig_mig/u_memc_ui_top_std/mem_intfc0/ddr_phy_top0/u_ddr_mc_phy_wrapper/u_ddr_mc_phy/ddr_phy_4lanes_0.u_ddr_phy_4lanes/ddr_byte_lane_B.ddr_byte_lane_B/mem_refclk
    PHASER_OUT_PHY_X1Y5  PHASER_OUT_PHY (Prop_phaser_out_phy_MEMREFCLK_OCLK)
                                                      2.027    11.618 r  memory/controller/u_davinci_ddr3_mig_mig/u_memc_ui_top_std/mem_intfc0/ddr_phy_top0/u_ddr_mc_phy_wrapper/u_ddr_mc_phy/ddr_phy_4lanes_0.u_ddr_phy_4lanes/ddr_byte_lane_B.ddr_byte_lane_B/phaser_out/OCLK
    PHASER_OUT_PHY_X1Y5  PHASER_OUT_PHY (Prop_phaser_out_phy_OCLK_OCLKDIV)
                                                      0.133    11.751 r  memory/controller/u_davinci_ddr3_mig_mig/u_memc_ui_top_std/mem_intfc0/ddr_phy_top0/u_ddr_mc_phy_wrapper/u_ddr_mc_phy/ddr_phy_4lanes_0.u_ddr_phy_4lanes/ddr_byte_lane_B.ddr_byte_lane_B/phaser_out/OCLKDIV
                         net (fo=13, routed)          0.000    11.751    memory/controller/u_davinci_ddr3_mig_mig/u_memc_ui_top_std/mem_intfc0/ddr_phy_top0/u_ddr_mc_phy_wrapper/u_ddr_mc_phy/ddr_phy_4lanes_0.u_ddr_phy_4lanes/ddr_byte_lane_B.ddr_byte_lane_B/oserdes_clkdiv
    OUT_FIFO_X1Y5        OUT_FIFO                                     r  memory/controller/u_davinci_ddr3_mig_mig/u_memc_ui_top_std/mem_intfc0/ddr_phy_top0/u_ddr_mc_phy_wrapper/u_ddr_mc_phy/ddr_phy_4lanes_0.u_ddr_phy_4lanes/ddr_byte_lane_B.ddr_byte_lane_B/out_fifo/RDCLK
                         clock pessimism              0.525    12.276    
                         clock uncertainty           -0.056    12.220    
    OUT_FIFO_X1Y5        OUT_FIFO (Setup_out_fifo_RDCLK_RDEN)
                                                     -0.573    11.647    memory/controller/u_davinci_ddr3_mig_mig/u_memc_ui_top_std/mem_intfc0/ddr_phy_top0/u_ddr_mc_phy_wrapper/u_ddr_mc_phy/ddr_phy_4lanes_0.u_ddr_phy_4lanes/ddr_byte_lane_B.ddr_byte_lane_B/out_fifo
  -------------------------------------------------------------------
                         required time                         11.647    
                         arrival time                          -9.944    
  -------------------------------------------------------------------
                         slack                                  1.703    





Min Delay Paths
--------------------------------------------------------------------------------------
Slack (MET) :             0.095ns  (arrival time - required time)
  Source:                 memory/controller/u_davinci_ddr3_mig_mig/u_memc_ui_top_std/mem_intfc0/ddr_phy_top0/u_ddr_mc_phy_wrapper/u_ddr_mc_phy/ddr_phy_4lanes_0.u_ddr_phy_4lanes/ddr_byte_lane_B.ddr_byte_lane_B/phaser_out/OCLK
                            (rising edge-triggered cell PHASER_OUT_PHY clocked by oserdes_clk_5  {rise@0.000ns fall@1.250ns period=2.500ns})
  Destination:            memory/controller/u_davinci_ddr3_mig_mig/u_memc_ui_top_std/mem_intfc0/ddr_phy_top0/u_ddr_mc_phy_wrapper/u_ddr_mc_phy/ddr_phy_4lanes_0.u_ddr_phy_4lanes/ddr_byte_lane_B.ddr_byte_lane_B/out_fifo/RDEN
                            (rising edge-triggered cell OUT_FIFO clocked by oserdes_clkdiv_5  {rise@0.000ns fall@5.000ns period=10.000ns})
  Path Group:             oserdes_clkdiv_5
  Path Type:              Hold (Min at Fast Process Corner)
  Requirement:            0.000ns  (oserdes_clkdiv_5 rise@0.000ns - oserdes_clk_5 rise@0.000ns)
  Data Path Delay:        0.172ns  (logic 0.172ns (100.000%)  route 0.000ns (0.000%))
  Logic Levels:           0  
  Clock Path Skew:        0.088ns (DCD - SCD - CPR)
    Destination Clock Delay (DCD):    1.381ns
    Source Clock Delay      (SCD):    1.466ns
    Clock Pessimism Removal (CPR):    -0.173ns

    Location             Delay type                Incr(ns)  Path(ns)    Netlist Resource(s)
  -------------------------------------------------------------------    -------------------
                         (clock oserdes_clk_5 rise edge)
                                                      0.000     0.000 r  
    R4                                                0.000     0.000 r  sys_clk (IN)
                         net (fo=0)                   0.000     0.000    sys_clk
    R4                   IBUF (Prop_ibuf_I_O)         0.269     0.269 r  sys_clk_IBUF_inst/O
                         net (fo=1, routed)           0.440     0.709    multiplied_clock.clock_generator/sys_clk_IBUF
    MMCME2_ADV_X1Y0      MMCME2_ADV (Prop_mmcme2_adv_CLKIN1_CLKOUT1)
                                                     -2.360    -1.651 r  multiplied_clock.clock_generator/mmcm/CLKOUT1
                         net (fo=1, routed)           0.486    -1.165    multiplied_clock.clock_generator/ddr_ref_raw
    BUFGCTRL_X0Y1        BUFG (Prop_bufg_I_O)         0.026    -1.139 r  multiplied_clock.clock_generator/ddr_ref_buffer/O
                         net (fo=63, routed)          0.552    -0.587    memory/controller/u_davinci_ddr3_mig_mig/u_ddr3_infrastructure/mmcm_clk
    PLLE2_ADV_X1Y1       PLLE2_ADV (Prop_plle2_adv_CLKIN1_CLKOUT1)
                                                      0.050    -0.537 r  memory/controller/u_davinci_ddr3_mig_mig/u_ddr3_infrastructure/plle2_i/CLKOUT1
                         net (fo=7, routed)           0.190    -0.347    memory/controller/u_davinci_ddr3_mig_mig/u_memc_ui_top_std/mem_intfc0/ddr_phy_top0/u_ddr_mc_phy_wrapper/u_ddr_mc_phy/ddr_phy_4lanes_0.u_ddr_phy_4lanes/ddr_byte_lane_B.ddr_byte_lane_B/mem_refclk
    PHASER_OUT_PHY_X1Y5  PHASER_OUT_PHY (Prop_phaser_out_phy_MEMREFCLK_OCLK)
                                                      1.813     1.466 r  memory/controller/u_davinci_ddr3_mig_mig/u_memc_ui_top_std/mem_intfc0/ddr_phy_top0/u_ddr_mc_phy_wrapper/u_ddr_mc_phy/ddr_phy_4lanes_0.u_ddr_phy_4lanes/ddr_byte_lane_B.ddr_byte_lane_B/phaser_out/OCLK
  -------------------------------------------------------------------    -------------------
    PHASER_OUT_PHY_X1Y5  PHASER_OUT_PHY (Prop_phaser_out_phy_OCLK_RDENABLE)
                                                      0.172     1.638 r  memory/controller/u_davinci_ddr3_mig_mig/u_memc_ui_top_std/mem_intfc0/ddr_phy_top0/u_ddr_mc_phy_wrapper/u_ddr_mc_phy/ddr_phy_4lanes_0.u_ddr_phy_4lanes/ddr_byte_lane_B.ddr_byte_lane_B/phaser_out/RDENABLE
                         net (fo=1, routed)           0.000     1.638    memory/controller/u_davinci_ddr3_mig_mig/u_memc_ui_top_std/mem_intfc0/ddr_phy_top0/u_ddr_mc_phy_wrapper/u_ddr_mc_phy/ddr_phy_4lanes_0.u_ddr_phy_4lanes/ddr_byte_lane_B.ddr_byte_lane_B/po_rd_enable
    OUT_FIFO_X1Y5        OUT_FIFO                                     r  memory/controller/u_davinci_ddr3_mig_mig/u_memc_ui_top_std/mem_intfc0/ddr_phy_top0/u_ddr_mc_phy_wrapper/u_ddr_mc_phy/ddr_phy_4lanes_0.u_ddr_phy_4lanes/ddr_byte_lane_B.ddr_byte_lane_B/out_fifo/RDEN
  -------------------------------------------------------------------    -------------------

                         (clock oserdes_clkdiv_5 rise edge)
                                                      0.000     0.000 r  
    R4                                                0.000     0.000 r  sys_clk (IN)
                         net (fo=0)                   0.000     0.000    sys_clk
    R4                   IBUF (Prop_ibuf_I_O)         0.457     0.457 r  sys_clk_IBUF_inst/O
                         net (fo=1, routed)           0.480     0.937    multiplied_clock.clock_generator/sys_clk_IBUF
    MMCME2_ADV_X1Y0      MMCME2_ADV (Prop_mmcme2_adv_CLKIN1_CLKOUT1)
                                                     -3.142    -2.205 r  multiplied_clock.clock_generator/mmcm/CLKOUT1
                         net (fo=1, routed)           0.530    -1.676    multiplied_clock.clock_generator/ddr_ref_raw
    BUFGCTRL_X0Y1        BUFG (Prop_bufg_I_O)         0.029    -1.647 r  multiplied_clock.clock_generator/ddr_ref_buffer/O
                         net (fo=63, routed)          0.820    -0.827    memory/controller/u_davinci_ddr3_mig_mig/u_ddr3_infrastructure/mmcm_clk
    PLLE2_ADV_X1Y1       PLLE2_ADV (Prop_plle2_adv_CLKIN1_CLKOUT1)
                                                      0.053    -0.774 r  memory/controller/u_davinci_ddr3_mig_mig/u_ddr3_infrastructure/plle2_i/CLKOUT1
                         net (fo=7, routed)           0.209    -0.565    memory/controller/u_davinci_ddr3_mig_mig/u_memc_ui_top_std/mem_intfc0/ddr_phy_top0/u_ddr_mc_phy_wrapper/u_ddr_mc_phy/ddr_phy_4lanes_0.u_ddr_phy_4lanes/ddr_byte_lane_B.ddr_byte_lane_B/mem_refclk
    PHASER_OUT_PHY_X1Y5  PHASER_OUT_PHY (Prop_phaser_out_phy_MEMREFCLK_OCLK)
                                                      1.858     1.293 r  memory/controller/u_davinci_ddr3_mig_mig/u_memc_ui_top_std/mem_intfc0/ddr_phy_top0/u_ddr_mc_phy_wrapper/u_ddr_mc_phy/ddr_phy_4lanes_0.u_ddr_phy_4lanes/ddr_byte_lane_B.ddr_byte_lane_B/phaser_out/OCLK
    PHASER_OUT_PHY_X1Y5  PHASER_OUT_PHY (Prop_phaser_out_phy_OCLK_OCLKDIV)
                                                      0.088     1.381 r  memory/controller/u_davinci_ddr3_mig_mig/u_memc_ui_top_std/mem_intfc0/ddr_phy_top0/u_ddr_mc_phy_wrapper/u_ddr_mc_phy/ddr_phy_4lanes_0.u_ddr_phy_4lanes/ddr_byte_lane_B.ddr_byte_lane_B/phaser_out/OCLKDIV
                         net (fo=13, routed)          0.000     1.381    memory/controller/u_davinci_ddr3_mig_mig/u_memc_ui_top_std/mem_intfc0/ddr_phy_top0/u_ddr_mc_phy_wrapper/u_ddr_mc_phy/ddr_phy_4lanes_0.u_ddr_phy_4lanes/ddr_byte_lane_B.ddr_byte_lane_B/oserdes_clkdiv
    OUT_FIFO_X1Y5        OUT_FIFO                                     r  memory/controller/u_davinci_ddr3_mig_mig/u_memc_ui_top_std/mem_intfc0/ddr_phy_top0/u_ddr_mc_phy_wrapper/u_ddr_mc_phy/ddr_phy_4lanes_0.u_ddr_phy_4lanes/ddr_byte_lane_B.ddr_byte_lane_B/out_fifo/RDCLK
                         clock pessimism              0.173     1.554    
    OUT_FIFO_X1Y5        OUT_FIFO (Hold_out_fifo_RDCLK_RDEN)
                                                     -0.011     1.543    memory/controller/u_davinci_ddr3_mig_mig/u_memc_ui_top_std/mem_intfc0/ddr_phy_top0/u_ddr_mc_phy_wrapper/u_ddr_mc_phy/ddr_phy_4lanes_0.u_ddr_phy_4lanes/ddr_byte_lane_B.ddr_byte_lane_B/out_fifo
  -------------------------------------------------------------------
                         required time                         -1.543    
                         arrival time                           1.638    
  -------------------------------------------------------------------
                         slack                                  0.095    





---------------------------------------------------------------------------------------------------
From Clock:  oserdes_clk_6
  To Clock:  oserdes_clkdiv_6

Setup :            0  Failing Endpoints,  Worst Slack        1.703ns,  Total Violation        0.000ns
Hold  :            0  Failing Endpoints,  Worst Slack        0.093ns,  Total Violation        0.000ns
---------------------------------------------------------------------------------------------------


Max Delay Paths
--------------------------------------------------------------------------------------
Slack (MET) :             1.703ns  (required time - arrival time)
  Source:                 memory/controller/u_davinci_ddr3_mig_mig/u_memc_ui_top_std/mem_intfc0/ddr_phy_top0/u_ddr_mc_phy_wrapper/u_ddr_mc_phy/ddr_phy_4lanes_0.u_ddr_phy_4lanes/ddr_byte_lane_C.ddr_byte_lane_C/phaser_out/OCLK
                            (rising edge-triggered cell PHASER_OUT_PHY clocked by oserdes_clk_6  {rise@0.000ns fall@1.250ns period=2.500ns})
  Destination:            memory/controller/u_davinci_ddr3_mig_mig/u_memc_ui_top_std/mem_intfc0/ddr_phy_top0/u_ddr_mc_phy_wrapper/u_ddr_mc_phy/ddr_phy_4lanes_0.u_ddr_phy_4lanes/ddr_byte_lane_C.ddr_byte_lane_C/out_fifo/RDEN
                            (rising edge-triggered cell OUT_FIFO clocked by oserdes_clkdiv_6  {rise@0.000ns fall@2.500ns period=5.000ns})
  Path Group:             oserdes_clkdiv_6
  Path Type:              Setup (Max at Slow Process Corner)
  Requirement:            2.500ns  (oserdes_clkdiv_6 rise@5.000ns - oserdes_clk_6 rise@2.500ns)
  Data Path Delay:        0.301ns  (logic 0.301ns (100.000%)  route 0.000ns (0.000%))
  Logic Levels:           0  
  Clock Path Skew:        0.133ns (DCD - SCD + CPR)
    Destination Clock Delay (DCD):    1.761ns = ( 6.761 - 5.000 ) 
    Source Clock Delay      (SCD):    2.154ns = ( 4.654 - 2.500 ) 
    Clock Pessimism Removal (CPR):    0.526ns
  Clock Uncertainty:      0.056ns  ((TSJ^2 + DJ^2)^1/2) / 2 + PE
    Total System Jitter     (TSJ):    0.071ns
    Discrete Jitter          (DJ):    0.087ns
    Phase Error              (PE):    0.000ns

    Location             Delay type                Incr(ns)  Path(ns)    Netlist Resource(s)
  -------------------------------------------------------------------    -------------------
                         (clock oserdes_clk_6 rise edge)
                                                      2.500     2.500 r  
    R4                                                0.000     2.500 r  sys_clk (IN)
                         net (fo=0)                   0.000     2.500    sys_clk
    R4                   IBUF (Prop_ibuf_I_O)         1.432     3.932 r  sys_clk_IBUF_inst/O
                         net (fo=1, routed)           1.065     4.997    multiplied_clock.clock_generator/sys_clk_IBUF
    MMCME2_ADV_X1Y0      MMCME2_ADV (Prop_mmcme2_adv_CLKIN1_CLKOUT1)
                                                     -5.921    -0.924 r  multiplied_clock.clock_generator/mmcm/CLKOUT1
                         net (fo=1, routed)           1.421     0.496    multiplied_clock.clock_generator/ddr_ref_raw
    BUFGCTRL_X0Y1        BUFG (Prop_bufg_I_O)         0.081     0.577 r  multiplied_clock.clock_generator/ddr_ref_buffer/O
                         net (fo=63, routed)          1.394     1.972    memory/controller/u_davinci_ddr3_mig_mig/u_ddr3_infrastructure/mmcm_clk
    PLLE2_ADV_X1Y1       PLLE2_ADV (Prop_plle2_adv_CLKIN1_CLKOUT1)
                                                      0.077     2.049 r  memory/controller/u_davinci_ddr3_mig_mig/u_ddr3_infrastructure/plle2_i/CLKOUT1
                         net (fo=7, routed)           0.522     2.571    memory/controller/u_davinci_ddr3_mig_mig/u_memc_ui_top_std/mem_intfc0/ddr_phy_top0/u_ddr_mc_phy_wrapper/u_ddr_mc_phy/ddr_phy_4lanes_0.u_ddr_phy_4lanes/ddr_byte_lane_C.ddr_byte_lane_C/mem_refclk
    PHASER_OUT_PHY_X1Y6  PHASER_OUT_PHY (Prop_phaser_out_phy_MEMREFCLK_OCLK)
                                                      2.083     4.654 r  memory/controller/u_davinci_ddr3_mig_mig/u_memc_ui_top_std/mem_intfc0/ddr_phy_top0/u_ddr_mc_phy_wrapper/u_ddr_mc_phy/ddr_phy_4lanes_0.u_ddr_phy_4lanes/ddr_byte_lane_C.ddr_byte_lane_C/phaser_out/OCLK
  -------------------------------------------------------------------    -------------------
    PHASER_OUT_PHY_X1Y6  PHASER_OUT_PHY (Prop_phaser_out_phy_OCLK_RDENABLE)
                                                      0.301     4.955 r  memory/controller/u_davinci_ddr3_mig_mig/u_memc_ui_top_std/mem_intfc0/ddr_phy_top0/u_ddr_mc_phy_wrapper/u_ddr_mc_phy/ddr_phy_4lanes_0.u_ddr_phy_4lanes/ddr_byte_lane_C.ddr_byte_lane_C/phaser_out/RDENABLE
                         net (fo=1, routed)           0.000     4.955    memory/controller/u_davinci_ddr3_mig_mig/u_memc_ui_top_std/mem_intfc0/ddr_phy_top0/u_ddr_mc_phy_wrapper/u_ddr_mc_phy/ddr_phy_4lanes_0.u_ddr_phy_4lanes/ddr_byte_lane_C.ddr_byte_lane_C/po_rd_enable
    OUT_FIFO_X1Y6        OUT_FIFO                                     r  memory/controller/u_davinci_ddr3_mig_mig/u_memc_ui_top_std/mem_intfc0/ddr_phy_top0/u_ddr_mc_phy_wrapper/u_ddr_mc_phy/ddr_phy_4lanes_0.u_ddr_phy_4lanes/ddr_byte_lane_C.ddr_byte_lane_C/out_fifo/RDEN
  -------------------------------------------------------------------    -------------------

                         (clock oserdes_clkdiv_6 rise edge)
                                                      5.000     5.000 r  
    R4                                                0.000     5.000 r  sys_clk (IN)
                         net (fo=0)                   0.000     5.000    sys_clk
    R4                   IBUF (Prop_ibuf_I_O)         1.366     6.366 r  sys_clk_IBUF_inst/O
                         net (fo=1, routed)           1.004     7.369    multiplied_clock.clock_generator/sys_clk_IBUF
    MMCME2_ADV_X1Y0      MMCME2_ADV (Prop_mmcme2_adv_CLKIN1_CLKOUT1)
                                                     -6.057     1.312 r  multiplied_clock.clock_generator/mmcm/CLKOUT1
                         net (fo=1, routed)           1.352     2.665    multiplied_clock.clock_generator/ddr_ref_raw
    BUFGCTRL_X0Y1        BUFG (Prop_bufg_I_O)         0.077     2.742 r  multiplied_clock.clock_generator/ddr_ref_buffer/O
                         net (fo=63, routed)          1.290     4.032    memory/controller/u_davinci_ddr3_mig_mig/u_ddr3_infrastructure/mmcm_clk
    PLLE2_ADV_X1Y1       PLLE2_ADV (Prop_plle2_adv_CLKIN1_CLKOUT1)
                                                      0.073     4.105 r  memory/controller/u_davinci_ddr3_mig_mig/u_ddr3_infrastructure/plle2_i/CLKOUT1
                         net (fo=7, routed)           0.496     4.601    memory/controller/u_davinci_ddr3_mig_mig/u_memc_ui_top_std/mem_intfc0/ddr_phy_top0/u_ddr_mc_phy_wrapper/u_ddr_mc_phy/ddr_phy_4lanes_0.u_ddr_phy_4lanes/ddr_byte_lane_C.ddr_byte_lane_C/mem_refclk
    PHASER_OUT_PHY_X1Y6  PHASER_OUT_PHY (Prop_phaser_out_phy_MEMREFCLK_OCLK)
                                                      2.027     6.628 r  memory/controller/u_davinci_ddr3_mig_mig/u_memc_ui_top_std/mem_intfc0/ddr_phy_top0/u_ddr_mc_phy_wrapper/u_ddr_mc_phy/ddr_phy_4lanes_0.u_ddr_phy_4lanes/ddr_byte_lane_C.ddr_byte_lane_C/phaser_out/OCLK
    PHASER_OUT_PHY_X1Y6  PHASER_OUT_PHY (Prop_phaser_out_phy_OCLK_OCLKDIV)
                                                      0.133     6.761 r  memory/controller/u_davinci_ddr3_mig_mig/u_memc_ui_top_std/mem_intfc0/ddr_phy_top0/u_ddr_mc_phy_wrapper/u_ddr_mc_phy/ddr_phy_4lanes_0.u_ddr_phy_4lanes/ddr_byte_lane_C.ddr_byte_lane_C/phaser_out/OCLKDIV
                         net (fo=11, routed)          0.000     6.761    memory/controller/u_davinci_ddr3_mig_mig/u_memc_ui_top_std/mem_intfc0/ddr_phy_top0/u_ddr_mc_phy_wrapper/u_ddr_mc_phy/ddr_phy_4lanes_0.u_ddr_phy_4lanes/ddr_byte_lane_C.ddr_byte_lane_C/oserdes_clkdiv
    OUT_FIFO_X1Y6        OUT_FIFO                                     r  memory/controller/u_davinci_ddr3_mig_mig/u_memc_ui_top_std/mem_intfc0/ddr_phy_top0/u_ddr_mc_phy_wrapper/u_ddr_mc_phy/ddr_phy_4lanes_0.u_ddr_phy_4lanes/ddr_byte_lane_C.ddr_byte_lane_C/out_fifo/RDCLK
                         clock pessimism              0.526     7.287    
                         clock uncertainty           -0.056     7.231    
    OUT_FIFO_X1Y6        OUT_FIFO (Setup_out_fifo_RDCLK_RDEN)
                                                     -0.573     6.658    memory/controller/u_davinci_ddr3_mig_mig/u_memc_ui_top_std/mem_intfc0/ddr_phy_top0/u_ddr_mc_phy_wrapper/u_ddr_mc_phy/ddr_phy_4lanes_0.u_ddr_phy_4lanes/ddr_byte_lane_C.ddr_byte_lane_C/out_fifo
  -------------------------------------------------------------------
                         required time                          6.658    
                         arrival time                          -4.955    
  -------------------------------------------------------------------
                         slack                                  1.703    





Min Delay Paths
--------------------------------------------------------------------------------------
Slack (MET) :             0.093ns  (arrival time - required time)
  Source:                 memory/controller/u_davinci_ddr3_mig_mig/u_memc_ui_top_std/mem_intfc0/ddr_phy_top0/u_ddr_mc_phy_wrapper/u_ddr_mc_phy/ddr_phy_4lanes_0.u_ddr_phy_4lanes/ddr_byte_lane_C.ddr_byte_lane_C/phaser_out/OCLK
                            (rising edge-triggered cell PHASER_OUT_PHY clocked by oserdes_clk_6  {rise@0.000ns fall@1.250ns period=2.500ns})
  Destination:            memory/controller/u_davinci_ddr3_mig_mig/u_memc_ui_top_std/mem_intfc0/ddr_phy_top0/u_ddr_mc_phy_wrapper/u_ddr_mc_phy/ddr_phy_4lanes_0.u_ddr_phy_4lanes/ddr_byte_lane_C.ddr_byte_lane_C/ddr_byte_group_io/output_[3].oserdes_dq_.ddr.oserdes_dq_i/RST
                            (rising edge-triggered cell OSERDESE2 clocked by oserdes_clkdiv_6  {rise@0.000ns fall@2.500ns period=5.000ns})
  Path Group:             oserdes_clkdiv_6
  Path Type:              Hold (Min at Fast Process Corner)
  Requirement:            0.000ns  (oserdes_clkdiv_6 rise@0.000ns - oserdes_clk_6 rise@0.000ns)
  Data Path Delay:        0.917ns  (logic 0.272ns (29.664%)  route 0.645ns (70.336%))
  Logic Levels:           0  
  Clock Path Skew:        0.265ns (DCD - SCD - CPR)
    Destination Clock Delay (DCD):    1.567ns
    Source Clock Delay      (SCD):    1.473ns
    Clock Pessimism Removal (CPR):    -0.171ns
  Timing Exception:       MultiCycle Path   Setup -start 2    Hold  -start 1

    Location             Delay type                Incr(ns)  Path(ns)    Netlist Resource(s)
  -------------------------------------------------------------------    -------------------
                         (clock oserdes_clk_6 rise edge)
                                                      0.000     0.000 r  
    R4                                                0.000     0.000 r  sys_clk (IN)
                         net (fo=0)                   0.000     0.000    sys_clk
    R4                   IBUF (Prop_ibuf_I_O)         0.269     0.269 r  sys_clk_IBUF_inst/O
                         net (fo=1, routed)           0.440     0.709    multiplied_clock.clock_generator/sys_clk_IBUF
    MMCME2_ADV_X1Y0      MMCME2_ADV (Prop_mmcme2_adv_CLKIN1_CLKOUT1)
                                                     -2.360    -1.651 r  multiplied_clock.clock_generator/mmcm/CLKOUT1
                         net (fo=1, routed)           0.486    -1.165    multiplied_clock.clock_generator/ddr_ref_raw
    BUFGCTRL_X0Y1        BUFG (Prop_bufg_I_O)         0.026    -1.139 r  multiplied_clock.clock_generator/ddr_ref_buffer/O
                         net (fo=63, routed)          0.552    -0.587    memory/controller/u_davinci_ddr3_mig_mig/u_ddr3_infrastructure/mmcm_clk
    PLLE2_ADV_X1Y1       PLLE2_ADV (Prop_plle2_adv_CLKIN1_CLKOUT1)
                                                      0.050    -0.537 r  memory/controller/u_davinci_ddr3_mig_mig/u_ddr3_infrastructure/plle2_i/CLKOUT1
                         net (fo=7, routed)           0.197    -0.340    memory/controller/u_davinci_ddr3_mig_mig/u_memc_ui_top_std/mem_intfc0/ddr_phy_top0/u_ddr_mc_phy_wrapper/u_ddr_mc_phy/ddr_phy_4lanes_0.u_ddr_phy_4lanes/ddr_byte_lane_C.ddr_byte_lane_C/mem_refclk
    PHASER_OUT_PHY_X1Y6  PHASER_OUT_PHY (Prop_phaser_out_phy_MEMREFCLK_OCLK)
                                                      1.813     1.473 r  memory/controller/u_davinci_ddr3_mig_mig/u_memc_ui_top_std/mem_intfc0/ddr_phy_top0/u_ddr_mc_phy_wrapper/u_ddr_mc_phy/ddr_phy_4lanes_0.u_ddr_phy_4lanes/ddr_byte_lane_C.ddr_byte_lane_C/phaser_out/OCLK
  -------------------------------------------------------------------    -------------------
    PHASER_OUT_PHY_X1Y6  PHASER_OUT_PHY (Prop_phaser_out_phy_OCLK_OSERDESRST)
                                                      0.272     1.745 r  memory/controller/u_davinci_ddr3_mig_mig/u_memc_ui_top_std/mem_intfc0/ddr_phy_top0/u_ddr_mc_phy_wrapper/u_ddr_mc_phy/ddr_phy_4lanes_0.u_ddr_phy_4lanes/ddr_byte_lane_C.ddr_byte_lane_C/phaser_out/OSERDESRST
                         net (fo=10, routed)          0.645     2.390    memory/controller/u_davinci_ddr3_mig_mig/u_memc_ui_top_std/mem_intfc0/ddr_phy_top0/u_ddr_mc_phy_wrapper/u_ddr_mc_phy/ddr_phy_4lanes_0.u_ddr_phy_4lanes/ddr_byte_lane_C.ddr_byte_lane_C/ddr_byte_group_io/po_oserdes_rst
    OLOGIC_X1Y78         OSERDESE2                                    r  memory/controller/u_davinci_ddr3_mig_mig/u_memc_ui_top_std/mem_intfc0/ddr_phy_top0/u_ddr_mc_phy_wrapper/u_ddr_mc_phy/ddr_phy_4lanes_0.u_ddr_phy_4lanes/ddr_byte_lane_C.ddr_byte_lane_C/ddr_byte_group_io/output_[3].oserdes_dq_.ddr.oserdes_dq_i/RST
  -------------------------------------------------------------------    -------------------

                         (clock oserdes_clkdiv_6 rise edge)
                                                      0.000     0.000 r  
    R4                                                0.000     0.000 r  sys_clk (IN)
                         net (fo=0)                   0.000     0.000    sys_clk
    R4                   IBUF (Prop_ibuf_I_O)         0.457     0.457 r  sys_clk_IBUF_inst/O
                         net (fo=1, routed)           0.480     0.937    multiplied_clock.clock_generator/sys_clk_IBUF
    MMCME2_ADV_X1Y0      MMCME2_ADV (Prop_mmcme2_adv_CLKIN1_CLKOUT1)
                                                     -3.142    -2.205 r  multiplied_clock.clock_generator/mmcm/CLKOUT1
                         net (fo=1, routed)           0.530    -1.676    multiplied_clock.clock_generator/ddr_ref_raw
    BUFGCTRL_X0Y1        BUFG (Prop_bufg_I_O)         0.029    -1.647 r  multiplied_clock.clock_generator/ddr_ref_buffer/O
                         net (fo=63, routed)          0.820    -0.827    memory/controller/u_davinci_ddr3_mig_mig/u_ddr3_infrastructure/mmcm_clk
    PLLE2_ADV_X1Y1       PLLE2_ADV (Prop_plle2_adv_CLKIN1_CLKOUT1)
                                                      0.053    -0.774 r  memory/controller/u_davinci_ddr3_mig_mig/u_ddr3_infrastructure/plle2_i/CLKOUT1
                         net (fo=7, routed)           0.218    -0.556    memory/controller/u_davinci_ddr3_mig_mig/u_memc_ui_top_std/mem_intfc0/ddr_phy_top0/u_ddr_mc_phy_wrapper/u_ddr_mc_phy/ddr_phy_4lanes_0.u_ddr_phy_4lanes/ddr_byte_lane_C.ddr_byte_lane_C/mem_refclk
    PHASER_OUT_PHY_X1Y6  PHASER_OUT_PHY (Prop_phaser_out_phy_MEMREFCLK_OCLK)
                                                      1.858     1.302 r  memory/controller/u_davinci_ddr3_mig_mig/u_memc_ui_top_std/mem_intfc0/ddr_phy_top0/u_ddr_mc_phy_wrapper/u_ddr_mc_phy/ddr_phy_4lanes_0.u_ddr_phy_4lanes/ddr_byte_lane_C.ddr_byte_lane_C/phaser_out/OCLK
    PHASER_OUT_PHY_X1Y6  PHASER_OUT_PHY (Prop_phaser_out_phy_OCLK_OCLKDIV)
                                                      0.088     1.390 r  memory/controller/u_davinci_ddr3_mig_mig/u_memc_ui_top_std/mem_intfc0/ddr_phy_top0/u_ddr_mc_phy_wrapper/u_ddr_mc_phy/ddr_phy_4lanes_0.u_ddr_phy_4lanes/ddr_byte_lane_C.ddr_byte_lane_C/phaser_out/OCLKDIV
                         net (fo=11, routed)          0.177     1.567    memory/controller/u_davinci_ddr3_mig_mig/u_memc_ui_top_std/mem_intfc0/ddr_phy_top0/u_ddr_mc_phy_wrapper/u_ddr_mc_phy/ddr_phy_4lanes_0.u_ddr_phy_4lanes/ddr_byte_lane_C.ddr_byte_lane_C/ddr_byte_group_io/oserdes_clkdiv
    OLOGIC_X1Y78         OSERDESE2                                    r  memory/controller/u_davinci_ddr3_mig_mig/u_memc_ui_top_std/mem_intfc0/ddr_phy_top0/u_ddr_mc_phy_wrapper/u_ddr_mc_phy/ddr_phy_4lanes_0.u_ddr_phy_4lanes/ddr_byte_lane_C.ddr_byte_lane_C/ddr_byte_group_io/output_[3].oserdes_dq_.ddr.oserdes_dq_i/CLKDIV
                         clock pessimism              0.171     1.738    
    OLOGIC_X1Y78         OSERDESE2 (Hold_oserdese2_CLKDIV_RST)
                                                      0.559     2.297    memory/controller/u_davinci_ddr3_mig_mig/u_memc_ui_top_std/mem_intfc0/ddr_phy_top0/u_ddr_mc_phy_wrapper/u_ddr_mc_phy/ddr_phy_4lanes_0.u_ddr_phy_4lanes/ddr_byte_lane_C.ddr_byte_lane_C/ddr_byte_group_io/output_[3].oserdes_dq_.ddr.oserdes_dq_i
  -------------------------------------------------------------------
                         required time                         -2.297    
                         arrival time                           2.390    
  -------------------------------------------------------------------
                         slack                                  0.093    





---------------------------------------------------------------------------------------------------
From Clock:  oserdes_clk_7
  To Clock:  oserdes_clkdiv_7

Setup :            0  Failing Endpoints,  Worst Slack        1.703ns,  Total Violation        0.000ns
Hold  :            0  Failing Endpoints,  Worst Slack        0.095ns,  Total Violation        0.000ns
---------------------------------------------------------------------------------------------------


Max Delay Paths
--------------------------------------------------------------------------------------
Slack (MET) :             1.703ns  (required time - arrival time)
  Source:                 memory/controller/u_davinci_ddr3_mig_mig/u_memc_ui_top_std/mem_intfc0/ddr_phy_top0/u_ddr_mc_phy_wrapper/u_ddr_mc_phy/ddr_phy_4lanes_0.u_ddr_phy_4lanes/ddr_byte_lane_D.ddr_byte_lane_D/phaser_out/OCLK
                            (rising edge-triggered cell PHASER_OUT_PHY clocked by oserdes_clk_7  {rise@0.000ns fall@1.250ns period=2.500ns})
  Destination:            memory/controller/u_davinci_ddr3_mig_mig/u_memc_ui_top_std/mem_intfc0/ddr_phy_top0/u_ddr_mc_phy_wrapper/u_ddr_mc_phy/ddr_phy_4lanes_0.u_ddr_phy_4lanes/ddr_byte_lane_D.ddr_byte_lane_D/out_fifo/RDEN
                            (rising edge-triggered cell OUT_FIFO clocked by oserdes_clkdiv_7  {rise@0.000ns fall@2.500ns period=5.000ns})
  Path Group:             oserdes_clkdiv_7
  Path Type:              Setup (Max at Slow Process Corner)
  Requirement:            2.500ns  (oserdes_clkdiv_7 rise@5.000ns - oserdes_clk_7 rise@2.500ns)
  Data Path Delay:        0.301ns  (logic 0.301ns (100.000%)  route 0.000ns (0.000%))
  Logic Levels:           0  
  Clock Path Skew:        0.133ns (DCD - SCD + CPR)
    Destination Clock Delay (DCD):    1.751ns = ( 6.751 - 5.000 ) 
    Source Clock Delay      (SCD):    2.143ns = ( 4.643 - 2.500 ) 
    Clock Pessimism Removal (CPR):    0.525ns
  Clock Uncertainty:      0.056ns  ((TSJ^2 + DJ^2)^1/2) / 2 + PE
    Total System Jitter     (TSJ):    0.071ns
    Discrete Jitter          (DJ):    0.087ns
    Phase Error              (PE):    0.000ns

    Location             Delay type                Incr(ns)  Path(ns)    Netlist Resource(s)
  -------------------------------------------------------------------    -------------------
                         (clock oserdes_clk_7 rise edge)
                                                      2.500     2.500 r  
    R4                                                0.000     2.500 r  sys_clk (IN)
                         net (fo=0)                   0.000     2.500    sys_clk
    R4                   IBUF (Prop_ibuf_I_O)         1.432     3.932 r  sys_clk_IBUF_inst/O
                         net (fo=1, routed)           1.065     4.997    multiplied_clock.clock_generator/sys_clk_IBUF
    MMCME2_ADV_X1Y0      MMCME2_ADV (Prop_mmcme2_adv_CLKIN1_CLKOUT1)
                                                     -5.921    -0.924 r  multiplied_clock.clock_generator/mmcm/CLKOUT1
                         net (fo=1, routed)           1.421     0.496    multiplied_clock.clock_generator/ddr_ref_raw
    BUFGCTRL_X0Y1        BUFG (Prop_bufg_I_O)         0.081     0.577 r  multiplied_clock.clock_generator/ddr_ref_buffer/O
                         net (fo=63, routed)          1.394     1.972    memory/controller/u_davinci_ddr3_mig_mig/u_ddr3_infrastructure/mmcm_clk
    PLLE2_ADV_X1Y1       PLLE2_ADV (Prop_plle2_adv_CLKIN1_CLKOUT1)
                                                      0.077     2.049 r  memory/controller/u_davinci_ddr3_mig_mig/u_ddr3_infrastructure/plle2_i/CLKOUT1
                         net (fo=7, routed)           0.511     2.560    memory/controller/u_davinci_ddr3_mig_mig/u_memc_ui_top_std/mem_intfc0/ddr_phy_top0/u_ddr_mc_phy_wrapper/u_ddr_mc_phy/ddr_phy_4lanes_0.u_ddr_phy_4lanes/ddr_byte_lane_D.ddr_byte_lane_D/mem_refclk
    PHASER_OUT_PHY_X1Y7  PHASER_OUT_PHY (Prop_phaser_out_phy_MEMREFCLK_OCLK)
                                                      2.083     4.643 r  memory/controller/u_davinci_ddr3_mig_mig/u_memc_ui_top_std/mem_intfc0/ddr_phy_top0/u_ddr_mc_phy_wrapper/u_ddr_mc_phy/ddr_phy_4lanes_0.u_ddr_phy_4lanes/ddr_byte_lane_D.ddr_byte_lane_D/phaser_out/OCLK
  -------------------------------------------------------------------    -------------------
    PHASER_OUT_PHY_X1Y7  PHASER_OUT_PHY (Prop_phaser_out_phy_OCLK_RDENABLE)
                                                      0.301     4.944 r  memory/controller/u_davinci_ddr3_mig_mig/u_memc_ui_top_std/mem_intfc0/ddr_phy_top0/u_ddr_mc_phy_wrapper/u_ddr_mc_phy/ddr_phy_4lanes_0.u_ddr_phy_4lanes/ddr_byte_lane_D.ddr_byte_lane_D/phaser_out/RDENABLE
                         net (fo=1, routed)           0.000     4.944    memory/controller/u_davinci_ddr3_mig_mig/u_memc_ui_top_std/mem_intfc0/ddr_phy_top0/u_ddr_mc_phy_wrapper/u_ddr_mc_phy/ddr_phy_4lanes_0.u_ddr_phy_4lanes/ddr_byte_lane_D.ddr_byte_lane_D/po_rd_enable
    OUT_FIFO_X1Y7        OUT_FIFO                                     r  memory/controller/u_davinci_ddr3_mig_mig/u_memc_ui_top_std/mem_intfc0/ddr_phy_top0/u_ddr_mc_phy_wrapper/u_ddr_mc_phy/ddr_phy_4lanes_0.u_ddr_phy_4lanes/ddr_byte_lane_D.ddr_byte_lane_D/out_fifo/RDEN
  -------------------------------------------------------------------    -------------------

                         (clock oserdes_clkdiv_7 rise edge)
                                                      5.000     5.000 r  
    R4                                                0.000     5.000 r  sys_clk (IN)
                         net (fo=0)                   0.000     5.000    sys_clk
    R4                   IBUF (Prop_ibuf_I_O)         1.366     6.366 r  sys_clk_IBUF_inst/O
                         net (fo=1, routed)           1.004     7.369    multiplied_clock.clock_generator/sys_clk_IBUF
    MMCME2_ADV_X1Y0      MMCME2_ADV (Prop_mmcme2_adv_CLKIN1_CLKOUT1)
                                                     -6.057     1.312 r  multiplied_clock.clock_generator/mmcm/CLKOUT1
                         net (fo=1, routed)           1.352     2.665    multiplied_clock.clock_generator/ddr_ref_raw
    BUFGCTRL_X0Y1        BUFG (Prop_bufg_I_O)         0.077     2.742 r  multiplied_clock.clock_generator/ddr_ref_buffer/O
                         net (fo=63, routed)          1.290     4.032    memory/controller/u_davinci_ddr3_mig_mig/u_ddr3_infrastructure/mmcm_clk
    PLLE2_ADV_X1Y1       PLLE2_ADV (Prop_plle2_adv_CLKIN1_CLKOUT1)
                                                      0.073     4.105 r  memory/controller/u_davinci_ddr3_mig_mig/u_ddr3_infrastructure/plle2_i/CLKOUT1
                         net (fo=7, routed)           0.486     4.591    memory/controller/u_davinci_ddr3_mig_mig/u_memc_ui_top_std/mem_intfc0/ddr_phy_top0/u_ddr_mc_phy_wrapper/u_ddr_mc_phy/ddr_phy_4lanes_0.u_ddr_phy_4lanes/ddr_byte_lane_D.ddr_byte_lane_D/mem_refclk
    PHASER_OUT_PHY_X1Y7  PHASER_OUT_PHY (Prop_phaser_out_phy_MEMREFCLK_OCLK)
                                                      2.027     6.618 r  memory/controller/u_davinci_ddr3_mig_mig/u_memc_ui_top_std/mem_intfc0/ddr_phy_top0/u_ddr_mc_phy_wrapper/u_ddr_mc_phy/ddr_phy_4lanes_0.u_ddr_phy_4lanes/ddr_byte_lane_D.ddr_byte_lane_D/phaser_out/OCLK
    PHASER_OUT_PHY_X1Y7  PHASER_OUT_PHY (Prop_phaser_out_phy_OCLK_OCLKDIV)
                                                      0.133     6.751 r  memory/controller/u_davinci_ddr3_mig_mig/u_memc_ui_top_std/mem_intfc0/ddr_phy_top0/u_ddr_mc_phy_wrapper/u_ddr_mc_phy/ddr_phy_4lanes_0.u_ddr_phy_4lanes/ddr_byte_lane_D.ddr_byte_lane_D/phaser_out/OCLKDIV
                         net (fo=11, routed)          0.000     6.751    memory/controller/u_davinci_ddr3_mig_mig/u_memc_ui_top_std/mem_intfc0/ddr_phy_top0/u_ddr_mc_phy_wrapper/u_ddr_mc_phy/ddr_phy_4lanes_0.u_ddr_phy_4lanes/ddr_byte_lane_D.ddr_byte_lane_D/oserdes_clkdiv
    OUT_FIFO_X1Y7        OUT_FIFO                                     r  memory/controller/u_davinci_ddr3_mig_mig/u_memc_ui_top_std/mem_intfc0/ddr_phy_top0/u_ddr_mc_phy_wrapper/u_ddr_mc_phy/ddr_phy_4lanes_0.u_ddr_phy_4lanes/ddr_byte_lane_D.ddr_byte_lane_D/out_fifo/RDCLK
                         clock pessimism              0.525     7.276    
                         clock uncertainty           -0.056     7.220    
    OUT_FIFO_X1Y7        OUT_FIFO (Setup_out_fifo_RDCLK_RDEN)
                                                     -0.573     6.647    memory/controller/u_davinci_ddr3_mig_mig/u_memc_ui_top_std/mem_intfc0/ddr_phy_top0/u_ddr_mc_phy_wrapper/u_ddr_mc_phy/ddr_phy_4lanes_0.u_ddr_phy_4lanes/ddr_byte_lane_D.ddr_byte_lane_D/out_fifo
  -------------------------------------------------------------------
                         required time                          6.647    
                         arrival time                          -4.944    
  -------------------------------------------------------------------
                         slack                                  1.703    





Min Delay Paths
--------------------------------------------------------------------------------------
Slack (MET) :             0.095ns  (arrival time - required time)
  Source:                 memory/controller/u_davinci_ddr3_mig_mig/u_memc_ui_top_std/mem_intfc0/ddr_phy_top0/u_ddr_mc_phy_wrapper/u_ddr_mc_phy/ddr_phy_4lanes_0.u_ddr_phy_4lanes/ddr_byte_lane_D.ddr_byte_lane_D/phaser_out/OCLK
                            (rising edge-triggered cell PHASER_OUT_PHY clocked by oserdes_clk_7  {rise@0.000ns fall@1.250ns period=2.500ns})
  Destination:            memory/controller/u_davinci_ddr3_mig_mig/u_memc_ui_top_std/mem_intfc0/ddr_phy_top0/u_ddr_mc_phy_wrapper/u_ddr_mc_phy/ddr_phy_4lanes_0.u_ddr_phy_4lanes/ddr_byte_lane_D.ddr_byte_lane_D/out_fifo/RDEN
                            (rising edge-triggered cell OUT_FIFO clocked by oserdes_clkdiv_7  {rise@0.000ns fall@2.500ns period=5.000ns})
  Path Group:             oserdes_clkdiv_7
  Path Type:              Hold (Min at Fast Process Corner)
  Requirement:            0.000ns  (oserdes_clkdiv_7 rise@0.000ns - oserdes_clk_7 rise@0.000ns)
  Data Path Delay:        0.172ns  (logic 0.172ns (100.000%)  route 0.000ns (0.000%))
  Logic Levels:           0  
  Clock Path Skew:        0.088ns (DCD - SCD - CPR)
    Destination Clock Delay (DCD):    1.381ns
    Source Clock Delay      (SCD):    1.466ns
    Clock Pessimism Removal (CPR):    -0.173ns

    Location             Delay type                Incr(ns)  Path(ns)    Netlist Resource(s)
  -------------------------------------------------------------------    -------------------
                         (clock oserdes_clk_7 rise edge)
                                                      0.000     0.000 r  
    R4                                                0.000     0.000 r  sys_clk (IN)
                         net (fo=0)                   0.000     0.000    sys_clk
    R4                   IBUF (Prop_ibuf_I_O)         0.269     0.269 r  sys_clk_IBUF_inst/O
                         net (fo=1, routed)           0.440     0.709    multiplied_clock.clock_generator/sys_clk_IBUF
    MMCME2_ADV_X1Y0      MMCME2_ADV (Prop_mmcme2_adv_CLKIN1_CLKOUT1)
                                                     -2.360    -1.651 r  multiplied_clock.clock_generator/mmcm/CLKOUT1
                         net (fo=1, routed)           0.486    -1.165    multiplied_clock.clock_generator/ddr_ref_raw
    BUFGCTRL_X0Y1        BUFG (Prop_bufg_I_O)         0.026    -1.139 r  multiplied_clock.clock_generator/ddr_ref_buffer/O
                         net (fo=63, routed)          0.552    -0.587    memory/controller/u_davinci_ddr3_mig_mig/u_ddr3_infrastructure/mmcm_clk
    PLLE2_ADV_X1Y1       PLLE2_ADV (Prop_plle2_adv_CLKIN1_CLKOUT1)
                                                      0.050    -0.537 r  memory/controller/u_davinci_ddr3_mig_mig/u_ddr3_infrastructure/plle2_i/CLKOUT1
                         net (fo=7, routed)           0.190    -0.347    memory/controller/u_davinci_ddr3_mig_mig/u_memc_ui_top_std/mem_intfc0/ddr_phy_top0/u_ddr_mc_phy_wrapper/u_ddr_mc_phy/ddr_phy_4lanes_0.u_ddr_phy_4lanes/ddr_byte_lane_D.ddr_byte_lane_D/mem_refclk
    PHASER_OUT_PHY_X1Y7  PHASER_OUT_PHY (Prop_phaser_out_phy_MEMREFCLK_OCLK)
                                                      1.813     1.466 r  memory/controller/u_davinci_ddr3_mig_mig/u_memc_ui_top_std/mem_intfc0/ddr_phy_top0/u_ddr_mc_phy_wrapper/u_ddr_mc_phy/ddr_phy_4lanes_0.u_ddr_phy_4lanes/ddr_byte_lane_D.ddr_byte_lane_D/phaser_out/OCLK
  -------------------------------------------------------------------    -------------------
    PHASER_OUT_PHY_X1Y7  PHASER_OUT_PHY (Prop_phaser_out_phy_OCLK_RDENABLE)
                                                      0.172     1.638 r  memory/controller/u_davinci_ddr3_mig_mig/u_memc_ui_top_std/mem_intfc0/ddr_phy_top0/u_ddr_mc_phy_wrapper/u_ddr_mc_phy/ddr_phy_4lanes_0.u_ddr_phy_4lanes/ddr_byte_lane_D.ddr_byte_lane_D/phaser_out/RDENABLE
                         net (fo=1, routed)           0.000     1.638    memory/controller/u_davinci_ddr3_mig_mig/u_memc_ui_top_std/mem_intfc0/ddr_phy_top0/u_ddr_mc_phy_wrapper/u_ddr_mc_phy/ddr_phy_4lanes_0.u_ddr_phy_4lanes/ddr_byte_lane_D.ddr_byte_lane_D/po_rd_enable
    OUT_FIFO_X1Y7        OUT_FIFO                                     r  memory/controller/u_davinci_ddr3_mig_mig/u_memc_ui_top_std/mem_intfc0/ddr_phy_top0/u_ddr_mc_phy_wrapper/u_ddr_mc_phy/ddr_phy_4lanes_0.u_ddr_phy_4lanes/ddr_byte_lane_D.ddr_byte_lane_D/out_fifo/RDEN
  -------------------------------------------------------------------    -------------------

                         (clock oserdes_clkdiv_7 rise edge)
                                                      0.000     0.000 r  
    R4                                                0.000     0.000 r  sys_clk (IN)
                         net (fo=0)                   0.000     0.000    sys_clk
    R4                   IBUF (Prop_ibuf_I_O)         0.457     0.457 r  sys_clk_IBUF_inst/O
                         net (fo=1, routed)           0.480     0.937    multiplied_clock.clock_generator/sys_clk_IBUF
    MMCME2_ADV_X1Y0      MMCME2_ADV (Prop_mmcme2_adv_CLKIN1_CLKOUT1)
                                                     -3.142    -2.205 r  multiplied_clock.clock_generator/mmcm/CLKOUT1
                         net (fo=1, routed)           0.530    -1.676    multiplied_clock.clock_generator/ddr_ref_raw
    BUFGCTRL_X0Y1        BUFG (Prop_bufg_I_O)         0.029    -1.647 r  multiplied_clock.clock_generator/ddr_ref_buffer/O
                         net (fo=63, routed)          0.820    -0.827    memory/controller/u_davinci_ddr3_mig_mig/u_ddr3_infrastructure/mmcm_clk
    PLLE2_ADV_X1Y1       PLLE2_ADV (Prop_plle2_adv_CLKIN1_CLKOUT1)
                                                      0.053    -0.774 r  memory/controller/u_davinci_ddr3_mig_mig/u_ddr3_infrastructure/plle2_i/CLKOUT1
                         net (fo=7, routed)           0.209    -0.565    memory/controller/u_davinci_ddr3_mig_mig/u_memc_ui_top_std/mem_intfc0/ddr_phy_top0/u_ddr_mc_phy_wrapper/u_ddr_mc_phy/ddr_phy_4lanes_0.u_ddr_phy_4lanes/ddr_byte_lane_D.ddr_byte_lane_D/mem_refclk
    PHASER_OUT_PHY_X1Y7  PHASER_OUT_PHY (Prop_phaser_out_phy_MEMREFCLK_OCLK)
                                                      1.858     1.293 r  memory/controller/u_davinci_ddr3_mig_mig/u_memc_ui_top_std/mem_intfc0/ddr_phy_top0/u_ddr_mc_phy_wrapper/u_ddr_mc_phy/ddr_phy_4lanes_0.u_ddr_phy_4lanes/ddr_byte_lane_D.ddr_byte_lane_D/phaser_out/OCLK
    PHASER_OUT_PHY_X1Y7  PHASER_OUT_PHY (Prop_phaser_out_phy_OCLK_OCLKDIV)
                                                      0.088     1.381 r  memory/controller/u_davinci_ddr3_mig_mig/u_memc_ui_top_std/mem_intfc0/ddr_phy_top0/u_ddr_mc_phy_wrapper/u_ddr_mc_phy/ddr_phy_4lanes_0.u_ddr_phy_4lanes/ddr_byte_lane_D.ddr_byte_lane_D/phaser_out/OCLKDIV
                         net (fo=11, routed)          0.000     1.381    memory/controller/u_davinci_ddr3_mig_mig/u_memc_ui_top_std/mem_intfc0/ddr_phy_top0/u_ddr_mc_phy_wrapper/u_ddr_mc_phy/ddr_phy_4lanes_0.u_ddr_phy_4lanes/ddr_byte_lane_D.ddr_byte_lane_D/oserdes_clkdiv
    OUT_FIFO_X1Y7        OUT_FIFO                                     r  memory/controller/u_davinci_ddr3_mig_mig/u_memc_ui_top_std/mem_intfc0/ddr_phy_top0/u_ddr_mc_phy_wrapper/u_ddr_mc_phy/ddr_phy_4lanes_0.u_ddr_phy_4lanes/ddr_byte_lane_D.ddr_byte_lane_D/out_fifo/RDCLK
                         clock pessimism              0.173     1.554    
    OUT_FIFO_X1Y7        OUT_FIFO (Hold_out_fifo_RDCLK_RDEN)
                                                     -0.011     1.543    memory/controller/u_davinci_ddr3_mig_mig/u_memc_ui_top_std/mem_intfc0/ddr_phy_top0/u_ddr_mc_phy_wrapper/u_ddr_mc_phy/ddr_phy_4lanes_0.u_ddr_phy_4lanes/ddr_byte_lane_D.ddr_byte_lane_D/out_fifo
  -------------------------------------------------------------------
                         required time                         -1.543    
                         arrival time                           1.638    
  -------------------------------------------------------------------
                         slack                                  0.095    





---------------------------------------------------------------------------------------------------
From Clock:  core_raw
  To Clock:  clk_pll_i_1

Setup :            0  Failing Endpoints,  Worst Slack        6.349ns,  Total Violation        0.000ns
Hold  :            0  Failing Endpoints,  Worst Slack        0.629ns,  Total Violation        0.000ns
---------------------------------------------------------------------------------------------------


Max Delay Paths
--------------------------------------------------------------------------------------
Slack (MET) :             6.349ns  (required time - arrival time)
  Source:                 memory/bridge/write_fifo/memory_reg_0_63_72_74/RAMC/CLK
                            (rising edge-triggered cell RAMD64E clocked by core_raw  {rise@0.000ns fall@5.000ns period=10.000ns})
  Destination:            memory/controller/u_davinci_ddr3_mig_mig/u_memc_ui_top_std/u_ui_top/ui_wr_data0/write_buffer.wr_buffer_ram[12].RAM32M0/RAMB/I
                            (rising edge-triggered cell RAMD32 clocked by clk_pll_i_1  {rise@0.000ns fall@5.000ns period=10.000ns})
  Path Group:             clk_pll_i_1
  Path Type:              Setup (Max at Slow Process Corner)
  Requirement:            10.000ns  (MaxDelay Path 10.000ns)
  Data Path Delay:        3.334ns  (logic 1.203ns (36.086%)  route 2.131ns (63.914%))
  Logic Levels:           1  (LUT3=1)
  Timing Exception:       MaxDelay Path 10.000ns -datapath_only

    Location             Delay type                Incr(ns)  Path(ns)    Netlist Resource(s)
  -------------------------------------------------------------------    -------------------
    SLICE_X42Y91                                      0.000     0.000 r  memory/bridge/write_fifo/memory_reg_0_63_72_74/RAMC/CLK
    SLICE_X42Y91         RAMD64E (Prop_ramd64e_CLK_O)
                                                      1.084     1.084 r  memory/bridge/write_fifo/memory_reg_0_63_72_74/RAMC/O
                         net (fo=2, routed)           1.532     2.616    memory/controller/u_davinci_ddr3_mig_mig/u_memc_ui_top_std/u_ui_top/ui_wr_data0/app_wdf_data[74]
    SLICE_X55Y91         LUT3 (Prop_lut3_I0_O)        0.119     2.735 r  memory/controller/u_davinci_ddr3_mig_mig/u_memc_ui_top_std/u_ui_top/ui_wr_data0/write_buffer.wr_buffer_ram[12].RAM32M0_i_4/O
                         net (fo=1, routed)           0.598     3.334    memory/controller/u_davinci_ddr3_mig_mig/u_memc_ui_top_std/u_ui_top/ui_wr_data0/write_buffer.wr_buffer_ram[12].RAM32M0/DIB0
    SLICE_X54Y90         RAMD32                                       r  memory/controller/u_davinci_ddr3_mig_mig/u_memc_ui_top_std/u_ui_top/ui_wr_data0/write_buffer.wr_buffer_ram[12].RAM32M0/RAMB/I
  -------------------------------------------------------------------    -------------------

                         max delay                   10.000    10.000    
    SLICE_X54Y90         RAMD32 (Setup_ramd32_CLK_I)
                                                     -0.317     9.683    memory/controller/u_davinci_ddr3_mig_mig/u_memc_ui_top_std/u_ui_top/ui_wr_data0/write_buffer.wr_buffer_ram[12].RAM32M0/RAMB
  -------------------------------------------------------------------
                         required time                          9.683    
                         arrival time                          -3.334    
  -------------------------------------------------------------------
                         slack                                  6.349    





Min Delay Paths
--------------------------------------------------------------------------------------
Slack (MET) :             0.629ns  (arrival time - required time)
  Source:                 memory/bridge/transaction_write_reg/C
                            (rising edge-triggered cell FDCE clocked by core_raw  {rise@0.000ns fall@5.000ns period=10.000ns})
  Destination:            memory/bridge/ui_write_reg/D
                            (rising edge-triggered cell FDCE clocked by clk_pll_i_1  {rise@0.000ns fall@5.000ns period=10.000ns})
  Path Group:             clk_pll_i_1
  Path Type:              Hold (Min at Fast Process Corner)
  Requirement:            0.000ns  (clk_pll_i_1 rise@0.000ns - core_raw rise@0.000ns)
  Data Path Delay:        2.174ns  (logic 0.230ns (10.582%)  route 1.944ns (89.418%))
  Logic Levels:           1  (LUT1=1)
  Clock Path Skew:        1.327ns (DCD - SCD - CPR)
    Destination Clock Delay (DCD):    0.280ns
    Source Clock Delay      (SCD):    -0.492ns
    Clock Pessimism Removal (CPR):    -0.555ns
  Clock Uncertainty:      0.225ns  ((TSJ^2 + DJ^2)^1/2) / 2 + PE
    Total System Jitter     (TSJ):    0.071ns
    Discrete Jitter          (DJ):    0.096ns
    Phase Error              (PE):    0.166ns

    Location             Delay type                Incr(ns)  Path(ns)    Netlist Resource(s)
  -------------------------------------------------------------------    -------------------
                         (clock core_raw rise edge)
                                                      0.000     0.000 r  
    R4                                                0.000     0.000 r  sys_clk (IN)
                         net (fo=0)                   0.000     0.000    sys_clk
    R4                   IBUF (Prop_ibuf_I_O)         0.269     0.269 r  sys_clk_IBUF_inst/O
                         net (fo=1, routed)           0.440     0.709    multiplied_clock.clock_generator/sys_clk_IBUF
    MMCME2_ADV_X1Y0      MMCME2_ADV (Prop_mmcme2_adv_CLKIN1_CLKOUT0)
                                                     -2.360    -1.651 r  multiplied_clock.clock_generator/mmcm/CLKOUT0
                         net (fo=1, routed)           0.486    -1.165    multiplied_clock.clock_generator/core_raw
    BUFGCTRL_X0Y2        BUFG (Prop_bufg_I_O)         0.026    -1.139 r  multiplied_clock.clock_generator/core_buffer/O
                         net (fo=16521, routed)       0.647    -0.492    memory/bridge/core_clk
    SLICE_X17Y100        FDCE                                         r  memory/bridge/transaction_write_reg/C
  -------------------------------------------------------------------    -------------------
    SLICE_X17Y100        FDCE (Prop_fdce_C_Q)         0.128    -0.364 r  memory/bridge/transaction_write_reg/Q
                         net (fo=11, routed)          0.970     0.606    memory/bridge/request_write
    SLICE_X12Y149        LUT1 (Prop_lut1_I0_O)        0.102     0.708 r  memory/bridge/request_write_hold_fix/O
                         net (fo=1, routed)           0.974     1.682    memory/bridge/request_write_hold_fix_1
    SLICE_X20Y100        FDCE                                         r  memory/bridge/ui_write_reg/D
  -------------------------------------------------------------------    -------------------

                         (clock clk_pll_i_1 rise edge)
                                                      0.000     0.000 r  
    R4                                                0.000     0.000 r  sys_clk (IN)
                         net (fo=0)                   0.000     0.000    sys_clk
    R4                   IBUF (Prop_ibuf_I_O)         0.457     0.457 r  sys_clk_IBUF_inst/O
                         net (fo=1, routed)           0.480     0.937    multiplied_clock.clock_generator/sys_clk_IBUF
    MMCME2_ADV_X1Y0      MMCME2_ADV (Prop_mmcme2_adv_CLKIN1_CLKOUT1)
                                                     -3.142    -2.205 r  multiplied_clock.clock_generator/mmcm/CLKOUT1
                         net (fo=1, routed)           0.530    -1.676    multiplied_clock.clock_generator/ddr_ref_raw
    BUFGCTRL_X0Y1        BUFG (Prop_bufg_I_O)         0.029    -1.647 r  multiplied_clock.clock_generator/ddr_ref_buffer/O
                         net (fo=63, routed)          0.820    -0.827    memory/controller/u_davinci_ddr3_mig_mig/u_ddr3_infrastructure/mmcm_clk
    PLLE2_ADV_X1Y1       PLLE2_ADV (Prop_plle2_adv_CLKIN1_CLKOUT3)
                                                      0.053    -0.774 r  memory/controller/u_davinci_ddr3_mig_mig/u_ddr3_infrastructure/plle2_i/CLKOUT3
                         net (fo=1, routed)           0.423    -0.351    memory/controller/u_davinci_ddr3_mig_mig/u_ddr3_infrastructure/pll_clk3_out
    BUFHCE_X1Y12         BUFH (Prop_bufh_I_O)         0.043    -0.308 r  memory/controller/u_davinci_ddr3_mig_mig/u_ddr3_infrastructure/u_bufh_pll_clk3/O
                         net (fo=1, routed)           0.483     0.175    memory/controller/u_davinci_ddr3_mig_mig/u_ddr3_infrastructure/pll_clk3
    MMCME2_ADV_X1Y1      MMCME2_ADV (Prop_mmcme2_adv_CLKIN1_CLKFBOUT)
                                                     -1.371    -1.196 r  memory/controller/u_davinci_ddr3_mig_mig/u_ddr3_infrastructure/gen_mmcm.mmcm_i/CLKFBOUT
                         net (fo=1, routed)           0.530    -0.667    memory/controller/u_davinci_ddr3_mig_mig/u_ddr3_infrastructure/clk_pll_i
    BUFGCTRL_X0Y16       BUFG (Prop_bufg_I_O)         0.029    -0.638 r  memory/controller/u_davinci_ddr3_mig_mig/u_ddr3_infrastructure/u_bufg_clkdiv0/O
                         net (fo=4851, routed)        0.918     0.280    memory/bridge/CLK
    SLICE_X20Y100        FDCE                                         r  memory/bridge/ui_write_reg/C
                         clock pessimism              0.555     0.835    
                         clock uncertainty            0.225     1.060    
    SLICE_X20Y100        FDCE (Hold_fdce_C_D)        -0.008     1.052    memory/bridge/ui_write_reg
  -------------------------------------------------------------------
                         required time                         -1.052    
                         arrival time                           1.682    
  -------------------------------------------------------------------
                         slack                                  0.629    





---------------------------------------------------------------------------------------------------
From Clock:  ddr_ref_raw
  To Clock:  clk_pll_i_1

Setup :            0  Failing Endpoints,  Worst Slack       16.329ns,  Total Violation        0.000ns
Hold  :            0  Failing Endpoints,  Worst Slack        0.273ns,  Total Violation        0.000ns
---------------------------------------------------------------------------------------------------


Max Delay Paths
--------------------------------------------------------------------------------------
Slack (MET) :             16.329ns  (required time - arrival time)
  Source:                 memory/controller/u_davinci_ddr3_mig_mig/temp_mon_enabled.u_tempmon/xadc_supplied_temperature.temperature_reg[2]/C
                            (rising edge-triggered cell FDRE clocked by ddr_ref_raw  {rise@0.000ns fall@2.500ns period=5.000ns})
  Destination:            memory/controller/u_davinci_ddr3_mig_mig/temp_mon_enabled.u_tempmon/device_temp_sync_r1_reg[2]/D
                            (rising edge-triggered cell FDRE clocked by clk_pll_i_1  {rise@0.000ns fall@5.000ns period=10.000ns})
  Path Group:             clk_pll_i_1
  Path Type:              Setup (Max at Slow Process Corner)
  Requirement:            20.000ns  (MaxDelay Path 20.000ns)
  Data Path Delay:        4.901ns  (logic 0.506ns (10.325%)  route 4.395ns (89.675%))
  Logic Levels:           1  (LUT1=1)
  Clock Path Skew:        1.644ns (DCD - SCD + CPR)
    Destination Clock Delay (DCD):    0.732ns
    Source Clock Delay      (SCD):    -0.576ns
    Clock Pessimism Removal (CPR):    0.336ns
  Clock Uncertainty:      0.201ns  ((TSJ^2 + DJ^2)^1/2) / 2 + PE
    Total System Jitter     (TSJ):    0.071ns
    Discrete Jitter          (DJ):    0.096ns
    Phase Error              (PE):    0.142ns
  Timing Exception:       MaxDelay Path 20.000ns

    Location             Delay type                Incr(ns)  Path(ns)    Netlist Resource(s)
  -------------------------------------------------------------------    -------------------
                         (clock ddr_ref_raw rise edge)
                                                      0.000     0.000 r  
    R4                                                0.000     0.000 r  sys_clk (IN)
                         net (fo=0)                   0.000     0.000    sys_clk
    R4                   IBUF (Prop_ibuf_I_O)         1.432     1.432 r  sys_clk_IBUF_inst/O
                         net (fo=1, routed)           1.065     2.497    multiplied_clock.clock_generator/sys_clk_IBUF
    MMCME2_ADV_X1Y0      MMCME2_ADV (Prop_mmcme2_adv_CLKIN1_CLKOUT1)
                                                     -5.921    -3.424 r  multiplied_clock.clock_generator/mmcm/CLKOUT1
                         net (fo=1, routed)           1.421    -2.004    multiplied_clock.clock_generator/ddr_ref_raw
    BUFGCTRL_X0Y1        BUFG (Prop_bufg_I_O)         0.081    -1.923 r  multiplied_clock.clock_generator/ddr_ref_buffer/O
                         net (fo=63, routed)          1.346    -0.576    memory/controller/u_davinci_ddr3_mig_mig/temp_mon_enabled.u_tempmon/clk_ref_i
    SLICE_X13Y70         FDRE                                         r  memory/controller/u_davinci_ddr3_mig_mig/temp_mon_enabled.u_tempmon/xadc_supplied_temperature.temperature_reg[2]/C
  -------------------------------------------------------------------    -------------------
    SLICE_X13Y70         FDRE (Prop_fdre_C_Q)         0.379    -0.197 r  memory/controller/u_davinci_ddr3_mig_mig/temp_mon_enabled.u_tempmon/xadc_supplied_temperature.temperature_reg[2]/Q
                         net (fo=1, routed)           2.424     2.226    memory/controller/u_davinci_ddr3_mig_mig/temp_mon_enabled.u_tempmon/device_temp_lcl[2]
    SLICE_X12Y126        LUT1 (Prop_lut1_I0_O)        0.127     2.353 r  memory/controller/u_davinci_ddr3_mig_mig/temp_mon_enabled.u_tempmon/device_temp_lcl[2]_hold_fix/O
                         net (fo=1, routed)           1.971     4.324    memory/controller/u_davinci_ddr3_mig_mig/temp_mon_enabled.u_tempmon/device_temp_lcl[2]_hold_fix_1
    SLICE_X13Y71         FDRE                                         r  memory/controller/u_davinci_ddr3_mig_mig/temp_mon_enabled.u_tempmon/device_temp_sync_r1_reg[2]/D
  -------------------------------------------------------------------    -------------------

                         max delay                   20.000    20.000    
    R4                                                0.000    20.000 r  sys_clk (IN)
                         net (fo=0)                   0.000    20.000    sys_clk
    R4                   IBUF (Prop_ibuf_I_O)         1.366    21.366 r  sys_clk_IBUF_inst/O
                         net (fo=1, routed)           1.004    22.369    multiplied_clock.clock_generator/sys_clk_IBUF
    MMCME2_ADV_X1Y0      MMCME2_ADV (Prop_mmcme2_adv_CLKIN1_CLKOUT1)
                                                     -6.057    16.312 r  multiplied_clock.clock_generator/mmcm/CLKOUT1
                         net (fo=1, routed)           1.352    17.665    multiplied_clock.clock_generator/ddr_ref_raw
    BUFGCTRL_X0Y1        BUFG (Prop_bufg_I_O)         0.077    17.742 r  multiplied_clock.clock_generator/ddr_ref_buffer/O
                         net (fo=63, routed)          1.290    19.032    memory/controller/u_davinci_ddr3_mig_mig/u_ddr3_infrastructure/mmcm_clk
    PLLE2_ADV_X1Y1       PLLE2_ADV (Prop_plle2_adv_CLKIN1_CLKOUT3)
                                                      0.073    19.105 r  memory/controller/u_davinci_ddr3_mig_mig/u_ddr3_infrastructure/plle2_i/CLKOUT3
                         net (fo=1, routed)           0.929    20.034    memory/controller/u_davinci_ddr3_mig_mig/u_ddr3_infrastructure/pll_clk3_out
    BUFHCE_X1Y12         BUFH (Prop_bufh_I_O)         0.069    20.103 r  memory/controller/u_davinci_ddr3_mig_mig/u_ddr3_infrastructure/u_bufh_pll_clk3/O
                         net (fo=1, routed)           0.664    20.767    memory/controller/u_davinci_ddr3_mig_mig/u_ddr3_infrastructure/pll_clk3
    MMCME2_ADV_X1Y1      MMCME2_ADV (Prop_mmcme2_adv_CLKIN1_CLKFBOUT)
                                                     -2.699    18.068 r  memory/controller/u_davinci_ddr3_mig_mig/u_ddr3_infrastructure/gen_mmcm.mmcm_i/CLKFBOUT
                         net (fo=1, routed)           1.352    19.421    memory/controller/u_davinci_ddr3_mig_mig/u_ddr3_infrastructure/clk_pll_i
    BUFGCTRL_X0Y16       BUFG (Prop_bufg_I_O)         0.077    19.498 r  memory/controller/u_davinci_ddr3_mig_mig/u_ddr3_infrastructure/u_bufg_clkdiv0/O
                         net (fo=4851, routed)        1.234    20.732    memory/controller/u_davinci_ddr3_mig_mig/temp_mon_enabled.u_tempmon/device_temp_sync_r5_reg[11]_0
    SLICE_X13Y71         FDRE                                         r  memory/controller/u_davinci_ddr3_mig_mig/temp_mon_enabled.u_tempmon/device_temp_sync_r1_reg[2]/C
                         clock pessimism              0.336    21.067    
                         clock uncertainty           -0.201    20.866    
    SLICE_X13Y71         FDRE (Setup_fdre_C_D)       -0.213    20.653    memory/controller/u_davinci_ddr3_mig_mig/temp_mon_enabled.u_tempmon/device_temp_sync_r1_reg[2]
  -------------------------------------------------------------------
                         required time                         20.653    
                         arrival time                          -4.324    
  -------------------------------------------------------------------
                         slack                                 16.329    





Min Delay Paths
--------------------------------------------------------------------------------------
Slack (MET) :             0.273ns  (arrival time - required time)
  Source:                 memory/controller/u_davinci_ddr3_mig_mig/temp_mon_enabled.u_tempmon/xadc_supplied_temperature.temperature_reg[9]/C
                            (rising edge-triggered cell FDRE clocked by ddr_ref_raw  {rise@0.000ns fall@2.500ns period=5.000ns})
  Destination:            memory/controller/u_davinci_ddr3_mig_mig/temp_mon_enabled.u_tempmon/device_temp_sync_r1_reg[9]/D
                            (rising edge-triggered cell FDRE clocked by clk_pll_i_1  {rise@0.000ns fall@5.000ns period=10.000ns})
  Path Group:             clk_pll_i_1
  Path Type:              Hold (Min at Fast Process Corner)
  Requirement:            0.000ns  (clk_pll_i_1 rise@0.000ns - ddr_ref_raw rise@0.000ns)
  Data Path Delay:        1.756ns  (logic 0.185ns (10.535%)  route 1.571ns (89.465%))
  Logic Levels:           1  (LUT1=1)
  Clock Path Skew:        1.274ns (DCD - SCD - CPR)
    Destination Clock Delay (DCD):    0.179ns
    Source Clock Delay      (SCD):    -0.587ns
    Clock Pessimism Removal (CPR):    -0.508ns
  Clock Uncertainty:      0.201ns  ((TSJ^2 + DJ^2)^1/2) / 2 + PE
    Total System Jitter     (TSJ):    0.071ns
    Discrete Jitter          (DJ):    0.096ns
    Phase Error              (PE):    0.142ns

    Location             Delay type                Incr(ns)  Path(ns)    Netlist Resource(s)
  -------------------------------------------------------------------    -------------------
                         (clock ddr_ref_raw rise edge)
                                                      0.000     0.000 r  
    R4                                                0.000     0.000 r  sys_clk (IN)
                         net (fo=0)                   0.000     0.000    sys_clk
    R4                   IBUF (Prop_ibuf_I_O)         0.269     0.269 r  sys_clk_IBUF_inst/O
                         net (fo=1, routed)           0.440     0.709    multiplied_clock.clock_generator/sys_clk_IBUF
    MMCME2_ADV_X1Y0      MMCME2_ADV (Prop_mmcme2_adv_CLKIN1_CLKOUT1)
                                                     -2.360    -1.651 r  multiplied_clock.clock_generator/mmcm/CLKOUT1
                         net (fo=1, routed)           0.486    -1.165    multiplied_clock.clock_generator/ddr_ref_raw
    BUFGCTRL_X0Y1        BUFG (Prop_bufg_I_O)         0.026    -1.139 r  multiplied_clock.clock_generator/ddr_ref_buffer/O
                         net (fo=63, routed)          0.552    -0.587    memory/controller/u_davinci_ddr3_mig_mig/temp_mon_enabled.u_tempmon/clk_ref_i
    SLICE_X13Y73         FDRE                                         r  memory/controller/u_davinci_ddr3_mig_mig/temp_mon_enabled.u_tempmon/xadc_supplied_temperature.temperature_reg[9]/C
  -------------------------------------------------------------------    -------------------
    SLICE_X13Y73         FDRE (Prop_fdre_C_Q)         0.141    -0.446 r  memory/controller/u_davinci_ddr3_mig_mig/temp_mon_enabled.u_tempmon/xadc_supplied_temperature.temperature_reg[9]/Q
                         net (fo=1, routed)           0.771     0.325    memory/controller/u_davinci_ddr3_mig_mig/temp_mon_enabled.u_tempmon/device_temp_lcl[9]
    SLICE_X61Y73         LUT1 (Prop_lut1_I0_O)        0.044     0.369 r  memory/controller/u_davinci_ddr3_mig_mig/temp_mon_enabled.u_tempmon/device_temp_lcl[9]_hold_fix/O
                         net (fo=1, routed)           0.800     1.169    memory/controller/u_davinci_ddr3_mig_mig/temp_mon_enabled.u_tempmon/device_temp_lcl[9]_hold_fix_1
    SLICE_X9Y73          FDRE                                         r  memory/controller/u_davinci_ddr3_mig_mig/temp_mon_enabled.u_tempmon/device_temp_sync_r1_reg[9]/D
  -------------------------------------------------------------------    -------------------

                         (clock clk_pll_i_1 rise edge)
                                                      0.000     0.000 r  
    R4                                                0.000     0.000 r  sys_clk (IN)
                         net (fo=0)                   0.000     0.000    sys_clk
    R4                   IBUF (Prop_ibuf_I_O)         0.457     0.457 r  sys_clk_IBUF_inst/O
                         net (fo=1, routed)           0.480     0.937    multiplied_clock.clock_generator/sys_clk_IBUF
    MMCME2_ADV_X1Y0      MMCME2_ADV (Prop_mmcme2_adv_CLKIN1_CLKOUT1)
                                                     -3.142    -2.205 r  multiplied_clock.clock_generator/mmcm/CLKOUT1
                         net (fo=1, routed)           0.530    -1.676    multiplied_clock.clock_generator/ddr_ref_raw
    BUFGCTRL_X0Y1        BUFG (Prop_bufg_I_O)         0.029    -1.647 r  multiplied_clock.clock_generator/ddr_ref_buffer/O
                         net (fo=63, routed)          0.820    -0.827    memory/controller/u_davinci_ddr3_mig_mig/u_ddr3_infrastructure/mmcm_clk
    PLLE2_ADV_X1Y1       PLLE2_ADV (Prop_plle2_adv_CLKIN1_CLKOUT3)
                                                      0.053    -0.774 r  memory/controller/u_davinci_ddr3_mig_mig/u_ddr3_infrastructure/plle2_i/CLKOUT3
                         net (fo=1, routed)           0.423    -0.351    memory/controller/u_davinci_ddr3_mig_mig/u_ddr3_infrastructure/pll_clk3_out
    BUFHCE_X1Y12         BUFH (Prop_bufh_I_O)         0.043    -0.308 r  memory/controller/u_davinci_ddr3_mig_mig/u_ddr3_infrastructure/u_bufh_pll_clk3/O
                         net (fo=1, routed)           0.483     0.175    memory/controller/u_davinci_ddr3_mig_mig/u_ddr3_infrastructure/pll_clk3
    MMCME2_ADV_X1Y1      MMCME2_ADV (Prop_mmcme2_adv_CLKIN1_CLKFBOUT)
                                                     -1.371    -1.196 r  memory/controller/u_davinci_ddr3_mig_mig/u_ddr3_infrastructure/gen_mmcm.mmcm_i/CLKFBOUT
                         net (fo=1, routed)           0.530    -0.667    memory/controller/u_davinci_ddr3_mig_mig/u_ddr3_infrastructure/clk_pll_i
    BUFGCTRL_X0Y16       BUFG (Prop_bufg_I_O)         0.029    -0.638 r  memory/controller/u_davinci_ddr3_mig_mig/u_ddr3_infrastructure/u_bufg_clkdiv0/O
                         net (fo=4851, routed)        0.817     0.179    memory/controller/u_davinci_ddr3_mig_mig/temp_mon_enabled.u_tempmon/device_temp_sync_r5_reg[11]_0
    SLICE_X9Y73          FDRE                                         r  memory/controller/u_davinci_ddr3_mig_mig/temp_mon_enabled.u_tempmon/device_temp_sync_r1_reg[9]/C
                         clock pessimism              0.508     0.687    
                         clock uncertainty            0.201     0.888    
    SLICE_X9Y73          FDRE (Hold_fdre_C_D)         0.008     0.896    memory/controller/u_davinci_ddr3_mig_mig/temp_mon_enabled.u_tempmon/device_temp_sync_r1_reg[9]
  -------------------------------------------------------------------
                         required time                         -0.896    
                         arrival time                           1.169    
  -------------------------------------------------------------------
                         slack                                  0.273    





---------------------------------------------------------------------------------------------------
From Clock:  core_raw
  To Clock:  usb_clk

Setup :            0  Failing Endpoints,  Worst Slack        8.941ns,  Total Violation        0.000ns
Hold  :           NA  Failing Endpoints,  Worst Slack           NA  ,  Total Violation           NA
---------------------------------------------------------------------------------------------------


Max Delay Paths
--------------------------------------------------------------------------------------
Slack (MET) :             8.941ns  (required time - arrival time)
  Source:                 synchronous.tx_fifo/wgray_reg[12]/C
                            (rising edge-triggered cell FDCE clocked by core_raw  {rise@0.000ns fall@5.000ns period=10.000ns})
  Destination:            synchronous.tx_fifo/wgray_r1_reg[12]/D
                            (rising edge-triggered cell FDCE clocked by usb_clk  {rise@0.000ns fall@8.333ns period=16.667ns})
  Path Group:             usb_clk
  Path Type:              Setup (Max at Slow Process Corner)
  Requirement:            10.000ns  (MaxDelay Path 10.000ns)
  Data Path Delay:        0.857ns  (logic 0.398ns (46.418%)  route 0.459ns (53.582%))
  Logic Levels:           0  
  Timing Exception:       MaxDelay Path 10.000ns -datapath_only

    Location             Delay type                Incr(ns)  Path(ns)    Netlist Resource(s)
  -------------------------------------------------------------------    -------------------
    SLICE_X46Y1                                       0.000     0.000 r  synchronous.tx_fifo/wgray_reg[12]/C
    SLICE_X46Y1          FDCE (Prop_fdce_C_Q)         0.398     0.398 r  synchronous.tx_fifo/wgray_reg[12]/Q
                         net (fo=1, routed)           0.459     0.857    synchronous.tx_fifo/wgray_reg_n_0_[12]
    SLICE_X43Y2          FDCE                                         r  synchronous.tx_fifo/wgray_r1_reg[12]/D
  -------------------------------------------------------------------    -------------------

                         max delay                   10.000    10.000    
    SLICE_X43Y2          FDCE (Setup_fdce_C_D)       -0.202     9.798    synchronous.tx_fifo/wgray_r1_reg[12]
  -------------------------------------------------------------------
                         required time                          9.798    
                         arrival time                          -0.857    
  -------------------------------------------------------------------
                         slack                                  8.941    





---------------------------------------------------------------------------------------------------
Path Group:  **async_default**
From Clock:  clk_pll_i_1
  To Clock:  clk_pll_i_1

Setup :            0  Failing Endpoints,  Worst Slack        6.018ns,  Total Violation        0.000ns
Hold  :            0  Failing Endpoints,  Worst Slack        0.565ns,  Total Violation        0.000ns
---------------------------------------------------------------------------------------------------


Max Delay Paths
--------------------------------------------------------------------------------------
Slack (MET) :             6.018ns  (required time - arrival time)
  Source:                 memory/bridge/ui_reset_pipe_reg[2]/C
                            (rising edge-triggered cell FDCE clocked by clk_pll_i_1  {rise@0.000ns fall@5.000ns period=10.000ns})
  Destination:            memory/bridge/ui_read_returned_reg[0]/CLR
                            (recovery check against rising-edge clock clk_pll_i_1  {rise@0.000ns fall@5.000ns period=10.000ns})
  Path Group:             **async_default**
  Path Type:              Recovery (Max at Slow Process Corner)
  Requirement:            10.000ns  (clk_pll_i_1 rise@10.000ns - clk_pll_i_1 rise@0.000ns)
  Data Path Delay:        3.634ns  (logic 0.587ns (16.151%)  route 3.047ns (83.849%))
  Logic Levels:           1  (LUT1=1)
  Clock Path Skew:        0.044ns (DCD - SCD + CPR)
    Destination Clock Delay (DCD):    0.892ns = ( 10.892 - 10.000 ) 
    Source Clock Delay      (SCD):    1.403ns
    Clock Pessimism Removal (CPR):    0.555ns
  Clock Uncertainty:      0.060ns  ((TSJ^2 + DJ^2)^1/2) / 2 + PE
    Total System Jitter     (TSJ):    0.071ns
    Discrete Jitter          (DJ):    0.098ns
    Phase Error              (PE):    0.000ns

    Location             Delay type                Incr(ns)  Path(ns)    Netlist Resource(s)
  -------------------------------------------------------------------    -------------------
                         (clock clk_pll_i_1 rise edge)
                                                      0.000     0.000 r  
    R4                                                0.000     0.000 r  sys_clk (IN)
                         net (fo=0)                   0.000     0.000    sys_clk
    R4                   IBUF (Prop_ibuf_I_O)         1.432     1.432 r  sys_clk_IBUF_inst/O
                         net (fo=1, routed)           1.065     2.497    multiplied_clock.clock_generator/sys_clk_IBUF
    MMCME2_ADV_X1Y0      MMCME2_ADV (Prop_mmcme2_adv_CLKIN1_CLKOUT1)
                                                     -5.921    -3.424 r  multiplied_clock.clock_generator/mmcm/CLKOUT1
                         net (fo=1, routed)           1.421    -2.004    multiplied_clock.clock_generator/ddr_ref_raw
    BUFGCTRL_X0Y1        BUFG (Prop_bufg_I_O)         0.081    -1.923 r  multiplied_clock.clock_generator/ddr_ref_buffer/O
                         net (fo=63, routed)          1.394    -0.528    memory/controller/u_davinci_ddr3_mig_mig/u_ddr3_infrastructure/mmcm_clk
    PLLE2_ADV_X1Y1       PLLE2_ADV (Prop_plle2_adv_CLKIN1_CLKOUT3)
                                                      0.077    -0.451 r  memory/controller/u_davinci_ddr3_mig_mig/u_ddr3_infrastructure/plle2_i/CLKOUT3
                         net (fo=1, routed)           1.062     0.611    memory/controller/u_davinci_ddr3_mig_mig/u_ddr3_infrastructure/pll_clk3_out
    BUFHCE_X1Y12         BUFH (Prop_bufh_I_O)         0.106     0.717 r  memory/controller/u_davinci_ddr3_mig_mig/u_ddr3_infrastructure/u_bufh_pll_clk3/O
                         net (fo=1, routed)           0.702     1.419    memory/controller/u_davinci_ddr3_mig_mig/u_ddr3_infrastructure/pll_clk3
    MMCME2_ADV_X1Y1      MMCME2_ADV (Prop_mmcme2_adv_CLKIN1_CLKFBOUT)
                                                     -2.874    -1.455 r  memory/controller/u_davinci_ddr3_mig_mig/u_ddr3_infrastructure/gen_mmcm.mmcm_i/CLKFBOUT
                         net (fo=1, routed)           1.421    -0.035    memory/controller/u_davinci_ddr3_mig_mig/u_ddr3_infrastructure/clk_pll_i
    BUFGCTRL_X0Y16       BUFG (Prop_bufg_I_O)         0.081     0.046 r  memory/controller/u_davinci_ddr3_mig_mig/u_ddr3_infrastructure/u_bufg_clkdiv0/O
                         net (fo=4851, routed)        1.356     1.403    memory/bridge/CLK
    SLICE_X13Y94         FDCE                                         r  memory/bridge/ui_reset_pipe_reg[2]/C
  -------------------------------------------------------------------    -------------------
    SLICE_X13Y94         FDCE (Prop_fdce_C_Q)         0.348     1.751 r  memory/bridge/ui_reset_pipe_reg[2]/Q
                         net (fo=4, routed)           0.684     2.434    memory/bridge/write_fifo/rd_gray_reg[0]_0[0]
    SLICE_X15Y94         LUT1 (Prop_lut1_I0_O)        0.239     2.673 f  memory/bridge/write_fifo/wr_gray_sync1[6]_i_1/O
                         net (fo=122, routed)         2.364     5.037    memory/bridge/write_fifo_n_0
    SLICE_X36Y101        FDCE                                         f  memory/bridge/ui_read_returned_reg[0]/CLR
  -------------------------------------------------------------------    -------------------

                         (clock clk_pll_i_1 rise edge)
                                                     10.000    10.000 r  
    R4                                                0.000    10.000 r  sys_clk (IN)
                         net (fo=0)                   0.000    10.000    sys_clk
    R4                   IBUF (Prop_ibuf_I_O)         1.366    11.366 r  sys_clk_IBUF_inst/O
                         net (fo=1, routed)           1.004    12.369    multiplied_clock.clock_generator/sys_clk_IBUF
    MMCME2_ADV_X1Y0      MMCME2_ADV (Prop_mmcme2_adv_CLKIN1_CLKOUT1)
                                                     -6.057     6.312 r  multiplied_clock.clock_generator/mmcm/CLKOUT1
                         net (fo=1, routed)           1.352     7.665    multiplied_clock.clock_generator/ddr_ref_raw
    BUFGCTRL_X0Y1        BUFG (Prop_bufg_I_O)         0.077     7.742 r  multiplied_clock.clock_generator/ddr_ref_buffer/O
                         net (fo=63, routed)          1.290     9.032    memory/controller/u_davinci_ddr3_mig_mig/u_ddr3_infrastructure/mmcm_clk
    PLLE2_ADV_X1Y1       PLLE2_ADV (Prop_plle2_adv_CLKIN1_CLKOUT3)
                                                      0.073     9.105 r  memory/controller/u_davinci_ddr3_mig_mig/u_ddr3_infrastructure/plle2_i/CLKOUT3
                         net (fo=1, routed)           0.929    10.034    memory/controller/u_davinci_ddr3_mig_mig/u_ddr3_infrastructure/pll_clk3_out
    BUFHCE_X1Y12         BUFH (Prop_bufh_I_O)         0.069    10.103 r  memory/controller/u_davinci_ddr3_mig_mig/u_ddr3_infrastructure/u_bufh_pll_clk3/O
                         net (fo=1, routed)           0.664    10.767    memory/controller/u_davinci_ddr3_mig_mig/u_ddr3_infrastructure/pll_clk3
    MMCME2_ADV_X1Y1      MMCME2_ADV (Prop_mmcme2_adv_CLKIN1_CLKFBOUT)
                                                     -2.699     8.068 r  memory/controller/u_davinci_ddr3_mig_mig/u_ddr3_infrastructure/gen_mmcm.mmcm_i/CLKFBOUT
                         net (fo=1, routed)           1.352     9.421    memory/controller/u_davinci_ddr3_mig_mig/u_ddr3_infrastructure/clk_pll_i
    BUFGCTRL_X0Y16       BUFG (Prop_bufg_I_O)         0.077     9.498 r  memory/controller/u_davinci_ddr3_mig_mig/u_ddr3_infrastructure/u_bufg_clkdiv0/O
                         net (fo=4851, routed)        1.394    10.892    memory/bridge/CLK
    SLICE_X36Y101        FDCE                                         r  memory/bridge/ui_read_returned_reg[0]/C
                         clock pessimism              0.555    11.446    
                         clock uncertainty           -0.060    11.386    
    SLICE_X36Y101        FDCE (Recov_fdce_C_CLR)     -0.331    11.055    memory/bridge/ui_read_returned_reg[0]
  -------------------------------------------------------------------
                         required time                         11.055    
                         arrival time                          -5.037    
  -------------------------------------------------------------------
                         slack                                  6.018    





Min Delay Paths
--------------------------------------------------------------------------------------
Slack (MET) :             0.565ns  (arrival time - required time)
  Source:                 memory/bridge/ui_reset_pipe_reg[2]/C
                            (rising edge-triggered cell FDCE clocked by clk_pll_i_1  {rise@0.000ns fall@5.000ns period=10.000ns})
  Destination:            memory/bridge/write_fifo/wr_gray_sync1_reg[6]/CLR
                            (removal check against rising-edge clock clk_pll_i_1  {rise@0.000ns fall@5.000ns period=10.000ns})
  Path Group:             **async_default**
  Path Type:              Removal (Min at Fast Process Corner)
  Requirement:            0.000ns  (clk_pll_i_1 rise@0.000ns - clk_pll_i_1 rise@0.000ns)
  Data Path Delay:        0.824ns  (logic 0.226ns (27.420%)  route 0.598ns (72.580%))
  Logic Levels:           1  (LUT1=1)
  Clock Path Skew:        0.351ns (DCD - SCD - CPR)
    Destination Clock Delay (DCD):    0.280ns
    Source Clock Delay      (SCD):    0.140ns
    Clock Pessimism Removal (CPR):    -0.211ns

    Location             Delay type                Incr(ns)  Path(ns)    Netlist Resource(s)
  -------------------------------------------------------------------    -------------------
                         (clock clk_pll_i_1 rise edge)
                                                      0.000     0.000 r  
    R4                                                0.000     0.000 r  sys_clk (IN)
                         net (fo=0)                   0.000     0.000    sys_clk
    R4                   IBUF (Prop_ibuf_I_O)         0.269     0.269 r  sys_clk_IBUF_inst/O
                         net (fo=1, routed)           0.440     0.709    multiplied_clock.clock_generator/sys_clk_IBUF
    MMCME2_ADV_X1Y0      MMCME2_ADV (Prop_mmcme2_adv_CLKIN1_CLKOUT1)
                                                     -2.360    -1.651 r  multiplied_clock.clock_generator/mmcm/CLKOUT1
                         net (fo=1, routed)           0.486    -1.165    multiplied_clock.clock_generator/ddr_ref_raw
    BUFGCTRL_X0Y1        BUFG (Prop_bufg_I_O)         0.026    -1.139 r  multiplied_clock.clock_generator/ddr_ref_buffer/O
                         net (fo=63, routed)          0.552    -0.587    memory/controller/u_davinci_ddr3_mig_mig/u_ddr3_infrastructure/mmcm_clk
    PLLE2_ADV_X1Y1       PLLE2_ADV (Prop_plle2_adv_CLKIN1_CLKOUT3)
                                                      0.050    -0.537 r  memory/controller/u_davinci_ddr3_mig_mig/u_ddr3_infrastructure/plle2_i/CLKOUT3
                         net (fo=1, routed)           0.381    -0.156    memory/controller/u_davinci_ddr3_mig_mig/u_ddr3_infrastructure/pll_clk3_out
    BUFHCE_X1Y12         BUFH (Prop_bufh_I_O)         0.020    -0.136 r  memory/controller/u_davinci_ddr3_mig_mig/u_ddr3_infrastructure/u_bufh_pll_clk3/O
                         net (fo=1, routed)           0.259     0.123    memory/controller/u_davinci_ddr3_mig_mig/u_ddr3_infrastructure/pll_clk3
    MMCME2_ADV_X1Y1      MMCME2_ADV (Prop_mmcme2_adv_CLKIN1_CLKFBOUT)
                                                     -1.057    -0.934 r  memory/controller/u_davinci_ddr3_mig_mig/u_ddr3_infrastructure/gen_mmcm.mmcm_i/CLKFBOUT
                         net (fo=1, routed)           0.486    -0.448    memory/controller/u_davinci_ddr3_mig_mig/u_ddr3_infrastructure/clk_pll_i
    BUFGCTRL_X0Y16       BUFG (Prop_bufg_I_O)         0.026    -0.422 r  memory/controller/u_davinci_ddr3_mig_mig/u_ddr3_infrastructure/u_bufg_clkdiv0/O
                         net (fo=4851, routed)        0.562     0.140    memory/bridge/CLK
    SLICE_X13Y94         FDCE                                         r  memory/bridge/ui_reset_pipe_reg[2]/C
  -------------------------------------------------------------------    -------------------
    SLICE_X13Y94         FDCE (Prop_fdce_C_Q)         0.128     0.268 r  memory/bridge/ui_reset_pipe_reg[2]/Q
                         net (fo=4, routed)           0.294     0.562    memory/bridge/write_fifo/rd_gray_reg[0]_0[0]
    SLICE_X15Y94         LUT1 (Prop_lut1_I0_O)        0.098     0.660 f  memory/bridge/write_fifo/wr_gray_sync1[6]_i_1/O
                         net (fo=122, routed)         0.304     0.964    memory/bridge/write_fifo/ui_reset_pipe_reg[2]
    SLICE_X16Y100        FDCE                                         f  memory/bridge/write_fifo/wr_gray_sync1_reg[6]/CLR
  -------------------------------------------------------------------    -------------------

                         (clock clk_pll_i_1 rise edge)
                                                      0.000     0.000 r  
    R4                                                0.000     0.000 r  sys_clk (IN)
                         net (fo=0)                   0.000     0.000    sys_clk
    R4                   IBUF (Prop_ibuf_I_O)         0.457     0.457 r  sys_clk_IBUF_inst/O
                         net (fo=1, routed)           0.480     0.937    multiplied_clock.clock_generator/sys_clk_IBUF
    MMCME2_ADV_X1Y0      MMCME2_ADV (Prop_mmcme2_adv_CLKIN1_CLKOUT1)
                                                     -3.142    -2.205 r  multiplied_clock.clock_generator/mmcm/CLKOUT1
                         net (fo=1, routed)           0.530    -1.676    multiplied_clock.clock_generator/ddr_ref_raw
    BUFGCTRL_X0Y1        BUFG (Prop_bufg_I_O)         0.029    -1.647 r  multiplied_clock.clock_generator/ddr_ref_buffer/O
                         net (fo=63, routed)          0.820    -0.827    memory/controller/u_davinci_ddr3_mig_mig/u_ddr3_infrastructure/mmcm_clk
    PLLE2_ADV_X1Y1       PLLE2_ADV (Prop_plle2_adv_CLKIN1_CLKOUT3)
                                                      0.053    -0.774 r  memory/controller/u_davinci_ddr3_mig_mig/u_ddr3_infrastructure/plle2_i/CLKOUT3
                         net (fo=1, routed)           0.423    -0.351    memory/controller/u_davinci_ddr3_mig_mig/u_ddr3_infrastructure/pll_clk3_out
    BUFHCE_X1Y12         BUFH (Prop_bufh_I_O)         0.043    -0.308 r  memory/controller/u_davinci_ddr3_mig_mig/u_ddr3_infrastructure/u_bufh_pll_clk3/O
                         net (fo=1, routed)           0.483     0.175    memory/controller/u_davinci_ddr3_mig_mig/u_ddr3_infrastructure/pll_clk3
    MMCME2_ADV_X1Y1      MMCME2_ADV (Prop_mmcme2_adv_CLKIN1_CLKFBOUT)
                                                     -1.371    -1.196 r  memory/controller/u_davinci_ddr3_mig_mig/u_ddr3_infrastructure/gen_mmcm.mmcm_i/CLKFBOUT
                         net (fo=1, routed)           0.530    -0.667    memory/controller/u_davinci_ddr3_mig_mig/u_ddr3_infrastructure/clk_pll_i
    BUFGCTRL_X0Y16       BUFG (Prop_bufg_I_O)         0.029    -0.638 r  memory/controller/u_davinci_ddr3_mig_mig/u_ddr3_infrastructure/u_bufg_clkdiv0/O
                         net (fo=4851, routed)        0.918     0.280    memory/bridge/write_fifo/CLK
    SLICE_X16Y100        FDCE                                         r  memory/bridge/write_fifo/wr_gray_sync1_reg[6]/C
                         clock pessimism              0.211     0.491    
    SLICE_X16Y100        FDCE (Remov_fdce_C_CLR)     -0.092     0.399    memory/bridge/write_fifo/wr_gray_sync1_reg[6]
  -------------------------------------------------------------------
                         required time                         -0.399    
                         arrival time                           0.964    
  -------------------------------------------------------------------
                         slack                                  0.565    





---------------------------------------------------------------------------------------------------
Path Group:  **async_default**
From Clock:  core_raw
  To Clock:  core_raw

Setup :            0  Failing Endpoints,  Worst Slack        1.605ns,  Total Violation        0.000ns
Hold  :            0  Failing Endpoints,  Worst Slack        0.537ns,  Total Violation        0.000ns
---------------------------------------------------------------------------------------------------


Max Delay Paths
--------------------------------------------------------------------------------------
Slack (MET) :             1.605ns  (required time - arrival time)
  Source:                 reset_pipe_reg[2]/C
                            (rising edge-triggered cell FDCE clocked by core_raw  {rise@0.000ns fall@5.000ns period=10.000ns})
  Destination:            display/work_reg[39]/CLR
                            (recovery check against rising-edge clock core_raw  {rise@0.000ns fall@5.000ns period=10.000ns})
  Path Group:             **async_default**
  Path Type:              Recovery (Max at Slow Process Corner)
  Requirement:            10.000ns  (core_raw rise@10.000ns - core_raw rise@0.000ns)
  Data Path Delay:        7.932ns  (logic 0.587ns (7.400%)  route 7.345ns (92.600%))
  Logic Levels:           1  (LUT1=1)
  Clock Path Skew:        -0.123ns (DCD - SCD + CPR)
    Destination Clock Delay (DCD):    -1.012ns = ( 8.988 - 10.000 ) 
    Source Clock Delay      (SCD):    -0.554ns
    Clock Pessimism Removal (CPR):    0.336ns
  Clock Uncertainty:      0.047ns  ((TSJ^2 + DJ^2)^1/2) / 2 + PE
    Total System Jitter     (TSJ):    0.071ns
    Discrete Jitter          (DJ):    0.063ns
    Phase Error              (PE):    0.000ns

    Location             Delay type                Incr(ns)  Path(ns)    Netlist Resource(s)
  -------------------------------------------------------------------    -------------------
                         (clock core_raw rise edge)
                                                      0.000     0.000 r  
    R4                                                0.000     0.000 r  sys_clk (IN)
                         net (fo=0)                   0.000     0.000    sys_clk
    R4                   IBUF (Prop_ibuf_I_O)         1.432     1.432 r  sys_clk_IBUF_inst/O
                         net (fo=1, routed)           1.065     2.497    multiplied_clock.clock_generator/sys_clk_IBUF
    MMCME2_ADV_X1Y0      MMCME2_ADV (Prop_mmcme2_adv_CLKIN1_CLKOUT0)
                                                     -5.921    -3.424 r  multiplied_clock.clock_generator/mmcm/CLKOUT0
                         net (fo=1, routed)           1.421    -2.004    multiplied_clock.clock_generator/core_raw
    BUFGCTRL_X0Y2        BUFG (Prop_bufg_I_O)         0.081    -1.923 r  multiplied_clock.clock_generator/core_buffer/O
                         net (fo=16521, routed)       1.369    -0.554    core_clk
    SLICE_X53Y36         FDCE                                         r  reset_pipe_reg[2]/C
  -------------------------------------------------------------------    -------------------
    SLICE_X53Y36         FDCE (Prop_fdce_C_Q)         0.348    -0.206 r  reset_pipe_reg[2]/Q
                         net (fo=52, routed)          1.127     0.921    blocks/out[0]
    SLICE_X61Y37         LUT1 (Prop_lut1_I0_O)        0.239     1.160 f  blocks/acknowledge_i_2/O
                         net (fo=1736, routed)        6.219     7.378    display/conversion_index_reg[1]_0
    SLICE_X10Y89         FDCE                                         f  display/work_reg[39]/CLR
  -------------------------------------------------------------------    -------------------

                         (clock core_raw rise edge)
                                                     10.000    10.000 r  
    R4                                                0.000    10.000 r  sys_clk (IN)
                         net (fo=0)                   0.000    10.000    sys_clk
    R4                   IBUF (Prop_ibuf_I_O)         1.366    11.366 r  sys_clk_IBUF_inst/O
                         net (fo=1, routed)           1.004    12.369    multiplied_clock.clock_generator/sys_clk_IBUF
    MMCME2_ADV_X1Y0      MMCME2_ADV (Prop_mmcme2_adv_CLKIN1_CLKOUT0)
                                                     -6.057     6.312 r  multiplied_clock.clock_generator/mmcm/CLKOUT0
                         net (fo=1, routed)           1.352     7.665    multiplied_clock.clock_generator/core_raw
    BUFGCTRL_X0Y2        BUFG (Prop_bufg_I_O)         0.077     7.742 r  multiplied_clock.clock_generator/core_buffer/O
                         net (fo=16521, routed)       1.246     8.988    display/core_clk
    SLICE_X10Y89         FDCE                                         r  display/work_reg[39]/C
                         clock pessimism              0.336     9.323    
                         clock uncertainty           -0.047     9.276    
    SLICE_X10Y89         FDCE (Recov_fdce_C_CLR)     -0.292     8.984    display/work_reg[39]
  -------------------------------------------------------------------
                         required time                          8.984    
                         arrival time                          -7.378    
  -------------------------------------------------------------------
                         slack                                  1.605    





Min Delay Paths
--------------------------------------------------------------------------------------
Slack (MET) :             0.537ns  (arrival time - required time)
  Source:                 memory/bridge/codec_reset_pipe_reg[2]/C
                            (rising edge-triggered cell FDCE clocked by core_raw  {rise@0.000ns fall@5.000ns period=10.000ns})
  Destination:            memory/bridge/calibrated_sync1_reg/CLR
                            (removal check against rising-edge clock core_raw  {rise@0.000ns fall@5.000ns period=10.000ns})
  Path Group:             **async_default**
  Path Type:              Removal (Min at Fast Process Corner)
  Requirement:            0.000ns  (core_raw rise@0.000ns - core_raw rise@0.000ns)
  Data Path Delay:        0.486ns  (logic 0.247ns (50.861%)  route 0.239ns (49.139%))
  Logic Levels:           1  (LUT1=1)
  Clock Path Skew:        0.016ns (DCD - SCD - CPR)
    Destination Clock Delay (DCD):    -0.813ns
    Source Clock Delay      (SCD):    -0.575ns
    Clock Pessimism Removal (CPR):    -0.254ns

    Location             Delay type                Incr(ns)  Path(ns)    Netlist Resource(s)
  -------------------------------------------------------------------    -------------------
                         (clock core_raw rise edge)
                                                      0.000     0.000 r  
    R4                                                0.000     0.000 r  sys_clk (IN)
                         net (fo=0)                   0.000     0.000    sys_clk
    R4                   IBUF (Prop_ibuf_I_O)         0.269     0.269 r  sys_clk_IBUF_inst/O
                         net (fo=1, routed)           0.440     0.709    multiplied_clock.clock_generator/sys_clk_IBUF
    MMCME2_ADV_X1Y0      MMCME2_ADV (Prop_mmcme2_adv_CLKIN1_CLKOUT0)
                                                     -2.360    -1.651 r  multiplied_clock.clock_generator/mmcm/CLKOUT0
                         net (fo=1, routed)           0.486    -1.165    multiplied_clock.clock_generator/core_raw
    BUFGCTRL_X0Y2        BUFG (Prop_bufg_I_O)         0.026    -1.139 r  multiplied_clock.clock_generator/core_buffer/O
                         net (fo=16521, routed)       0.564    -0.575    memory/bridge/core_clk
    SLICE_X12Y95         FDCE                                         r  memory/bridge/codec_reset_pipe_reg[2]/C
  -------------------------------------------------------------------    -------------------
    SLICE_X12Y95         FDCE (Prop_fdce_C_Q)         0.148    -0.427 r  memory/bridge/codec_reset_pipe_reg[2]/Q
                         net (fo=2, routed)           0.091    -0.337    memory/bridge/read_fifo/rd_gray_reg[0]_0[0]
    SLICE_X12Y95         LUT1 (Prop_lut1_I0_O)        0.099    -0.238 f  memory/bridge/read_fifo/wr_gray[5]_i_3__0/O
                         net (fo=123, routed)         0.148    -0.089    memory/bridge/read_fifo_n_0
    SLICE_X12Y96         FDCE                                         f  memory/bridge/calibrated_sync1_reg/CLR
  -------------------------------------------------------------------    -------------------

                         (clock core_raw rise edge)
                                                      0.000     0.000 r  
    R4                                                0.000     0.000 r  sys_clk (IN)
                         net (fo=0)                   0.000     0.000    sys_clk
    R4                   IBUF (Prop_ibuf_I_O)         0.457     0.457 r  sys_clk_IBUF_inst/O
                         net (fo=1, routed)           0.480     0.937    multiplied_clock.clock_generator/sys_clk_IBUF
    MMCME2_ADV_X1Y0      MMCME2_ADV (Prop_mmcme2_adv_CLKIN1_CLKOUT0)
                                                     -3.142    -2.205 r  multiplied_clock.clock_generator/mmcm/CLKOUT0
                         net (fo=1, routed)           0.530    -1.676    multiplied_clock.clock_generator/core_raw
    BUFGCTRL_X0Y2        BUFG (Prop_bufg_I_O)         0.029    -1.647 r  multiplied_clock.clock_generator/core_buffer/O
                         net (fo=16521, routed)       0.833    -0.813    memory/bridge/core_clk
    SLICE_X12Y96         FDCE                                         r  memory/bridge/calibrated_sync1_reg/C
                         clock pessimism              0.254    -0.559    
    SLICE_X12Y96         FDCE (Remov_fdce_C_CLR)     -0.067    -0.626    memory/bridge/calibrated_sync1_reg
  -------------------------------------------------------------------
                         required time                          0.626    
                         arrival time                          -0.089    
  -------------------------------------------------------------------
                         slack                                  0.537    





---------------------------------------------------------------------------------------------------
Path Group:  **async_default**
From Clock:  usb_clk
  To Clock:  usb_clk

Setup :            0  Failing Endpoints,  Worst Slack        8.245ns,  Total Violation        0.000ns
Hold  :            0  Failing Endpoints,  Worst Slack        0.565ns,  Total Violation        0.000ns
---------------------------------------------------------------------------------------------------


Max Delay Paths
--------------------------------------------------------------------------------------
Slack (MET) :             8.245ns  (required time - arrival time)
  Source:                 synchronous.usb_reset_pipe_reg[2]/C
                            (rising edge-triggered cell FDCE clocked by usb_clk  {rise@0.000ns fall@8.333ns period=16.667ns})
  Destination:            synchronous.stats_mailbox/pending_data_reg[47]/CLR
                            (recovery check against rising-edge clock usb_clk  {rise@0.000ns fall@8.333ns period=16.667ns})
  Path Group:             **async_default**
  Path Type:              Recovery (Max at Slow Process Corner)
  Requirement:            16.667ns  (usb_clk rise@16.667ns - usb_clk rise@0.000ns)
  Data Path Delay:        7.851ns  (logic 0.633ns (8.063%)  route 7.218ns (91.937%))
  Logic Levels:           1  (LUT1=1)
  Clock Path Skew:        -0.055ns (DCD - SCD + CPR)
    Destination Clock Delay (DCD):    4.294ns = ( 20.961 - 16.667 ) 
    Source Clock Delay      (SCD):    4.575ns
    Clock Pessimism Removal (CPR):    0.226ns
  Clock Uncertainty:      0.185ns  ((TSJ^2 + TIJ^2)^1/2 + DJ) / 2 + PE + UU
    Total System Jitter     (TSJ):    0.071ns
    Total Input Jitter      (TIJ):    0.000ns
    Discrete Jitter          (DJ):    0.000ns
    Phase Error              (PE):    0.000ns
    User Uncertainty         (UU):    0.150ns

    Location             Delay type                Incr(ns)  Path(ns)    Netlist Resource(s)
  -------------------------------------------------------------------    -------------------
                         (clock usb_clk rise edge)    0.000     0.000 r  
    Y4                                                0.000     0.000 r  usb_clk_60m (IN)
                         net (fo=0)                   0.000     0.000    usb_clk_60m
    Y4                   IBUF (Prop_ibuf_I_O)         1.439     1.439 r  usb_clk_60m_IBUF_inst/O
                         net (fo=1, routed)           1.689     3.127    usb_clk_60m_IBUF
    BUFGCTRL_X0Y0        BUFG (Prop_bufg_I_O)         0.081     3.208 r  synchronous.usb_clock_buffer/O
                         net (fo=1013, routed)        1.367     4.575    synchronous.usb_clk
    SLICE_X56Y33         FDCE                                         r  synchronous.usb_reset_pipe_reg[2]/C
  -------------------------------------------------------------------    -------------------
    SLICE_X56Y33         FDCE (Prop_fdce_C_Q)         0.398     4.973 r  synchronous.usb_reset_pipe_reg[2]/Q
                         net (fo=21, routed)          1.026     5.999    synchronous.link/out[0]
    SLICE_X65Y33         LUT1 (Prop_lut1_I0_O)        0.235     6.234 f  synchronous.link/FSM_sequential_state[2]_i_2/O
                         net (fo=950, routed)         6.192    12.426    synchronous.stats_mailbox/held_data_reg[0]_0
    SLICE_X37Y21         FDCE                                         f  synchronous.stats_mailbox/pending_data_reg[47]/CLR
  -------------------------------------------------------------------    -------------------

                         (clock usb_clk rise edge)   16.667    16.667 r  
    Y4                                                0.000    16.667 r  usb_clk_60m (IN)
                         net (fo=0)                   0.000    16.667    usb_clk_60m
    Y4                   IBUF (Prop_ibuf_I_O)         1.372    18.039 r  usb_clk_60m_IBUF_inst/O
                         net (fo=1, routed)           1.599    19.639    usb_clk_60m_IBUF
    BUFGCTRL_X0Y0        BUFG (Prop_bufg_I_O)         0.077    19.716 r  synchronous.usb_clock_buffer/O
                         net (fo=1013, routed)        1.246    20.961    synchronous.stats_mailbox/synchronous.usb_clk
    SLICE_X37Y21         FDCE                                         r  synchronous.stats_mailbox/pending_data_reg[47]/C
                         clock pessimism              0.226    21.187    
                         clock uncertainty           -0.185    21.002    
    SLICE_X37Y21         FDCE (Recov_fdce_C_CLR)     -0.331    20.671    synchronous.stats_mailbox/pending_data_reg[47]
  -------------------------------------------------------------------
                         required time                         20.671    
                         arrival time                         -12.426    
  -------------------------------------------------------------------
                         slack                                  8.245    





Min Delay Paths
--------------------------------------------------------------------------------------
Slack (MET) :             0.565ns  (arrival time - required time)
  Source:                 synchronous.clock_guard/usb_reset_pipe_reg[2]/C
                            (rising edge-triggered cell FDCE clocked by usb_clk  {rise@0.000ns fall@8.333ns period=16.667ns})
  Destination:            synchronous.clock_guard/heartbeat_counter_reg[0]/CLR
                            (removal check against rising-edge clock usb_clk  {rise@0.000ns fall@8.333ns period=16.667ns})
  Path Group:             **async_default**
  Path Type:              Removal (Min at Fast Process Corner)
  Requirement:            0.000ns  (usb_clk rise@0.000ns - usb_clk rise@0.000ns)
  Data Path Delay:        0.639ns  (logic 0.226ns (35.368%)  route 0.413ns (64.632%))
  Logic Levels:           1  (LUT1=1)
  Clock Path Skew:        0.016ns (DCD - SCD - CPR)
    Destination Clock Delay (DCD):    2.043ns
    Source Clock Delay      (SCD):    1.527ns
    Clock Pessimism Removal (CPR):    0.500ns
  Clock Uncertainty:      0.150ns  ((TSJ^2 + TIJ^2)^1/2 + DJ) / 2 + PE + UU
    Total System Jitter     (TSJ):    0.000ns
    Total Input Jitter      (TIJ):    0.000ns
    Discrete Jitter          (DJ):    0.000ns
    Phase Error              (PE):    0.000ns
    User Uncertainty         (UU):    0.150ns

    Location             Delay type                Incr(ns)  Path(ns)    Netlist Resource(s)
  -------------------------------------------------------------------    -------------------
                         (clock usb_clk rise edge)    0.000     0.000 r  
    Y4                                                0.000     0.000 r  usb_clk_60m (IN)
                         net (fo=0)                   0.000     0.000    usb_clk_60m
    Y4                   IBUF (Prop_ibuf_I_O)         0.275     0.275 r  usb_clk_60m_IBUF_inst/O
                         net (fo=1, routed)           0.631     0.906    usb_clk_60m_IBUF
    BUFGCTRL_X0Y0        BUFG (Prop_bufg_I_O)         0.026     0.932 r  synchronous.usb_clock_buffer/O
                         net (fo=1013, routed)        0.595     1.527    synchronous.clock_guard/synchronous.usb_clk
    SLICE_X65Y43         FDCE                                         r  synchronous.clock_guard/usb_reset_pipe_reg[2]/C
  -------------------------------------------------------------------    -------------------
    SLICE_X65Y43         FDCE (Prop_fdce_C_Q)         0.128     1.655 r  synchronous.clock_guard/usb_reset_pipe_reg[2]/Q
                         net (fo=1, routed)           0.221     1.876    synchronous.clock_guard/usb_reset_pipe[2]
    SLICE_X65Y43         LUT1 (Prop_lut1_I0_O)        0.098     1.974 f  synchronous.clock_guard/heartbeat_counter[6]_i_2/O
                         net (fo=7, routed)           0.192     2.166    synchronous.clock_guard/heartbeat_counter[6]_i_2_n_0
    SLICE_X65Y44         FDCE                                         f  synchronous.clock_guard/heartbeat_counter_reg[0]/CLR
  -------------------------------------------------------------------    -------------------

                         (clock usb_clk rise edge)    0.000     0.000 r  
    Y4                                                0.000     0.000 r  usb_clk_60m (IN)
                         net (fo=0)                   0.000     0.000    usb_clk_60m
    Y4                   IBUF (Prop_ibuf_I_O)         0.463     0.463 r  usb_clk_60m_IBUF_inst/O
                         net (fo=1, routed)           0.685     1.148    usb_clk_60m_IBUF
    BUFGCTRL_X0Y0        BUFG (Prop_bufg_I_O)         0.029     1.177 r  synchronous.usb_clock_buffer/O
                         net (fo=1013, routed)        0.866     2.043    synchronous.clock_guard/synchronous.usb_clk
    SLICE_X65Y44         FDCE                                         r  synchronous.clock_guard/heartbeat_counter_reg[0]/C
                         clock pessimism             -0.500     1.543    
                         clock uncertainty            0.150     1.693    
    SLICE_X65Y44         FDCE (Remov_fdce_C_CLR)     -0.092     1.601    synchronous.clock_guard/heartbeat_counter_reg[0]
  -------------------------------------------------------------------
                         required time                         -1.601    
                         arrival time                           2.166    
  -------------------------------------------------------------------
                         slack                                  0.565    





---------------------------------------------------------------------------------------------------
Path Group:  **default**
From Clock:  clk_pll_i_1
  To Clock:  

Setup :            0  Failing Endpoints,  Worst Slack        2.409ns,  Total Violation        0.000ns
Hold  :           NA  Failing Endpoints,  Worst Slack           NA  ,  Total Violation           NA
---------------------------------------------------------------------------------------------------


Max Delay Paths
--------------------------------------------------------------------------------------
Slack (MET) :             2.409ns  (required time - arrival time)
  Source:                 memory/controller/u_davinci_ddr3_mig_mig/u_ddr3_infrastructure/rstdiv0_sync_r1_reg_rep/C
                            (rising edge-triggered cell FDPE clocked by clk_pll_i_1  {rise@0.000ns fall@5.000ns period=10.000ns})
  Destination:            memory/controller/u_davinci_ddr3_mig_mig/u_memc_ui_top_std/mem_intfc0/ddr_phy_top0/u_ddr_mc_phy_wrapper/u_ddr_mc_phy/ddr_phy_4lanes_0.u_ddr_phy_4lanes/phy_control_i/RESET
  Path Group:             **default**
  Path Type:              Max at Slow Process Corner
  Requirement:            5.000ns  (MaxDelay Path 5.000ns)
  Data Path Delay:        2.591ns  (logic 0.379ns (14.628%)  route 2.212ns (85.372%))
  Logic Levels:           0  
  Output Delay:           0.000ns
  Timing Exception:       MaxDelay Path 5.000ns -datapath_only

    Location             Delay type                Incr(ns)  Path(ns)    Netlist Resource(s)
  -------------------------------------------------------------------    -------------------
    SLICE_X15Y85                                      0.000     0.000 r  memory/controller/u_davinci_ddr3_mig_mig/u_ddr3_infrastructure/rstdiv0_sync_r1_reg_rep/C
    SLICE_X15Y85         FDPE (Prop_fdpe_C_Q)         0.379     0.379 r  memory/controller/u_davinci_ddr3_mig_mig/u_ddr3_infrastructure/rstdiv0_sync_r1_reg_rep/Q
                         net (fo=53, routed)          2.212     2.591    memory/controller/u_davinci_ddr3_mig_mig/u_memc_ui_top_std/mem_intfc0/ddr_phy_top0/u_ddr_mc_phy_wrapper/u_ddr_mc_phy/ddr_phy_4lanes_0.u_ddr_phy_4lanes/in0
    PHY_CONTROL_X1Y1     PHY_CONTROL                                  r  memory/controller/u_davinci_ddr3_mig_mig/u_memc_ui_top_std/mem_intfc0/ddr_phy_top0/u_ddr_mc_phy_wrapper/u_ddr_mc_phy/ddr_phy_4lanes_0.u_ddr_phy_4lanes/phy_control_i/RESET
  -------------------------------------------------------------------    -------------------

                         max delay                    5.000     5.000    
    PHY_CONTROL_X1Y1     PHY_CONTROL                  0.000     5.000    memory/controller/u_davinci_ddr3_mig_mig/u_memc_ui_top_std/mem_intfc0/ddr_phy_top0/u_ddr_mc_phy_wrapper/u_ddr_mc_phy/ddr_phy_4lanes_0.u_ddr_phy_4lanes/phy_control_i
                         output delay                -0.000     5.000    
  -------------------------------------------------------------------
                         required time                          5.000    
                         arrival time                          -2.591    
  -------------------------------------------------------------------
                         slack                                  2.409    





