5000
a003
5206
a109
540c
a20f
5612
a315
5818
a41b
5a1e
a521
5c24
a627
5e2a
a72d
6030
a833
6236
a939
643c
aa3f
6642
ab45
6848
ac4b
6a4e
ad51
6c54
ae57
6e5a
af5d
5102
a305
5308
a40b
550e
a511
5714
a617
591a
a71d
5b20
a823
5d26
a929
5f2c
aa2f
6132
ab35
6338
ac3b
653e
ad41
6744
ae47
694a
af4d
6b50
b053
6d56
b159
6f5c
b25f
5204
a607
540a
a70d
5610
a813
5816
a919
5a1c
aa1f
5c22
ab25
5e28
ac2b
602e
ad31
6234
ae37
643a
af3d
6640
b043
6846
b149
6a4c
b24f
6c52
b355
6e58
b45b
705e
b561
5306
a909
550c
aa0f
5712
ab15
5918
ac1b
5b1e
ad21
5d24
ae27
5f2a
af2d
6130
b033
6336
b139
653c
b23f
6742
b345
6948
b44b
6b4e
b551
6d54
b657
6f5a
b75d
7160
b863
5408
ac0b
560e
ad11
5814
ae17
5a1a
af1d
5c20
b023
5e26
b129
602c
b22f
6232
b335
6438
b43b
663e
b541
6844
b647
6a4a
b74d
6c50
b853
6e56
b959
705c
ba5f
7262
bb65
550a
af0d
5710
b013
5916
b119
5b1c
b21f
5d22
b325
5f28
b42b
612e
b531
6334
b637
653a
b73d
6740
b843
6946
b949
6b4c
ba4f
6d52
bb55
6f58
bc5b
715e
bd61
7364
be67
560c
b20f
5812
b315
5a18
b41b
5c1e
b521
5e24
b627
602a
b72d
6230
b833
6436
b939
663c
ba3f
6842
bb45
6a48
bc4b
6c4e
bd51
6e54
be57
705a
bf5d
7260
c063
7466
c169
570e
b511
5914
b617
5b1a
b71d
5d20
b823
5f26
b929
612c
ba2f
6332
bb35
6538
bc3b
673e
bd41
6944
be47
6b4a
bf4d
6d50
c053
6f56
c159
715c
c25f
7362
c365
7568
c46b
5810
b813
5a16
b919
5c1c
ba1f
5e22
bb25
6028
bc2b
622e
bd31
6434
be37
663a
bf3d
6840
c043
6a46
c149
6c4c
c24f
6e52
c355
7058
c45b
725e
c561
7464
c667
766a
c76d
5912
bb15
5b18
bc1b
5d1e
bd21
5f24
be27
612a
bf2d
6330
c033
6536
c139
673c
c23f
6942
c345
6b48
c44b
6d4e
c551
6f54
c657
715a
c75d
7360
c863
7566
c969
776c
ca6f
5a14
be17
5c1a
bf1d
5e20
c023
6026
c129
622c
c22f
6432
c335
6638
c43b
683e
c541
6a44
c647
6c4a
c74d
6e50
c853
7056
c959
725c
ca5f
7462
cb65
7668
cc6b
786e
cd71
5b16
c119
5d1c
c21f
5f22
c325
6128
c42b
632e
c531
6534
c637
673a
c73d
6940
c843
6b46
c949
6d4c
ca4f
6f52
cb55
7158
cc5b
735e
cd61
7564
ce67
776a
cf6d
7970
d073
5c18
c41b
5e1e
c521
6024
c627
622a
c72d
6430
c833
6636
c939
683c
ca3f
6a42
cb45
6c48
cc4b
6e4e
cd51
7054
ce57
725a
cf5d
7460
d063
7666
d169
786c
d26f
7a72
d375
5d1a
c71d
5f20
c823
6126
c929
632c
ca2f
6532
cb35
6738
cc3b
693e
cd41
6b44
ce47
6d4a
cf4d
6f50
d053
7156
d159
735c
d25f
7562
d365
7768
d46b
796e
d571
7b74
d677
5e1c
ca1f
6022
cb25
6228
cc2b
642e
cd31
6634
ce37
683a
cf3d
6a40
d043
6c46
d149
6e4c
d24f
7052
d355
7258
d45b
745e
d561
7664
d667
786a
d76d
7a70
d873
7c76
d979
5f1e
cd21
6124
ce27
632a
cf2d
6530
d033
6736
d139
693c
d23f
6b42
d345
6d48
d44b
6f4e
d551
7154
d657
735a
d75d
7560
d863
7766
d969
796c
da6f
7b72
db75
7d78
dc7b
6020
d023
6226
d129
642c
d22f
6632
d335
6838
d43b
6a3e
d541
6c44
d647
6e4a
d74d
7050
d853
7256
d959
745c
da5f
7662
db65
7868
dc6b
7a6e
dd71
7c74
de77
7e7a
df7d
6122
d325
6328
d42b
652e
d531
6734
d637
693a
d73d
6b40
d843
6d46
d949
6f4c
da4f
7152
db55
7358
dc5b
755e
dd61
7764
de67
796a
df6d
7b70
e073
7d76
e179
7f7c
e27f
6224
d627
642a
d72d
6630
d833
6836
d939
6a3c
da3f
6c42
db45
6e48
dc4b
704e
dd51
7254
de57
745a
df5d
7660
e063
7866
e169
7a6c
e26f
7c72
e375
7e78
e47b
807e
e581
6326
d929
652c
da2f
6732
db35
6938
dc3b
6b3e
dd41
6d44
de47
6f4a
df4d
7150
e053
7356
e159
755c
e25f
7762
e365
7968
e46b
7b6e
e571
7d74
e677
7f7a
e77d
8180
e883
6428
dc2b
662e
dd31
6834
de37
6a3a
df3d
6c40
e043
6e46
e149
704c
e24f
7252
e355
7458
e45b
765e
e561
7864
e667
7a6a
e76d
7c70
e873
7e76
e979
807c
ea7f
8282
eb85
652a
df2d
6730
e033
6936
e139
6b3c
e23f
6d42
e345
6f48
e44b
714e
e551
7354
e657
755a
e75d
7760
e863
7966
e969
7b6c
ea6f
7d72
eb75
7f78
ec7b
817e
ed81
8384
ee87
662c
e22f
6832
e335
6a38
e43b
6c3e
e541
6e44
e647
704a
e74d
7250
e853
7456
e959
765c
ea5f
7862
eb65
7a68
ec6b
7c6e
ed71
7e74
ee77
807a
ef7d
8280
f083
8486
f189
672e
e531
6934
e637
6b3a
e73d
6d40
e843
6f46
e949
714c
ea4f
7352
eb55
7558
ec5b
775e
ed61
7964
ee67
7b6a
ef6d
7d70
f073
7f76
f179
817c
f27f
8382
f385
8588
f48b
6830
e833
6a36
e939
6c3c
ea3f
6e42
eb45
7048
ec4b
724e
ed51
7454
ee57
765a
ef5d
7860
f063
7a66
f169
7c6c
f26f
7e72
f375
8078
f47b
827e
f581
8484
f687
868a
f78d
6932
eb35
6b38
ec3b
6d3e
ed41
6f44
ee47
714a
ef4d
7350
f053
7556
f159
775c
f25f
7962
f365
7b68
f46b
7d6e
f571
7f74
f677
817a
f77d
8380
f883
8586
f989
878c
fa8f
6a34
ee37
6c3a
ef3d
6e40
f043
7046
f149
724c
f24f
7452
f355
7658
f45b
785e
f561
7a64
f667
7c6a
f76d
7e70
f873
8076
f979
827c
fa7f
8482
fb85
8688
fc8b
888e
fd91
6b36
f139
6d3c
f23f
6f42
f345
7148
f44b
734e
f551
7554
f657
775a
f75d
7960
f863
7b66
f969
7d6c
fa6f
7f72
fb75
8178
fc7b
837e
fd81
8584
fe87
878a
ff8d
8990
0093
6c38
f43b
6e3e
f541
7044
f647
724a
f74d
7450
f853
7656
f959
785c
fa5f
7a62
fb65
7c68
fc6b
7e6e
fd71
8074
fe77
827a
ff7d
8480
0083
8686
0189
888c
028f
8a92
0395
6d3a
f73d
6f40
f843
7146
f949
734c
fa4f
7552
fb55
7758
fc5b
795e
fd61
7b64
fe67
7d6a
ff6d
7f70
0073
8176
0179
837c
027f
8582
0385
8788
048b
898e
0591
8b94
0697
6e3c
fa3f
7042
fb45
7248
fc4b
744e
fd51
7654
fe57
785a
ff5d
7a60
0063
7c66
0169
7e6c
026f
8072
0375
8278
047b
847e
0581
8684
0687
888a
078d
8a90
0893
8c96
0999
6f3e
fd41
7144
fe47
734a
ff4d
7550
0053
7756
0159
795c
025f
7b62
0365
7d68
046b
7f6e
0571
8174
0677
837a
077d
8580
0883
8786
0989
898c
0a8f
8b92
0b95
8d98
0c9b
7040
0043
7246
0149
744c
024f
7652
0355
7858
045b
7a5e
0561
7c64
0667
7e6a
076d
8070
0873
8276
0979
847c
0a7f
8682
0b85
8888
0c8b
8a8e
0d91
8c94
0e97
8e9a
0f9d
7142
0345
7348
044b
754e
0551
7754
0657
795a
075d
7b60
0863
7d66
0969
7f6c
0a6f
8172
0b75
8378
0c7b
857e
0d81
8784
0e87
898a
0f8d
8b90
1093
8d96
1199
8f9c
129f
7244
0647
744a
074d
7650
0853
7856
0959
7a5c
0a5f
7c62
0b65
7e68
0c6b
806e
0d71
8274
0e77
847a
0f7d
8680
1083
8886
1189
8a8c
128f
8c92
1395
8e98
149b
909e
15a1
7346
0949
754c
0a4f
7752
0b55
7958
0c5b
7b5e
0d61
7d64
0e67
7f6a
0f6d
8170
1073
8376
1179
857c
127f
8782
1385
8988
148b
8b8e
1591
8d94
1697
8f9a
179d
91a0
18a3
7448
0c4b
764e
0d51
7854
0e57
7a5a
0f5d
7c60
1063
7e66
1169
806c
126f
8272
1375
8478
147b
867e
1581
8884
1687
8a8a
178d
8c90
1893
8e96
1999
909c
1a9f
92a2
1ba5
754a
0f4d
7750
1053
7956
1159
7b5c
125f
7d62
1365
7f68
146b
816e
1571
8374
1677
857a
177d
8780
1883
8986
1989
8b8c
1a8f
8d92
1b95
8f98
1c9b
919e
1da1
93a4
1ea7
764c
124f
7852
1355
7a58
145b
7c5e
1561
7e64
1667
806a
176d
8270
1873
8476
1979
867c
1a7f
8882
1b85
8a88
1c8b
8c8e
1d91
8e94
1e97
909a
1f9d
92a0
20a3
94a6
21a9
774e
1551
7954
1657
7b5a
175d
7d60
1863
7f66
1969
816c
1a6f
8372
1b75
8578
1c7b
877e
1d81
8984
1e87
8b8a
1f8d
8d90
2093
8f96
2199
919c
229f
93a2
23a5
95a8
24ab
7850
1853
7a56
1959
7c5c
1a5f
7e62
1b65
8068
1c6b
826e
1d71
8474
1e77
867a
1f7d
8880
2083
8a86
2189
8c8c
228f
8e92
2395
9098
249b
929e
25a1
94a4
26a7
96aa
27ad
7952
1b55
7b58
1c5b
7d5e
1d61
7f64
1e67
816a
1f6d
8370
2073
8576
2179
877c
227f
8982
2385
8b88
248b
8d8e
2591
8f94
2697
919a
279d
93a0
28a3
95a6
29a9
97ac
2aaf
7a54
1e57
7c5a
1f5d
7e60
2063
8066
2169
826c
226f
8472
2375
8678
247b
887e
2581
8a84
2687
8c8a
278d
8e90
2893
9096
2999
929c
2a9f
94a2
2ba5
96a8
2cab
98ae
2db1
7b56
2159
7d5c
225f
7f62
2365
8168
246b
836e
2571
8574
2677
877a
277d
8980
2883
8b86
2989
8d8c
2a8f
8f92
2b95
9198
2c9b
939e
2da1
95a4
2ea7
97aa
2fad
99b0
30b3
7c58
245b
7e5e
2561
8064
2667
826a
276d
8470
2873
8676
2979
887c
2a7f
8a82
2b85
8c88
2c8b
8e8e
2d91
9094
2e97
929a
2f9d
94a0
30a3
96a6
31a9
98ac
32af
9ab2
33b5
7d5a
275d
7f60
2863
8166
2969
836c
2a6f
8572
2b75
8778
2c7b
897e
2d81
8b84
2e87
8d8a
2f8d
8f90
3093
9196
3199
939c
329f
95a2
33a5
97a8
34ab
99ae
35b1
9bb4
36b7
7e5c
2a5f
8062
2b65
8268
2c6b
846e
2d71
8674
2e77
887a
2f7d
8a80
3083
8c86
3189
8e8c
328f
9092
3395
9298
349b
949e
35a1
96a4
36a7
98aa
37ad
9ab0
38b3
9cb6
39b9
7f5e
2d61
8164
2e67
836a
2f6d
8570
3073
8776
3179
897c
327f
8b82
3385
8d88
348b
8f8e
3591
9194
3697
939a
379d
95a0
38a3
97a6
39a9
99ac
3aaf
9bb2
3bb5
9db8
3cbb
8060
3063
8266
3169
846c
326f
8672
3375
8878
347b
8a7e
3581
8c84
3687
8e8a
378d
9090
3893
9296
3999
949c
3a9f
96a2
3ba5
98a8
3cab
9aae
3db1
9cb4
3eb7
9eba
3fbd
8162
3365
8368
346b
856e
3571
8774
3677
897a
377d
8b80
3883
8d86
3989
8f8c
3a8f
9192
3b95
9398
3c9b
959e
3da1
97a4
3ea7
99aa
3fad
9bb0
40b3
9db6
41b9
9fbc
42bf
8264
3667
846a
376d
8670
3873
8876
3979
8a7c
3a7f
8c82
3b85
8e88
3c8b
908e
3d91
9294
3e97
949a
3f9d
96a0
40a3
98a6
41a9
9aac
42af
9cb2
43b5
9eb8
44bb
a0be
45c1
8366
3969
856c
3a6f
8772
3b75
8978
3c7b
8b7e
3d81
8d84
3e87
8f8a
3f8d
9190
4093
9396
4199
959c
429f
97a2
43a5
99a8
44ab
9bae
45b1
9db4
46b7
9fba
47bd
a1c0
48c3
8468
3c6b
866e
3d71
8874
3e77
8a7a
3f7d
8c80
4083
8e86
4189
908c
428f
9292
4395
9498
449b
969e
45a1
98a4
46a7
9aaa
47ad
9cb0
48b3
9eb6
49b9
a0bc
4abf
a2c2
4bc5
856a
3f6d
8770
4073
8976
4179
8b7c
427f
8d82
4385
8f88
448b
918e
4591
9394
4697
959a
479d
97a0
48a3
99a6
49a9
9bac
4aaf
9db2
4bb5
9fb8
4cbb
a1be
4dc1
a3c4
4ec7
866c
426f
8872
4375
8a78
447b
8c7e
4581
8e84
4687
908a
478d
9290
4893
9496
4999
969c
4a9f
98a2
4ba5
9aa8
4cab
9cae
4db1
9eb4
4eb7
a0ba
4fbd
a2c0
50c3
a4c6
51c9
876e
4571
8974
4677
8b7a
477d
8d80
4883
8f86
4989
918c
4a8f
9392
4b95
9598
4c9b
979e
4da1
99a4
4ea7
9baa
4fad
9db0
50b3
9fb6
51b9
a1bc
52bf
a3c2
53c5
a5c8
54cb
8870
4873
8a76
4979
8c7c
4a7f
8e82
4b85
9088
4c8b
928e
4d91
9494
4e97
969a
4f9d
98a0
50a3
9aa6
51a9
9cac
52af
9eb2
53b5
a0b8
54bb
a2be
55c1
a4c4
56c7
a6ca
57cd
8972
4b75
8b78
4c7b
8d7e
4d81
8f84
4e87
918a
4f8d
9390
5093
9596
5199
979c
529f
99a2
53a5
9ba8
54ab
9dae
55b1
9fb4
56b7
a1ba
57bd
a3c0
58c3
a5c6
59c9
a7cc
5acf
8a74
4e77
8c7a
4f7d
8e80
5083
9086
5189
928c
528f
9492
5395
9698
549b
989e
55a1
9aa4
56a7
9caa
57ad
9eb0
58b3
a0b6
59b9
a2bc
5abf
a4c2
5bc5
a6c8
5ccb
a8ce
5dd1
8b76
5179
8d7c
527f
8f82
5385
9188
548b
938e
5591
9594
5697
979a
579d
99a0
58a3
9ba6
59a9
9dac
5aaf
9fb2
5bb5
a1b8
5cbb
a3be
5dc1
a5c4
5ec7
a7ca
5fcd
a9d0
60d3
8c78
547b
8e7e
5581
9084
5687
928a
578d
9490
5893
9696
5999
989c
5a9f
9aa2
5ba5
9ca8
5cab
9eae
5db1
a0b4
5eb7
a2ba
5fbd
a4c0
60c3
a6c6
61c9
a8cc
62cf
aad2
63d5
8d7a
577d
8f80
5883
9186
5989
938c
5a8f
9592
5b95
9798
5c9b
999e
5da1
9ba4
5ea7
9daa
5fad
9fb0
60b3
a1b6
61b9
a3bc
62bf
a5c2
63c5
a7c8
64cb
a9ce
65d1
abd4
66d7
8e7c
5a7f
9082
5b85
9288
5c8b
948e
5d91
9694
5e97
989a
5f9d
9aa0
60a3
9ca6
61a9
9eac
62af
a0b2
63b5
a2b8
64bb
a4be
65c1
a6c4
66c7
a8ca
67cd
aad0
68d3
acd6
69d9
8f7e
5d81
9184
5e87
938a
5f8d
9590
6093
9796
6199
999c
629f
9ba2
63a5
9da8
64ab
9fae
65b1
a1b4
66b7
a3ba
67bd
a5c0
68c3
a7c6
69c9
a9cc
6acf
abd2
6bd5
add8
6cdb
9080
6083
9286
6189
948c
628f
9692
6395
9898
649b
9a9e
65a1
9ca4
66a7
9eaa
67ad
a0b0
68b3
a2b6
69b9
a4bc
6abf
a6c2
6bc5
a8c8
6ccb
aace
6dd1
acd4
6ed7
aeda
6fdd
9182
6385
9388
648b
958e
6591
9794
6697
999a
679d
9ba0
68a3
9da6
69a9
9fac
6aaf
a1b2
6bb5
a3b8
6cbb
a5be
6dc1
a7c4
6ec7
a9ca
6fcd
abd0
70d3
add6
71d9
afdc
72df
9284
6687
948a
678d
9690
6893
9896
6999
9a9c
6a9f
9ca2
6ba5
9ea8
6cab
a0ae
6db1
a2b4
6eb7
a4ba
6fbd
a6c0
70c3
a8c6
71c9
aacc
72cf
acd2
73d5
aed8
74db
b0de
75e1
9386
6989
958c
6a8f
9792
6b95
9998
6c9b
9b9e
6da1
9da4
6ea7
9faa
6fad
a1b0
70b3
a3b6
71b9
a5bc
72bf
a7c2
73c5
a9c8
74cb
abce
75d1
add4
76d7
afda
77dd
b1e0
78e3
9488
6c8b
968e
6d91
9894
6e97
9a9a
6f9d
9ca0
70a3
9ea6
71a9
a0ac
72af
a2b2
73b5
a4b8
74bb
a6be
75c1
a8c4
76c7
aaca
77cd
acd0
78d3
aed6
79d9
b0dc
7adf
b2e2
7be5
958a
6f8d
9790
7093
9996
7199
9b9c
729f
9da2
73a5
9fa8
74ab
a1ae
75b1
a3b4
76b7
a5ba
77bd
a7c0
78c3
a9c6
79c9
abcc
7acf
add2
7bd5
afd8
7cdb
b1de
7de1
b3e4
7ee7
968c
728f
9892
7395
9a98
749b
9c9e
75a1
9ea4
76a7
a0aa
77ad
a2b0
78b3
a4b6
79b9
a6bc
7abf
a8c2
7bc5
aac8
7ccb
acce
7dd1
aed4
7ed7
b0da
7fdd
b2e0
80e3
b4e6
81e9
978e
7591
9994
7697
9b9a
779d
9da0
78a3
9fa6
79a9
a1ac
7aaf
a3b2
7bb5
a5b8
7cbb
a7be
7dc1
a9c4
7ec7
abca
7fcd
add0
80d3
afd6
81d9
b1dc
82df
b3e2
83e5
b5e8
84eb
9890
7893
9a96
7999
9c9c
7a9f
9ea2
7ba5
a0a8
7cab
a2ae
7db1
a4b4
7eb7
a6ba
7fbd
a8c0
80c3
aac6
81c9
accc
82cf
aed2
83d5
b0d8
84db
b2de
85e1
b4e4
86e7
b6ea
87ed
9992
7b95
9b98
7c9b
9d9e
7da1
9fa4
7ea7
a1aa
7fad
a3b0
80b3
a5b6
81b9
a7bc
82bf
a9c2
83c5
abc8
84cb
adce
85d1
afd4
86d7
b1da
87dd
b3e0
88e3
b5e6
89e9
b7ec
8aef
9a94
7e97
9c9a
7f9d
9ea0
80a3
a0a6
81a9
a2ac
82af
a4b2
83b5
a6b8
84bb
a8be
85c1
aac4
86c7
acca
87cd
aed0
88d3
b0d6
89d9
b2dc
8adf
b4e2
8be5
b6e8
8ceb
b8ee
8df1
9b96
8199
9d9c
829f
9fa2
83a5
a1a8
84ab
a3ae
85b1
a5b4
86b7
a7ba
87bd
a9c0
88c3
abc6
89c9
adcc
8acf
afd2
8bd5
b1d8
8cdb
b3de
8de1
b5e4
8ee7
b7ea
8fed
b9f0
90f3
9c98
849b
9e9e
85a1
a0a4
86a7
a2aa
87ad
a4b0
88b3
a6b6
89b9
a8bc
8abf
aac2
8bc5
acc8
8ccb
aece
8dd1
b0d4
8ed7
b2da
8fdd
b4e0
90e3
b6e6
91e9
b8ec
92ef
baf2
93f5
9d9a
879d
9fa0
88a3
a1a6
89a9
a3ac
8aaf
a5b2
8bb5
a7b8
8cbb
a9be
8dc1
abc4
8ec7
adca
8fcd
afd0
90d3
b1d6
91d9
b3dc
92df
b5e2
93e5
b7e8
94eb
b9ee
95f1
bbf4
96f7
9e9c
8a9f
a0a2
8ba5
a2a8
8cab
a4ae
8db1
a6b4
8eb7
a8ba
8fbd
aac0
90c3
acc6
91c9
aecc
92cf
b0d2
93d5
b2d8
94db
b4de
95e1
b6e4
96e7
b8ea
97ed
baf0
98f3
bcf6
99f9
9f9e
8da1
a1a4
8ea7
a3aa
8fad
a5b0
90b3
a7b6
91b9
a9bc
92bf
abc2
93c5
adc8
94cb
afce
95d1
b1d4
96d7
b3da
97dd
b5e0
98e3
b7e6
99e9
b9ec
9aef
bbf2
9bf5
bdf8
9cfb
a0a0
90a3
a2a6
91a9
a4ac
92af
a6b2
93b5
a8b8
94bb
aabe
95c1
acc4
96c7
aeca
97cd
b0d0
98d3
b2d6
99d9
b4dc
9adf
b6e2
9be5
b8e8
9ceb
baee
9df1
bcf4
9ef7
befa
9ffd
a1a2
93a5
a3a8
94ab
a5ae
95b1
a7b4
96b7
a9ba
97bd
abc0
98c3
adc6
99c9
afcc
9acf
b1d2
9bd5
b3d8
9cdb
b5de
9de1
b7e4
9ee7
b9ea
9fed
bbf0
a0f3
bdf6
a1f9
bffc
a2ff
a2a4
96a7
a4aa
97ad
a6b0
98b3
a8b6
99b9
aabc
9abf
acc2
9bc5
aec8
9ccb
b0ce
9dd1
b2d4
9ed7
b4da
9fdd
b6e0
a0e3
b8e6
a1e9
baec
a2ef
bcf2
a3f5
bef8
a4fb
c0fe
a501
a3a6
99a9
a5ac
9aaf
a7b2
9bb5
a9b8
9cbb
abbe
9dc1
adc4
9ec7
afca
9fcd
b1d0
a0d3
b3d6
a1d9
b5dc
a2df
b7e2
a3e5
b9e8
a4eb
bbee
a5f1
bdf4
a6f7
bffa
a7fd
c100
a803
a4a8
9cab
a6ae
9db1
a8b4
9eb7
aaba
9fbd
acc0
a0c3
aec6
a1c9
b0cc
a2cf
b2d2
a3d5
b4d8
a4db
b6de
a5e1
b8e4
a6e7
baea
a7ed
bcf0
a8f3
bef6
a9f9
c0fc
aaff
c202
ab05
a5aa
9fad
a7b0
a0b3
a9b6
a1b9
abbc
a2bf
adc2
a3c5
afc8
a4cb
b1ce
a5d1
b3d4
a6d7
b5da
a7dd
b7e0
a8e3
b9e6
a9e9
bbec
aaef
bdf2
abf5
bff8
acfb
c1fe
ad01
c304
ae07
a6ac
a2af
a8b2
a3b5
aab8
a4bb
acbe
a5c1
aec4
a6c7
b0ca
a7cd
b2d0
a8d3
b4d6
a9d9
b6dc
aadf
b8e2
abe5
bae8
aceb
bcee
adf1
bef4
aef7
c0fa
affd
c200
b003
c406
b109
a7ae
a5b1
a9b4
a6b7
abba
a7bd
adc0
a8c3
afc6
a9c9
b1cc
aacf
b3d2
abd5
b5d8
acdb
b7de
ade1
b9e4
aee7
bbea
afed
bdf0
b0f3
bff6
b1f9
c1fc
b2ff
c302
b305
c508
b40b
a8b0
a8b3
aab6
a9b9
acbc
aabf
aec2
abc5
b0c8
accb
b2ce
add1
b4d4
aed7
b6da
afdd
b8e0
b0e3
bae6
b1e9
bcec
b2ef
bef2
b3f5
c0f8
b4fb
c2fe
b501
c404
b607
c60a
b70d
a9b2
abb5
abb8
acbb
adbe
adc1
afc4
aec7
b1ca
afcd
b3d0
b0d3
b5d6
b1d9
b7dc
b2df
b9e2
b3e5
bbe8
b4eb
bdee
b5f1
bff4
b6f7
c1fa
b7fd
c300
b803
c506
b909
c70c
ba0f
aab4
aeb7
acba
afbd
aec0
b0c3
b0c6
b1c9
b2cc
b2cf
b4d2
b3d5
b6d8
b4db
b8de
b5e1
bae4
b6e7
bcea
b7ed
bef0
b8f3
c0f6
b9f9
c2fc
baff
c402
bb05
c608
bc0b
c80e
bd11
abb6
b1b9
adbc
b2bf
afc2
b3c5
b1c8
b4cb
b3ce
b5d1
b5d4
b6d7
b7da
b7dd
b9e0
b8e3
bbe6
b9e9
bdec
baef
bff2
bbf5
c1f8
bcfb
c3fe
bd01
c504
be07
c70a
bf0d
c910
c013
acb8
b4bb
aebe
b5c1
b0c4
b6c7
b2ca
b7cd
b4d0
b8d3
b6d6
b9d9
b8dc
badf
bae2
bbe5
bce8
bceb
beee
bdf1
c0f4
bef7
c2fa
bffd
c400
c003
c606
c109
c80c
c20f
ca12
c315
adba
b7bd
afc0
b8c3
b1c6
b9c9
b3cc
bacf
b5d2
bbd5
b7d8
bcdb
b9de
bde1
bbe4
bee7
bdea
bfed
bff0
c0f3
c1f6
c1f9
c3fc
c2ff
c502
c305
c708
c40b
c90e
c511
cb14
c617
aebc
babf
b0c2
bbc5
b2c8
bccb
b4ce
bdd1
b6d4
bed7
b8da
bfdd
bae0
c0e3
bce6
c1e9
beec
c2ef
c0f2
c3f5
c2f8
c4fb
c4fe
c501
c604
c607
c80a
c70d
ca10
c813
cc16
c919
afbe
bdc1
b1c4
bec7
b3ca
bfcd
b5d0
c0d3
b7d6
c1d9
b9dc
c2df
bbe2
c3e5
bde8
c4eb
bfee
c5f1
c1f4
c6f7
c3fa
c7fd
c500
c803
c706
c909
c90c
ca0f
cb12
cb15
cd18
cc1b
b0c0
c0c3
b2c6
c1c9
b4cc
c2cf
b6d2
c3d5
b8d8
c4db
bade
c5e1
bce4
c6e7
beea
c7ed
c0f0
c8f3
c2f6
c9f9
c4fc
caff
c602
cb05
c808
cc0b
ca0e
cd11
cc14
ce17
ce1a
cf1d
b1c2
c3c5
b3c8
c4cb
b5ce
c5d1
b7d4
c6d7
b9da
c7dd
bbe0
c8e3
bde6
c9e9
bfec
caef
c1f2
cbf5
c3f8
ccfb
c5fe
cd01
c704
ce07
c90a
cf0d
cb10
d013
cd16
d119
cf1c
d21f
b2c4
c6c7
b4ca
c7cd
b6d0
c8d3
b8d6
c9d9
badc
cadf
bce2
cbe5
bee8
cceb
c0ee
cdf1
c2f4
cef7
c4fa
cffd
c600
d003
c806
d109
ca0c
d20f
cc12
d315
ce18
d41b
d01e
d521
b3c6
c9c9
b5cc
cacf
b7d2
cbd5
b9d8
ccdb
bbde
cde1
bde4
cee7
bfea
cfed
c1f0
d0f3
c3f6
d1f9
c5fc
d2ff
c702
d305
c908
d40b
cb0e
d511
cd14
d617
cf1a
d71d
d120
d823
b4c8
cccb
b6ce
cdd1
b8d4
ced7
bada
cfdd
bce0
d0e3
bee6
d1e9
c0ec
d2ef
c2f2
d3f5
c4f8
d4fb
c6fe
d501
c804
d607
ca0a
d70d
cc10
d813
ce16
d919
d01c
da1f
d222
db25
b5ca
cfcd
b7d0
d0d3
b9d6
d1d9
bbdc
d2df
bde2
d3e5
bfe8
d4eb
c1ee
d5f1
c3f4
d6f7
c5fa
d7fd
c700
d803
c906
d909
cb0c
da0f
cd12
db15
cf18
dc1b
d11e
dd21
d324
de27
b6cc
d2cf
b8d2
d3d5
bad8
d4db
bcde
d5e1
bee4
d6e7
c0ea
d7ed
c2f0
d8f3
c4f6
d9f9
c6fc
daff
c802
db05
ca08
dc0b
cc0e
dd11
ce14
de17
d01a
df1d
d220
e023
d426
e129
b7ce
d5d1
b9d4
d6d7
bbda
d7dd
bde0
d8e3
bfe6
d9e9
c1ec
daef
c3f2
dbf5
c5f8
dcfb
c7fe
dd01
c904
de07
cb0a
df0d
cd10
e013
cf16
e119
d11c
e21f
d322
e325
d528
e42b
b8d0
d8d3
bad6
d9d9
bcdc
dadf
bee2
dbe5
c0e8
dceb
c2ee
ddf1
c4f4
def7
c6fa
dffd
c800
e003
ca06
e109
cc0c
e20f
ce12
e315
d018
e41b
d21e
e521
d424
e627
d62a
e72d
b9d2
dbd5
bbd8
dcdb
bdde
dde1
bfe4
dee7
c1ea
dfed
c3f0
e0f3
c5f6
e1f9
c7fc
e2ff
c902
e305
cb08
e40b
cd0e
e511
cf14
e617
d11a
e71d
d320
e823
d526
e929
d72c
ea2f
bad4
ded7
bcda
dfdd
bee0
e0e3
c0e6
e1e9
c2ec
e2ef
c4f2
e3f5
c6f8
e4fb
c8fe
e501
ca04
e607
cc0a
e70d
ce10
e813
d016
e919
d21c
ea1f
d422
eb25
d628
ec2b
d82e
ed31
bbd6
e1d9
bddc
e2df
bfe2
e3e5
c1e8
e4eb
c3ee
e5f1
c5f4
e6f7
c7fa
e7fd
c900
e803
cb06
e909
cd0c
ea0f
cf12
eb15
d118
ec1b
d31e
ed21
d524
ee27
d72a
ef2d
d930
f033
bcd8
e4db
bede
e5e1
c0e4
e6e7
c2ea
e7ed
c4f0
e8f3
c6f6
e9f9
c8fc
eaff
ca02
eb05
cc08
ec0b
ce0e
ed11
d014
ee17
d21a
ef1d
d420
f023
d626
f129
d82c
f22f
da32
f335
bdda
e7dd
bfe0
e8e3
c1e6
e9e9
c3ec
eaef
c5f2
ebf5
c7f8
ecfb
c9fe
ed01
cb04
ee07
cd0a
ef0d
cf10
f013
d116
f119
d31c
f21f
d522
f325
d728
f42b
d92e
f531
db34
f637
bedc
eadf
c0e2
ebe5
c2e8
eceb
c4ee
edf1
c6f4
eef7
c8fa
effd
ca00
f003
cc06
f109
ce0c
f20f
d012
f315
d218
f41b
d41e
f521
d624
f627
d82a
f72d
da30
f833
dc36
f939
bfde
ede1
c1e4
eee7
c3ea
efed
c5f0
f0f3
c7f6
f1f9
c9fc
f2ff
cb02
f305
cd08
f40b
cf0e
f511
d114
f617
d31a
f71d
d520
f823
d726
f929
d92c
fa2f
db32
fb35
dd38
fc3b
c0e0
f0e3
c2e6
f1e9
c4ec
f2ef
c6f2
f3f5
c8f8
f4fb
cafe
f501
cc04
f607
ce0a
f70d
d010
f813
d216
f919
d41c
fa1f
d622
fb25
d828
fc2b
da2e
fd31
dc34
fe37
de3a
ff3d
c1e2
f3e5
c3e8
f4eb
c5ee
f5f1
c7f4
f6f7
c9fa
f7fd
cb00
f803
cd06
f909
cf0c
fa0f
d112
fb15
d318
fc1b
d51e
fd21
d724
fe27
d92a
ff2d
db30
0033
dd36
0139
df3c
023f
c2e4
f6e7
c4ea
f7ed
c6f0
f8f3
c8f6
f9f9
cafc
faff
cc02
fb05
ce08
fc0b
d00e
fd11
d214
fe17
d41a
ff1d
d620
0023
d826
0129
da2c
022f
dc32
0335
de38
043b
e03e
0541
c3e6
f9e9
c5ec
faef
c7f2
fbf5
c9f8
fcfb
cbfe
fd01
cd04
fe07
cf0a
ff0d
d110
0013
d316
0119
d51c
021f
d722
0325
d928
042b
db2e
0531
dd34
0637
df3a
073d
e140
0843
c4e8
fceb
c6ee
fdf1
c8f4
fef7
cafa
fffd
cc00
0003
ce06
0109
d00c
020f
d212
0315
d418
041b
d61e
0521
d824
0627
da2a
072d
dc30
0833
de36
0939
e03c
0a3f
e242
0b45
c5ea
ffed
c7f0
00f3
c9f6
01f9
cbfc
02ff
cd02
0305
cf08
040b
d10e
0511
d314
0617
d51a
071d
d720
0823
d926
0929
db2c
0a2f
dd32
0b35
df38
0c3b
e13e
0d41
e344
0e47
c6ec
02ef
c8f2
03f5
caf8
04fb
ccfe
0501
ce04
0607
d00a
070d
d210
0813
d416
0919
d61c
0a1f
d822
0b25
da28
0c2b
dc2e
0d31
de34
0e37
e03a
0f3d
e240
1043
e446
1149
c7ee
05f1
c9f4
06f7
cbfa
07fd
cd00
0803
cf06
0909
d10c
0a0f
d312
0b15
d518
0c1b
d71e
0d21
d924
0e27
db2a
0f2d
dd30
1033
df36
1139
e13c
123f
e342
1345
e548
144b
c8f0
08f3
caf6
09f9
ccfc
0aff
ce02
0b05
d008
0c0b
d20e
0d11
d414
0e17
d61a
0f1d
d820
1023
da26
1129
dc2c
122f
de32
1335
e038
143b
e23e
1541
e444
1647
e64a
174d
c9f2
0bf5
cbf8
0cfb
cdfe
0d01
cf04
0e07
d10a
0f0d
d310
1013
d516
1119
d71c
121f
d922
1325
db28
142b
dd2e
1531
df34
1637
e13a
173d
e340
1843
e546
1949
e74c
1a4f
caf4
0ef7
ccfa
0ffd
ce00
1003
d006
1109
d20c
120f
d412
1315
d618
141b
d81e
1521
da24
1627
dc2a
172d
de30
1833
e036
1939
e23c
1a3f
e442
1b45
e648
1c4b
e84e
1d51
cbf6
11f9
cdfc
12ff
cf02
1305
d108
140b
d30e
1511
d514
1617
d71a
171d
d920
1823
db26
1929
dd2c
1a2f
df32
1b35
e138
1c3b
e33e
1d41
e544
1e47
e74a
1f4d
e950
2053
ccf8
14fb
cefe
1501
d004
1607
d20a
170d
d410
1813
d616
1919
d81c
1a1f
da22
1b25
dc28
1c2b
de2e
1d31
e034
1e37
e23a
1f3d
e440
2043
e646
2149
e84c
224f
ea52
2355
cdfa
17fd
cf00
1803
d106
1909
d30c
1a0f
d512
1b15
d718
1c1b
d91e
1d21
db24
1e27
dd2a
1f2d
df30
2033
e136
2139
e33c
223f
e542
2345
e748
244b
e94e
2551
eb54
2657
cefc
1aff
d002
1b05
d208
1c0b
d40e
1d11
d614
1e17
d81a
1f1d
da20
2023
dc26
2129
de2c
222f
e032
2335
e238
243b
e43e
2541
e644
2647
e84a
274d
ea50
2853
ec56
2959
cffe
1d01
d104
1e07
d30a
1f0d
d510
2013
d716
2119
d91c
221f
db22
2325
dd28
242b
df2e
2531
e134
2637
e33a
273d
e540
2843
e746
2949
e94c
2a4f
eb52
2b55
ed58
2c5b
d000
2003
d206
2109
d40c
220f
d612
2315
d818
241b
da1e
2521
dc24
2627
de2a
272d
e030
2833
e236
2939
e43c
2a3f
e642
2b45
e848
2c4b
ea4e
2d51
ec54
2e57
ee5a
2f5d
d102
2305
d308
240b
d50e
2511
d714
2617
d91a
271d
db20
2823
dd26
2929
df2c
2a2f
e132
2b35
e338
2c3b
e53e
2d41
e744
2e47
e94a
2f4d
eb50
3053
ed56
3159
ef5c
325f
d204
2607
d40a
270d
d610
2813
d816
2919
da1c
2a1f
dc22
2b25
de28
2c2b
e02e
2d31
e234
2e37
e43a
2f3d
e640
3043
e846
3149
ea4c
324f
ec52
3355
ee58
345b
f05e
3561
d306
2909
d50c
2a0f
d712
2b15
d918
2c1b
db1e
2d21
dd24
2e27
df2a
2f2d
e130
3033
e336
3139
e53c
323f
e742
3345
e948
344b
eb4e
3551
ed54
3657
ef5a
375d
f160
3863
d408
2c0b
d60e
2d11
d814
2e17
da1a
2f1d
dc20
3023
de26
3129
e02c
322f
e232
3335
e438
343b
e63e
3541
e844
3647
ea4a
374d
ec50
3853
ee56
3959
f05c
3a5f
f262
3b65
d50a
2f0d
d710
3013
d916
3119
db1c
321f
dd22
3325
df28
342b
e12e
3531
e334
3637
e53a
373d
e740
3843
e946
3949
eb4c
3a4f
ed52
3b55
ef58
3c5b
f15e
3d61
f364
3e67
d60c
320f
d812
3315
da18
341b
dc1e
3521
de24
3627
e02a
372d
e230
3833
e436
3939
e63c
3a3f
e842
3b45
ea48
3c4b
ec4e
3d51
ee54
3e57
f05a
3f5d
f260
4063
f466
4169
d70e
3511
d914
3617
db1a
371d
dd20
3823
df26
3929
e12c
3a2f
e332
3b35
e538
3c3b
e73e
3d41
e944
3e47
eb4a
3f4d
ed50
4053
ef56
4159
f15c
425f
f362
4365
f568
446b
d810
3813
da16
3919
dc1c
3a1f
de22
3b25
e028
3c2b
e22e
3d31
e434
3e37
e63a
3f3d
e840
4043
ea46
4149
ec4c
424f
ee52
4355
f058
445b
f25e
4561
f464
4667
f66a
476d
d912
3b15
db18
3c1b
dd1e
3d21
df24
3e27
e12a
3f2d
e330
4033
e536
4139
e73c
423f
e942
4345
eb48
444b
ed4e
4551
ef54
4657
f15a
475d
f360
4863
f566
4969
f76c
4a6f
da14
3e17
dc1a
3f1d
de20
4023
e026
4129
e22c
422f
e432
4335
e638
443b
e83e
4541
ea44
4647
ec4a
474d
ee50
4853
f056
4959
f25c
4a5f
f462
4b65
f668
4c6b
f86e
4d71
db16
4119
dd1c
421f
df22
4325
e128
442b
e32e
4531
e534
4637
e73a
473d
e940
4843
eb46
4949
ed4c
4a4f
ef52
4b55
f158
4c5b
f35e
4d61
f564
4e67
f76a
4f6d
f970
5073
dc18
441b
de1e
4521
e024
4627
e22a
472d
e430
4833
e636
4939
e83c
4a3f
ea42
4b45
ec48
4c4b
ee4e
4d51
f054
4e57
f25a
4f5d
f460
5063
f666
5169
f86c
526f
fa72
5375
dd1a
471d
df20
4823
e126
4929
e32c
4a2f
e532
4b35
e738
4c3b
e93e
4d41
eb44
4e47
ed4a
4f4d
ef50
5053
f156
5159
f35c
525f
f562
5365
f768
546b
f96e
5571
fb74
5677
de1c
4a1f
e022
4b25
e228
4c2b
e42e
4d31
e634
4e37
e83a
4f3d
ea40
5043
ec46
5149
ee4c
524f
f052
5355
f258
545b
f45e
5561
f664
5667
f86a
576d
fa70
5873
fc76
5979
df1e
4d21
e124
4e27
e32a
4f2d
e530
5033
e736
5139
e93c
523f
eb42
5345
ed48
544b
ef4e
5551
f154
5657
f35a
575d
f560
5863
f766
5969
f96c
5a6f
fb72
5b75
fd78
5c7b
e020
5023
e226
5129
e42c
522f
e632
5335
e838
543b
ea3e
5541
ec44
5647
ee4a
574d
f050
5853
f256
5959
f45c
5a5f
f662
5b65
f868
5c6b
fa6e
5d71
fc74
5e77
fe7a
5f7d
e122
5325
e328
542b
e52e
5531
e734
5637
e93a
573d
eb40
5843
ed46
5949
ef4c
5a4f
f152
5b55
f358
5c5b
f55e
5d61
f764
5e67
f96a
5f6d
fb70
6073
fd76
6179
ff7c
627f
e224
5627
e42a
572d
e630
5833
e836
5939
ea3c
5a3f
ec42
5b45
ee48
5c4b
f04e
5d51
f254
5e57
f45a
5f5d
f660
6063
f866
6169
fa6c
626f
fc72
6375
fe78
647b
007e
6581
e326
5929
e52c
5a2f
e732
5b35
e938
5c3b
eb3e
5d41
ed44
5e47
ef4a
5f4d
f150
6053
f356
6159
f55c
625f
f762
6365
f968
646b
fb6e
6571
fd74
6677
ff7a
677d
0180
6883
e428
5c2b
e62e
5d31
e834
5e37
ea3a
5f3d
ec40
6043
ee46
6149
f04c
624f
f252
6355
f458
645b
f65e
6561
f864
6667
fa6a
676d
fc70
6873
fe76
6979
007c
6a7f
0282
6b85
e52a
5f2d
e730
6033
e936
6139
eb3c
623f
ed42
6345
ef48
644b
f14e
6551
f354
6657
f55a
675d
f760
6863
f966
6969
fb6c
6a6f
fd72
6b75
ff78
6c7b
017e
6d81
0384
6e87
e62c
622f
e832
6335
ea38
643b
ec3e
6541
ee44
6647
f04a
674d
f250
6853
f456
6959
f65c
6a5f
f862
6b65
fa68
6c6b
fc6e
6d71
fe74
6e77
007a
6f7d
0280
7083
0486
7189
e72e
6531
e934
6637
eb3a
673d
ed40
6843
ef46
6949
f14c
6a4f
f352
6b55
f558
6c5b
f75e
6d61
f964
6e67
fb6a
6f6d
fd70
7073
ff76
7179
017c
727f
0382
7385
0588
748b
e830
6833
ea36
6939
ec3c
6a3f
ee42
6b45
f048
6c4b
f24e
6d51
f454
6e57
f65a
6f5d
f860
7063
fa66
7169
fc6c
726f
fe72
7375
0078
747b
027e
7581
0484
7687
068a
778d
e932
6b35
eb38
6c3b
ed3e
6d41
ef44
6e47
f14a
6f4d
f350
7053
f556
7159
f75c
725f
f962
7365
fb68
746b
fd6e
7571
ff74
7677
017a
777d
0380
7883
0586
7989
078c
7a8f
ea34
6e37
ec3a
6f3d
ee40
7043
f046
7149
f24c
724f
f452
7355
f658
745b
f85e
7561
fa64
7667
fc6a
776d
fe70
7873
0076
7979
027c
7a7f
0482
7b85
0688
7c8b
088e
7d91
eb36
7139
ed3c
723f
ef42
7345
f148
744b
f34e
7551
f554
7657
f75a
775d
f960
7863
fb66
7969
fd6c
7a6f
ff72
7b75
0178
7c7b
037e
7d81
0584
7e87
078a
7f8d
0990
8093
ec38
743b
ee3e
7541
f044
7647
f24a
774d
f450
7853
f656
7959
f85c
7a5f
fa62
7b65
fc68
7c6b
fe6e
7d71
0074
7e77
027a
7f7d
0480
8083
0686
8189
088c
828f
0a92
8395
ed3a
773d
ef40
7843
f146
7949
f34c
7a4f
f552
7b55
f758
7c5b
f95e
7d61
fb64
7e67
fd6a
7f6d
ff70
8073
0176
8179
037c
827f
0582
8385
0788
848b
098e
8591
0b94
8697
ee3c
7a3f
f042
7b45
f248
7c4b
f44e
7d51
f654
7e57
f85a
7f5d
fa60
8063
fc66
8169
fe6c
826f
0072
8375
0278
847b
047e
8581
0684
8687
088a
878d
0a90
8893
0c96
8999
ef3e
7d41
f144
7e47
f34a
7f4d
f550
8053
f756
8159
f95c
825f
fb62
8365
fd68
846b
ff6e
8571
0174
8677
037a
877d
0580
8883
0786
8989
098c
8a8f
0b92
8b95
0d98
8c9b
f040
8043
f246
8149
f44c
824f
f652
8355
f858
845b
fa5e
8561
fc64
8667
fe6a
876d
0070
8873
0276
8979
047c
8a7f
0682
8b85
0888
8c8b
0a8e
8d91
0c94
8e97
0e9a
8f9d
f142
8345
f348
844b
f54e
8551
f754
8657
f95a
875d
fb60
8863
fd66
8969
ff6c
8a6f
0172
8b75
0378
8c7b
057e
8d81
0784
8e87
098a
8f8d
0b90
9093
0d96
9199
0f9c
929f
f244
8647
f44a
874d
f650
8853
f856
8959
fa5c
8a5f
fc62
8b65
fe68
8c6b
006e
8d71
0274
8e77
047a
8f7d
0680
9083
0886
9189
0a8c
928f
0c92
9395
0e98
949b
109e
95a1
f346
8949
f54c
8a4f
f752
8b55
f958
8c5b
fb5e
8d61
fd64
8e67
ff6a
8f6d
0170
9073
0376
9179
057c
927f
0782
9385
0988
948b
0b8e
9591
0d94
9697
0f9a
979d
11a0
98a3
f448
8c4b
f64e
8d51
f854
8e57
fa5a
8f5d
fc60
9063
fe66
9169
006c
926f
0272
9375
0478
947b
067e
9581
0884
9687
0a8a
978d
0c90
9893
0e96
9999
109c
9a9f
12a2
9ba5
f54a
8f4d
f750
9053
f956
9159
fb5c
925f
fd62
9365
ff68
946b
016e
9571
0374
9677
057a
977d
0780
9883
0986
9989
0b8c
9a8f
0d92
9b95
0f98
9c9b
119e
9da1
13a4
9ea7
f64c
924f
f852
9355
fa58
945b
fc5e
9561
fe64
9667
006a
976d
0270
9873
0476
9979
067c
9a7f
0882
9b85
0a88
9c8b
0c8e
9d91
0e94
9e97
109a
9f9d
12a0
a0a3
14a6
a1a9
f74e
9551
f954
9657
fb5a
975d
fd60
9863
ff66
9969
016c
9a6f
0372
9b75
0578
9c7b
077e
9d81
0984
9e87
0b8a
9f8d
0d90
a093
0f96
a199
119c
a29f
13a2
a3a5
15a8
a4ab
f850
9853
fa56
9959
fc5c
9a5f
fe62
9b65
0068
9c6b
026e
9d71
0474
9e77
067a
9f7d
0880
a083
0a86
a189
0c8c
a28f
0e92
a395
1098
a49b
129e
a5a1
14a4
a6a7
16aa
a7ad
f952
9b55
fb58
9c5b
fd5e
9d61
ff64
9e67
016a
9f6d
0370
a073
0576
a179
077c
a27f
0982
a385
0b88
a48b
0d8e
a591
0f94
a697
119a
a79d
13a0
a8a3
15a6
a9a9
17ac
aaaf
fa54
9e57
fc5a
9f5d
fe60
a063
0066
a169
026c
a26f
0472
a375
0678
a47b
087e
a581
0a84
a687
0c8a
a78d
0e90
a893
1096
a999
129c
aa9f
14a2
aba5
16a8
acab
18ae
adb1
fb56
a159
fd5c
a25f
ff62
a365
0168
a46b
036e
a571
0574
a677
077a
a77d
0980
a883
0b86
a989
0d8c
aa8f
0f92
ab95
1198
ac9b
139e
ada1
15a4
aea7
17aa
afad
19b0
b0b3
fc58
a45b
fe5e
a561
0064
a667
026a
a76d
0470
a873
0676
a979
087c
aa7f
0a82
ab85
0c88
ac8b
0e8e
ad91
1094
ae97
129a
af9d
14a0
b0a3
16a6
b1a9
18ac
b2af
1ab2
b3b5
fd5a
a75d
ff60
a863
0166
a969
036c
aa6f
0572
ab75
0778
ac7b
097e
ad81
0b84
ae87
0d8a
af8d
0f90
b093
1196
b199
139c
b29f
15a2
b3a5
17a8
b4ab
19ae
b5b1
1bb4
b6b7
fe5c
aa5f
0062
ab65
0268
ac6b
046e
ad71
0674
ae77
087a
af7d
0a80
b083
0c86
b189
0e8c
b28f
1092
b395
1298
b49b
149e
b5a1
16a4
b6a7
18aa
b7ad
1ab0
b8b3
1cb6
b9b9
ff5e
ad61
0164
ae67
036a
af6d
0570
b073
0776
b179
097c
b27f
0b82
b385
0d88
b48b
0f8e
b591
1194
b697
139a
b79d
15a0
b8a3
17a6
b9a9
19ac
baaf
1bb2
bbb5
1db8
bcbb
0060
b063
0266
b169
046c
b26f
0672
b375
0878
b47b
0a7e
b581
0c84
b687
0e8a
b78d
1090
b893
1296
b999
149c
ba9f
16a2
bba5
18a8
bcab
1aae
bdb1
1cb4
beb7
1eba
bfbd
0162
b365
0368
b46b
056e
b571
0774
b677
097a
b77d
0b80
b883
0d86
b989
0f8c
ba8f
1192
bb95
1398
bc9b
159e
bda1
17a4
bea7
19aa
bfad
1bb0
c0b3
1db6
c1b9
1fbc
c2bf
0264
b667
046a
b76d
0670
b873
0876
b979
0a7c
ba7f
0c82
bb85
0e88
bc8b
108e
bd91
1294
be97
149a
bf9d
16a0
c0a3
18a6
c1a9
1aac
c2af
1cb2
c3b5
1eb8
c4bb
20be
c5c1
0366
b969
056c
ba6f
0772
bb75
0978
bc7b
0b7e
bd81
0d84
be87
0f8a
bf8d
1190
c093
1396
c199
159c
c29f
17a2
c3a5
19a8
c4ab
1bae
c5b1
1db4
c6b7
1fba
c7bd
21c0
c8c3
0468
bc6b
066e
bd71
0874
be77
0a7a
bf7d
0c80
c083
0e86
c189
108c
c28f
1292
c395
1498
c49b
169e
c5a1
18a4
c6a7
1aaa
c7ad
1cb0
c8b3
1eb6
c9b9
20bc
cabf
22c2
cbc5
056a
bf6d
0770
c073
0976
c179
0b7c
c27f
0d82
c385
0f88
c48b
118e
c591
1394
c697
159a
c79d
17a0
c8a3
19a6
c9a9
1bac
caaf
1db2
cbb5
1fb8
ccbb
21be
cdc1
23c4
cec7
066c
c26f
0872
c375
0a78
c47b
0c7e
c581
0e84
c687
108a
c78d
1290
c893
1496
c999
169c
ca9f
18a2
cba5
1aa8
ccab
1cae
cdb1
1eb4
ceb7
20ba
cfbd
22c0
d0c3
24c6
d1c9
076e
c571
0974
c677
0b7a
c77d
0d80
c883
0f86
c989
118c
ca8f
1392
cb95
1598
cc9b
179e
cda1
19a4
cea7
1baa
cfad
1db0
d0b3
1fb6
d1b9
21bc
d2bf
23c2
d3c5
25c8
d4cb
0870
c873
0a76
c979
0c7c
ca7f
0e82
cb85
1088
cc8b
128e
cd91
1494
ce97
169a
cf9d
18a0
d0a3
1aa6
d1a9
1cac
d2af
1eb2
d3b5
20b8
d4bb
22be
d5c1
24c4
d6c7
26ca
d7cd
0972
cb75
0b78
cc7b
0d7e
cd81
0f84
ce87
118a
cf8d
1390
d093
1596
d199
179c
d29f
19a2
d3a5
1ba8
d4ab
1dae
d5b1
1fb4
d6b7
21ba
d7bd
23c0
d8c3
25c6
d9c9
27cc
dacf
0a74
ce77
0c7a
cf7d
0e80
d083
1086
d189
128c
d28f
1492
d395
1698
d49b
189e
d5a1
1aa4
d6a7
1caa
d7ad
1eb0
d8b3
20b6
d9b9
22bc
dabf
24c2
dbc5
26c8
dccb
28ce
ddd1
0b76
d179
0d7c
d27f
0f82
d385
1188
d48b
138e
d591
1594
d697
179a
d79d
19a0
d8a3
1ba6
d9a9
1dac
daaf
1fb2
dbb5
21b8
dcbb
23be
ddc1
25c4
dec7
27ca
dfcd
29d0
e0d3
0c78
d47b
0e7e
d581
1084
d687
128a
d78d
1490
d893
1696
d999
189c
da9f
1aa2
dba5
1ca8
dcab
1eae
ddb1
20b4
deb7
22ba
dfbd
24c0
e0c3
26c6
e1c9
28cc
e2cf
2ad2
e3d5
0d7a
d77d
0f80
d883
1186
d989
138c
da8f
1592
db95
1798
dc9b
199e
dda1
1ba4
dea7
1daa
dfad
1fb0
e0b3
21b6
e1b9
23bc
e2bf
25c2
e3c5
27c8
e4cb
29ce
e5d1
2bd4
e6d7
0e7c
da7f
1082
db85
1288
dc8b
148e
dd91
1694
de97
189a
df9d
1aa0
e0a3
1ca6
e1a9
1eac
e2af
20b2
e3b5
22b8
e4bb
24be
e5c1
26c4
e6c7
28ca
e7cd
2ad0
e8d3
2cd6
e9d9
0f7e
dd81
1184
de87
138a
df8d
1590
e093
1796
e199
199c
e29f
1ba2
e3a5
1da8
e4ab
1fae
e5b1
21b4
e6b7
23ba
e7bd
25c0
e8c3
27c6
e9c9
29cc
eacf
2bd2
ebd5
2dd8
ecdb
1080
e083
1286
e189
148c
e28f
1692
e395
1898
e49b
1a9e
e5a1
1ca4
e6a7
1eaa
e7ad
20b0
e8b3
22b6
e9b9
24bc
eabf
26c2
ebc5
28c8
eccb
2ace
edd1
2cd4
eed7
2eda
efdd
1182
e385
1388
e48b
158e
e591
1794
e697
199a
e79d
1ba0
e8a3
1da6
e9a9
1fac
eaaf
21b2
ebb5
23b8
ecbb
25be
edc1
27c4
eec7
29ca
efcd
2bd0
f0d3
2dd6
f1d9
2fdc
f2df
1284
e687
148a
e78d
1690
e893
1896
e999
1a9c
ea9f
1ca2
eba5
1ea8
ecab
20ae
edb1
22b4
eeb7
24ba
efbd
26c0
f0c3
28c6
f1c9
2acc
f2cf
2cd2
f3d5
2ed8
f4db
30de
f5e1
1386
e989
158c
ea8f
1792
eb95
1998
ec9b
1b9e
eda1
1da4
eea7
1faa
efad
21b0
f0b3
23b6
f1b9
25bc
f2bf
27c2
f3c5
29c8
f4cb
2bce
f5d1
2dd4
f6d7
2fda
f7dd
31e0
f8e3
1488
ec8b
168e
ed91
1894
ee97
1a9a
ef9d
1ca0
f0a3
1ea6
f1a9
20ac
f2af
22b2
f3b5
24b8
f4bb
26be
f5c1
28c4
f6c7
2aca
f7cd
2cd0
f8d3
2ed6
f9d9
30dc
fadf
32e2
fbe5
158a
ef8d
1790
f093
1996
f199
1b9c
f29f
1da2
f3a5
1fa8
f4ab
21ae
f5b1
23b4
f6b7
25ba
f7bd
27c0
f8c3
29c6
f9c9
2bcc
facf
2dd2
fbd5
2fd8
fcdb
31de
fde1
33e4
fee7
168c
f28f
1892
f395
1a98
f49b
1c9e
f5a1
1ea4
f6a7
20aa
f7ad
22b0
f8b3
24b6
f9b9
26bc
fabf
28c2
fbc5
2ac8
fccb
2cce
fdd1
2ed4
fed7
30da
ffdd
32e0
00e3
34e6
01e9
178e
f591
1994
f697
1b9a
f79d
1da0
f8a3
1fa6
f9a9
21ac
faaf
23b2
fbb5
25b8
fcbb
27be
fdc1
29c4
fec7
2bca
ffcd
2dd0
00d3
2fd6
01d9
31dc
02df
33e2
03e5
35e8
04eb
1890
f893
1a96
f999
1c9c
fa9f
1ea2
fba5
20a8
fcab
22ae
fdb1
24b4
feb7
26ba
ffbd
28c0
00c3
2ac6
01c9
2ccc
02cf
2ed2
03d5
30d8
04db
32de
05e1
34e4
06e7
36ea
07ed
1992
fb95
1b98
fc9b
1d9e
fda1
1fa4
fea7
21aa
ffad
23b0
00b3
25b6
01b9
27bc
02bf
29c2
03c5
2bc8
04cb
2dce
05d1
2fd4
06d7
31da
07dd
33e0
08e3
35e6
09e9
37ec
0aef
1a94
fe97
1c9a
ff9d
1ea0
00a3
20a6
01a9
22ac
02af
24b2
03b5
26b8
04bb
28be
05c1
2ac4
06c7
2cca
07cd
2ed0
08d3
30d6
09d9
32dc
0adf
34e2
0be5
36e8
0ceb
38ee
0df1
1b96
0199
1d9c
029f
1fa2
03a5
21a8
04ab
23ae
05b1
25b4
06b7
27ba
07bd
29c0
08c3
2bc6
09c9
2dcc
0acf
2fd2
0bd5
31d8
0cdb
33de
0de1
35e4
0ee7
37ea
0fed
39f0
10f3
1c98
049b
1e9e
05a1
20a4
06a7
22aa
07ad
24b0
08b3
26b6
09b9
28bc
0abf
2ac2
0bc5
2cc8
0ccb
2ece
0dd1
30d4
0ed7
32da
0fdd
34e0
10e3
36e6
11e9
38ec
12ef
3af2
13f5
1d9a
079d
1fa0
08a3
21a6
09a9
23ac
0aaf
25b2
0bb5
27b8
0cbb
29be
0dc1
2bc4
0ec7
2dca
0fcd
2fd0
10d3
31d6
11d9
33dc
12df
35e2
13e5
37e8
14eb
39ee
15f1
3bf4
16f7
1e9c
0a9f
20a2
0ba5
22a8
0cab
24ae
0db1
26b4
0eb7
28ba
0fbd
2ac0
10c3
2cc6
11c9
2ecc
12cf
30d2
13d5
32d8
14db
34de
15e1
36e4
16e7
38ea
17ed
3af0
18f3
3cf6
19f9
1f9e
0da1
21a4
0ea7
23aa
0fad
25b0
10b3
27b6
11b9
29bc
12bf
2bc2
13c5
2dc8
14cb
2fce
15d1
31d4
16d7
33da
17dd
35e0
18e3
37e6
19e9
39ec
1aef
3bf2
1bf5
3df8
1cfb
20a0
10a3
22a6
11a9
24ac
12af
26b2
13b5
28b8
14bb
2abe
15c1
2cc4
16c7
2eca
17cd
30d0
18d3
32d6
19d9
34dc
1adf
36e2
1be5
38e8
1ceb
3aee
1df1
3cf4
1ef7
3efa
1ffd
21a2
13a5
23a8
14ab
25ae
15b1
27b4
16b7
29ba
17bd
2bc0
18c3
2dc6
19c9
2fcc
1acf
31d2
1bd5
33d8
1cdb
35de
1de1
37e4
1ee7
39ea
1fed
3bf0
20f3
3df6
21f9
3ffc
22ff
22a4
16a7
24aa
17ad
26b0
18b3
28b6
19b9
2abc
1abf
2cc2
1bc5
2ec8
1ccb
30ce
1dd1
32d4
1ed7
34da
1fdd
36e0
20e3
38e6
21e9
3aec
22ef
3cf2
23f5
3ef8
24fb
40fe
2501
23a6
19a9
25ac
1aaf
27b2
1bb5
29b8
1cbb
2bbe
1dc1
2dc4
1ec7
2fca
1fcd
31d0
20d3
33d6
21d9
35dc
22df
37e2
23e5
39e8
24eb
3bee
25f1
3df4
26f7
3ffa
27fd
4100
2803
24a8
1cab
26ae
1db1
28b4
1eb7
2aba
1fbd
2cc0
20c3
2ec6
21c9
30cc
22cf
32d2
23d5
34d8
24db
36de
25e1
38e4
26e7
3aea
27ed
3cf0
28f3
3ef6
29f9
40fc
2aff
4202
2b05
25aa
1fad
27b0
20b3
29b6
21b9
2bbc
22bf
2dc2
23c5
2fc8
24cb
31ce
25d1
33d4
26d7
35da
27dd
37e0
28e3
39e6
29e9
3bec
2aef
3df2
2bf5
3ff8
2cfb
41fe
2d01
4304
2e07
26ac
22af
28b2
23b5
2ab8
24bb
2cbe
25c1
2ec4
26c7
30ca
27cd
32d0
28d3
34d6
29d9
36dc
2adf
38e2
2be5
3ae8
2ceb
3cee
2df1
3ef4
2ef7
40fa
2ffd
4200
3003
4406
3109
27ae
25b1
29b4
26b7
2bba
27bd
2dc0
28c3
2fc6
29c9
31cc
2acf
33d2
2bd5
35d8
2cdb
37de
2de1
39e4
2ee7
3bea
2fed
3df0
30f3
3ff6
31f9
41fc
32ff
4302
3305
4508
340b
28b0
28b3
2ab6
29b9
2cbc
2abf
2ec2
2bc5
30c8
2ccb
32ce
2dd1
34d4
2ed7
36da
2fdd
38e0
30e3
3ae6
31e9
3cec
32ef
3ef2
33f5
40f8
34fb
42fe
3501
4404
3607
460a
370d
29b2
2bb5
2bb8
2cbb
2dbe
2dc1
2fc4
2ec7
31ca
2fcd
33d0
30d3
35d6
31d9
37dc
32df
39e2
33e5
3be8
34eb
3dee
35f1
3ff4
36f7
41fa
37fd
4300
3803
4506
3909
470c
3a0f
2ab4
2eb7
2cba
2fbd
2ec0
30c3
30c6
31c9
32cc
32cf
34d2
33d5
36d8
34db
38de
35e1
3ae4
36e7
3cea
37ed
3ef0
38f3
40f6
39f9
42fc
3aff
4402
3b05
4608
3c0b
480e
3d11
2bb6
31b9
2dbc
32bf
2fc2
33c5
31c8
34cb
33ce
35d1
35d4
36d7
37da
37dd
39e0
38e3
3be6
39e9
3dec
3aef
3ff2
3bf5
41f8
3cfb
43fe
3d01
4504
3e07
470a
3f0d
4910
4013
2cb8
34bb
2ebe
35c1
30c4
36c7
32ca
37cd
34d0
38d3
36d6
39d9
38dc
3adf
3ae2
3be5
3ce8
3ceb
3eee
3df1
40f4
3ef7
42fa
3ffd
4400
4003
4606
4109
480c
420f
4a12
4315
2dba
37bd
2fc0
38c3
31c6
39c9
33cc
3acf
35d2
3bd5
37d8
3cdb
39de
3de1
3be4
3ee7
3dea
3fed
3ff0
40f3
41f6
41f9
43fc
42ff
4502
4305
4708
440b
490e
4511
4b14
4617
2ebc
3abf
30c2
3bc5
32c8
3ccb
34ce
3dd1
36d4
3ed7
38da
3fdd
3ae0
40e3
3ce6
41e9
3eec
42ef
40f2
43f5
42f8
44fb
44fe
4501
4604
4607
480a
470d
4a10
4813
4c16
4919
2fbe
3dc1
31c4
3ec7
33ca
3fcd
35d0
40d3
37d6
41d9
39dc
42df
3be2
43e5
3de8
44eb
3fee
45f1
41f4
46f7
43fa
47fd
4500
4803
4706
4909
490c
4a0f
4b12
4b15
4d18
4c1b
30c0
40c3
32c6
41c9
34cc
42cf
36d2
43d5
38d8
44db
3ade
45e1
3ce4
46e7
3eea
47ed
40f0
48f3
42f6
49f9
44fc
4aff
4602
4b05
4808
4c0b
4a0e
4d11
4c14
4e17
4e1a
4f1d
31c2
43c5
33c8
44cb
35ce
45d1
37d4
46d7
39da
47dd
3be0
48e3
3de6
49e9
3fec
4aef
41f2
4bf5
43f8
4cfb
45fe
4d01
4704
4e07
490a
4f0d
4b10
5013
4d16
5119
4f1c
521f
32c4
46c7
34ca
47cd
36d0
48d3
38d6
49d9
3adc
4adf
3ce2
4be5
3ee8
4ceb
40ee
4df1
42f4
4ef7
44fa
4ffd
4600
5003
4806
5109
4a0c
520f
4c12
5315
4e18
541b
501e
5521
33c6
49c9
35cc
4acf
37d2
4bd5
39d8
4cdb
3bde
4de1
3de4
4ee7
3fea
4fed
41f0
50f3
43f6
51f9
45fc
52ff
4702
5305
4908
540b
4b0e
5511
4d14
5617
4f1a
571d
5120
5823
34c8
4ccb
36ce
4dd1
38d4
4ed7
3ada
4fdd
3ce0
50e3
3ee6
51e9
40ec
52ef
42f2
53f5
44f8
54fb
46fe
5501
4804
5607
4a0a
570d
4c10
5813
4e16
5919
501c
5a1f
5222
5b25
35ca
4fcd
37d0
50d3
39d6
51d9
3bdc
52df
3de2
53e5
3fe8
54eb
41ee
55f1
43f4
56f7
45fa
57fd
4700
5803
4906
5909
4b0c
5a0f
4d12
5b15
4f18
5c1b
511e
5d21
5324
5e27
36cc
52cf
38d2
53d5
3ad8
54db
3cde
55e1
3ee4
56e7
40ea
57ed
42f0
58f3
44f6
59f9
46fc
5aff
4802
5b05
4a08
5c0b
4c0e
5d11
4e14
5e17
501a
5f1d
5220
6023
5426
6129
37ce
55d1
39d4
56d7
3bda
57dd
3de0
58e3
3fe6
59e9
41ec
5aef
43f2
5bf5
45f8
5cfb
47fe
5d01
4904
5e07
4b0a
5f0d
4d10
6013
4f16
6119
511c
621f
5322
6325
5528
642b
38d0
58d3
3ad6
59d9
3cdc
5adf
3ee2
5be5
40e8
5ceb
42ee
5df1
44f4
5ef7
46fa
5ffd
4800
6003
4a06
6109
4c0c
620f
4e12
6315
5018
641b
521e
6521
5424
6627
562a
672d
39d2
5bd5
3bd8
5cdb
3dde
5de1
3fe4
5ee7
41ea
5fed
43f0
60f3
45f6
61f9
47fc
62ff
4902
6305
4b08
640b
4d0e
6511
4f14
6617
511a
671d
5320
6823
5526
6929
572c
6a2f
3ad4
5ed7
3cda
5fdd
3ee0
60e3
40e6
61e9
42ec
62ef
44f2
63f5
46f8
64fb
48fe
6501
4a04
6607
4c0a
670d
4e10
6813
5016
6919
521c
6a1f
5422
6b25
5628
6c2b
582e
6d31
3bd6
61d9
3ddc
62df
3fe2
63e5
41e8
64eb
43ee
65f1
45f4
66f7
47fa
67fd
4900
6803
4b06
6909
4d0c
6a0f
4f12
6b15
5118
6c1b
531e
6d21
5524
6e27
572a
6f2d
5930
7033
3cd8
64db
3ede
65e1
40e4
66e7
42ea
67ed
44f0
68f3
46f6
69f9
48fc
6aff
4a02
6b05
4c08
6c0b
4e0e
6d11
5014
6e17
521a
6f1d
5420
7023
5626
7129
582c
722f
5a32
7335
3dda
67dd
3fe0
68e3
41e6
69e9
43ec
6aef
45f2
6bf5
47f8
6cfb
49fe
6d01
4b04
6e07
4d0a
6f0d
4f10
7013
5116
7119
531c
721f
5522
7325
5728
742b
592e
7531
5b34
7637
3edc
6adf
40e2
6be5
42e8
6ceb
44ee
6df1
46f4
6ef7
48fa
6ffd
4a00
7003
4c06
7109
4e0c
720f
5012
7315
5218
741b
541e
7521
5624
7627
582a
772d
5a30
7833
5c36
7939
3fde
6de1
41e4
6ee7
43ea
6fed
45f0
70f3
47f6
71f9
49fc
72ff
4b02
7305
4d08
740b
4f0e
7511
5114
7617
531a
771d
5520
7823
5726
7929
592c
7a2f
5b32
7b35
5d38
7c3b
40e0
70e3
42e6
71e9
44ec
72ef
46f2
73f5
48f8
74fb
4afe
7501
4c04
7607
4e0a
770d
5010
7813
5216
7919
541c
7a1f
5622
7b25
5828
7c2b
5a2e
7d31
5c34
7e37
5e3a
7f3d
41e2
73e5
43e8
74eb
45ee
75f1
47f4
76f7
49fa
77fd
4b00
7803
4d06
7909
4f0c
7a0f
5112
7b15
5318
7c1b
551e
7d21
5724
7e27
592a
7f2d
5b30
8033
5d36
8139
5f3c
823f
42e4
76e7
44ea
77ed
46f0
78f3
48f6
79f9
4afc
7aff
4c02
7b05
4e08
7c0b
500e
7d11
5214
7e17
541a
7f1d
5620
8023
5826
8129
5a2c
822f
5c32
8335
5e38
843b
603e
8541
43e6
79e9
45ec
7aef
47f2
7bf5
49f8
7cfb
4bfe
7d01
4d04
7e07
4f0a
7f0d
5110
8013
5316
8119
551c
821f
5722
8325
5928
842b
5b2e
8531
5d34
8637
5f3a
873d
6140
8843
44e8
7ceb
46ee
7df1
48f4
7ef7
4afa
7ffd
4c00
8003
4e06
8109
500c
820f
5212
8315
5418
841b
561e
8521
5824
8627
5a2a
872d
5c30
8833
5e36
8939
603c
8a3f
6242
8b45
45ea
7fed
47f0
80f3
49f6
81f9
4bfc
82ff
4d02
8305
4f08
840b
510e
8511
5314
8617
551a
871d
5720
8823
5926
8929
5b2c
8a2f
5d32
8b35
5f38
8c3b
613e
8d41
6344
8e47
46ec
82ef
48f2
83f5
4af8
84fb
4cfe
8501
4e04
8607
500a
870d
5210
8813
5416
8919
561c
8a1f
5822
8b25
5a28
8c2b
5c2e
8d31
5e34
8e37
603a
8f3d
6240
9043
6446
9149
47ee
85f1
49f4
86f7
4bfa
87fd
4d00
8803
4f06
8909
510c
8a0f
5312
8b15
5518
8c1b
571e
8d21
5924
8e27
5b2a
8f2d
5d30
9033
5f36
9139
613c
923f
6342
9345
6548
944b
48f0
88f3
4af6
89f9
4cfc
8aff
4e02
8b05
5008
8c0b
520e
8d11
5414
8e17
561a
8f1d
5820
9023
5a26
9129
5c2c
922f
5e32
9335
6038
943b
623e
9541
6444
9647
664a
974d
49f2
8bf5
4bf8
8cfb
4dfe
8d01
4f04
8e07
510a
8f0d
5310
9013
5516
9119
571c
921f
5922
9325
5b28
942b
5d2e
9531
5f34
9637
613a
973d
6340
9843
6546
9949
674c
9a4f
4af4
8ef7
4cfa
8ffd
4e00
9003
5006
9109
520c
920f
5412
9315
5618
941b
581e
9521
5a24
9627
5c2a
972d
5e30
9833
6036
9939
623c
9a3f
6442
9b45
6648
9c4b
684e
9d51
4bf6
91f9
4dfc
92ff
4f02
9305
5108
940b
530e
9511
5514
9617
571a
971d
5920
9823
5b26
9929
5d2c
9a2f
5f32
9b35
6138
9c3b
633e
9d41
6544
9e47
674a
9f4d
6950
a053
4cf8
94fb
4efe
9501
5004
9607
520a
970d
5410
9813
5616
9919
581c
9a1f
5a22
9b25
5c28
9c2b
5e2e
9d31
6034
9e37
623a
9f3d
6440
a043
6646
a149
684c
a24f
6a52
a355
4dfa
97fd
4f00
9803
5106
9909
530c
9a0f
5512
9b15
5718
9c1b
591e
9d21
5b24
9e27
5d2a
9f2d
5f30
a033
6136
a139
633c
a23f
6542
a345
6748
a44b
694e
a551
6b54
a657
4efc
9aff
5002
9b05
5208
9c0b
540e
9d11
5614
9e17
581a
9f1d
5a20
a023
5c26
a129
5e2c
a22f
6032
a335
6238
a43b
643e
a541
6644
a647
684a
a74d
6a50
a853
6c56
a959
4ffe
9d01
5104
9e07
530a
9f0d
5510
a013
5716
a119
591c
a21f
5b22
a325
5d28
a42b
5f2e
a531
6134
a637
633a
a73d
6540
a843
6746
a949
694c
aa4f
6b52
ab55
6d58
ac5b
5000
a003
5206
a109
540c
a20f
5612
a315
5818
a41b
5a1e
a521
5c24
a627
5e2a
a72d
6030
a833
6236
a939
643c
aa3f
6642
ab45
6848
ac4b
6a4e
ad51
6c54
ae57
6e5a
af5d
5102
a305
5308
a40b
550e
a511
5714
a617
591a
a71d
5b20
a823
5d26
a929
5f2c
aa2f
6132
ab35
6338
ac3b
653e
ad41
6744
ae47
694a
af4d
6b50
b053
6d56
b159
6f5c
b25f
5204
a607
540a
a70d
5610
a813
5816
a919
5a1c
aa1f
5c22
ab25
5e28
ac2b
602e
ad31
6234
ae37
643a
af3d
6640
b043
6846
b149
6a4c
b24f
6c52
b355
6e58
b45b
705e
b561
5306
a909
550c
aa0f
5712
ab15
5918
ac1b
5b1e
ad21
5d24
ae27
5f2a
af2d
6130
b033
6336
b139
653c
b23f
6742
b345
6948
b44b
6b4e
b551
6d54
b657
6f5a
b75d
7160
b863
5408
ac0b
560e
ad11
5814
ae17
5a1a
af1d
5c20
b023
5e26
b129
602c
b22f
6232
b335
6438
b43b
663e
b541
6844
b647
6a4a
b74d
6c50
b853
6e56
b959
705c
ba5f
7262
bb65
550a
af0d
5710
b013
5916
b119
5b1c
b21f
5d22
b325
5f28
b42b
612e
b531
6334
b637
653a
b73d
6740
b843
6946
b949
6b4c
ba4f
6d52
bb55
6f58
bc5b
715e
bd61
7364
be67
560c
b20f
5812
b315
5a18
b41b
5c1e
b521
5e24
b627
602a
b72d
6230
b833
6436
b939
663c
ba3f
6842
bb45
6a48
bc4b
6c4e
bd51
6e54
be57
705a
bf5d
7260
c063
7466
c169
570e
b511
5914
b617
5b1a
b71d
5d20
b823
5f26
b929
612c
ba2f
6332
bb35
6538
bc3b
673e
bd41
6944
be47
6b4a
bf4d
6d50
c053
6f56
c159
715c
c25f
7362
c365
7568
c46b
5810
b813
5a16
b919
5c1c
ba1f
5e22
bb25
6028
bc2b
622e
bd31
6434
be37
663a
bf3d
6840
c043
6a46
c149
6c4c
c24f
6e52
c355
7058
c45b
725e
c561
7464
c667
766a
c76d
5912
bb15
5b18
bc1b
5d1e
bd21
5f24
be27
612a
bf2d
6330
c033
6536
c139
673c
c23f
6942
c345
6b48
c44b
6d4e
c551
6f54
c657
715a
c75d
7360
c863
7566
c969
776c
ca6f
5a14
be17
5c1a
bf1d
5e20
c023
6026
c129
622c
c22f
6432
c335
6638
c43b
683e
c541
6a44
c647
6c4a
c74d
6e50
c853
7056
c959
725c
ca5f
7462
cb65
7668
cc6b
786e
cd71
5b16
c119
5d1c
c21f
5f22
c325
6128
c42b
632e
c531
6534
c637
673a
c73d
6940
c843
6b46
c949
6d4c
ca4f
6f52
cb55
7158
cc5b
735e
cd61
7564
ce67
776a
cf6d
7970
d073
5c18
c41b
5e1e
c521
6024
c627
622a
c72d
6430
c833
6636
c939
683c
ca3f
6a42
cb45
6c48
cc4b
6e4e
cd51
7054
ce57
725a
cf5d
7460
d063
7666
d169
786c
d26f
7a72
d375
5d1a
c71d
5f20
c823
6126
c929
632c
ca2f
6532
cb35
6738
cc3b
693e
cd41
6b44
ce47
6d4a
cf4d
6f50
d053
7156
d159
735c
d25f
7562
d365
7768
d46b
796e
d571
7b74
d677
5e1c
ca1f
6022
cb25
6228
cc2b
642e
cd31
6634
ce37
683a
cf3d
6a40
d043
6c46
d149
6e4c
d24f
7052
d355
7258
d45b
745e
d561
7664
d667
786a
d76d
7a70
d873
7c76
d979
5f1e
cd21
6124
ce27
632a
cf2d
6530
d033
6736
d139
693c
d23f
6b42
d345
6d48
d44b
6f4e
d551
7154
d657
735a
d75d
7560
d863
7766
d969
796c
da6f
7b72
db75
7d78
dc7b
6020
d023
6226
d129
642c
d22f
6632
d335
6838
d43b
6a3e
d541
6c44
d647
6e4a
d74d
7050
d853
7256
d959
745c
da5f
7662
db65
7868
dc6b
7a6e
dd71
7c74
de77
7e7a
df7d
6122
d325
6328
d42b
652e
d531
6734
d637
693a
d73d
6b40
d843
6d46
d949
6f4c
da4f
7152
db55
7358
dc5b
755e
dd61
7764
de67
796a
df6d
7b70
e073
7d76
e179
7f7c
e27f
6224
d627
642a
d72d
6630
d833
6836
d939
6a3c
da3f
6c42
db45
6e48
dc4b
704e
dd51
7254
de57
745a
df5d
7660
e063
7866
e169
7a6c
e26f
7c72
e375
7e78
e47b
807e
e581
6326
d929
652c
da2f
6732
db35
6938
dc3b
6b3e
dd41
6d44
de47
6f4a
df4d
7150
e053
7356
e159
755c
e25f
7762
e365
7968
e46b
7b6e
e571
7d74
e677
7f7a
e77d
8180
e883
6428
dc2b
662e
dd31
6834
de37
6a3a
df3d
6c40
e043
6e46
e149
704c
e24f
7252
e355
7458
e45b
765e
e561
7864
e667
7a6a
e76d
7c70
e873
7e76
e979
807c
ea7f
8282
eb85
652a
df2d
6730
e033
6936
e139
6b3c
e23f
6d42
e345
6f48
e44b
714e
e551
7354
e657
755a
e75d
7760
e863
7966
e969
7b6c
ea6f
7d72
eb75
7f78
ec7b
817e
ed81
8384
ee87
662c
e22f
6832
e335
6a38
e43b
6c3e
e541
6e44
e647
704a
e74d
7250
e853
7456
e959
765c
ea5f
7862
eb65
7a68
ec6b
7c6e
ed71
7e74
ee77
807a
ef7d
8280
f083
8486
f189
672e
e531
6934
e637
6b3a
e73d
6d40
e843
6f46
e949
714c
ea4f
7352
eb55
7558
ec5b
775e
ed61
7964
ee67
7b6a
ef6d
7d70
f073
7f76
f179
817c
f27f
8382
f385
8588
f48b
6830
e833
6a36
e939
6c3c
ea3f
6e42
eb45
7048
ec4b
724e
ed51
7454
ee57
765a
ef5d
7860
f063
7a66
f169
7c6c
f26f
7e72
f375
8078
f47b
827e
f581
8484
f687
868a
f78d
6932
eb35
6b38
ec3b
6d3e
ed41
6f44
ee47
714a
ef4d
7350
f053
7556
f159
775c
f25f
7962
f365
7b68
f46b
7d6e
f571
7f74
f677
817a
f77d
8380
f883
8586
f989
878c
fa8f
6a34
ee37
6c3a
ef3d
6e40
f043
7046
f149
724c
f24f
7452
f355
7658
f45b
785e
f561
7a64
f667
7c6a
f76d
7e70
f873
8076
f979
827c
fa7f
8482
fb85
8688
fc8b
888e
fd91
6b36
f139
6d3c
f23f
6f42
f345
7148
f44b
734e
f551
7554
f657
775a
f75d
7960
f863
7b66
f969
7d6c
fa6f
7f72
fb75
8178
fc7b
837e
fd81
8584
fe87
878a
ff8d
8990
0093
6c38
f43b
6e3e
f541
7044
f647
724a
f74d
7450
f853
7656
f959
785c
fa5f
7a62
fb65
7c68
fc6b
7e6e
fd71
8074
fe77
827a
ff7d
8480
0083
8686
0189
888c
028f
8a92
0395
6d3a
f73d
6f40
f843
7146
f949
734c
fa4f
7552
fb55
7758
fc5b
795e
fd61
7b64
fe67
7d6a
ff6d
7f70
0073
8176
0179
837c
027f
8582
0385
8788
048b
898e
0591
8b94
0697
6e3c
fa3f
7042
fb45
7248
fc4b
744e
fd51
7654
fe57
785a
ff5d
7a60
0063
7c66
0169
7e6c
026f
8072
0375
8278
047b
847e
0581
8684
0687
888a
078d
8a90
0893
8c96
0999
6f3e
fd41
7144
fe47
734a
ff4d
7550
0053
7756
0159
795c
025f
7b62
0365
7d68
046b
7f6e
0571
8174
0677
837a
077d
8580
0883
8786
0989
898c
0a8f
8b92
0b95
8d98
0c9b
7040
0043
7246
0149
744c
024f
7652
0355
7858
045b
7a5e
0561
7c64
0667
7e6a
076d
8070
0873
8276
0979
847c
0a7f
8682
0b85
8888
0c8b
8a8e
0d91
8c94
0e97
8e9a
0f9d
7142
0345
7348
044b
754e
0551
7754
0657
795a
075d
7b60
0863
7d66
0969
7f6c
0a6f
8172
0b75
8378
0c7b
857e
0d81
8784
0e87
898a
0f8d
8b90
1093
8d96
1199
8f9c
129f
7244
0647
744a
074d
7650
0853
7856
0959
7a5c
0a5f
7c62
0b65
7e68
0c6b
806e
0d71
8274
0e77
847a
0f7d
8680
1083
8886
1189
8a8c
128f
8c92
1395
8e98
149b
909e
15a1
7346
0949
754c
0a4f
7752
0b55
7958
0c5b
7b5e
0d61
7d64
0e67
7f6a
0f6d
8170
1073
8376
1179
857c
127f
8782
1385
8988
148b
8b8e
1591
8d94
1697
8f9a
179d
91a0
18a3
7448
0c4b
764e
0d51
7854
0e57
7a5a
0f5d
7c60
1063
7e66
1169
806c
126f
8272
1375
8478
147b
867e
1581
8884
1687
8a8a
178d
8c90
1893
8e96
1999
909c
1a9f
92a2
1ba5
754a
0f4d
7750
1053
7956
1159
7b5c
125f
7d62
1365
7f68
146b
816e
1571
8374
1677
857a
177d
8780
1883
8986
1989
8b8c
1a8f
8d92
1b95
8f98
1c9b
919e
1da1
93a4
1ea7
764c
124f
7852
1355
7a58
145b
7c5e
1561
7e64
1667
806a
176d
8270
1873
8476
1979
867c
1a7f
8882
1b85
8a88
1c8b
8c8e
1d91
8e94
1e97
909a
1f9d
92a0
20a3
94a6
21a9
774e
1551
7954
1657
7b5a
175d
7d60
1863
7f66
1969
816c
1a6f
8372
1b75
8578
1c7b
877e
1d81
8984
1e87
8b8a
1f8d
8d90
2093
8f96
2199
919c
229f
93a2
23a5
95a8
24ab
7850
1853
7a56
1959
7c5c
1a5f
7e62
1b65
8068
1c6b
826e
1d71
8474
1e77
867a
1f7d
8880
2083
8a86
2189
8c8c
228f
8e92
2395
9098
249b
929e
25a1
94a4
26a7
96aa
27ad
7952
1b55
7b58
1c5b
7d5e
1d61
7f64
1e67
816a
1f6d
8370
2073
8576
2179
877c
227f
8982
2385
8b88
248b
8d8e
2591
8f94
2697
919a
279d
93a0
28a3
95a6
29a9
97ac
2aaf
7a54
1e57
7c5a
1f5d
7e60
2063
8066
2169
826c
226f
8472
2375
8678
247b
887e
2581
8a84
2687
8c8a
278d
8e90
2893
9096
2999
929c
2a9f
94a2
2ba5
96a8
2cab
98ae
2db1
7b56
2159
7d5c
225f
7f62
2365
8168
246b
836e
2571
8574
2677
877a
277d
8980
2883
8b86
2989
8d8c
2a8f
8f92
2b95
9198
2c9b
939e
2da1
95a4
2ea7
97aa
2fad
99b0
30b3
7c58
245b
7e5e
2561
8064
2667
826a
276d
8470
2873
8676
2979
887c
2a7f
8a82
2b85
8c88
2c8b
8e8e
2d91
9094
2e97
929a
2f9d
94a0
30a3
96a6
31a9
98ac
32af
9ab2
33b5
7d5a
275d
7f60
2863
8166
2969
836c
2a6f
8572
2b75
8778
2c7b
897e
2d81
8b84
2e87
8d8a
2f8d
8f90
3093
9196
3199
939c
329f
95a2
33a5
97a8
34ab
99ae
35b1
9bb4
36b7
7e5c
2a5f
8062
2b65
8268
2c6b
846e
2d71
8674
2e77
887a
2f7d
8a80
3083
8c86
3189
8e8c
328f
9092
3395
9298
349b
949e
35a1
96a4
36a7
98aa
37ad
9ab0
38b3
9cb6
39b9
7f5e
2d61
8164
2e67
836a
2f6d
8570
3073
8776
3179
897c
327f
8b82
3385
8d88
348b
8f8e
3591
9194
3697
939a
379d
95a0
38a3
97a6
39a9
99ac
3aaf
9bb2
3bb5
9db8
3cbb
8060
3063
8266
3169
846c
326f
8672
3375
8878
347b
8a7e
3581
8c84
3687
8e8a
378d
9090
3893
9296
3999
949c
3a9f
96a2
3ba5
98a8
3cab
9aae
3db1
9cb4
3eb7
9eba
3fbd
8162
3365
8368
346b
856e
3571
8774
3677
897a
377d
8b80
3883
8d86
3989
8f8c
3a8f
9192
3b95
9398
3c9b
959e
3da1
97a4
3ea7
99aa
3fad
9bb0
40b3
9db6
41b9
9fbc
42bf
8264
3667
846a
376d
8670
3873
8876
3979
8a7c
3a7f
8c82
3b85
8e88
3c8b
908e
3d91
9294
3e97
949a
3f9d
96a0
40a3
98a6
41a9
9aac
42af
9cb2
43b5
9eb8
44bb
a0be
45c1
8366
3969
856c
3a6f
8772
3b75
8978
3c7b
8b7e
3d81
8d84
3e87
8f8a
3f8d
9190
4093
9396
4199
959c
429f
97a2
43a5
99a8
44ab
9bae
45b1
9db4
46b7
9fba
47bd
a1c0
48c3
8468
3c6b
866e
3d71
8874
3e77
8a7a
3f7d
8c80
4083
8e86
4189
908c
428f
9292
4395
9498
449b
969e
45a1
98a4
46a7
9aaa
47ad
9cb0
48b3
9eb6
49b9
a0bc
4abf
a2c2
4bc5
856a
3f6d
8770
4073
8976
4179
8b7c
427f
8d82
4385
8f88
448b
918e
4591
9394
4697
959a
479d
97a0
48a3
99a6
49a9
9bac
4aaf
9db2
4bb5
9fb8
4cbb
a1be
4dc1
a3c4
4ec7
866c
426f
8872
4375
8a78
447b
8c7e
4581
8e84
4687
908a
478d
9290
4893
9496
4999
969c
4a9f
98a2
4ba5
9aa8
4cab
9cae
4db1
9eb4
4eb7
a0ba
4fbd
a2c0
50c3
a4c6
51c9
876e
4571
8974
4677
8b7a
477d
8d80
4883
8f86
4989
918c
4a8f
9392
4b95
9598
4c9b
979e
4da1
99a4
4ea7
9baa
4fad
9db0
50b3
9fb6
51b9
a1bc
52bf
a3c2
53c5
a5c8
54cb
8870
4873
8a76
4979
8c7c
4a7f
8e82
4b85
9088
4c8b
928e
4d91
9494
4e97
969a
4f9d
98a0
50a3
9aa6
51a9
9cac
52af
9eb2
53b5
a0b8
54bb
a2be
55c1
a4c4
56c7
a6ca
57cd
8972
4b75
8b78
4c7b
8d7e
4d81
8f84
4e87
918a
4f8d
9390
5093
9596
5199
979c
529f
99a2
53a5
9ba8
54ab
9dae
55b1
9fb4
56b7
a1ba
57bd
a3c0
58c3
a5c6
59c9
a7cc
5acf
8a74
4e77
8c7a
4f7d
8e80
5083
9086
5189
928c
528f
9492
5395
9698
549b
989e
55a1
9aa4
56a7
9caa
57ad
9eb0
58b3
a0b6
59b9
a2bc
5abf
a4c2
5bc5
a6c8
5ccb
a8ce
5dd1
8b76
5179
8d7c
527f
8f82
5385
9188
548b
938e
5591
9594
5697
979a
579d
99a0
58a3
9ba6
59a9
9dac
5aaf
9fb2
5bb5
a1b8
5cbb
a3be
5dc1
a5c4
5ec7
a7ca
5fcd
a9d0
60d3
8c78
547b
8e7e
5581
9084
5687
928a
578d
9490
5893
9696
5999
989c
5a9f
9aa2
5ba5
9ca8
5cab
9eae
5db1
a0b4
5eb7
a2ba
5fbd
a4c0
60c3
a6c6
61c9
a8cc
62cf
aad2
63d5
8d7a
577d
8f80
5883
9186
5989
938c
5a8f
9592
5b95
9798
5c9b
999e
5da1
9ba4
5ea7
9daa
5fad
9fb0
60b3
a1b6
61b9
a3bc
62bf
a5c2
63c5
a7c8
64cb
a9ce
65d1
abd4
66d7
8e7c
5a7f
9082
5b85
9288
5c8b
948e
5d91
9694
5e97
989a
5f9d
9aa0
60a3
9ca6
61a9
9eac
62af
a0b2
63b5
a2b8
64bb
a4be
65c1
a6c4
66c7
a8ca
67cd
aad0
68d3
acd6
69d9
8f7e
5d81
9184
5e87
938a
5f8d
9590
6093
9796
6199
999c
629f
9ba2
63a5
9da8
64ab
9fae
65b1
a1b4
66b7
a3ba
67bd
a5c0
68c3
a7c6
69c9
a9cc
6acf
abd2
6bd5
add8
6cdb
9080
6083
9286
6189
948c
628f
9692
6395
9898
649b
9a9e
65a1
9ca4
66a7
9eaa
67ad
a0b0
68b3
a2b6
69b9
a4bc
6abf
a6c2
6bc5
a8c8
6ccb
aace
6dd1
acd4
6ed7
aeda
6fdd
9182
6385
9388
648b
958e
6591
9794
6697
999a
679d
9ba0
68a3
9da6
69a9
9fac
6aaf
a1b2
6bb5
a3b8
6cbb
a5be
6dc1
a7c4
6ec7
a9ca
6fcd
abd0
70d3
add6
71d9
afdc
72df
9284
6687
948a
678d
9690
6893
9896
6999
9a9c
6a9f
9ca2
6ba5
9ea8
6cab
a0ae
6db1
a2b4
6eb7
a4ba
6fbd
a6c0
70c3
a8c6
71c9
aacc
72cf
acd2
73d5
aed8
74db
b0de
75e1
9386
6989
958c
6a8f
9792
6b95
9998
6c9b
9b9e
6da1
9da4
6ea7
9faa
6fad
a1b0
70b3
a3b6
71b9
a5bc
72bf
a7c2
73c5
a9c8
74cb
abce
75d1
add4
76d7
afda
77dd
b1e0
78e3
9488
6c8b
968e
6d91
9894
6e97
9a9a
6f9d
9ca0
70a3
9ea6
71a9
a0ac
72af
a2b2
73b5
a4b8
74bb
a6be
75c1
a8c4
76c7
aaca
77cd
acd0
78d3
aed6
79d9
b0dc
7adf
b2e2
7be5
958a
6f8d
9790
7093
9996
7199
9b9c
729f
9da2
73a5
9fa8
74ab
a1ae
75b1
a3b4
76b7
a5ba
77bd
a7c0
78c3
a9c6
79c9
abcc
7acf
add2
7bd5
afd8
7cdb
b1de
7de1
b3e4
7ee7
968c
728f
9892
7395
9a98
749b
9c9e
75a1
9ea4
76a7
a0aa
77ad
a2b0
78b3
a4b6
79b9
a6bc
7abf
a8c2
7bc5
aac8
7ccb
acce
7dd1
aed4
7ed7
b0da
7fdd
b2e0
80e3
b4e6
81e9
978e
7591
9994
7697
9b9a
779d
9da0
78a3
9fa6
79a9
a1ac
7aaf
a3b2
7bb5
a5b8
7cbb
a7be
7dc1
a9c4
7ec7
abca
7fcd
add0
80d3
afd6
81d9
b1dc
82df
b3e2
83e5
b5e8
84eb
9890
7893
9a96
7999
9c9c
7a9f
9ea2
7ba5
a0a8
7cab
a2ae
7db1
a4b4
7eb7
a6ba
7fbd
a8c0
80c3
aac6
81c9
accc
82cf
aed2
83d5
b0d8
84db
b2de
85e1
b4e4
86e7
b6ea
87ed
9992
7b95
9b98
7c9b
9d9e
7da1
9fa4
7ea7
a1aa
7fad
a3b0
80b3
a5b6
81b9
a7bc
82bf
a9c2
83c5
abc8
84cb
adce
85d1
afd4
86d7
b1da
87dd
b3e0
88e3
b5e6
89e9
b7ec
8aef
9a94
7e97
9c9a
7f9d
9ea0
80a3
a0a6
81a9
a2ac
82af
a4b2
83b5
a6b8
84bb
a8be
85c1
aac4
86c7
acca
87cd
aed0
88d3
b0d6
89d9
b2dc
8adf
b4e2
8be5
b6e8
8ceb
b8ee
8df1
9b96
8199
9d9c
829f
9fa2
83a5
a1a8
84ab
a3ae
85b1
a5b4
86b7
a7ba
87bd
a9c0
88c3
abc6
89c9
adcc
8acf
afd2
8bd5
b1d8
8cdb
b3de
8de1
b5e4
8ee7
b7ea
8fed
b9f0
90f3
9c98
849b
9e9e
85a1
a0a4
86a7
a2aa
87ad
a4b0
88b3
a6b6
89b9
a8bc
8abf
aac2
8bc5
acc8
8ccb
aece
8dd1
b0d4
8ed7
b2da
8fdd
b4e0
90e3
b6e6
91e9
b8ec
92ef
baf2
93f5
9d9a
879d
9fa0
88a3
a1a6
89a9
a3ac
8aaf
a5b2
8bb5
a7b8
8cbb
a9be
8dc1
abc4
8ec7
adca
8fcd
afd0
90d3
b1d6
91d9
b3dc
92df
b5e2
93e5
b7e8
94eb
b9ee
95f1
bbf4
96f7
9e9c
8a9f
a0a2
8ba5
a2a8
8cab
a4ae
8db1
a6b4
8eb7
a8ba
8fbd
aac0
90c3
acc6
91c9
aecc
92cf
b0d2
93d5
b2d8
94db
b4de
95e1
b6e4
96e7
b8ea
97ed
baf0
98f3
bcf6
99f9
9f9e
8da1
a1a4
8ea7
a3aa
8fad
a5b0
90b3
a7b6
91b9
a9bc
92bf
abc2
93c5
adc8
94cb
afce
95d1
b1d4
96d7
b3da
97dd
b5e0
98e3
b7e6
99e9
b9ec
9aef
bbf2
9bf5
bdf8
9cfb
a0a0
90a3
a2a6
91a9
a4ac
92af
a6b2
93b5
a8b8
94bb
aabe
95c1
acc4
96c7
aeca
97cd
b0d0
98d3
b2d6
99d9
b4dc
9adf
b6e2
9be5
b8e8
9ceb
baee
9df1
bcf4
9ef7
befa
9ffd
a1a2
93a5
a3a8
94ab
a5ae
95b1
a7b4
96b7
a9ba
97bd
abc0
98c3
adc6
99c9
afcc
9acf
b1d2
9bd5
b3d8
9cdb
b5de
9de1
b7e4
9ee7
b9ea
9fed
bbf0
a0f3
bdf6
a1f9
bffc
a2ff
a2a4
96a7
a4aa
97ad
a6b0
98b3
a8b6
99b9
aabc
9abf
acc2
9bc5
aec8
9ccb
b0ce
9dd1
b2d4
9ed7
b4da
9fdd
b6e0
a0e3
b8e6
a1e9
baec
a2ef
bcf2
a3f5
bef8
a4fb
c0fe
a501
a3a6
99a9
a5ac
9aaf
a7b2
9bb5
a9b8
9cbb
abbe
9dc1
adc4
9ec7
afca
9fcd
b1d0
a0d3
b3d6
a1d9
b5dc
a2df
b7e2
a3e5
b9e8
a4eb
bbee
a5f1
bdf4
a6f7
bffa
a7fd
c100
a803
a4a8
9cab
a6ae
9db1
a8b4
9eb7
aaba
9fbd
acc0
a0c3
aec6
a1c9
b0cc
a2cf
b2d2
a3d5
b4d8
a4db
b6de
a5e1
b8e4
a6e7
baea
a7ed
bcf0
a8f3
bef6
a9f9
c0fc
aaff
c202
ab05
a5aa
9fad
a7b0
a0b3
a9b6
a1b9
abbc
a2bf
adc2
a3c5
afc8
a4cb
b1ce
a5d1
b3d4
a6d7
b5da
a7dd
b7e0
a8e3
b9e6
a9e9
bbec
aaef
bdf2
abf5
bff8
acfb
c1fe
ad01
c304
ae07
a6ac
a2af
a8b2
a3b5
aab8
a4bb
acbe
a5c1
aec4
a6c7
b0ca
a7cd
b2d0
a8d3
b4d6
a9d9
b6dc
aadf
b8e2
abe5
bae8
aceb
bcee
adf1
bef4
aef7
c0fa
affd
c200
b003
c406
b109
a7ae
a5b1
a9b4
a6b7
abba
a7bd
adc0
a8c3
afc6
a9c9
b1cc
aacf
b3d2
abd5
b5d8
acdb
b7de
ade1
b9e4
aee7
bbea
afed
bdf0
b0f3
bff6
b1f9
c1fc
b2ff
c302
b305
c508
b40b
a8b0
a8b3
aab6
a9b9
acbc
aabf
aec2
abc5
b0c8
accb
b2ce
add1
b4d4
aed7
b6da
afdd
b8e0
b0e3
bae6
b1e9
bcec
b2ef
bef2
b3f5
c0f8
b4fb
c2fe
b501
c404
b607
c60a
b70d
a9b2
abb5
abb8
acbb
adbe
adc1
afc4
aec7
b1ca
afcd
b3d0
b0d3
b5d6
b1d9
b7dc
b2df
b9e2
b3e5
bbe8
b4eb
bdee
b5f1
bff4
b6f7
c1fa
b7fd
c300
b803
c506
b909
c70c
ba0f
aab4
aeb7
acba
afbd
aec0
b0c3
b0c6
b1c9
b2cc
b2cf
b4d2
b3d5
b6d8
b4db
b8de
b5e1
bae4
b6e7
bcea
b7ed
bef0
b8f3
c0f6
b9f9
c2fc
baff
c402
bb05
c608
bc0b
c80e
bd11
abb6
b1b9
adbc
b2bf
afc2
b3c5
b1c8
b4cb
b3ce
b5d1
b5d4
b6d7
b7da
b7dd
b9e0
b8e3
bbe6
b9e9
bdec
baef
bff2
bbf5
c1f8
bcfb
c3fe
bd01
c504
be07
c70a
bf0d
c910
c013
acb8
b4bb
aebe
b5c1
b0c4
b6c7
b2ca
b7cd
b4d0
b8d3
b6d6
b9d9
b8dc
badf
bae2
bbe5
bce8
bceb
beee
bdf1
c0f4
bef7
c2fa
bffd
c400
c003
c606
c109
c80c
c20f
ca12
c315
adba
b7bd
afc0
b8c3
b1c6
b9c9
b3cc
bacf
b5d2
bbd5
b7d8
bcdb
b9de
bde1
bbe4
bee7
bdea
bfed
bff0
c0f3
c1f6
c1f9
c3fc
c2ff
c502
c305
c708
c40b
c90e
c511
cb14
c617
aebc
babf
b0c2
bbc5
b2c8
bccb
b4ce
bdd1
b6d4
bed7
b8da
bfdd
bae0
c0e3
bce6
c1e9
beec
c2ef
c0f2
c3f5
c2f8
c4fb
c4fe
c501
c604
c607
c80a
c70d
ca10
c813
cc16
c919
afbe
bdc1
b1c4
bec7
b3ca
bfcd
b5d0
c0d3
b7d6
c1d9
b9dc
c2df
bbe2
c3e5
bde8
c4eb
bfee
c5f1
c1f4
c6f7
c3fa
c7fd
c500
c803
c706
c909
c90c
ca0f
cb12
cb15
cd18
cc1b
b0c0
c0c3
b2c6
c1c9
b4cc
c2cf
b6d2
c3d5
b8d8
c4db
bade
c5e1
bce4
c6e7
beea
c7ed
c0f0
c8f3
c2f6
c9f9
c4fc
caff
c602
cb05
c808
cc0b
ca0e
cd11
cc14
ce17
ce1a
cf1d
b1c2
c3c5
b3c8
c4cb
b5ce
c5d1
b7d4
c6d7
b9da
c7dd
bbe0
c8e3
bde6
c9e9
bfec
caef
c1f2
cbf5
c3f8
ccfb
c5fe
cd01
c704
ce07
c90a
cf0d
cb10
d013
cd16
d119
cf1c
d21f
b2c4
c6c7
b4ca
c7cd
b6d0
c8d3
b8d6
c9d9
badc
cadf
bce2
cbe5
bee8
cceb
c0ee
cdf1
c2f4
cef7
c4fa
cffd
c600
d003
c806
d109
ca0c
d20f
cc12
d315
ce18
d41b
d01e
d521
b3c6
c9c9
b5cc
cacf
b7d2
cbd5
b9d8
ccdb
bbde
cde1
bde4
cee7
bfea
cfed
c1f0
d0f3
c3f6
d1f9
c5fc
d2ff
c702
d305
c908
d40b
cb0e
d511
cd14
d617
cf1a
d71d
d120
d823
b4c8
cccb
b6ce
cdd1
b8d4
ced7
bada
cfdd
bce0
d0e3
bee6
d1e9
c0ec
d2ef
c2f2
d3f5
c4f8
d4fb
c6fe
d501
c804
d607
ca0a
d70d
cc10
d813
ce16
d919
d01c
da1f
d222
db25
b5ca
cfcd
b7d0
d0d3
b9d6
d1d9
bbdc
d2df
bde2
d3e5
bfe8
d4eb
c1ee
d5f1
c3f4
d6f7
c5fa
d7fd
c700
d803
c906
d909
cb0c
da0f
cd12
db15
cf18
dc1b
d11e
dd21
d324
de27
b6cc
d2cf
b8d2
d3d5
bad8
d4db
bcde
d5e1
bee4
d6e7
c0ea
d7ed
c2f0
d8f3
c4f6
d9f9
c6fc
daff
c802
db05
ca08
dc0b
cc0e
dd11
ce14
de17
d01a
df1d
d220
e023
d426
e129
b7ce
d5d1
b9d4
d6d7
bbda
d7dd
bde0
d8e3
bfe6
d9e9
c1ec
daef
c3f2
dbf5
c5f8
dcfb
c7fe
dd01
c904
de07
cb0a
df0d
cd10
e013
cf16
e119
d11c
e21f
d322
e325
d528
e42b
b8d0
d8d3
bad6
d9d9
bcdc
dadf
bee2
dbe5
c0e8
dceb
c2ee
ddf1
c4f4
def7
c6fa
dffd
c800
e003
ca06
e109
cc0c
e20f
ce12
e315
d018
e41b
d21e
e521
d424
e627
d62a
e72d
b9d2
dbd5
bbd8
dcdb
bdde
dde1
bfe4
dee7
c1ea
dfed
c3f0
e0f3
c5f6
e1f9
c7fc
e2ff
c902
e305
cb08
e40b
cd0e
e511
cf14
e617
d11a
e71d
d320
e823
d526
e929
d72c
ea2f
bad4
ded7
bcda
dfdd
bee0
e0e3
c0e6
e1e9
c2ec
e2ef
c4f2
e3f5
c6f8
e4fb
c8fe
e501
ca04
e607
cc0a
e70d
ce10
e813
d016
e919
d21c
ea1f
d422
eb25
d628
ec2b
d82e
ed31
bbd6
e1d9
bddc
e2df
bfe2
e3e5
c1e8
e4eb
c3ee
e5f1
c5f4
e6f7
c7fa
e7fd
c900
e803
cb06
e909
cd0c
ea0f
cf12
eb15
d118
ec1b
d31e
ed21
d524
ee27
d72a
ef2d
d930
f033
bcd8
e4db
bede
e5e1
c0e4
e6e7
c2ea
e7ed
c4f0
e8f3
c6f6
e9f9
c8fc
eaff
ca02
eb05
cc08
ec0b
ce0e
ed11
d014
ee17
d21a
ef1d
d420
f023
d626
f129
d82c
f22f
da32
f335
bdda
e7dd
bfe0
e8e3
c1e6
e9e9
c3ec
eaef
c5f2
ebf5
c7f8
ecfb
c9fe
ed01
cb04
ee07
cd0a
ef0d
cf10
f013
d116
f119
d31c
f21f
d522
f325
d728
f42b
d92e
f531
db34
f637
bedc
eadf
c0e2
ebe5
c2e8
eceb
c4ee
edf1
c6f4
eef7
c8fa
effd
ca00
f003
cc06
f109
ce0c
f20f
d012
f315
d218
f41b
d41e
f521
d624
f627
d82a
f72d
da30
f833
dc36
f939
bfde
ede1
c1e4
eee7
c3ea
efed
c5f0
f0f3
c7f6
f1f9
c9fc
f2ff
cb02
f305
cd08
f40b
cf0e
f511
d114
f617
d31a
f71d
d520
f823
d726
f929
d92c
fa2f
db32
fb35
dd38
fc3b
c0e0
f0e3
c2e6
f1e9
c4ec
f2ef
c6f2
f3f5
c8f8
f4fb
cafe
f501
cc04
f607
ce0a
f70d
d010
f813
d216
f919
d41c
fa1f
d622
fb25
d828
fc2b
da2e
fd31
dc34
fe37
de3a
ff3d
c1e2
f3e5
c3e8
f4eb
c5ee
f5f1
c7f4
f6f7
c9fa
f7fd
cb00
f803
cd06
f909
cf0c
fa0f
d112
fb15
d318
fc1b
d51e
fd21
d724
fe27
d92a
ff2d
db30
0033
dd36
0139
df3c
023f
c2e4
f6e7
c4ea
f7ed
c6f0
f8f3
c8f6
f9f9
cafc
faff
cc02
fb05
ce08
fc0b
d00e
fd11
d214
fe17
d41a
ff1d
d620
0023
d826
0129
da2c
022f
dc32
0335
de38
043b
e03e
0541
c3e6
f9e9
c5ec
faef
c7f2
fbf5
c9f8
fcfb
cbfe
fd01
cd04
fe07
cf0a
ff0d
d110
0013
d316
0119
d51c
021f
d722
0325
d928
042b
db2e
0531
dd34
0637
df3a
073d
e140
0843
c4e8
fceb
c6ee
fdf1
c8f4
fef7
cafa
fffd
cc00
0003
ce06
0109
d00c
020f
d212
0315
d418
041b
d61e
0521
d824
0627
da2a
072d
dc30
0833
de36
0939
e03c
0a3f
e242
0b45
c5ea
ffed
c7f0
00f3
c9f6
01f9
cbfc
02ff
cd02
0305
cf08
040b
d10e
0511
d314
0617
d51a
071d
d720
0823
d926
0929
db2c
0a2f
dd32
0b35
df38
0c3b
e13e
0d41
e344
0e47
c6ec
02ef
c8f2
03f5
caf8
04fb
ccfe
0501
ce04
0607
d00a
070d
d210
0813
d416
0919
d61c
0a1f
d822
0b25
da28
0c2b
dc2e
0d31
de34
0e37
e03a
0f3d
e240
1043
e446
1149
c7ee
05f1
c9f4
06f7
cbfa
07fd
cd00
0803
cf06
0909
d10c
0a0f
d312
0b15
d518
0c1b
d71e
0d21
d924
0e27
db2a
0f2d
dd30
1033
df36
1139
e13c
123f
e342
1345
e548
144b
c8f0
08f3
caf6
09f9
ccfc
0aff
ce02
0b05
d008
0c0b
d20e
0d11
d414
0e17
d61a
0f1d
d820
1023
da26
1129
dc2c
122f
de32
1335
e038
143b
e23e
1541
e444
1647
e64a
174d
c9f2
0bf5
cbf8
0cfb
cdfe
0d01
cf04
0e07
d10a
0f0d
d310
1013
d516
1119
d71c
121f
d922
1325
db28
142b
dd2e
1531
df34
1637
e13a
173d
e340
1843
e546
1949
e74c
1a4f
caf4
0ef7
ccfa
0ffd
ce00
1003
d006
1109
d20c
120f
d412
1315
d618
141b
d81e
1521
da24
1627
dc2a
172d
de30
1833
e036
1939
e23c
1a3f
e442
1b45
e648
1c4b
e84e
1d51
cbf6
11f9
cdfc
12ff
cf02
1305
d108
140b
d30e
1511
d514
1617
d71a
171d
d920
1823
db26
1929
dd2c
1a2f
df32
1b35
e138
1c3b
e33e
1d41
e544
1e47
e74a
1f4d
e950
2053
ccf8
14fb
cefe
1501
d004
1607
d20a
170d
d410
1813
d616
1919
d81c
1a1f
da22
1b25
dc28
1c2b
de2e
1d31
e034
1e37
e23a
1f3d
e440
2043
e646
2149
e84c
224f
ea52
2355
cdfa
17fd
cf00
1803
d106
1909
d30c
1a0f
d512
1b15
d718
1c1b
d91e
1d21
db24
1e27
dd2a
1f2d
df30
2033
e136
2139
e33c
223f
e542
2345
e748
244b
e94e
2551
eb54
2657
cefc
1aff
d002
1b05
d208
1c0b
d40e
1d11
d614
1e17
d81a
1f1d
da20
2023
dc26
2129
de2c
222f
e032
2335
e238
243b
e43e
2541
e644
2647
e84a
274d
ea50
2853
ec56
2959
cffe
1d01
d104
1e07
d30a
1f0d
d510
2013
d716
2119
d91c
221f
db22
2325
dd28
242b
df2e
2531
e134
2637
e33a
273d
e540
2843
e746
2949
e94c
2a4f
eb52
2b55
ed58
2c5b
d000
2003
d206
2109
d40c
220f
d612
2315
d818
241b
da1e
2521
dc24
2627
de2a
272d
e030
2833
e236
2939
e43c
2a3f
e642
2b45
e848
2c4b
ea4e
2d51
ec54
2e57
ee5a
2f5d
d102
2305
d308
240b
d50e
2511
d714
2617
d91a
271d
db20
2823
dd26
2929
df2c
2a2f
e132
2b35
e338
2c3b
e53e
2d41
e744
2e47
e94a
2f4d
eb50
3053
ed56
3159
ef5c
325f
d204
2607
d40a
270d
d610
2813
d816
2919
da1c
2a1f
dc22
2b25
de28
2c2b
e02e
2d31
e234
2e37
e43a
2f3d
e640
3043
e846
3149
ea4c
324f
ec52
3355
ee58
345b
f05e
3561
d306
2909
d50c
2a0f
d712
2b15
d918
2c1b
db1e
2d21
dd24
2e27
df2a
2f2d
e130
3033
e336
3139
e53c
323f
e742
3345
e948
344b
eb4e
3551
ed54
3657
ef5a
375d
f160
3863
d408
2c0b
d60e
2d11
d814
2e17
da1a
2f1d
dc20
3023
de26
3129
e02c
322f
e232
3335
e438
343b
e63e
3541
e844
3647
ea4a
374d
ec50
3853
ee56
3959
f05c
3a5f
f262
3b65
d50a
2f0d
d710
3013
d916
3119
db1c
321f
dd22
3325
df28
342b
e12e
3531
e334
3637
e53a
373d
e740
3843
e946
3949
eb4c
3a4f
ed52
3b55
ef58
3c5b
f15e
3d61
f364
3e67
d60c
320f
d812
3315
da18
341b
dc1e
3521
de24
3627
e02a
372d
e230
3833
e436
3939
e63c
3a3f
e842
3b45
ea48
3c4b
ec4e
3d51
ee54
3e57
f05a
3f5d
f260
4063
f466
4169
d70e
3511
d914
3617
db1a
371d
dd20
3823
df26
3929
e12c
3a2f
e332
3b35
e538
3c3b
e73e
3d41
e944
3e47
eb4a
3f4d
ed50
4053
ef56
4159
f15c
425f
f362
4365
f568
446b
d810
3813
da16
3919
dc1c
3a1f
de22
3b25
e028
3c2b
e22e
3d31
e434
3e37
e63a
3f3d
e840
4043
ea46
4149
ec4c
424f
ee52
4355
f058
445b
f25e
4561
f464
4667
f66a
476d
d912
3b15
db18
3c1b
dd1e
3d21
df24
3e27
e12a
3f2d
e330
4033
e536
4139
e73c
423f
e942
4345
eb48
444b
ed4e
4551
ef54
4657
f15a
475d
f360
4863
f566
4969
f76c
4a6f
da14
3e17
dc1a
3f1d
de20
4023
e026
4129
e22c
422f
e432
4335
e638
443b
e83e
4541
ea44
4647
ec4a
474d
ee50
4853
f056
4959
f25c
4a5f
f462
4b65
f668
4c6b
f86e
4d71
db16
4119
dd1c
421f
df22
4325
e128
442b
e32e
4531
e534
4637
e73a
473d
e940
4843
eb46
4949
ed4c
4a4f
ef52
4b55
f158
4c5b
f35e
4d61
f564
4e67
f76a
4f6d
f970
5073
dc18
441b
de1e
4521
e024
4627
e22a
472d
e430
4833
e636
4939
e83c
4a3f
ea42
4b45
ec48
4c4b
ee4e
4d51
f054
4e57
f25a
4f5d
f460
5063
f666
5169
f86c
526f
fa72
5375
dd1a
471d
df20
4823
e126
4929
e32c
4a2f
e532
4b35
e738
4c3b
e93e
4d41
eb44
4e47
ed4a
4f4d
ef50
5053
f156
5159
f35c
525f
f562
5365
f768
546b
f96e
5571
fb74
5677
de1c
4a1f
e022
4b25
e228
4c2b
e42e
4d31
e634
4e37
e83a
4f3d
ea40
5043
ec46
5149
ee4c
524f
f052
5355
f258
545b
f45e
5561
f664
5667
f86a
576d
fa70
5873
fc76
5979
df1e
4d21
e124
4e27
e32a
4f2d
e530
5033
e736
5139
e93c
523f
eb42
5345
ed48
544b
ef4e
5551
f154
5657
f35a
575d
f560
5863
f766
5969
f96c
5a6f
fb72
5b75
fd78
5c7b
e020
5023
e226
5129
e42c
522f
e632
5335
e838
543b
ea3e
5541
ec44
5647
ee4a
574d
f050
5853
f256
5959
f45c
5a5f
f662
5b65
f868
5c6b
fa6e
5d71
fc74
5e77
fe7a
5f7d
e122
5325
e328
542b
e52e
5531
e734
5637
e93a
573d
eb40
5843
ed46
5949
ef4c
5a4f
f152
5b55
f358
5c5b
f55e
5d61
f764
5e67
f96a
5f6d
fb70
6073
fd76
6179
ff7c
627f
e224
5627
e42a
572d
e630
5833
e836
5939
ea3c
5a3f
ec42
5b45
ee48
5c4b
f04e
5d51
f254
5e57
f45a
5f5d
f660
6063
f866
6169
fa6c
626f
fc72
6375
fe78
647b
007e
6581
e326
5929
e52c
5a2f
e732
5b35
e938
5c3b
eb3e
5d41
ed44
5e47
ef4a
5f4d
f150
6053
f356
6159
f55c
625f
f762
6365
f968
646b
fb6e
6571
fd74
6677
ff7a
677d
0180
6883
e428
5c2b
e62e
5d31
e834
5e37
ea3a
5f3d
ec40
6043
ee46
6149
f04c
624f
f252
6355
f458
645b
f65e
6561
f864
6667
fa6a
676d
fc70
6873
fe76
6979
007c
6a7f
0282
6b85
e52a
5f2d
e730
6033
e936
6139
eb3c
623f
ed42
6345
ef48
644b
f14e
6551
f354
6657
f55a
675d
f760
6863
f966
6969
fb6c
6a6f
fd72
6b75
ff78
6c7b
017e
6d81
0384
6e87
e62c
622f
e832
6335
ea38
643b
ec3e
6541
ee44
6647
f04a
674d
f250
6853
f456
6959
f65c
6a5f
f862
6b65
fa68
6c6b
fc6e
6d71
fe74
6e77
007a
6f7d
0280
7083
0486
7189
e72e
6531
e934
6637
eb3a
673d
ed40
6843
ef46
6949
f14c
6a4f
f352
6b55
f558
6c5b
f75e
6d61
f964
6e67
fb6a
6f6d
fd70
7073
ff76
7179
017c
727f
0382
7385
0588
748b
e830
6833
ea36
6939
ec3c
6a3f
ee42
6b45
f048
6c4b
f24e
6d51
f454
6e57
f65a
6f5d
f860
7063
fa66
7169
fc6c
726f
fe72
7375
0078
747b
027e
7581
0484
7687
068a
778d
e932
6b35
eb38
6c3b
ed3e
6d41
ef44
6e47
f14a
6f4d
f350
7053
f556
7159
f75c
725f
f962
7365
fb68
746b
fd6e
7571
ff74
7677
017a
777d
0380
7883
0586
7989
078c
7a8f
ea34
6e37
ec3a
6f3d
ee40
7043
f046
7149
f24c
724f
f452
7355
f658
745b
f85e
7561
fa64
7667
fc6a
776d
fe70
7873
0076
7979
027c
7a7f
0482
7b85
0688
7c8b
088e
7d91
eb36
7139
ed3c
723f
ef42
7345
f148
744b
f34e
7551
f554
7657
f75a
775d
f960
7863
fb66
7969
fd6c
7a6f
ff72
7b75
0178
7c7b
037e
7d81
0584
7e87
078a
7f8d
0990
8093
ec38
743b
ee3e
7541
f044
7647
f24a
774d
f450
7853
f656
7959
f85c
7a5f
fa62
7b65
fc68
7c6b
fe6e
7d71
0074
7e77
027a
7f7d
0480
8083
0686
8189
088c
828f
0a92
8395
ed3a
773d
ef40
7843
f146
7949
f34c
7a4f
f552
7b55
f758
7c5b
f95e
7d61
fb64
7e67
fd6a
7f6d
ff70
8073
0176
8179
037c
827f
0582
8385
0788
848b
098e
8591
0b94
8697
ee3c
7a3f
f042
7b45
f248
7c4b
f44e
7d51
f654
7e57
f85a
7f5d
fa60
8063
fc66
8169
fe6c
826f
0072
8375
0278
847b
047e
8581
0684
8687
088a
878d
0a90
8893
0c96
8999
ef3e
7d41
f144
7e47
f34a
7f4d
f550
8053
f756
8159
f95c
825f
fb62
8365
fd68
846b
ff6e
8571
0174
8677
037a
877d
0580
8883
0786
8989
098c
8a8f
0b92
8b95
0d98
8c9b
f040
8043
f246
8149
f44c
824f
f652
8355
f858
845b
fa5e
8561
fc64
8667
fe6a
876d
0070
8873
0276
8979
047c
8a7f
0682
8b85
0888
8c8b
0a8e
8d91
0c94
8e97
0e9a
8f9d
f142
8345
f348
844b
f54e
8551
f754
8657
f95a
875d
fb60
8863
fd66
8969
ff6c
8a6f
0172
8b75
0378
8c7b
057e
8d81
0784
8e87
098a
8f8d
0b90
9093
0d96
9199
0f9c
929f
f244
8647
f44a
874d
f650
8853
f856
8959
fa5c
8a5f
fc62
8b65
fe68
8c6b
006e
8d71
0274
8e77
047a
8f7d
0680
9083
0886
9189
0a8c
928f
0c92
9395
0e98
949b
109e
95a1
f346
8949
f54c
8a4f
f752
8b55
f958
8c5b
fb5e
8d61
fd64
8e67
ff6a
8f6d
0170
9073
0376
9179
057c
927f
0782
9385
0988
948b
0b8e
9591
0d94
9697
0f9a
979d
11a0
98a3
f448
8c4b
f64e
8d51
f854
8e57
fa5a
8f5d
fc60
9063
fe66
9169
006c
926f
0272
9375
0478
947b
067e
9581
0884
9687
0a8a
978d
0c90
9893
0e96
9999
109c
9a9f
12a2
9ba5
f54a
8f4d
f750
9053
f956
9159
fb5c
925f
fd62
9365
ff68
946b
016e
9571
0374
9677
057a
977d
0780
9883
0986
9989
0b8c
9a8f
0d92
9b95
0f98
9c9b
119e
9da1
13a4
9ea7
f64c
924f
f852
9355
fa58
945b
fc5e
9561
fe64
9667
006a
976d
0270
9873
0476
9979
067c
9a7f
0882
9b85
0a88
9c8b
0c8e
9d91
0e94
9e97
109a
9f9d
12a0
a0a3
14a6
a1a9
f74e
9551
f954
9657
fb5a
975d
fd60
9863
ff66
9969
016c
9a6f
0372
9b75
0578
9c7b
077e
9d81
0984
9e87
0b8a
9f8d
0d90
a093
0f96
a199
119c
a29f
13a2
a3a5
15a8
a4ab
f850
9853
fa56
9959
fc5c
9a5f
fe62
9b65
0068
9c6b
026e
9d71
0474
9e77
067a
9f7d
0880
a083
0a86
a189
0c8c
a28f
0e92
a395
1098
a49b
129e
a5a1
14a4
a6a7
16aa
a7ad
f952
9b55
fb58
9c5b
fd5e
9d61
ff64
9e67
016a
9f6d
0370
a073
0576
a179
077c
a27f
0982
a385
0b88
a48b
0d8e
a591
0f94
a697
119a
a79d
13a0
a8a3
15a6
a9a9
17ac
aaaf
fa54
9e57
fc5a
9f5d
fe60
a063
0066
a169
026c
a26f
0472
a375
0678
a47b
087e
a581
0a84
a687
0c8a
a78d
0e90
a893
1096
a999
129c
aa9f
14a2
aba5
16a8
acab
18ae
adb1
fb56
a159
fd5c
a25f
ff62
a365
0168
a46b
036e
a571
0574
a677
077a
a77d
0980
a883
0b86
a989
0d8c
aa8f
0f92
ab95
1198
ac9b
139e
ada1
15a4
aea7
17aa
afad
19b0
b0b3
fc58
a45b
fe5e
a561
0064
a667
026a
a76d
0470
a873
0676
a979
087c
aa7f
0a82
ab85
0c88
ac8b
0e8e
ad91
1094
ae97
129a
af9d
14a0
b0a3
16a6
b1a9
18ac
b2af
1ab2
b3b5
fd5a
a75d
ff60
a863
0166
a969
036c
aa6f
0572
ab75
0778
ac7b
097e
ad81
0b84
ae87
0d8a
af8d
0f90
b093
1196
b199
139c
b29f
15a2
b3a5
17a8
b4ab
19ae
b5b1
1bb4
b6b7
fe5c
aa5f
0062
ab65
0268
ac6b
046e
ad71
0674
ae77
087a
af7d
0a80
b083
0c86
b189
0e8c
b28f
1092
b395
1298
b49b
149e
b5a1
16a4
b6a7
18aa
b7ad
1ab0
b8b3
1cb6
b9b9
ff5e
ad61
0164
ae67
036a
af6d
0570
b073
0776
b179
097c
b27f
0b82
b385
0d88
b48b
0f8e
b591
1194
b697
139a
b79d
15a0
b8a3
17a6
b9a9
19ac
baaf
1bb2
bbb5
1db8
bcbb
0060
b063
0266
b169
046c
b26f
0672
b375
0878
b47b
0a7e
b581
0c84
b687
0e8a
b78d
1090
b893
1296
b999
149c
ba9f
16a2
bba5
18a8
bcab
1aae
bdb1
1cb4
beb7
1eba
bfbd
0162
b365
0368
b46b
056e
b571
0774
b677
097a
b77d
0b80
b883
0d86
b989
0f8c
ba8f
1192
bb95
1398
bc9b
159e
bda1
17a4
bea7
19aa
bfad
1bb0
c0b3
1db6
c1b9
1fbc
c2bf
0264
b667
046a
b76d
0670
b873
0876
b979
0a7c
ba7f
0c82
bb85
0e88
bc8b
108e
bd91
1294
be97
149a
bf9d
16a0
c0a3
18a6
c1a9
1aac
c2af
1cb2
c3b5
1eb8
c4bb
20be
c5c1
0366
b969
056c
ba6f
0772
bb75
0978
bc7b
0b7e
bd81
0d84
be87
0f8a
bf8d
1190
c093
1396
c199
159c
c29f
17a2
c3a5
19a8
c4ab
1bae
c5b1
1db4
c6b7
1fba
c7bd
21c0
c8c3
0468
bc6b
066e
bd71
0874
be77
0a7a
bf7d
0c80
c083
0e86
c189
108c
c28f
1292
c395
1498
c49b
169e
c5a1
18a4
c6a7
1aaa
c7ad
1cb0
c8b3
1eb6
c9b9
20bc
cabf
22c2
cbc5
056a
bf6d
0770
c073
0976
c179
0b7c
c27f
0d82
c385
0f88
c48b
118e
c591
1394
c697
159a
c79d
17a0
c8a3
19a6
c9a9
1bac
caaf
1db2
cbb5
1fb8
ccbb
21be
cdc1
23c4
cec7
066c
c26f
0872
c375
0a78
c47b
0c7e
c581
0e84
c687
108a
c78d
1290
c893
1496
c999
169c
ca9f
18a2
cba5
1aa8
ccab
1cae
cdb1
1eb4
ceb7
20ba
cfbd
22c0
d0c3
24c6
d1c9
076e
c571
0974
c677
0b7a
c77d
0d80
c883
0f86
c989
118c
ca8f
1392
cb95
1598
cc9b
179e
cda1
19a4
cea7
1baa
cfad
1db0
d0b3
1fb6
d1b9
21bc
d2bf
23c2
d3c5
25c8
d4cb
0870
c873
0a76
c979
0c7c
ca7f
0e82
cb85
1088
cc8b
128e
cd91
1494
ce97
169a
cf9d
18a0
d0a3
1aa6
d1a9
1cac
d2af
1eb2
d3b5
20b8
d4bb
22be
d5c1
24c4
d6c7
26ca
d7cd
0972
cb75
0b78
cc7b
0d7e
cd81
0f84
ce87
118a
cf8d
1390
d093
1596
d199
179c
d29f
19a2
d3a5
1ba8
d4ab
1dae
d5b1
1fb4
d6b7
21ba
d7bd
23c0
d8c3
25c6
d9c9
27cc
dacf
0a74
ce77
0c7a
cf7d
0e80
d083
1086
d189
128c
d28f
1492
d395
1698
d49b
189e
d5a1
1aa4
d6a7
1caa
d7ad
1eb0
d8b3
20b6
d9b9
22bc
dabf
24c2
dbc5
26c8
dccb
28ce
ddd1
0b76
d179
0d7c
d27f
0f82
d385
1188
d48b
138e
d591
1594
d697
179a
d79d
19a0
d8a3
1ba6
d9a9
1dac
daaf
1fb2
dbb5
21b8
dcbb
23be
ddc1
25c4
dec7
27ca
dfcd
29d0
e0d3
0c78
d47b
0e7e
d581
1084
d687
128a
d78d
1490
d893
1696
d999
189c
da9f
1aa2
dba5
1ca8
dcab
1eae
ddb1
20b4
deb7
22ba
dfbd
24c0
e0c3
26c6
e1c9
28cc
e2cf
2ad2
e3d5
0d7a
d77d
0f80
d883
1186
d989
138c
da8f
1592
db95
1798
dc9b
199e
dda1
1ba4
dea7
1daa
dfad
1fb0
e0b3
21b6
e1b9
23bc
e2bf
25c2
e3c5
27c8
e4cb
29ce
e5d1
2bd4
e6d7
0e7c
da7f
1082
db85
1288
dc8b
148e
dd91
1694
de97
189a
df9d
1aa0
e0a3
1ca6
e1a9
1eac
e2af
20b2
e3b5
22b8
e4bb
24be
e5c1
26c4
e6c7
28ca
e7cd
2ad0
e8d3
2cd6
e9d9
0f7e
dd81
1184
de87
138a
df8d
1590
e093
1796
e199
199c
e29f
1ba2
e3a5
1da8
e4ab
1fae
e5b1
21b4
e6b7
23ba
e7bd
25c0
e8c3
27c6
e9c9
29cc
eacf
2bd2
ebd5
2dd8
ecdb
1080
e083
1286
e189
148c
e28f
1692
e395
1898
e49b
1a9e
e5a1
1ca4
e6a7
1eaa
e7ad
20b0
e8b3
22b6
e9b9
24bc
eabf
26c2
ebc5
28c8
eccb
2ace
edd1
2cd4
eed7
2eda
efdd
1182
e385
1388
e48b
158e
e591
1794
e697
199a
e79d
1ba0
e8a3
1da6
e9a9
1fac
eaaf
21b2
ebb5
23b8
ecbb
25be
edc1
27c4
eec7
29ca
efcd
2bd0
f0d3
2dd6
f1d9
2fdc
f2df
1284
e687
148a
e78d
1690
e893
1896
e999
1a9c
ea9f
1ca2
eba5
1ea8
ecab
20ae
edb1
22b4
eeb7
24ba
efbd
26c0
f0c3
28c6
f1c9
2acc
f2cf
2cd2
f3d5
2ed8
f4db
30de
f5e1
1386
e989
158c
ea8f
1792
eb95
1998
ec9b
1b9e
eda1
1da4
eea7
1faa
efad
21b0
f0b3
23b6
f1b9
25bc
f2bf
27c2
f3c5
29c8
f4cb
2bce
f5d1
2dd4
f6d7
2fda
f7dd
31e0
f8e3
1488
ec8b
168e
ed91
1894
ee97
1a9a
ef9d
1ca0
f0a3
1ea6
f1a9
20ac
f2af
22b2
f3b5
24b8
f4bb
26be
f5c1
28c4
f6c7
2aca
f7cd
2cd0
f8d3
2ed6
f9d9
30dc
fadf
32e2
fbe5
158a
ef8d
1790
f093
1996
f199
1b9c
f29f
1da2
f3a5
1fa8
f4ab
21ae
f5b1
23b4
f6b7
25ba
f7bd
27c0
f8c3
29c6
f9c9
2bcc
facf
2dd2
fbd5
2fd8
fcdb
31de
fde1
33e4
fee7
168c
f28f
1892
f395
1a98
f49b
1c9e
f5a1
1ea4
f6a7
20aa
f7ad
22b0
f8b3
24b6
f9b9
26bc
fabf
28c2
fbc5
2ac8
fccb
2cce
fdd1
2ed4
fed7
30da
ffdd
32e0
00e3
34e6
01e9
178e
f591
1994
f697
1b9a
f79d
1da0
f8a3
1fa6
f9a9
21ac
faaf
23b2
fbb5
25b8
fcbb
27be
fdc1
29c4
fec7
2bca
ffcd
2dd0
00d3
2fd6
01d9
31dc
02df
33e2
03e5
35e8
04eb
1890
f893
1a96
f999
1c9c
fa9f
1ea2
fba5
20a8
fcab
22ae
fdb1
24b4
feb7
26ba
ffbd
28c0
00c3
2ac6
01c9
2ccc
02cf
2ed2
03d5
30d8
04db
32de
05e1
34e4
06e7
36ea
07ed
1992
fb95
1b98
fc9b
1d9e
fda1
1fa4
fea7
21aa
ffad
23b0
00b3
25b6
01b9
27bc
02bf
29c2
03c5
2bc8
04cb
2dce
05d1
2fd4
06d7
31da
07dd
33e0
08e3
35e6
09e9
37ec
0aef
1a94
fe97
1c9a
ff9d
1ea0
00a3
20a6
01a9
22ac
02af
24b2
03b5
26b8
04bb
28be
05c1
2ac4
06c7
2cca
07cd
2ed0
08d3
30d6
09d9
32dc
0adf
34e2
0be5
36e8
0ceb
38ee
0df1
1b96
0199
1d9c
029f
1fa2
03a5
21a8
04ab
23ae
05b1
25b4
06b7
27ba
07bd
29c0
08c3
2bc6
09c9
2dcc
0acf
2fd2
0bd5
31d8
0cdb
33de
0de1
35e4
0ee7
37ea
0fed
39f0
10f3
1c98
049b
1e9e
05a1
20a4
06a7
22aa
07ad
24b0
08b3
26b6
09b9
28bc
0abf
2ac2
0bc5
2cc8
0ccb
2ece
0dd1
30d4
0ed7
32da
0fdd
34e0
10e3
36e6
11e9
38ec
12ef
3af2
13f5
1d9a
079d
1fa0
08a3
21a6
09a9
23ac
0aaf
25b2
0bb5
27b8
0cbb
29be
0dc1
2bc4
0ec7
2dca
0fcd
2fd0
10d3
31d6
11d9
33dc
12df
35e2
13e5
37e8
14eb
39ee
15f1
3bf4
16f7
1e9c
0a9f
20a2
0ba5
22a8
0cab
24ae
0db1
26b4
0eb7
28ba
0fbd
2ac0
10c3
2cc6
11c9
2ecc
12cf
30d2
13d5
32d8
14db
34de
15e1
36e4
16e7
38ea
17ed
3af0
18f3
3cf6
19f9
1f9e
0da1
21a4
0ea7
23aa
0fad
25b0
10b3
27b6
11b9
29bc
12bf
2bc2
13c5
2dc8
14cb
2fce
15d1
31d4
16d7
33da
17dd
35e0
18e3
37e6
19e9
39ec
1aef
3bf2
1bf5
3df8
1cfb
20a0
10a3
22a6
11a9
24ac
12af
26b2
13b5
28b8
14bb
2abe
15c1
2cc4
16c7
2eca
17cd
30d0
18d3
32d6
19d9
34dc
1adf
36e2
1be5
38e8
1ceb
3aee
1df1
3cf4
1ef7
3efa
1ffd
21a2
13a5
23a8
14ab
25ae
15b1
27b4
16b7
29ba
17bd
2bc0
18c3
2dc6
19c9
2fcc
1acf
31d2
1bd5
33d8
1cdb
35de
1de1
37e4
1ee7
39ea
1fed
3bf0
20f3
3df6
21f9
3ffc
22ff
22a4
16a7
24aa
17ad
26b0
18b3
28b6
19b9
2abc
1abf
2cc2
1bc5
2ec8
1ccb
30ce
1dd1
32d4
1ed7
34da
1fdd
36e0
20e3
38e6
21e9
3aec
22ef
3cf2
23f5
3ef8
24fb
40fe
2501
23a6
19a9
25ac
1aaf
27b2
1bb5
29b8
1cbb
2bbe
1dc1
2dc4
1ec7
2fca
1fcd
31d0
20d3
33d6
21d9
35dc
22df
37e2
23e5
39e8
24eb
3bee
25f1
3df4
26f7
3ffa
27fd
4100
2803
24a8
1cab
26ae
1db1
28b4
1eb7
2aba
1fbd
2cc0
20c3
2ec6
21c9
30cc
22cf
32d2
23d5
34d8
24db
36de
25e1
38e4
26e7
3aea
27ed
3cf0
28f3
3ef6
29f9
40fc
2aff
4202
2b05
25aa
1fad
27b0
20b3
29b6
21b9
2bbc
22bf
2dc2
23c5
2fc8
24cb
31ce
25d1
33d4
26d7
35da
27dd
37e0
28e3
39e6
29e9
3bec
2aef
3df2
2bf5
3ff8
2cfb
41fe
2d01
4304
2e07
26ac
22af
28b2
23b5
2ab8
24bb
2cbe
25c1
2ec4
26c7
30ca
27cd
32d0
28d3
34d6
29d9
36dc
2adf
38e2
2be5
3ae8
2ceb
3cee
2df1
3ef4
2ef7
40fa
2ffd
4200
3003
4406
3109
27ae
25b1
29b4
26b7
2bba
27bd
2dc0
28c3
2fc6
29c9
31cc
2acf
33d2
2bd5
35d8
2cdb
37de
2de1
39e4
2ee7
3bea
2fed
3df0
30f3
3ff6
31f9
41fc
32ff
4302
3305
4508
340b
28b0
28b3
2ab6
29b9
2cbc
2abf
2ec2
2bc5
30c8
2ccb
32ce
2dd1
34d4
2ed7
36da
2fdd
38e0
30e3
3ae6
31e9
3cec
32ef
3ef2
33f5
40f8
34fb
42fe
3501
4404
3607
460a
370d
29b2
2bb5
2bb8
2cbb
2dbe
2dc1
2fc4
2ec7
31ca
2fcd
33d0
30d3
35d6
31d9
37dc
32df
39e2
33e5
3be8
34eb
3dee
35f1
3ff4
36f7
41fa
37fd
4300
3803
4506
3909
470c
3a0f
2ab4
2eb7
2cba
2fbd
2ec0
30c3
30c6
31c9
32cc
32cf
34d2
33d5
36d8
34db
38de
35e1
3ae4
36e7
3cea
37ed
3ef0
38f3
40f6
39f9
42fc
3aff
4402
3b05
4608
3c0b
480e
3d11
2bb6
31b9
2dbc
32bf
2fc2
33c5
31c8
34cb
33ce
35d1
35d4
36d7
37da
37dd
39e0
38e3
3be6
39e9
3dec
3aef
3ff2
3bf5
41f8
3cfb
43fe
3d01
4504
3e07
470a
3f0d
4910
4013
2cb8
34bb
2ebe
35c1
30c4
36c7
32ca
37cd
34d0
38d3
36d6
39d9
38dc
3adf
3ae2
3be5
3ce8
3ceb
3eee
3df1
40f4
3ef7
42fa
3ffd
4400
4003
4606
4109
480c
420f
4a12
4315
2dba
37bd
2fc0
38c3
31c6
39c9
33cc
3acf
35d2
3bd5
37d8
3cdb
39de
3de1
3be4
3ee7
3dea
3fed
3ff0
40f3
41f6
41f9
43fc
42ff
4502
4305
4708
440b
490e
4511
4b14
4617
2ebc
3abf
30c2
3bc5
32c8
3ccb
34ce
3dd1
36d4
3ed7
38da
3fdd
3ae0
40e3
3ce6
41e9
3eec
42ef
40f2
43f5
42f8
44fb
44fe
4501
4604
4607
480a
470d
4a10
4813
4c16
4919
2fbe
3dc1
31c4
3ec7
33ca
3fcd
35d0
40d3
37d6
41d9
39dc
42df
3be2
43e5
3de8
44eb
3fee
45f1
41f4
46f7
43fa
47fd
4500
4803
4706
4909
490c
4a0f
4b12
4b15
4d18
4c1b
30c0
40c3
32c6
41c9
34cc
42cf
36d2
43d5
38d8
44db
3ade
45e1
3ce4
46e7
3eea
47ed
40f0
48f3
42f6
49f9
44fc
4aff
4602
4b05
4808
4c0b
4a0e
4d11
4c14
4e17
4e1a
4f1d
31c2
43c5
33c8
44cb
35ce
45d1
37d4
46d7
39da
47dd
3be0
48e3
3de6
49e9
3fec
4aef
41f2
4bf5
43f8
4cfb
45fe
4d01
4704
4e07
490a
4f0d
4b10
5013
4d16
5119
4f1c
521f
32c4
46c7
34ca
47cd
36d0
48d3
38d6
49d9
3adc
4adf
3ce2
4be5
3ee8
4ceb
40ee
4df1
42f4
4ef7
44fa
4ffd
4600
5003
4806
5109
4a0c
520f
4c12
5315
4e18
541b
501e
5521
33c6
49c9
35cc
4acf
37d2
4bd5
39d8
4cdb
3bde
4de1
3de4
4ee7
3fea
4fed
41f0
50f3
43f6
51f9
45fc
52ff
4702
5305
4908
540b
4b0e
5511
4d14
5617
4f1a
571d
5120
5823
34c8
4ccb
36ce
4dd1
38d4
4ed7
3ada
4fdd
3ce0
50e3
3ee6
51e9
40ec
52ef
42f2
53f5
44f8
54fb
46fe
5501
4804
5607
4a0a
570d
4c10
5813
4e16
5919
501c
5a1f
5222
5b25
35ca
4fcd
37d0
50d3
39d6
51d9
3bdc
52df
3de2
53e5
3fe8
54eb
41ee
55f1
43f4
56f7
45fa
57fd
4700
5803
4906
5909
4b0c
5a0f
4d12
5b15
4f18
5c1b
511e
5d21
5324
5e27
36cc
52cf
38d2
53d5
3ad8
54db
3cde
55e1
3ee4
56e7
40ea
57ed
42f0
58f3
44f6
59f9
46fc
5aff
4802
5b05
4a08
5c0b
4c0e
5d11
4e14
5e17
501a
5f1d
5220
6023
5426
6129
37ce
55d1
39d4
56d7
3bda
57dd
3de0
58e3
3fe6
59e9
41ec
5aef
43f2
5bf5
45f8
5cfb
47fe
5d01
4904
5e07
4b0a
5f0d
4d10
6013
4f16
6119
511c
621f
5322
6325
5528
642b
38d0
58d3
3ad6
59d9
3cdc
5adf
3ee2
5be5
40e8
5ceb
42ee
5df1
44f4
5ef7
46fa
5ffd
4800
6003
4a06
6109
4c0c
620f
4e12
6315
5018
641b
521e
6521
5424
6627
562a
672d
39d2
5bd5
3bd8
5cdb
3dde
5de1
3fe4
5ee7
41ea
5fed
43f0
60f3
45f6
61f9
47fc
62ff
4902
6305
4b08
640b
4d0e
6511
4f14
6617
511a
671d
5320
6823
5526
6929
572c
6a2f
3ad4
5ed7
3cda
5fdd
3ee0
60e3
40e6
61e9
42ec
62ef
44f2
63f5
46f8
64fb
48fe
6501
4a04
6607
4c0a
670d
4e10
6813
5016
6919
521c
6a1f
5422
6b25
5628
6c2b
582e
6d31
3bd6
61d9
3ddc
62df
3fe2
63e5
41e8
64eb
43ee
65f1
45f4
66f7
47fa
67fd
4900
6803
4b06
6909
4d0c
6a0f
4f12
6b15
5118
6c1b
531e
6d21
5524
6e27
572a
6f2d
5930
7033
3cd8
64db
3ede
65e1
40e4
66e7
42ea
67ed
44f0
68f3
46f6
69f9
48fc
6aff
4a02
6b05
4c08
6c0b
4e0e
6d11
5014
6e17
521a
6f1d
5420
7023
5626
7129
582c
722f
5a32
7335
3dda
67dd
3fe0
68e3
41e6
69e9
43ec
6aef
45f2
6bf5
47f8
6cfb
49fe
6d01
4b04
6e07
4d0a
6f0d
4f10
7013
5116
7119
531c
721f
5522
7325
5728
742b
592e
7531
5b34
7637
3edc
6adf
40e2
6be5
42e8
6ceb
44ee
6df1
46f4
6ef7
48fa
6ffd
4a00
7003
4c06
7109
4e0c
720f
5012
7315
5218
741b
541e
7521
5624
7627
582a
772d
5a30
7833
5c36
7939
3fde
6de1
41e4
6ee7
43ea
6fed
45f0
70f3
47f6
71f9
49fc
72ff
4b02
7305
4d08
740b
4f0e
7511
5114
7617
531a
771d
5520
7823
5726
7929
592c
7a2f
5b32
7b35
5d38
7c3b
40e0
70e3
42e6
71e9
44ec
72ef
46f2
73f5
48f8
74fb
4afe
7501
4c04
7607
4e0a
770d
5010
7813
5216
7919
541c
7a1f
5622
7b25
5828
7c2b
5a2e
7d31
5c34
7e37
5e3a
7f3d
41e2
73e5
43e8
74eb
45ee
75f1
47f4
76f7
49fa
77fd
4b00
7803
4d06
7909
4f0c
7a0f
5112
7b15
5318
7c1b
551e
7d21
5724
7e27
592a
7f2d
5b30
8033
5d36
8139
5f3c
823f
42e4
76e7
44ea
77ed
46f0
78f3
48f6
79f9
4afc
7aff
4c02
7b05
4e08
7c0b
500e
7d11
5214
7e17
541a
7f1d
5620
8023
5826
8129
5a2c
822f
5c32
8335
5e38
843b
603e
8541
43e6
79e9
45ec
7aef
47f2
7bf5
49f8
7cfb
4bfe
7d01
4d04
7e07
4f0a
7f0d
5110
8013
5316
8119
551c
821f
5722
8325
5928
842b
5b2e
8531
5d34
8637
5f3a
873d
6140
8843
44e8
7ceb
46ee
7df1
48f4
7ef7
4afa
7ffd
4c00
8003
4e06
8109
500c
820f
5212
8315
5418
841b
561e
8521
5824
8627
5a2a
872d
5c30
8833
5e36
8939
603c
8a3f
6242
8b45
45ea
7fed
47f0
80f3
49f6
81f9
4bfc
82ff
4d02
8305
4f08
840b
510e
8511
5314
8617
551a
871d
5720
8823
5926
8929
5b2c
8a2f
5d32
8b35
5f38
8c3b
613e
8d41
6344
8e47
46ec
82ef
48f2
83f5
4af8
84fb
4cfe
8501
4e04
8607
500a
870d
5210
8813
5416
8919
561c
8a1f
5822
8b25
5a28
8c2b
5c2e
8d31
5e34
8e37
603a
8f3d
6240
9043
6446
9149
47ee
85f1
49f4
86f7
4bfa
87fd
4d00
8803
4f06
8909
510c
8a0f
5312
8b15
5518
8c1b
571e
8d21
5924
8e27
5b2a
8f2d
5d30
9033
5f36
9139
613c
923f
6342
9345
6548
944b
48f0
88f3
4af6
89f9
4cfc
8aff
4e02
8b05
5008
8c0b
520e
8d11
5414
8e17
561a
8f1d
5820
9023
5a26
9129
5c2c
922f
5e32
9335
6038
943b
623e
9541
6444
9647
664a
974d
49f2
8bf5
4bf8
8cfb
4dfe
8d01
4f04
8e07
510a
8f0d
5310
9013
5516
9119
571c
921f
5922
9325
5b28
942b
5d2e
9531
5f34
9637
613a
973d
6340
9843
6546
9949
674c
9a4f
4af4
8ef7
4cfa
8ffd
4e00
9003
5006
9109
520c
920f
5412
9315
5618
941b
581e
9521
5a24
9627
5c2a
972d
5e30
9833
6036
9939
623c
9a3f
6442
9b45
6648
9c4b
684e
9d51
4bf6
91f9
4dfc
92ff
4f02
9305
5108
940b
530e
9511
5514
9617
571a
971d
5920
9823
5b26
9929
5d2c
9a2f
5f32
9b35
6138
9c3b
633e
9d41
6544
9e47
674a
9f4d
6950
a053
4cf8
94fb
4efe
9501
5004
9607
520a
970d
5410
9813
5616
9919
581c
9a1f
5a22
9b25
5c28
9c2b
5e2e
9d31
6034
9e37
623a
9f3d
6440
a043
6646
a149
684c
a24f
6a52
a355
4dfa
97fd
4f00
9803
5106
9909
530c
9a0f
5512
9b15
5718
9c1b
591e
9d21
5b24
9e27
5d2a
9f2d
5f30
a033
6136
a139
633c
a23f
6542
a345
6748
a44b
694e
a551
6b54
a657
4efc
9aff
5002
9b05
5208
9c0b
540e
9d11
5614
9e17
581a
9f1d
5a20
a023
5c26
a129
5e2c
a22f
6032
a335
6238
a43b
643e
a541
6644
a647
684a
a74d
6a50
a853
6c56
a959
4ffe
9d01
5104
9e07
530a
9f0d
5510
a013
5716
a119
591c
a21f
5b22
a325
5d28
a42b
5f2e
a531
6134
a637
633a
a73d
6540
a843
6746
a949
694c
aa4f
6b52
ab55
6d58
ac5b
5000
a003
5206
a109
540c
a20f
5612
a315
5818
a41b
5a1e
a521
5c24
a627
5e2a
a72d
6030
a833
6236
a939
643c
aa3f
6642
ab45
6848
ac4b
6a4e
ad51
6c54
ae57
6e5a
af5d
5102
a305
5308
a40b
550e
a511
5714
a617
591a
a71d
5b20
a823
5d26
a929
5f2c
aa2f
6132
ab35
6338
ac3b
653e
ad41
6744
ae47
694a
af4d
6b50
b053
6d56
b159
6f5c
b25f
5204
a607
540a
a70d
5610
a813
5816
a919
5a1c
aa1f
5c22
ab25
5e28
ac2b
602e
ad31
6234
ae37
643a
af3d
6640
b043
6846
b149
6a4c
b24f
6c52
b355
6e58
b45b
705e
b561
5306
a909
550c
aa0f
5712
ab15
5918
ac1b
5b1e
ad21
5d24
ae27
5f2a
af2d
6130
b033
6336
b139
653c
b23f
6742
b345
6948
b44b
6b4e
b551
6d54
b657
6f5a
b75d
7160
b863
5408
ac0b
560e
ad11
5814
ae17
5a1a
af1d
5c20
b023
5e26
b129
602c
b22f
6232
b335
6438
b43b
663e
b541
6844
b647
6a4a
b74d
6c50
b853
6e56
b959
705c
ba5f
7262
bb65
550a
af0d
5710
b013
5916
b119
5b1c
b21f
5d22
b325
5f28
b42b
612e
b531
6334
b637
653a
b73d
6740
b843
6946
b949
6b4c
ba4f
6d52
bb55
6f58
bc5b
715e
bd61
7364
be67
560c
b20f
5812
b315
5a18
b41b
5c1e
b521
5e24
b627
602a
b72d
6230
b833
6436
b939
663c
ba3f
6842
bb45
6a48
bc4b
6c4e
bd51
6e54
be57
705a
bf5d
7260
c063
7466
c169
570e
b511
5914
b617
5b1a
b71d
5d20
b823
5f26
b929
612c
ba2f
6332
bb35
6538
bc3b
673e
bd41
6944
be47
6b4a
bf4d
6d50
c053
6f56
c159
715c
c25f
7362
c365
7568
c46b
5810
b813
5a16
b919
5c1c
ba1f
5e22
bb25
6028
bc2b
622e
bd31
6434
be37
663a
bf3d
6840
c043
6a46
c149
6c4c
c24f
6e52
c355
7058
c45b
725e
c561
7464
c667
766a
c76d
5912
bb15
5b18
bc1b
5d1e
bd21
5f24
be27
612a
bf2d
6330
c033
6536
c139
673c
c23f
6942
c345
6b48
c44b
6d4e
c551
6f54
c657
715a
c75d
7360
c863
7566
c969
776c
ca6f
5a14
be17
5c1a
bf1d
5e20
c023
6026
c129
622c
c22f
6432
c335
6638
c43b
683e
c541
6a44
c647
6c4a
c74d
6e50
c853
7056
c959
725c
ca5f
7462
cb65
7668
cc6b
786e
cd71
5b16
c119
5d1c
c21f
5f22
c325
6128
c42b
632e
c531
6534
c637
673a
c73d
6940
c843
6b46
c949
6d4c
ca4f
6f52
cb55
7158
cc5b
735e
cd61
7564
ce67
776a
cf6d
7970
d073
5c18
c41b
5e1e
c521
6024
c627
622a
c72d
6430
c833
6636
c939
683c
ca3f
6a42
cb45
6c48
cc4b
6e4e
cd51
7054
ce57
725a
cf5d
7460
d063
7666
d169
786c
d26f
7a72
d375
5d1a
c71d
5f20
c823
6126
c929
632c
ca2f
6532
cb35
6738
cc3b
693e
cd41
6b44
ce47
6d4a
cf4d
6f50
d053
7156
d159
735c
d25f
7562
d365
7768
d46b
796e
d571
7b74
d677
5e1c
ca1f
6022
cb25
6228
cc2b
642e
cd31
6634
ce37
683a
cf3d
6a40
d043
6c46
d149
6e4c
d24f
7052
d355
7258
d45b
745e
d561
7664
d667
786a
d76d
7a70
d873
7c76
d979
5f1e
cd21
6124
ce27
632a
cf2d
6530
d033
6736
d139
693c
d23f
6b42
d345
6d48
d44b
6f4e
d551
7154
d657
735a
d75d
7560
d863
7766
d969
796c
da6f
7b72
db75
7d78
dc7b
6020
d023
6226
d129
642c
d22f
6632
d335
6838
d43b
6a3e
d541
6c44
d647
6e4a
d74d
7050
d853
7256
d959
745c
da5f
7662
db65
7868
dc6b
7a6e
dd71
7c74
de77
7e7a
df7d
6122
d325
6328
d42b
652e
d531
6734
d637
693a
d73d
6b40
d843
6d46
d949
6f4c
da4f
7152
db55
7358
dc5b
755e
dd61
7764
de67
796a
df6d
7b70
e073
7d76
e179
7f7c
e27f
6224
d627
642a
d72d
6630
d833
6836
d939
6a3c
da3f
6c42
db45
6e48
dc4b
704e
dd51
7254
de57
745a
df5d
7660
e063
7866
e169
7a6c
e26f
7c72
e375
7e78
e47b
807e
e581
6326
d929
652c
da2f
6732
db35
6938
dc3b
6b3e
dd41
6d44
de47
6f4a
df4d
7150
e053
7356
e159
755c
e25f
7762
e365
7968
e46b
7b6e
e571
7d74
e677
7f7a
e77d
8180
e883
6428
dc2b
662e
dd31
6834
de37
6a3a
df3d
6c40
e043
6e46
e149
704c
e24f
7252
e355
7458
e45b
765e
e561
7864
e667
7a6a
e76d
7c70
e873
7e76
e979
807c
ea7f
8282
eb85
652a
df2d
6730
e033
6936
e139
6b3c
e23f
6d42
e345
6f48
e44b
714e
e551
7354
e657
755a
e75d
7760
e863
7966
e969
7b6c
ea6f
7d72
eb75
7f78
ec7b
817e
ed81
8384
ee87
662c
e22f
6832
e335
6a38
e43b
6c3e
e541
6e44
e647
704a
e74d
7250
e853
7456
e959
765c
ea5f
7862
eb65
7a68
ec6b
7c6e
ed71
7e74
ee77
807a
ef7d
8280
f083
8486
f189
672e
e531
6934
e637
6b3a
e73d
6d40
e843
6f46
e949
714c
ea4f
7352
eb55
7558
ec5b
775e
ed61
7964
ee67
7b6a
ef6d
7d70
f073
7f76
f179
817c
f27f
8382
f385
8588
f48b
6830
e833
6a36
e939
6c3c
ea3f
6e42
eb45
7048
ec4b
724e
ed51
7454
ee57
765a
ef5d
7860
f063
7a66
f169
7c6c
f26f
7e72
f375
8078
f47b
827e
f581
8484
f687
868a
f78d
6932
eb35
6b38
ec3b
6d3e
ed41
6f44
ee47
714a
ef4d
7350
f053
7556
f159
775c
f25f
7962
f365
7b68
f46b
7d6e
f571
7f74
f677
817a
f77d
8380
f883
8586
f989
878c
fa8f
6a34
ee37
6c3a
ef3d
6e40
f043
7046
f149
724c
f24f
7452
f355
7658
f45b
785e
f561
7a64
f667
7c6a
f76d
7e70
f873
8076
f979
827c
fa7f
8482
fb85
8688
fc8b
888e
fd91
6b36
f139
6d3c
f23f
6f42
f345
7148
f44b
734e
f551
7554
f657
775a
f75d
7960
f863
7b66
f969
7d6c
fa6f
7f72
fb75
8178
fc7b
837e
fd81
8584
fe87
878a
ff8d
8990
0093
6c38
f43b
6e3e
f541
7044
f647
724a
f74d
7450
f853
7656
f959
785c
fa5f
7a62
fb65
7c68
fc6b
7e6e
fd71
8074
fe77
827a
ff7d
8480
0083
8686
0189
888c
028f
8a92
0395
6d3a
f73d
6f40
f843
7146
f949
734c
fa4f
7552
fb55
7758
fc5b
795e
fd61
7b64
fe67
7d6a
ff6d
7f70
0073
8176
0179
837c
027f
8582
0385
8788
048b
898e
0591
8b94
0697
6e3c
fa3f
7042
fb45
7248
fc4b
744e
fd51
7654
fe57
785a
ff5d
7a60
0063
7c66
0169
7e6c
026f
8072
0375
8278
047b
847e
0581
8684
0687
888a
078d
8a90
0893
8c96
0999
6f3e
fd41
7144
fe47
734a
ff4d
7550
0053
7756
0159
795c
025f
7b62
0365
7d68
046b
7f6e
0571
8174
0677
837a
077d
8580
0883
8786
0989
898c
0a8f
8b92
0b95
8d98
0c9b
7040
0043
7246
0149
744c
024f
7652
0355
7858
045b
7a5e
0561
7c64
0667
7e6a
076d
8070
0873
8276
0979
847c
0a7f
8682
0b85
8888
0c8b
8a8e
0d91
8c94
0e97
8e9a
0f9d
7142
0345
7348
044b
754e
0551
7754
0657
795a
075d
7b60
0863
7d66
0969
7f6c
0a6f
8172
0b75
8378
0c7b
857e
0d81
8784
0e87
898a
0f8d
8b90
1093
8d96
1199
8f9c
129f
7244
0647
744a
074d
7650
0853
7856
0959
7a5c
0a5f
7c62
0b65
7e68
0c6b
806e
0d71
8274
0e77
847a
0f7d
8680
1083
8886
1189
8a8c
128f
8c92
1395
8e98
149b
909e
15a1
7346
0949
754c
0a4f
7752
0b55
7958
0c5b
7b5e
0d61
7d64
0e67
7f6a
0f6d
8170
1073
8376
1179
857c
127f
8782
1385
8988
148b
8b8e
1591
8d94
1697
8f9a
179d
91a0
18a3
7448
0c4b
764e
0d51
7854
0e57
7a5a
0f5d
7c60
1063
7e66
1169
806c
126f
8272
1375
8478
147b
867e
1581
8884
1687
8a8a
178d
8c90
1893
8e96
1999
909c
1a9f
92a2
1ba5
754a
0f4d
7750
1053
7956
1159
7b5c
125f
7d62
1365
7f68
146b
816e
1571
8374
1677
857a
177d
8780
1883
8986
1989
8b8c
1a8f
8d92
1b95
8f98
1c9b
919e
1da1
93a4
1ea7
764c
124f
7852
1355
7a58
145b
7c5e
1561
7e64
1667
806a
176d
8270
1873
8476
1979
867c
1a7f
8882
1b85
8a88
1c8b
8c8e
1d91
8e94
1e97
909a
1f9d
92a0
20a3
94a6
21a9
774e
1551
7954
1657
7b5a
175d
7d60
1863
7f66
1969
816c
1a6f
8372
1b75
8578
1c7b
877e
1d81
8984
1e87
8b8a
1f8d
8d90
2093
8f96
2199
919c
229f
93a2
23a5
95a8
24ab
7850
1853
7a56
1959
7c5c
1a5f
7e62
1b65
8068
1c6b
826e
1d71
8474
1e77
867a
1f7d
8880
2083
8a86
2189
8c8c
228f
8e92
2395
9098
249b
929e
25a1
94a4
26a7
96aa
27ad
7952
1b55
7b58
1c5b
7d5e
1d61
7f64
1e67
816a
1f6d
8370
2073
8576
2179
877c
227f
8982
2385
8b88
248b
8d8e
2591
8f94
2697
919a
279d
93a0
28a3
95a6
29a9
97ac
2aaf
7a54
1e57
7c5a
1f5d
7e60
2063
8066
2169
826c
226f
8472
2375
8678
247b
887e
2581
8a84
2687
8c8a
278d
8e90
2893
9096
2999
929c
2a9f
94a2
2ba5
96a8
2cab
98ae
2db1
7b56
2159
7d5c
225f
7f62
2365
8168
246b
836e
2571
8574
2677
877a
277d
8980
2883
8b86
2989
8d8c
2a8f
8f92
2b95
9198
2c9b
939e
2da1
95a4
2ea7
97aa
2fad
99b0
30b3
7c58
245b
7e5e
2561
8064
2667
826a
276d
8470
2873
8676
2979
887c
2a7f
8a82
2b85
8c88
2c8b
8e8e
2d91
9094
2e97
929a
2f9d
94a0
30a3
96a6
31a9
98ac
32af
9ab2
33b5
7d5a
275d
7f60
2863
8166
2969
836c
2a6f
8572
2b75
8778
2c7b
897e
2d81
8b84
2e87
8d8a
2f8d
8f90
3093
9196
3199
939c
329f
95a2
33a5
97a8
34ab
99ae
35b1
9bb4
36b7
7e5c
2a5f
8062
2b65
8268
2c6b
846e
2d71
8674
2e77
887a
2f7d
8a80
3083
8c86
3189
8e8c
328f
9092
3395
9298
349b
949e
35a1
96a4
36a7
98aa
37ad
9ab0
38b3
9cb6
39b9
7f5e
2d61
8164
2e67
836a
2f6d
8570
3073
8776
3179
897c
327f
8b82
3385
8d88
348b
8f8e
3591
9194
3697
939a
379d
95a0
38a3
97a6
39a9
99ac
3aaf
9bb2
3bb5
9db8
3cbb
8060
3063
8266
3169
846c
326f
8672
3375
8878
347b
8a7e
3581
8c84
3687
8e8a
378d
9090
3893
9296
3999
949c
3a9f
96a2
3ba5
98a8
3cab
9aae
3db1
9cb4
3eb7
9eba
3fbd
8162
3365
8368
346b
856e
3571
8774
3677
897a
377d
8b80
3883
8d86
3989
8f8c
3a8f
9192
3b95
9398
3c9b
959e
3da1
97a4
3ea7
99aa
3fad
9bb0
40b3
9db6
41b9
9fbc
42bf
8264
3667
846a
376d
8670
3873
8876
3979
8a7c
3a7f
8c82
3b85
8e88
3c8b
908e
3d91
9294
3e97
949a
3f9d
96a0
40a3
98a6
41a9
9aac
42af
9cb2
43b5
9eb8
44bb
a0be
45c1
8366
3969
856c
3a6f
8772
3b75
8978
3c7b
8b7e
3d81
8d84
3e87
8f8a
3f8d
9190
4093
9396
4199
959c
429f
97a2
43a5
99a8
44ab
9bae
45b1
9db4
46b7
9fba
47bd
a1c0
48c3
8468
3c6b
866e
3d71
8874
3e77
8a7a
3f7d
8c80
4083
8e86
4189
908c
428f
9292
4395
9498
449b
969e
45a1
98a4
46a7
9aaa
47ad
9cb0
48b3
9eb6
49b9
a0bc
4abf
a2c2
4bc5
856a
3f6d
8770
4073
8976
4179
8b7c
427f
8d82
4385
8f88
448b
918e
4591
9394
4697
959a
479d
97a0
48a3
99a6
49a9
9bac
4aaf
9db2
4bb5
9fb8
4cbb
a1be
4dc1
a3c4
4ec7
866c
426f
8872
4375
8a78
447b
8c7e
4581
8e84
4687
908a
478d
9290
4893
9496
4999
969c
4a9f
98a2
4ba5
9aa8
4cab
9cae
4db1
9eb4
4eb7
a0ba
4fbd
a2c0
50c3
a4c6
51c9
876e
4571
8974
4677
8b7a
477d
8d80
4883
8f86
4989
918c
4a8f
9392
4b95
9598
4c9b
979e
4da1
99a4
4ea7
9baa
4fad
9db0
50b3
9fb6
51b9
a1bc
52bf
a3c2
53c5
a5c8
54cb
8870
4873
8a76
4979
8c7c
4a7f
8e82
4b85
9088
4c8b
928e
4d91
9494
4e97
969a
4f9d
98a0
50a3
9aa6
51a9
9cac
52af
9eb2
53b5
a0b8
54bb
a2be
55c1
a4c4
56c7
a6ca
57cd
8972
4b75
8b78
4c7b
8d7e
4d81
8f84
4e87
918a
4f8d
9390
5093
9596
5199
979c
529f
99a2
53a5
9ba8
54ab
9dae
55b1
9fb4
56b7
a1ba
57bd
a3c0
58c3
a5c6
59c9
a7cc
5acf
8a74
4e77
8c7a
4f7d
8e80
5083
9086
5189
928c
528f
9492
5395
9698
549b
989e
55a1
9aa4
56a7
9caa
57ad
9eb0
58b3
a0b6
59b9
a2bc
5abf
a4c2
5bc5
a6c8
5ccb
a8ce
5dd1
8b76
5179
8d7c
527f
8f82
5385
9188
548b
938e
5591
9594
5697
979a
579d
99a0
58a3
9ba6
59a9
9dac
5aaf
9fb2
5bb5
a1b8
5cbb
a3be
5dc1
a5c4
5ec7
a7ca
5fcd
a9d0
60d3
8c78
547b
8e7e
5581
9084
5687
928a
578d
9490
5893
9696
5999
989c
5a9f
9aa2
5ba5
9ca8
5cab
9eae
5db1
a0b4
5eb7
a2ba
5fbd
a4c0
60c3
a6c6
61c9
a8cc
62cf
aad2
63d5
8d7a
577d
8f80
5883
9186
5989
938c
5a8f
9592
5b95
9798
5c9b
999e
5da1
9ba4
5ea7
9daa
5fad
9fb0
60b3
a1b6
61b9
a3bc
62bf
a5c2
63c5
a7c8
64cb
a9ce
65d1
abd4
66d7
8e7c
5a7f
9082
5b85
9288
5c8b
948e
5d91
9694
5e97
989a
5f9d
9aa0
60a3
9ca6
61a9
9eac
62af
a0b2
63b5
a2b8
64bb
a4be
65c1
a6c4
66c7
a8ca
67cd
aad0
68d3
acd6
69d9
8f7e
5d81
9184
5e87
938a
5f8d
9590
6093
9796
6199
999c
629f
9ba2
63a5
9da8
64ab
9fae
65b1
a1b4
66b7
a3ba
67bd
a5c0
68c3
a7c6
69c9
a9cc
6acf
abd2
6bd5
add8
6cdb
9080
6083
9286
6189
948c
628f
9692
6395
9898
649b
9a9e
65a1
9ca4
66a7
9eaa
67ad
a0b0
68b3
a2b6
69b9
a4bc
6abf
a6c2
6bc5
a8c8
6ccb
aace
6dd1
acd4
6ed7
aeda
6fdd
9182
6385
9388
648b
958e
6591
9794
6697
999a
679d
9ba0
68a3
9da6
69a9
9fac
6aaf
a1b2
6bb5
a3b8
6cbb
a5be
6dc1
a7c4
6ec7
a9ca
6fcd
abd0
70d3
add6
71d9
afdc
72df
9284
6687
948a
678d
9690
6893
9896
6999
9a9c
6a9f
9ca2
6ba5
9ea8
6cab
a0ae
6db1
a2b4
6eb7
a4ba
6fbd
a6c0
70c3
a8c6
71c9
aacc
72cf
acd2
73d5
aed8
74db
b0de
75e1
9386
6989
958c
6a8f
9792
6b95
9998
6c9b
9b9e
6da1
9da4
6ea7
9faa
6fad
a1b0
70b3
a3b6
71b9
a5bc
72bf
a7c2
73c5
a9c8
74cb
abce
75d1
add4
76d7
afda
77dd
b1e0
78e3
9488
6c8b
968e
6d91
9894
6e97
9a9a
6f9d
9ca0
70a3
9ea6
71a9
a0ac
72af
a2b2
73b5
a4b8
74bb
a6be
75c1
a8c4
76c7
aaca
77cd
acd0
78d3
aed6
79d9
b0dc
7adf
b2e2
7be5
958a
6f8d
9790
7093
9996
7199
9b9c
729f
9da2
73a5
9fa8
74ab
a1ae
75b1
a3b4
76b7
a5ba
77bd
a7c0
78c3
a9c6
79c9
abcc
7acf
add2
7bd5
afd8
7cdb
b1de
7de1
b3e4
7ee7
968c
728f
9892
7395
9a98
749b
9c9e
75a1
9ea4
76a7
a0aa
77ad
a2b0
78b3
a4b6
79b9
a6bc
7abf
a8c2
7bc5
aac8
7ccb
acce
7dd1
aed4
7ed7
b0da
7fdd
b2e0
80e3
b4e6
81e9
978e
7591
9994
7697
9b9a
779d
9da0
78a3
9fa6
79a9
a1ac
7aaf
a3b2
7bb5
a5b8
7cbb
a7be
7dc1
a9c4
7ec7
abca
7fcd
add0
80d3
afd6
81d9
b1dc
82df
b3e2
83e5
b5e8
84eb
9890
7893
9a96
7999
9c9c
7a9f
9ea2
7ba5
a0a8
7cab
a2ae
7db1
a4b4
7eb7
a6ba
7fbd
a8c0
80c3
aac6
81c9
accc
82cf
aed2
83d5
b0d8
84db
b2de
85e1
b4e4
86e7
b6ea
87ed
9992
7b95
9b98
7c9b
9d9e
7da1
9fa4
7ea7
a1aa
7fad
a3b0
80b3
a5b6
81b9
a7bc
82bf
a9c2
83c5
abc8
84cb
adce
85d1
afd4
86d7
b1da
87dd
b3e0
88e3
b5e6
89e9
b7ec
8aef
9a94
7e97
9c9a
7f9d
9ea0
80a3
a0a6
81a9
a2ac
82af
a4b2
83b5
a6b8
84bb
a8be
85c1
aac4
86c7
acca
87cd
aed0
88d3
b0d6
89d9
b2dc
8adf
b4e2
8be5
b6e8
8ceb
b8ee
8df1
9b96
8199
9d9c
829f
9fa2
83a5
a1a8
84ab
a3ae
85b1
a5b4
86b7
a7ba
87bd
a9c0
88c3
abc6
89c9
adcc
8acf
afd2
8bd5
b1d8
8cdb
b3de
8de1
b5e4
8ee7
b7ea
8fed
b9f0
90f3
9c98
849b
9e9e
85a1
a0a4
86a7
a2aa
87ad
a4b0
88b3
a6b6
89b9
a8bc
8abf
aac2
8bc5
acc8
8ccb
aece
8dd1
b0d4
8ed7
b2da
8fdd
b4e0
90e3
b6e6
91e9
b8ec
92ef
baf2
93f5
9d9a
879d
9fa0
88a3
a1a6
89a9
a3ac
8aaf
a5b2
8bb5
a7b8
8cbb
a9be
8dc1
abc4
8ec7
adca
8fcd
afd0
90d3
b1d6
91d9
b3dc
92df
b5e2
93e5
b7e8
94eb
b9ee
95f1
bbf4
96f7
9e9c
8a9f
a0a2
8ba5
a2a8
8cab
a4ae
8db1
a6b4
8eb7
a8ba
8fbd
aac0
90c3
acc6
91c9
aecc
92cf
b0d2
93d5
b2d8
94db
b4de
95e1
b6e4
96e7
b8ea
97ed
baf0
98f3
bcf6
99f9
9f9e
8da1
a1a4
8ea7
a3aa
8fad
a5b0
90b3
a7b6
91b9
a9bc
92bf
abc2
93c5
adc8
94cb
afce
95d1
b1d4
96d7
b3da
97dd
b5e0
98e3
b7e6
99e9
b9ec
9aef
bbf2
9bf5
bdf8
9cfb
a0a0
90a3
a2a6
91a9
a4ac
92af
a6b2
93b5
a8b8
94bb
aabe
95c1
acc4
96c7
aeca
97cd
b0d0
98d3
b2d6
99d9
b4dc
9adf
b6e2
9be5
b8e8
9ceb
baee
9df1
bcf4
9ef7
befa
9ffd
a1a2
93a5
a3a8
94ab
a5ae
95b1
a7b4
96b7
a9ba
97bd
abc0
98c3
adc6
99c9
afcc
9acf
b1d2
9bd5
b3d8
9cdb
b5de
9de1
b7e4
9ee7
b9ea
9fed
bbf0
a0f3
bdf6
a1f9
bffc
a2ff
a2a4
96a7
a4aa
97ad
a6b0
98b3
a8b6
99b9
aabc
9abf
acc2
9bc5
aec8
9ccb
b0ce
9dd1
b2d4
9ed7
b4da
9fdd
b6e0
a0e3
b8e6
a1e9
baec
a2ef
bcf2
a3f5
bef8
a4fb
c0fe
a501
a3a6
99a9
a5ac
9aaf
a7b2
9bb5
a9b8
9cbb
abbe
9dc1
adc4
9ec7
afca
9fcd
b1d0
a0d3
b3d6
a1d9
b5dc
a2df
b7e2
a3e5
b9e8
a4eb
bbee
a5f1
bdf4
a6f7
bffa
a7fd
c100
a803
a4a8
9cab
a6ae
9db1
a8b4
9eb7
aaba
9fbd
acc0
a0c3
aec6
a1c9
b0cc
a2cf
b2d2
a3d5
b4d8
a4db
b6de
a5e1
b8e4
a6e7
baea
a7ed
bcf0
a8f3
bef6
a9f9
c0fc
aaff
c202
ab05
a5aa
9fad
a7b0
a0b3
a9b6
a1b9
abbc
a2bf
adc2
a3c5
afc8
a4cb
b1ce
a5d1
b3d4
a6d7
b5da
a7dd
b7e0
a8e3
b9e6
a9e9
bbec
aaef
bdf2
abf5
bff8
acfb
c1fe
ad01
c304
ae07
a6ac
a2af
a8b2
a3b5
aab8
a4bb
acbe
a5c1
aec4
a6c7
b0ca
a7cd
b2d0
a8d3
b4d6
a9d9
b6dc
aadf
b8e2
abe5
bae8
aceb
bcee
adf1
bef4
aef7
c0fa
affd
c200
b003
c406
b109
a7ae
a5b1
a9b4
a6b7
abba
a7bd
adc0
a8c3
afc6
a9c9
b1cc
aacf
b3d2
abd5
b5d8
acdb
b7de
ade1
b9e4
aee7
bbea
afed
bdf0
b0f3
bff6
b1f9
c1fc
b2ff
c302
b305
c508
b40b
a8b0
a8b3
aab6
a9b9
acbc
aabf
aec2
abc5
b0c8
accb
b2ce
add1
b4d4
aed7
b6da
afdd
b8e0
b0e3
bae6
b1e9
bcec
b2ef
bef2
b3f5
c0f8
b4fb
c2fe
b501
c404
b607
c60a
b70d
a9b2
abb5
abb8
acbb
adbe
adc1
afc4
aec7
b1ca
afcd
b3d0
b0d3
b5d6
b1d9
b7dc
b2df
b9e2
b3e5
bbe8
b4eb
bdee
b5f1
bff4
b6f7
c1fa
b7fd
c300
b803
c506
b909
c70c
ba0f
aab4
aeb7
acba
afbd
aec0
b0c3
b0c6
b1c9
b2cc
b2cf
b4d2
b3d5
b6d8
b4db
b8de
b5e1
bae4
b6e7
bcea
b7ed
bef0
b8f3
c0f6
b9f9
c2fc
baff
c402
bb05
c608
bc0b
c80e
bd11
abb6
b1b9
adbc
b2bf
afc2
b3c5
b1c8
b4cb
b3ce
b5d1
b5d4
b6d7
b7da
b7dd
b9e0
b8e3
bbe6
b9e9
bdec
baef
bff2
bbf5
c1f8
bcfb
c3fe
bd01
c504
be07
c70a
bf0d
c910
c013
acb8
b4bb
aebe
b5c1
b0c4
b6c7
b2ca
b7cd
b4d0
b8d3
b6d6
b9d9
b8dc
badf
bae2
bbe5
bce8
bceb
beee
bdf1
c0f4
bef7
c2fa
bffd
c400
c003
c606
c109
c80c
c20f
ca12
c315
adba
b7bd
afc0
b8c3
b1c6
b9c9
b3cc
bacf
b5d2
bbd5
b7d8
bcdb
b9de
bde1
bbe4
bee7
bdea
bfed
bff0
c0f3
c1f6
c1f9
c3fc
c2ff
c502
c305
c708
c40b
c90e
c511
cb14
c617
aebc
babf
b0c2
bbc5
b2c8
bccb
b4ce
bdd1
b6d4
bed7
b8da
bfdd
bae0
c0e3
bce6
c1e9
beec
c2ef
c0f2
c3f5
c2f8
c4fb
c4fe
c501
c604
c607
c80a
c70d
ca10
c813
cc16
c919
afbe
bdc1
b1c4
bec7
b3ca
bfcd
b5d0
c0d3
b7d6
c1d9
b9dc
c2df
bbe2
c3e5
bde8
c4eb
bfee
c5f1
c1f4
c6f7
c3fa
c7fd
c500
c803
c706
c909
c90c
ca0f
cb12
cb15
cd18
cc1b
b0c0
c0c3
b2c6
c1c9
b4cc
c2cf
b6d2
c3d5
b8d8
c4db
bade
c5e1
bce4
c6e7
beea
c7ed
c0f0
c8f3
c2f6
c9f9
c4fc
caff
c602
cb05
c808
cc0b
ca0e
cd11
cc14
ce17
ce1a
cf1d
b1c2
c3c5
b3c8
c4cb
b5ce
c5d1
b7d4
c6d7
b9da
c7dd
bbe0
c8e3
bde6
c9e9
bfec
caef
c1f2
cbf5
c3f8
ccfb
c5fe
cd01
c704
ce07
c90a
cf0d
cb10
d013
cd16
d119
cf1c
d21f
b2c4
c6c7
b4ca
c7cd
b6d0
c8d3
b8d6
c9d9
badc
cadf
bce2
cbe5
bee8
cceb
c0ee
cdf1
c2f4
cef7
c4fa
cffd
c600
d003
c806
d109
ca0c
d20f
cc12
d315
ce18
d41b
d01e
d521
b3c6
c9c9
b5cc
cacf
b7d2
cbd5
b9d8
ccdb
bbde
cde1
bde4
cee7
bfea
cfed
c1f0
d0f3
c3f6
d1f9
c5fc
d2ff
c702
d305
c908
d40b
cb0e
d511
cd14
d617
cf1a
d71d
d120
d823
b4c8
cccb
b6ce
cdd1
b8d4
ced7
bada
cfdd
bce0
d0e3
bee6
d1e9
c0ec
d2ef
c2f2
d3f5
c4f8
d4fb
c6fe
d501
c804
d607
ca0a
d70d
cc10
d813
ce16
d919
d01c
da1f
d222
db25
b5ca
cfcd
b7d0
d0d3
b9d6
d1d9
bbdc
d2df
bde2
d3e5
bfe8
d4eb
c1ee
d5f1
c3f4
d6f7
c5fa
d7fd
c700
d803
c906
d909
cb0c
da0f
cd12
db15
cf18
dc1b
d11e
dd21
d324
de27
b6cc
d2cf
b8d2
d3d5
bad8
d4db
bcde
d5e1
bee4
d6e7
c0ea
d7ed
c2f0
d8f3
c4f6
d9f9
c6fc
daff
c802
db05
ca08
dc0b
cc0e
dd11
ce14
de17
d01a
df1d
d220
e023
d426
e129
b7ce
d5d1
b9d4
d6d7
bbda
d7dd
bde0
d8e3
bfe6
d9e9
c1ec
daef
c3f2
dbf5
c5f8
dcfb
c7fe
dd01
c904
de07
cb0a
df0d
cd10
e013
cf16
e119
d11c
e21f
d322
e325
d528
e42b
b8d0
d8d3
bad6
d9d9
bcdc
dadf
bee2
dbe5
c0e8
dceb
c2ee
ddf1
c4f4
def7
c6fa
dffd
c800
e003
ca06
e109
cc0c
e20f
ce12
e315
d018
e41b
d21e
e521
d424
e627
d62a
e72d
b9d2
dbd5
bbd8
dcdb
bdde
dde1
bfe4
dee7
c1ea
dfed
c3f0
e0f3
c5f6
e1f9
c7fc
e2ff
c902
e305
cb08
e40b
cd0e
e511
cf14
e617
d11a
e71d
d320
e823
d526
e929
d72c
ea2f
bad4
ded7
bcda
dfdd
bee0
e0e3
c0e6
e1e9
c2ec
e2ef
c4f2
e3f5
c6f8
e4fb
c8fe
e501
ca04
e607
cc0a
e70d
ce10
e813
d016
e919
d21c
ea1f
d422
eb25
d628
ec2b
d82e
ed31
bbd6
e1d9
bddc
e2df
bfe2
e3e5
c1e8
e4eb
c3ee
e5f1
c5f4
e6f7
c7fa
e7fd
c900
e803
cb06
e909
cd0c
ea0f
cf12
eb15
d118
ec1b
d31e
ed21
d524
ee27
d72a
ef2d
d930
f033
bcd8
e4db
bede
e5e1
c0e4
e6e7
c2ea
e7ed
c4f0
e8f3
c6f6
e9f9
c8fc
eaff
ca02
eb05
cc08
ec0b
ce0e
ed11
d014
ee17
d21a
ef1d
d420
f023
d626
f129
d82c
f22f
da32
f335
bdda
e7dd
bfe0
e8e3
c1e6
e9e9
c3ec
eaef
c5f2
ebf5
c7f8
ecfb
c9fe
ed01
cb04
ee07
cd0a
ef0d
cf10
f013
d116
f119
d31c
f21f
d522
f325
d728
f42b
d92e
f531
db34
f637
bedc
eadf
c0e2
ebe5
c2e8
eceb
c4ee
edf1
c6f4
eef7
c8fa
effd
ca00
f003
cc06
f109
ce0c
f20f
d012
f315
d218
f41b
d41e
f521
d624
f627
d82a
f72d
da30
f833
dc36
f939
bfde
ede1
c1e4
eee7
c3ea
efed
c5f0
f0f3
c7f6
f1f9
c9fc
f2ff
cb02
f305
cd08
f40b
cf0e
f511
d114
f617
d31a
f71d
d520
f823
d726
f929
d92c
fa2f
db32
fb35
dd38
fc3b
c0e0
f0e3
c2e6
f1e9
c4ec
f2ef
c6f2
f3f5
c8f8
f4fb
cafe
f501
cc04
f607
ce0a
f70d
d010
f813
d216
f919
d41c
fa1f
d622
fb25
d828
fc2b
da2e
fd31
dc34
fe37
de3a
ff3d
c1e2
f3e5
c3e8
f4eb
c5ee
f5f1
c7f4
f6f7
c9fa
f7fd
cb00
f803
cd06
f909
cf0c
fa0f
d112
fb15
d318
fc1b
d51e
fd21
d724
fe27
d92a
ff2d
db30
0033
dd36
0139
df3c
023f
c2e4
f6e7
c4ea
f7ed
c6f0
f8f3
c8f6
f9f9
cafc
faff
cc02
fb05
ce08
fc0b
d00e
fd11
d214
fe17
d41a
ff1d
d620
0023
d826
0129
da2c
022f
dc32
0335
de38
043b
e03e
0541
c3e6
f9e9
c5ec
faef
c7f2
fbf5
c9f8
fcfb
cbfe
fd01
cd04
fe07
cf0a
ff0d
d110
0013
d316
0119
d51c
021f
d722
0325
d928
042b
db2e
0531
dd34
0637
df3a
073d
e140
0843
c4e8
fceb
c6ee
fdf1
c8f4
fef7
cafa
fffd
cc00
0003
ce06
0109
d00c
020f
d212
0315
d418
041b
d61e
0521
d824
0627
da2a
072d
dc30
0833
de36
0939
e03c
0a3f
e242
0b45
c5ea
ffed
c7f0
00f3
c9f6
01f9
cbfc
02ff
cd02
0305
cf08
040b
d10e
0511
d314
0617
d51a
071d
d720
0823
d926
0929
db2c
0a2f
dd32
0b35
df38
0c3b
e13e
0d41
e344
0e47
c6ec
02ef
c8f2
03f5
caf8
04fb
ccfe
0501
ce04
0607
d00a
070d
d210
0813
d416
0919
d61c
0a1f
d822
0b25
da28
0c2b
dc2e
0d31
de34
0e37
e03a
0f3d
e240
1043
e446
1149
c7ee
05f1
c9f4
06f7
cbfa
07fd
cd00
0803
cf06
0909
d10c
0a0f
d312
0b15
d518
0c1b
d71e
0d21
d924
0e27
db2a
0f2d
dd30
1033
df36
1139
e13c
123f
e342
1345
e548
144b
c8f0
08f3
caf6
09f9
ccfc
0aff
ce02
0b05
d008
0c0b
d20e
0d11
d414
0e17
d61a
0f1d
d820
1023
da26
1129
dc2c
122f
de32
1335
e038
143b
e23e
1541
e444
1647
e64a
174d
c9f2
0bf5
cbf8
0cfb
cdfe
0d01
cf04
0e07
d10a
0f0d
d310
1013
d516
1119
d71c
121f
d922
1325
db28
142b
dd2e
1531
df34
1637
e13a
173d
e340
1843
e546
1949
e74c
1a4f
caf4
0ef7
ccfa
0ffd
ce00
1003
d006
1109
d20c
120f
d412
1315
d618
141b
d81e
1521
da24
1627
dc2a
172d
de30
1833
e036
1939
e23c
1a3f
e442
1b45
e648
1c4b
e84e
1d51
cbf6
11f9
cdfc
12ff
cf02
1305
d108
140b
d30e
1511
d514
1617
d71a
171d
d920
1823
db26
1929
dd2c
1a2f
df32
1b35
e138
1c3b
e33e
1d41
e544
1e47
e74a
1f4d
e950
2053
ccf8
14fb
cefe
1501
d004
1607
d20a
170d
d410
1813
d616
1919
d81c
1a1f
da22
1b25
dc28
1c2b
de2e
1d31
e034
1e37
e23a
1f3d
e440
2043
e646
2149
e84c
224f
ea52
2355
cdfa
17fd
cf00
1803
d106
1909
d30c
1a0f
d512
1b15
d718
1c1b
d91e
1d21
db24
1e27
dd2a
1f2d
df30
2033
e136
2139
e33c
223f
e542
2345
e748
244b
e94e
2551
eb54
2657
cefc
1aff
d002
1b05
d208
1c0b
d40e
1d11
d614
1e17
d81a
1f1d
da20
2023
dc26
2129
de2c
222f
e032
2335
e238
243b
e43e
2541
e644
2647
e84a
274d
ea50
2853
ec56
2959
cffe
1d01
d104
1e07
d30a
1f0d
d510
2013
d716
2119
d91c
221f
db22
2325
dd28
242b
df2e
2531
e134
2637
e33a
273d
e540
2843
e746
2949
e94c
2a4f
eb52
2b55
ed58
2c5b
d000
2003
d206
2109
d40c
220f
d612
2315
d818
241b
da1e
2521
dc24
2627
de2a
272d
e030
2833
e236
2939
e43c
2a3f
e642
2b45
e848
2c4b
ea4e
2d51
ec54
2e57
ee5a
2f5d
d102
2305
d308
240b
d50e
2511
d714
2617
d91a
271d
db20
2823
dd26
2929
df2c
2a2f
e132
2b35
e338
2c3b
e53e
2d41
e744
2e47
e94a
2f4d
eb50
3053
ed56
3159
ef5c
325f
d204
2607
d40a
270d
d610
2813
d816
2919
da1c
2a1f
dc22
2b25
de28
2c2b
e02e
2d31
e234
2e37
e43a
2f3d
e640
3043
e846
3149
ea4c
324f
ec52
3355
ee58
345b
f05e
3561
d306
2909
d50c
2a0f
d712
2b15
d918
2c1b
db1e
2d21
dd24
2e27
df2a
2f2d
e130
3033
e336
3139
e53c
323f
e742
3345
e948
344b
eb4e
3551
ed54
3657
ef5a
375d
f160
3863
d408
2c0b
d60e
2d11
d814
2e17
da1a
2f1d
dc20
3023
de26
3129
e02c
322f
e232
3335
e438
343b
e63e
3541
e844
3647
ea4a
374d
ec50
3853
ee56
3959
f05c
3a5f
f262
3b65
d50a
2f0d
d710
3013
d916
3119
db1c
321f
dd22
3325
df28
342b
e12e
3531
e334
3637
e53a
373d
e740
3843
e946
3949
eb4c
3a4f
ed52
3b55
ef58
3c5b
f15e
3d61
f364
3e67
d60c
320f
d812
3315
da18
341b
dc1e
3521
de24
3627
e02a
372d
e230
3833
e436
3939
e63c
3a3f
e842
3b45
ea48
3c4b
ec4e
3d51
ee54
3e57
f05a
3f5d
f260
4063
f466
4169
d70e
3511
d914
3617
db1a
371d
dd20
3823
df26
3929
e12c
3a2f
e332
3b35
e538
3c3b
e73e
3d41
e944
3e47
eb4a
3f4d
ed50
4053
ef56
4159
f15c
425f
f362
4365
f568
446b
d810
3813
da16
3919
dc1c
3a1f
de22
3b25
e028
3c2b
e22e
3d31
e434
3e37
e63a
3f3d
e840
4043
ea46
4149
ec4c
424f
ee52
4355
f058
445b
f25e
4561
f464
4667
f66a
476d
d912
3b15
db18
3c1b
dd1e
3d21
df24
3e27
e12a
3f2d
e330
4033
e536
4139
e73c
423f
e942
4345
eb48
444b
ed4e
4551
ef54
4657
f15a
475d
f360
4863
f566
4969
f76c
4a6f
da14
3e17
dc1a
3f1d
de20
4023
e026
4129
e22c
422f
e432
4335
e638
443b
e83e
4541
ea44
4647
ec4a
474d
ee50
4853
f056
4959
f25c
4a5f
f462
4b65
f668
4c6b
f86e
4d71
db16
4119
dd1c
421f
df22
4325
e128
442b
e32e
4531
e534
4637
e73a
473d
e940
4843
eb46
4949
ed4c
4a4f
ef52
4b55
f158
4c5b
f35e
4d61
f564
4e67
f76a
4f6d
f970
5073
dc18
441b
de1e
4521
e024
4627
e22a
472d
e430
4833
e636
4939
e83c
4a3f
ea42
4b45
ec48
4c4b
ee4e
4d51
f054
4e57
f25a
4f5d
f460
5063
f666
5169
f86c
526f
fa72
5375
dd1a
471d
df20
4823
e126
4929
e32c
4a2f
e532
4b35
e738
4c3b
e93e
4d41
eb44
4e47
ed4a
4f4d
ef50
5053
f156
5159
f35c
525f
f562
5365
f768
546b
f96e
5571
fb74
5677
de1c
4a1f
e022
4b25
e228
4c2b
e42e
4d31
e634
4e37
e83a
4f3d
ea40
5043
ec46
5149
ee4c
524f
f052
5355
f258
545b
f45e
5561
f664
5667
f86a
576d
fa70
5873
fc76
5979
df1e
4d21
e124
4e27
e32a
4f2d
e530
5033
e736
5139
e93c
523f
eb42
5345
ed48
544b
ef4e
5551
f154
5657
f35a
575d
f560
5863
f766
5969
f96c
5a6f
fb72
5b75
fd78
5c7b
e020
5023
e226
5129
e42c
522f
e632
5335
e838
543b
ea3e
5541
ec44
5647
ee4a
574d
f050
5853
f256
5959
f45c
5a5f
f662
5b65
f868
5c6b
fa6e
5d71
fc74
5e77
fe7a
5f7d
e122
5325
e328
542b
e52e
5531
e734
5637
e93a
573d
eb40
5843
ed46
5949
ef4c
5a4f
f152
5b55
f358
5c5b
f55e
5d61
f764
5e67
f96a
5f6d
fb70
6073
fd76
6179
ff7c
627f
e224
5627
e42a
572d
e630
5833
e836
5939
ea3c
5a3f
ec42
5b45
ee48
5c4b
f04e
5d51
f254
5e57
f45a
5f5d
f660
6063
f866
6169
fa6c
626f
fc72
6375
fe78
647b
007e
6581
e326
5929
e52c
5a2f
e732
5b35
e938
5c3b
eb3e
5d41
ed44
5e47
ef4a
5f4d
f150
6053
f356
6159
f55c
625f
f762
6365
f968
646b
fb6e
6571
fd74
6677
ff7a
677d
0180
6883
e428
5c2b
e62e
5d31
e834
5e37
ea3a
5f3d
ec40
6043
ee46
6149
f04c
624f
f252
6355
f458
645b
f65e
6561
f864
6667
fa6a
676d
fc70
6873
fe76
6979
007c
6a7f
0282
6b85
e52a
5f2d
e730
6033
e936
6139
eb3c
623f
ed42
6345
ef48
644b
f14e
6551
f354
6657
f55a
675d
f760
6863
f966
6969
fb6c
6a6f
fd72
6b75
ff78
6c7b
017e
6d81
0384
6e87
e62c
622f
e832
6335
ea38
643b
ec3e
6541
ee44
6647
f04a
674d
f250
6853
f456
6959
f65c
6a5f
f862
6b65
fa68
6c6b
fc6e
6d71
fe74
6e77
007a
6f7d
0280
7083
0486
7189
e72e
6531
e934
6637
eb3a
673d
ed40
6843
ef46
6949
f14c
6a4f
f352
6b55
f558
6c5b
f75e
6d61
f964
6e67
fb6a
6f6d
fd70
7073
ff76
7179
017c
727f
0382
7385
0588
748b
e830
6833
ea36
6939
ec3c
6a3f
ee42
6b45
f048
6c4b
f24e
6d51
f454
6e57
f65a
6f5d
f860
7063
fa66
7169
fc6c
726f
fe72
7375
0078
747b
027e
7581
0484
7687
068a
778d
e932
6b35
eb38
6c3b
ed3e
6d41
ef44
6e47
f14a
6f4d
f350
7053
f556
7159
f75c
725f
f962
7365
fb68
746b
fd6e
7571
ff74
7677
017a
777d
0380
7883
0586
7989
078c
7a8f
ea34
6e37
ec3a
6f3d
ee40
7043
f046
7149
f24c
724f
f452
7355
f658
745b
f85e
7561
fa64
7667
fc6a
776d
fe70
7873
0076
7979
027c
7a7f
0482
7b85
0688
7c8b
088e
7d91
eb36
7139
ed3c
723f
ef42
7345
f148
744b
f34e
7551
f554
7657
f75a
775d
f960
7863
fb66
7969
fd6c
7a6f
ff72
7b75
0178
7c7b
037e
7d81
0584
7e87
078a
7f8d
0990
8093
ec38
743b
ee3e
7541
f044
7647
f24a
774d
f450
7853
f656
7959
f85c
7a5f
fa62
7b65
fc68
7c6b
fe6e
7d71
0074
7e77
027a
7f7d
0480
8083
0686
8189
088c
828f
0a92
8395
ed3a
773d
ef40
7843
f146
7949
f34c
7a4f
f552
7b55
f758
7c5b
f95e
7d61
fb64
7e67
fd6a
7f6d
ff70
8073
0176
8179
037c
827f
0582
8385
0788
848b
098e
8591
0b94
8697
ee3c
7a3f
f042
7b45
f248
7c4b
f44e
7d51
f654
7e57
f85a
7f5d
fa60
8063
fc66
8169
fe6c
826f
0072
8375
0278
847b
047e
8581
0684
8687
088a
878d
0a90
8893
0c96
8999
ef3e
7d41
f144
7e47
f34a
7f4d
f550
8053
f756
8159
f95c
825f
fb62
8365
fd68
846b
ff6e
8571
0174
8677
037a
877d
0580
8883
0786
8989
098c
8a8f
0b92
8b95
0d98
8c9b
f040
8043
f246
8149
f44c
824f
f652
8355
f858
845b
fa5e
8561
fc64
8667
fe6a
876d
0070
8873
0276
8979
047c
8a7f
0682
8b85
0888
8c8b
0a8e
8d91
0c94
8e97
0e9a
8f9d
f142
8345
f348
844b
f54e
8551
f754
8657
f95a
875d
fb60
8863
fd66
8969
ff6c
8a6f
0172
8b75
0378
8c7b
057e
8d81
0784
8e87
098a
8f8d
0b90
9093
0d96
9199
0f9c
929f
f244
8647
f44a
874d
f650
8853
f856
8959
fa5c
8a5f
fc62
8b65
fe68
8c6b
006e
8d71
0274
8e77
047a
8f7d
0680
9083
0886
9189
0a8c
928f
0c92
9395
0e98
949b
109e
95a1
f346
8949
f54c
8a4f
f752
8b55
f958
8c5b
fb5e
8d61
fd64
8e67
ff6a
8f6d
0170
9073
0376
9179
057c
927f
0782
9385
0988
948b
0b8e
9591
0d94
9697
0f9a
979d
11a0
98a3
f448
8c4b
f64e
8d51
f854
8e57
fa5a
8f5d
fc60
9063
fe66
9169
006c
926f
0272
9375
0478
947b
067e
9581
0884
9687
0a8a
978d
0c90
9893
0e96
9999
109c
9a9f
12a2
9ba5
f54a
8f4d
f750
9053
f956
9159
fb5c
925f
fd62
9365
ff68
946b
016e
9571
0374
9677
057a
977d
0780
9883
0986
9989
0b8c
9a8f
0d92
9b95
0f98
9c9b
119e
9da1
13a4
9ea7
f64c
924f
f852
9355
fa58
945b
fc5e
9561
fe64
9667
006a
976d
0270
9873
0476
9979
067c
9a7f
0882
9b85
0a88
9c8b
0c8e
9d91
0e94
9e97
109a
9f9d
12a0
a0a3
14a6
a1a9
f74e
9551
f954
9657
fb5a
975d
fd60
9863
ff66
9969
016c
9a6f
0372
9b75
0578
9c7b
077e
9d81
0984
9e87
0b8a
9f8d
0d90
a093
0f96
a199
119c
a29f
13a2
a3a5
15a8
a4ab
f850
9853
fa56
9959
fc5c
9a5f
fe62
9b65
0068
9c6b
026e
9d71
0474
9e77
067a
9f7d
0880
a083
0a86
a189
0c8c
a28f
0e92
a395
1098
a49b
129e
a5a1
14a4
a6a7
16aa
a7ad
f952
9b55
fb58
9c5b
fd5e
9d61
ff64
9e67
016a
9f6d
0370
a073
0576
a179
077c
a27f
0982
a385
0b88
a48b
0d8e
a591
0f94
a697
119a
a79d
13a0
a8a3
15a6
a9a9
17ac
aaaf
fa54
9e57
fc5a
9f5d
fe60
a063
0066
a169
026c
a26f
0472
a375
0678
a47b
087e
a581
0a84
a687
0c8a
a78d
0e90
a893
1096
a999
129c
aa9f
14a2
aba5
16a8
acab
18ae
adb1
fb56
a159
fd5c
a25f
ff62
a365
0168
a46b
036e
a571
0574
a677
077a
a77d
0980
a883
0b86
a989
0d8c
aa8f
0f92
ab95
1198
ac9b
139e
ada1
15a4
aea7
17aa
afad
19b0
b0b3
fc58
a45b
fe5e
a561
0064
a667
026a
a76d
0470
a873
0676
a979
087c
aa7f
0a82
ab85
0c88
ac8b
0e8e
ad91
1094
ae97
129a
af9d
14a0
b0a3
16a6
b1a9
18ac
b2af
1ab2
b3b5
fd5a
a75d
ff60
a863
0166
a969
036c
aa6f
0572
ab75
0778
ac7b
097e
ad81
0b84
ae87
0d8a
af8d
0f90
b093
1196
b199
139c
b29f
15a2
b3a5
17a8
b4ab
19ae
b5b1
1bb4
b6b7
fe5c
aa5f
0062
ab65
0268
ac6b
046e
ad71
0674
ae77
087a
af7d
0a80
b083
0c86
b189
0e8c
b28f
1092
b395
1298
b49b
149e
b5a1
16a4
b6a7
18aa
b7ad
1ab0
b8b3
1cb6
b9b9
ff5e
ad61
0164
ae67
036a
af6d
0570
b073
0776
b179
097c
b27f
0b82
b385
0d88
b48b
0f8e
b591
1194
b697
139a
b79d
15a0
b8a3
17a6
b9a9
19ac
baaf
1bb2
bbb5
1db8
bcbb
0060
b063
0266
b169
046c
b26f
0672
b375
0878
b47b
0a7e
b581
0c84
b687
0e8a
b78d
1090
b893
1296
b999
149c
ba9f
16a2
bba5
18a8
bcab
1aae
bdb1
1cb4
beb7
1eba
bfbd
0162
b365
0368
b46b
056e
b571
0774
b677
097a
b77d
0b80
b883
0d86
b989
0f8c
ba8f
1192
bb95
1398
bc9b
159e
bda1
17a4
bea7
19aa
bfad
1bb0
c0b3
1db6
c1b9
1fbc
c2bf
0264
b667
046a
b76d
0670
b873
0876
b979
0a7c
ba7f
0c82
bb85
0e88
bc8b
108e
bd91
1294
be97
149a
bf9d
16a0
c0a3
18a6
c1a9
1aac
c2af
1cb2
c3b5
1eb8
c4bb
20be
c5c1
0366
b969
056c
ba6f
0772
bb75
0978
bc7b
0b7e
bd81
0d84
be87
0f8a
bf8d
1190
c093
1396
c199
159c
c29f
17a2
c3a5
19a8
c4ab
1bae
c5b1
1db4
c6b7
1fba
c7bd
21c0
c8c3
0468
bc6b
066e
bd71
0874
be77
0a7a
bf7d
0c80
c083
0e86
c189
108c
c28f
1292
c395
1498
c49b
169e
c5a1
18a4
c6a7
1aaa
c7ad
1cb0
c8b3
1eb6
c9b9
20bc
cabf
22c2
cbc5
056a
bf6d
0770
c073
0976
c179
0b7c
c27f
0d82
c385
0f88
c48b
118e
c591
1394
c697
159a
c79d
17a0
c8a3
19a6
c9a9
1bac
caaf
1db2
cbb5
1fb8
ccbb
21be
cdc1
23c4
cec7
066c
c26f
0872
c375
0a78
c47b
0c7e
c581
0e84
c687
108a
c78d
1290
c893
1496
c999
169c
ca9f
18a2
cba5
1aa8
ccab
1cae
cdb1
1eb4
ceb7
20ba
cfbd
22c0
d0c3
24c6
d1c9
076e
c571
0974
c677
0b7a
c77d
0d80
c883
0f86
c989
118c
ca8f
1392
cb95
1598
cc9b
179e
cda1
19a4
cea7
1baa
cfad
1db0
d0b3
1fb6
d1b9
21bc
d2bf
23c2
d3c5
25c8
d4cb
0870
c873
0a76
c979
0c7c
ca7f
0e82
cb85
1088
cc8b
128e
cd91
1494
ce97
169a
cf9d
18a0
d0a3
1aa6
d1a9
1cac
d2af
1eb2
d3b5
20b8
d4bb
22be
d5c1
24c4
d6c7
26ca
d7cd
0972
cb75
0b78
cc7b
0d7e
cd81
0f84
ce87
118a
cf8d
1390
d093
1596
d199
179c
d29f
19a2
d3a5
1ba8
d4ab
1dae
d5b1
1fb4
d6b7
21ba
d7bd
23c0
d8c3
25c6
d9c9
27cc
dacf
0a74
ce77
0c7a
cf7d
0e80
d083
1086
d189
128c
d28f
1492
d395
1698
d49b
189e
d5a1
1aa4
d6a7
1caa
d7ad
1eb0
d8b3
20b6
d9b9
22bc
dabf
24c2
dbc5
26c8
dccb
28ce
ddd1
0b76
d179
0d7c
d27f
0f82
d385
1188
d48b
138e
d591
1594
d697
179a
d79d
19a0
d8a3
1ba6
d9a9
1dac
daaf
1fb2
dbb5
21b8
dcbb
23be
ddc1
25c4
dec7
27ca
dfcd
29d0
e0d3
0c78
d47b
0e7e
d581
1084
d687
128a
d78d
1490
d893
1696
d999
189c
da9f
1aa2
dba5
1ca8
dcab
1eae
ddb1
20b4
deb7
22ba
dfbd
24c0
e0c3
26c6
e1c9
28cc
e2cf
2ad2
e3d5
0d7a
d77d
0f80
d883
1186
d989
138c
da8f
1592
db95
1798
dc9b
199e
dda1
1ba4
dea7
1daa
dfad
1fb0
e0b3
21b6
e1b9
23bc
e2bf
25c2
e3c5
27c8
e4cb
29ce
e5d1
2bd4
e6d7
0e7c
da7f
1082
db85
1288
dc8b
148e
dd91
1694
de97
189a
df9d
1aa0
e0a3
1ca6
e1a9
1eac
e2af
20b2
e3b5
22b8
e4bb
24be
e5c1
26c4
e6c7
28ca
e7cd
2ad0
e8d3
2cd6
e9d9
0f7e
dd81
1184
de87
138a
df8d
1590
e093
1796
e199
199c
e29f
1ba2
e3a5
1da8
e4ab
1fae
e5b1
21b4
e6b7
23ba
e7bd
25c0
e8c3
27c6
e9c9
29cc
eacf
2bd2
ebd5
2dd8
ecdb
1080
e083
1286
e189
148c
e28f
1692
e395
1898
e49b
1a9e
e5a1
1ca4
e6a7
1eaa
e7ad
20b0
e8b3
22b6
e9b9
24bc
eabf
26c2
ebc5
28c8
eccb
2ace
edd1
2cd4
eed7
2eda
efdd
1182
e385
1388
e48b
158e
e591
1794
e697
199a
e79d
1ba0
e8a3
1da6
e9a9
1fac
eaaf
21b2
ebb5
23b8
ecbb
25be
edc1
27c4
eec7
29ca
efcd
2bd0
f0d3
2dd6
f1d9
2fdc
f2df
1284
e687
148a
e78d
1690
e893
1896
e999
1a9c
ea9f
1ca2
eba5
1ea8
ecab
20ae
edb1
22b4
eeb7
24ba
efbd
26c0
f0c3
28c6
f1c9
2acc
f2cf
2cd2
f3d5
2ed8
f4db
30de
f5e1
1386
e989
158c
ea8f
1792
eb95
1998
ec9b
1b9e
eda1
1da4
eea7
1faa
efad
21b0
f0b3
23b6
f1b9
25bc
f2bf
27c2
f3c5
29c8
f4cb
2bce
f5d1
2dd4
f6d7
2fda
f7dd
31e0
f8e3
1488
ec8b
168e
ed91
1894
ee97
1a9a
ef9d
1ca0
f0a3
1ea6
f1a9
20ac
f2af
22b2
f3b5
24b8
f4bb
26be
f5c1
28c4
f6c7
2aca
f7cd
2cd0
f8d3
2ed6
f9d9
30dc
fadf
32e2
fbe5
158a
ef8d
1790
f093
1996
f199
1b9c
f29f
1da2
f3a5
1fa8
f4ab
21ae
f5b1
23b4
f6b7
25ba
f7bd
27c0
f8c3
29c6
f9c9
2bcc
facf
2dd2
fbd5
2fd8
fcdb
31de
fde1
33e4
fee7
168c
f28f
1892
f395
1a98
f49b
1c9e
f5a1
1ea4
f6a7
20aa
f7ad
22b0
f8b3
24b6
f9b9
26bc
fabf
28c2
fbc5
2ac8
fccb
2cce
fdd1
2ed4
fed7
30da
ffdd
32e0
00e3
34e6
01e9
178e
f591
1994
f697
1b9a
f79d
1da0
f8a3
1fa6
f9a9
21ac
faaf
23b2
fbb5
25b8
fcbb
27be
fdc1
29c4
fec7
2bca
ffcd
2dd0
00d3
2fd6
01d9
31dc
02df
33e2
03e5
35e8
04eb
1890
f893
1a96
f999
1c9c
fa9f
1ea2
fba5
20a8
fcab
22ae
fdb1
24b4
feb7
26ba
ffbd
28c0
00c3
2ac6
01c9
2ccc
02cf
2ed2
03d5
30d8
04db
32de
05e1
34e4
06e7
36ea
07ed
1992
fb95
1b98
fc9b
1d9e
fda1
1fa4
fea7
21aa
ffad
23b0
00b3
25b6
01b9
27bc
02bf
29c2
03c5
2bc8
04cb
2dce
05d1
2fd4
06d7
31da
07dd
33e0
08e3
35e6
09e9
37ec
0aef
1a94
fe97
1c9a
ff9d
1ea0
00a3
20a6
01a9
22ac
02af
24b2
03b5
26b8
04bb
28be
05c1
2ac4
06c7
2cca
07cd
2ed0
08d3
30d6
09d9
32dc
0adf
34e2
0be5
36e8
0ceb
38ee
0df1
1b96
0199
1d9c
029f
1fa2
03a5
21a8
04ab
23ae
05b1
25b4
06b7
27ba
07bd
29c0
08c3
2bc6
09c9
2dcc
0acf
2fd2
0bd5
31d8
0cdb
33de
0de1
35e4
0ee7
37ea
0fed
39f0
10f3
1c98
049b
1e9e
05a1
20a4
06a7
22aa
07ad
24b0
08b3
26b6
09b9
28bc
0abf
2ac2
0bc5
2cc8
0ccb
2ece
0dd1
30d4
0ed7
32da
0fdd
34e0
10e3
36e6
11e9
38ec
12ef
3af2
13f5
1d9a
079d
1fa0
08a3
21a6
09a9
23ac
0aaf
25b2
0bb5
27b8
0cbb
29be
0dc1
2bc4
0ec7
2dca
0fcd
2fd0
10d3
31d6
11d9
33dc
12df
35e2
13e5
37e8
14eb
39ee
15f1
3bf4
16f7
1e9c
0a9f
20a2
0ba5
22a8
0cab
24ae
0db1
26b4
0eb7
28ba
0fbd
2ac0
10c3
2cc6
11c9
2ecc
12cf
30d2
13d5
32d8
14db
34de
15e1
36e4
16e7
38ea
17ed
3af0
18f3
3cf6
19f9
1f9e
0da1
21a4
0ea7
23aa
0fad
25b0
10b3
27b6
11b9
29bc
12bf
2bc2
13c5
2dc8
14cb
2fce
15d1
31d4
16d7
33da
17dd
35e0
18e3
37e6
19e9
39ec
1aef
3bf2
1bf5
3df8
1cfb
20a0
10a3
22a6
11a9
24ac
12af
26b2
13b5
28b8
14bb
2abe
15c1
2cc4
16c7
2eca
17cd
30d0
18d3
32d6
19d9
34dc
1adf
36e2
1be5
38e8
1ceb
3aee
1df1
3cf4
1ef7
3efa
1ffd
21a2
13a5
23a8
14ab
25ae
15b1
27b4
16b7
29ba
17bd
2bc0
18c3
2dc6
19c9
2fcc
1acf
31d2
1bd5
33d8
1cdb
35de
1de1
37e4
1ee7
39ea
1fed
3bf0
20f3
3df6
21f9
3ffc
22ff
22a4
16a7
24aa
17ad
26b0
18b3
28b6
19b9
2abc
1abf
2cc2
1bc5
2ec8
1ccb
30ce
1dd1
32d4
1ed7
34da
1fdd
36e0
20e3
38e6
21e9
3aec
22ef
3cf2
23f5
3ef8
24fb
40fe
2501
23a6
19a9
25ac
1aaf
27b2
1bb5
29b8
1cbb
2bbe
1dc1
2dc4
1ec7
2fca
1fcd
31d0
20d3
33d6
21d9
35dc
22df
37e2
23e5
39e8
24eb
3bee
25f1
3df4
26f7
3ffa
27fd
4100
2803
24a8
1cab
26ae
1db1
28b4
1eb7
2aba
1fbd
2cc0
20c3
2ec6
21c9
30cc
22cf
32d2
23d5
34d8
24db
36de
25e1
38e4
26e7
3aea
27ed
3cf0
28f3
3ef6
29f9
40fc
2aff
4202
2b05
25aa
1fad
27b0
20b3
29b6
21b9
2bbc
22bf
2dc2
23c5
2fc8
24cb
31ce
25d1
33d4
26d7
35da
27dd
37e0
28e3
39e6
29e9
3bec
2aef
3df2
2bf5
3ff8
2cfb
41fe
2d01
4304
2e07
26ac
22af
28b2
23b5
2ab8
24bb
2cbe
25c1
2ec4
26c7
30ca
27cd
32d0
28d3
34d6
29d9
36dc
2adf
38e2
2be5
3ae8
2ceb
3cee
2df1
3ef4
2ef7
40fa
2ffd
4200
3003
4406
3109
27ae
25b1
29b4
26b7
2bba
27bd
2dc0
28c3
2fc6
29c9
31cc
2acf
33d2
2bd5
35d8
2cdb
37de
2de1
39e4
2ee7
3bea
2fed
3df0
30f3
3ff6
31f9
41fc
32ff
4302
3305
4508
340b
28b0
28b3
2ab6
29b9
2cbc
2abf
2ec2
2bc5
30c8
2ccb
32ce
2dd1
34d4
2ed7
36da
2fdd
38e0
30e3
3ae6
31e9
3cec
32ef
3ef2
33f5
40f8
34fb
42fe
3501
4404
3607
460a
370d
29b2
2bb5
2bb8
2cbb
2dbe
2dc1
2fc4
2ec7
31ca
2fcd
33d0
30d3
35d6
31d9
37dc
32df
39e2
33e5
3be8
34eb
3dee
35f1
3ff4
36f7
41fa
37fd
4300
3803
4506
3909
470c
3a0f
2ab4
2eb7
2cba
2fbd
2ec0
30c3
30c6
31c9
32cc
32cf
34d2
33d5
36d8
34db
38de
35e1
3ae4
36e7
3cea
37ed
3ef0
38f3
40f6
39f9
42fc
3aff
4402
3b05
4608
3c0b
480e
3d11
2bb6
31b9
2dbc
32bf
2fc2
33c5
31c8
34cb
33ce
35d1
35d4
36d7
37da
37dd
39e0
38e3
3be6
39e9
3dec
3aef
3ff2
3bf5
41f8
3cfb
43fe
3d01
4504
3e07
470a
3f0d
4910
4013
2cb8
34bb
2ebe
35c1
30c4
36c7
32ca
37cd
34d0
38d3
36d6
39d9
38dc
3adf
3ae2
3be5
3ce8
3ceb
3eee
3df1
40f4
3ef7
42fa
3ffd
4400
4003
4606
4109
480c
420f
4a12
4315
2dba
37bd
2fc0
38c3
31c6
39c9
33cc
3acf
35d2
3bd5
37d8
3cdb
39de
3de1
3be4
3ee7
3dea
3fed
3ff0
40f3
41f6
41f9
43fc
42ff
4502
4305
4708
440b
490e
4511
4b14
4617
2ebc
3abf
30c2
3bc5
32c8
3ccb
34ce
3dd1
36d4
3ed7
38da
3fdd
3ae0
40e3
3ce6
41e9
3eec
42ef
40f2
43f5
42f8
44fb
44fe
4501
4604
4607
480a
470d
4a10
4813
4c16
4919
2fbe
3dc1
31c4
3ec7
33ca
3fcd
35d0
40d3
37d6
41d9
39dc
42df
3be2
43e5
3de8
44eb
3fee
45f1
41f4
46f7
43fa
47fd
4500
4803
4706
4909
490c
4a0f
4b12
4b15
4d18
4c1b
30c0
40c3
32c6
41c9
34cc
42cf
36d2
43d5
38d8
44db
3ade
45e1
3ce4
46e7
3eea
47ed
40f0
48f3
42f6
49f9
44fc
4aff
4602
4b05
4808
4c0b
4a0e
4d11
4c14
4e17
4e1a
4f1d
31c2
43c5
33c8
44cb
35ce
45d1
37d4
46d7
39da
47dd
3be0
48e3
3de6
49e9
3fec
4aef
41f2
4bf5
43f8
4cfb
45fe
4d01
4704
4e07
490a
4f0d
4b10
5013
4d16
5119
4f1c
521f
32c4
46c7
34ca
47cd
36d0
48d3
38d6
49d9
3adc
4adf
3ce2
4be5
3ee8
4ceb
40ee
4df1
42f4
4ef7
44fa
4ffd
4600
5003
4806
5109
4a0c
520f
4c12
5315
4e18
541b
501e
5521
33c6
49c9
35cc
4acf
37d2
4bd5
39d8
4cdb
3bde
4de1
3de4
4ee7
3fea
4fed
41f0
50f3
43f6
51f9
45fc
52ff
4702
5305
4908
540b
4b0e
5511
4d14
5617
4f1a
571d
5120
5823
34c8
4ccb
36ce
4dd1
38d4
4ed7
3ada
4fdd
3ce0
50e3
3ee6
51e9
40ec
52ef
42f2
53f5
44f8
54fb
46fe
5501
4804
5607
4a0a
570d
4c10
5813
4e16
5919
501c
5a1f
5222
5b25
35ca
4fcd
37d0
50d3
39d6
51d9
3bdc
52df
3de2
53e5
3fe8
54eb
41ee
55f1
43f4
56f7
45fa
57fd
4700
5803
4906
5909
4b0c
5a0f
4d12
5b15
4f18
5c1b
511e
5d21
5324
5e27
36cc
52cf
38d2
53d5
3ad8
54db
3cde
55e1
3ee4
56e7
40ea
57ed
42f0
58f3
44f6
59f9
46fc
5aff
4802
5b05
4a08
5c0b
4c0e
5d11
4e14
5e17
501a
5f1d
5220
6023
5426
6129
37ce
55d1
39d4
56d7
3bda
57dd
3de0
58e3
3fe6
59e9
41ec
5aef
43f2
5bf5
45f8
5cfb
47fe
5d01
4904
5e07
4b0a
5f0d
4d10
6013
4f16
6119
511c
621f
5322
6325
5528
642b
38d0
58d3
3ad6
59d9
3cdc
5adf
3ee2
5be5
40e8
5ceb
42ee
5df1
44f4
5ef7
46fa
5ffd
4800
6003
4a06
6109
4c0c
620f
4e12
6315
5018
641b
521e
6521
5424
6627
562a
672d
39d2
5bd5
3bd8
5cdb
3dde
5de1
3fe4
5ee7
41ea
5fed
43f0
60f3
45f6
61f9
47fc
62ff
4902
6305
4b08
640b
4d0e
6511
4f14
6617
511a
671d
5320
6823
5526
6929
572c
6a2f
3ad4
5ed7
3cda
5fdd
3ee0
60e3
40e6
61e9
42ec
62ef
44f2
63f5
46f8
64fb
48fe
6501
4a04
6607
4c0a
670d
4e10
6813
5016
6919
521c
6a1f
5422
6b25
5628
6c2b
582e
6d31
3bd6
61d9
3ddc
62df
3fe2
63e5
41e8
64eb
43ee
65f1
45f4
66f7
47fa
67fd
4900
6803
4b06
6909
4d0c
6a0f
4f12
6b15
5118
6c1b
531e
6d21
5524
6e27
572a
6f2d
5930
7033
3cd8
64db
3ede
65e1
40e4
66e7
42ea
67ed
44f0
68f3
46f6
69f9
48fc
6aff
4a02
6b05
4c08
6c0b
4e0e
6d11
5014
6e17
521a
6f1d
5420
7023
5626
7129
582c
722f
5a32
7335
3dda
67dd
3fe0
68e3
41e6
69e9
43ec
6aef
45f2
6bf5
47f8
6cfb
49fe
6d01
4b04
6e07
4d0a
6f0d
4f10
7013
5116
7119
531c
721f
5522
7325
5728
742b
592e
7531
5b34
7637
3edc
6adf
40e2
6be5
42e8
6ceb
44ee
6df1
46f4
6ef7
48fa
6ffd
4a00
7003
4c06
7109
4e0c
720f
5012
7315
5218
741b
541e
7521
5624
7627
582a
772d
5a30
7833
5c36
7939
3fde
6de1
41e4
6ee7
43ea
6fed
45f0
70f3
47f6
71f9
49fc
72ff
4b02
7305
4d08
740b
4f0e
7511
5114
7617
531a
771d
5520
7823
5726
7929
592c
7a2f
5b32
7b35
5d38
7c3b
40e0
70e3
42e6
71e9
44ec
72ef
46f2
73f5
48f8
74fb
4afe
7501
4c04
7607
4e0a
770d
5010
7813
5216
7919
541c
7a1f
5622
7b25
5828
7c2b
5a2e
7d31
5c34
7e37
5e3a
7f3d
41e2
73e5
43e8
74eb
45ee
75f1
47f4
76f7
49fa
77fd
4b00
7803
4d06
7909
4f0c
7a0f
5112
7b15
5318
7c1b
551e
7d21
5724
7e27
592a
7f2d
5b30
8033
5d36
8139
5f3c
823f
42e4
76e7
44ea
77ed
46f0
78f3
48f6
79f9
4afc
7aff
4c02
7b05
4e08
7c0b
500e
7d11
5214
7e17
541a
7f1d
5620
8023
5826
8129
5a2c
822f
5c32
8335
5e38
843b
603e
8541
43e6
79e9
45ec
7aef
47f2
7bf5
49f8
7cfb
4bfe
7d01
4d04
7e07
4f0a
7f0d
5110
8013
5316
8119
551c
821f
5722
8325
5928
842b
5b2e
8531
5d34
8637
5f3a
873d
6140
8843
44e8
7ceb
46ee
7df1
48f4
7ef7
4afa
7ffd
4c00
8003
4e06
8109
500c
820f
5212
8315
5418
841b
561e
8521
5824
8627
5a2a
872d
5c30
8833
5e36
8939
603c
8a3f
6242
8b45
45ea
7fed
47f0
80f3
49f6
81f9
4bfc
82ff
4d02
8305
4f08
840b
510e
8511
5314
8617
551a
871d
5720
8823
5926
8929
5b2c
8a2f
5d32
8b35
5f38
8c3b
613e
8d41
6344
8e47
46ec
82ef
48f2
83f5
4af8
84fb
4cfe
8501
4e04
8607
500a
870d
5210
8813
5416
8919
561c
8a1f
5822
8b25
5a28
8c2b
5c2e
8d31
5e34
8e37
603a
8f3d
6240
9043
6446
9149
47ee
85f1
49f4
86f7
4bfa
87fd
4d00
8803
4f06
8909
510c
8a0f
5312
8b15
5518
8c1b
571e
8d21
5924
8e27
5b2a
8f2d
5d30
9033
5f36
9139
613c
923f
6342
9345
6548
944b
48f0
88f3
4af6
89f9
4cfc
8aff
4e02
8b05
5008
8c0b
520e
8d11
5414
8e17
561a
8f1d
5820
9023
5a26
9129
5c2c
922f
5e32
9335
6038
943b
623e
9541
6444
9647
664a
974d
49f2
8bf5
4bf8
8cfb
4dfe
8d01
4f04
8e07
510a
8f0d
5310
9013
5516
9119
571c
921f
5922
9325
5b28
942b
5d2e
9531
5f34
9637
613a
973d
6340
9843
6546
9949
674c
9a4f
4af4
8ef7
4cfa
8ffd
4e00
9003
5006
9109
520c
920f
5412
9315
5618
941b
581e
9521
5a24
9627
5c2a
972d
5e30
9833
6036
9939
623c
9a3f
6442
9b45
6648
9c4b
684e
9d51
4bf6
91f9
4dfc
92ff
4f02
9305
5108
940b
530e
9511
5514
9617
571a
971d
5920
9823
5b26
9929
5d2c
9a2f
5f32
9b35
6138
9c3b
633e
9d41
6544
9e47
674a
9f4d
6950
a053
4cf8
94fb
4efe
9501
5004
9607
520a
970d
5410
9813
5616
9919
581c
9a1f
5a22
9b25
5c28
9c2b
5e2e
9d31
6034
9e37
623a
9f3d
6440
a043
6646
a149
684c
a24f
6a52
a355
4dfa
97fd
4f00
9803
5106
9909
530c
9a0f
5512
9b15
5718
9c1b
591e
9d21
5b24
9e27
5d2a
9f2d
5f30
a033
6136
a139
633c
a23f
6542
a345
6748
a44b
694e
a551
6b54
a657
4efc
9aff
5002
9b05
5208
9c0b
540e
9d11
5614
9e17
581a
9f1d
5a20
a023
5c26
a129
5e2c
a22f
6032
a335
6238
a43b
643e
a541
6644
a647
684a
a74d
6a50
a853
6c56
a959
4ffe
9d01
5104
9e07
530a
9f0d
5510
a013
5716
a119
591c
a21f
5b22
a325
5d28
a42b
5f2e
a531
6134
a637
633a
a73d
6540
a843
6746
a949
694c
aa4f
6b52
ab55
6d58
ac5b
5000
a003
5206
a109
540c
a20f
5612
a315
5818
a41b
5a1e
a521
5c24
a627
5e2a
a72d
6030
a833
6236
a939
643c
aa3f
6642
ab45
6848
ac4b
6a4e
ad51
6c54
ae57
6e5a
af5d
5102
a305
5308
a40b
550e
a511
5714
a617
591a
a71d
5b20
a823
5d26
a929
5f2c
aa2f
6132
ab35
6338
ac3b
653e
ad41
6744
ae47
694a
af4d
6b50
b053
6d56
b159
6f5c
b25f
5204
a607
540a
a70d
5610
a813
5816
a919
5a1c
aa1f
5c22
ab25
5e28
ac2b
602e
ad31
6234
ae37
643a
af3d
6640
b043
6846
b149
6a4c
b24f
6c52
b355
6e58
b45b
705e
b561
5306
a909
550c
aa0f
5712
ab15
5918
ac1b
5b1e
ad21
5d24
ae27
5f2a
af2d
6130
b033
6336
b139
653c
b23f
6742
b345
6948
b44b
6b4e
b551
6d54
b657
6f5a
b75d
7160
b863
5408
ac0b
560e
ad11
5814
ae17
5a1a
af1d
5c20
b023
5e26
b129
602c
b22f
6232
b335
6438
b43b
663e
b541
6844
b647
6a4a
b74d
6c50
b853
6e56
b959
705c
ba5f
7262
bb65
550a
af0d
5710
b013
5916
b119
5b1c
b21f
5d22
b325
5f28
b42b
612e
b531
6334
b637
653a
b73d
6740
b843
6946
b949
6b4c
ba4f
6d52
bb55
6f58
bc5b
715e
bd61
7364
be67
560c
b20f
5812
b315
5a18
b41b
5c1e
b521
5e24
b627
602a
b72d
6230
b833
6436
b939
663c
ba3f
6842
bb45
6a48
bc4b
6c4e
bd51
6e54
be57
705a
bf5d
7260
c063
7466
c169
570e
b511
5914
b617
5b1a
b71d
5d20
b823
5f26
b929
612c
ba2f
6332
bb35
6538
bc3b
673e
bd41
6944
be47
6b4a
bf4d
6d50
c053
6f56
c159
715c
c25f
7362
c365
7568
c46b
5810
b813
5a16
b919
5c1c
ba1f
5e22
bb25
6028
bc2b
622e
bd31
6434
be37
663a
bf3d
6840
c043
6a46
c149
6c4c
c24f
6e52
c355
7058
c45b
725e
c561
7464
c667
766a
c76d
5912
bb15
5b18
bc1b
5d1e
bd21
5f24
be27
612a
bf2d
6330
c033
6536
c139
673c
c23f
6942
c345
6b48
c44b
6d4e
c551
6f54
c657
715a
c75d
7360
c863
7566
c969
776c
ca6f
5a14
be17
5c1a
bf1d
5e20
c023
6026
c129
622c
c22f
6432
c335
6638
c43b
683e
c541
6a44
c647
6c4a
c74d
6e50
c853
7056
c959
725c
ca5f
7462
cb65
7668
cc6b
786e
cd71
5b16
c119
5d1c
c21f
5f22
c325
6128
c42b
632e
c531
6534
c637
673a
c73d
6940
c843
6b46
c949
6d4c
ca4f
6f52
cb55
7158
cc5b
735e
cd61
7564
ce67
776a
cf6d
7970
d073
5c18
c41b
5e1e
c521
6024
c627
622a
c72d
6430
c833
6636
c939
683c
ca3f
6a42
cb45
6c48
cc4b
6e4e
cd51
7054
ce57
725a
cf5d
7460
d063
7666
d169
786c
d26f
7a72
d375
5d1a
c71d
5f20
c823
6126
c929
632c
ca2f
6532
cb35
6738
cc3b
693e
cd41
6b44
ce47
6d4a
cf4d
6f50
d053
7156
d159
735c
d25f
7562
d365
7768
d46b
796e
d571
7b74
d677
5e1c
ca1f
6022
cb25
6228
cc2b
642e
cd31
6634
ce37
683a
cf3d
6a40
d043
6c46
d149
6e4c
d24f
7052
d355
7258
d45b
745e
d561
7664
d667
786a
d76d
7a70
d873
7c76
d979
5f1e
cd21
6124
ce27
632a
cf2d
6530
d033
6736
d139
693c
d23f
6b42
d345
6d48
d44b
6f4e
d551
7154
d657
735a
d75d
7560
d863
7766
d969
796c
da6f
7b72
db75
7d78
dc7b
6020
d023
6226
d129
642c
d22f
6632
d335
6838
d43b
6a3e
d541
6c44
d647
6e4a
d74d
7050
d853
7256
d959
745c
da5f
7662
db65
7868
dc6b
7a6e
dd71
7c74
de77
7e7a
df7d
6122
d325
6328
d42b
652e
d531
6734
d637
693a
d73d
6b40
d843
6d46
d949
6f4c
da4f
7152
db55
7358
dc5b
755e
dd61
7764
de67
796a
df6d
7b70
e073
7d76
e179
7f7c
e27f
6224
d627
642a
d72d
6630
d833
6836
d939
6a3c
da3f
6c42
db45
6e48
dc4b
704e
dd51
7254
de57
745a
df5d
7660
e063
7866
e169
7a6c
e26f
7c72
e375
7e78
e47b
807e
e581
6326
d929
652c
da2f
6732
db35
6938
dc3b
6b3e
dd41
6d44
de47
6f4a
df4d
7150
e053
7356
e159
755c
e25f
7762
e365
7968
e46b
7b6e
e571
7d74
e677
7f7a
e77d
8180
e883
6428
dc2b
662e
dd31
6834
de37
6a3a
df3d
6c40
e043
6e46
e149
704c
e24f
7252
e355
7458
e45b
765e
e561
7864
e667
7a6a
e76d
7c70
e873
7e76
e979
807c
ea7f
8282
eb85
652a
df2d
6730
e033
6936
e139
6b3c
e23f
6d42
e345
6f48
e44b
714e
e551
7354
e657
755a
e75d
7760
e863
7966
e969
7b6c
ea6f
7d72
eb75
7f78
ec7b
817e
ed81
8384
ee87
662c
e22f
6832
e335
6a38
e43b
6c3e
e541
6e44
e647
704a
e74d
7250
e853
7456
e959
765c
ea5f
7862
eb65
7a68
ec6b
7c6e
ed71
7e74
ee77
807a
ef7d
8280
f083
8486
f189
672e
e531
6934
e637
6b3a
e73d
6d40
e843
6f46
e949
714c
ea4f
7352
eb55
7558
ec5b
775e
ed61
7964
ee67
7b6a
ef6d
7d70
f073
7f76
f179
817c
f27f
8382
f385
8588
f48b
6830
e833
6a36
e939
6c3c
ea3f
6e42
eb45
7048
ec4b
724e
ed51
7454
ee57
765a
ef5d
7860
f063
7a66
f169
7c6c
f26f
7e72
f375
8078
f47b
827e
f581
8484
f687
868a
f78d
6932
eb35
6b38
ec3b
6d3e
ed41
6f44
ee47
714a
ef4d
7350
f053
7556
f159
775c
f25f
7962
f365
7b68
f46b
7d6e
f571
7f74
f677
817a
f77d
8380
f883
8586
f989
878c
fa8f
6a34
ee37
6c3a
ef3d
6e40
f043
7046
f149
724c
f24f
7452
f355
7658
f45b
785e
f561
7a64
f667
7c6a
f76d
7e70
f873
8076
f979
827c
fa7f
8482
fb85
8688
fc8b
888e
fd91
6b36
f139
6d3c
f23f
6f42
f345
7148
f44b
734e
f551
7554
f657
775a
f75d
7960
f863
7b66
f969
7d6c
fa6f
7f72
fb75
8178
fc7b
837e
fd81
8584
fe87
878a
ff8d
8990
0093
6c38
f43b
6e3e
f541
7044
f647
724a
f74d
7450
f853
7656
f959
785c
fa5f
7a62
fb65
7c68
fc6b
7e6e
fd71
8074
fe77
827a
ff7d
8480
0083
8686
0189
888c
028f
8a92
0395
6d3a
f73d
6f40
f843
7146
f949
734c
fa4f
7552
fb55
7758
fc5b
795e
fd61
7b64
fe67
7d6a
ff6d
7f70
0073
8176
0179
837c
027f
8582
0385
8788
048b
898e
0591
8b94
0697
6e3c
fa3f
7042
fb45
7248
fc4b
744e
fd51
7654
fe57
785a
ff5d
7a60
0063
7c66
0169
7e6c
026f
8072
0375
8278
047b
847e
0581
8684
0687
888a
078d
8a90
0893
8c96
0999
6f3e
fd41
7144
fe47
734a
ff4d
7550
0053
7756
0159
795c
025f
7b62
0365
7d68
046b
7f6e
0571
8174
0677
837a
077d
8580
0883
8786
0989
898c
0a8f
8b92
0b95
8d98
0c9b
7040
0043
7246
0149
744c
024f
7652
0355
7858
045b
7a5e
0561
7c64
0667
7e6a
076d
8070
0873
8276
0979
847c
0a7f
8682
0b85
8888
0c8b
8a8e
0d91
8c94
0e97
8e9a
0f9d
7142
0345
7348
044b
754e
0551
7754
0657
795a
075d
7b60
0863
7d66
0969
7f6c
0a6f
8172
0b75
8378
0c7b
857e
0d81
8784
0e87
898a
0f8d
8b90
1093
8d96
1199
8f9c
129f
7244
0647
744a
074d
7650
0853
7856
0959
7a5c
0a5f
7c62
0b65
7e68
0c6b
806e
0d71
8274
0e77
847a
0f7d
8680
1083
8886
1189
8a8c
128f
8c92
1395
8e98
149b
909e
15a1
7346
0949
754c
0a4f
7752
0b55
7958
0c5b
7b5e
0d61
7d64
0e67
7f6a
0f6d
8170
1073
8376
1179
857c
127f
8782
1385
8988
148b
8b8e
1591
8d94
1697
8f9a
179d
91a0
18a3
7448
0c4b
764e
0d51
7854
0e57
7a5a
0f5d
7c60
1063
7e66
1169
806c
126f
8272
1375
8478
147b
867e
1581
8884
1687
8a8a
178d
8c90
1893
8e96
1999
909c
1a9f
92a2
1ba5
754a
0f4d
7750
1053
7956
1159
7b5c
125f
7d62
1365
7f68
146b
816e
1571
8374
1677
857a
177d
8780
1883
8986
1989
8b8c
1a8f
8d92
1b95
8f98
1c9b
919e
1da1
93a4
1ea7
764c
124f
7852
1355
7a58
145b
7c5e
1561
7e64
1667
806a
176d
8270
1873
8476
1979
867c
1a7f
8882
1b85
8a88
1c8b
8c8e
1d91
8e94
1e97
909a
1f9d
92a0
20a3
94a6
21a9
774e
1551
7954
1657
7b5a
175d
7d60
1863
7f66
1969
816c
1a6f
8372
1b75
8578
1c7b
877e
1d81
8984
1e87
8b8a
1f8d
8d90
2093
8f96
2199
919c
229f
93a2
23a5
95a8
24ab
7850
1853
7a56
1959
7c5c
1a5f
7e62
1b65
8068
1c6b
826e
1d71
8474
1e77
867a
1f7d
8880
2083
8a86
2189
8c8c
228f
8e92
2395
9098
249b
929e
25a1
94a4
26a7
96aa
27ad
7952
1b55
7b58
1c5b
7d5e
1d61
7f64
1e67
816a
1f6d
8370
2073
8576
2179
877c
227f
8982
2385
8b88
248b
8d8e
2591
8f94
2697
919a
279d
93a0
28a3
95a6
29a9
97ac
2aaf
7a54
1e57
7c5a
1f5d
7e60
2063
8066
2169
826c
226f
8472
2375
8678
247b
887e
2581
8a84
2687
8c8a
278d
8e90
2893
9096
2999
929c
2a9f
94a2
2ba5
96a8
2cab
98ae
2db1
7b56
2159
7d5c
225f
7f62
2365
8168
246b
836e
2571
8574
2677
877a
277d
8980
2883
8b86
2989
8d8c
2a8f
8f92
2b95
9198
2c9b
939e
2da1
95a4
2ea7
97aa
2fad
99b0
30b3
7c58
245b
7e5e
2561
8064
2667
826a
276d
8470
2873
8676
2979
887c
2a7f
8a82
2b85
8c88
2c8b
8e8e
2d91
9094
2e97
929a
2f9d
94a0
30a3
96a6
31a9
98ac
32af
9ab2
33b5
7d5a
275d
7f60
2863
8166
2969
836c
2a6f
8572
2b75
8778
2c7b
897e
2d81
8b84
2e87
8d8a
2f8d
8f90
3093
9196
3199
939c
329f
95a2
33a5
97a8
34ab
99ae
35b1
9bb4
36b7
7e5c
2a5f
8062
2b65
8268
2c6b
846e
2d71
8674
2e77
887a
2f7d
8a80
3083
8c86
3189
8e8c
328f
9092
3395
9298
349b
949e
35a1
96a4
36a7
98aa
37ad
9ab0
38b3
9cb6
39b9
7f5e
2d61
8164
2e67
836a
2f6d
8570
3073
8776
3179
897c
327f
8b82
3385
8d88
348b
8f8e
3591
9194
3697
939a
379d
95a0
38a3
97a6
39a9
99ac
3aaf
9bb2
3bb5
9db8
3cbb
8060
3063
8266
3169
846c
326f
8672
3375
8878
347b
8a7e
3581
8c84
3687
8e8a
378d
9090
3893
9296
3999
949c
3a9f
96a2
3ba5
98a8
3cab
9aae
3db1
9cb4
3eb7
9eba
3fbd
8162
3365
8368
346b
856e
3571
8774
3677
897a
377d
8b80
3883
8d86
3989
8f8c
3a8f
9192
3b95
9398
3c9b
959e
3da1
97a4
3ea7
99aa
3fad
9bb0
40b3
9db6
41b9
9fbc
42bf
8264
3667
846a
376d
8670
3873
8876
3979
8a7c
3a7f
8c82
3b85
8e88
3c8b
908e
3d91
9294
3e97
949a
3f9d
96a0
40a3
98a6
41a9
9aac
42af
9cb2
43b5
9eb8
44bb
a0be
45c1
8366
3969
856c
3a6f
8772
3b75
8978
3c7b
8b7e
3d81
8d84
3e87
8f8a
3f8d
9190
4093
9396
4199
959c
429f
97a2
43a5
99a8
44ab
9bae
45b1
9db4
46b7
9fba
47bd
a1c0
48c3
8468
3c6b
866e
3d71
8874
3e77
8a7a
3f7d
8c80
4083
8e86
4189
908c
428f
9292
4395
9498
449b
969e
45a1
98a4
46a7
9aaa
47ad
9cb0
48b3
9eb6
49b9
a0bc
4abf
a2c2
4bc5
856a
3f6d
8770
4073
8976
4179
8b7c
427f
8d82
4385
8f88
448b
918e
4591
9394
4697
959a
479d
97a0
48a3
99a6
49a9
9bac
4aaf
9db2
4bb5
9fb8
4cbb
a1be
4dc1
a3c4
4ec7
866c
426f
8872
4375
8a78
447b
8c7e
4581
8e84
4687
908a
478d
9290
4893
9496
4999
969c
4a9f
98a2
4ba5
9aa8
4cab
9cae
4db1
9eb4
4eb7
a0ba
4fbd
a2c0
50c3
a4c6
51c9
876e
4571
8974
4677
8b7a
477d
8d80
4883
8f86
4989
918c
4a8f
9392
4b95
9598
4c9b
979e
4da1
99a4
4ea7
9baa
4fad
9db0
50b3
9fb6
51b9
a1bc
52bf
a3c2
53c5
a5c8
54cb
8870
4873
8a76
4979
8c7c
4a7f
8e82
4b85
9088
4c8b
928e
4d91
9494
4e97
969a
4f9d
98a0
50a3
9aa6
51a9
9cac
52af
9eb2
53b5
a0b8
54bb
a2be
55c1
a4c4
56c7
a6ca
57cd
8972
4b75
8b78
4c7b
8d7e
4d81
8f84
4e87
918a
4f8d
9390
5093
9596
5199
979c
529f
99a2
53a5
9ba8
54ab
9dae
55b1
9fb4
56b7
a1ba
57bd
a3c0
58c3
a5c6
59c9
a7cc
5acf
8a74
4e77
8c7a
4f7d
8e80
5083
9086
5189
928c
528f
9492
5395
9698
549b
989e
55a1
9aa4
56a7
9caa
57ad
9eb0
58b3
a0b6
59b9
a2bc
5abf
a4c2
5bc5
a6c8
5ccb
a8ce
5dd1
8b76
5179
8d7c
527f
8f82
5385
9188
548b
938e
5591
9594
5697
979a
579d
99a0
58a3
9ba6
59a9
9dac
5aaf
9fb2
5bb5
a1b8
5cbb
a3be
5dc1
a5c4
5ec7
a7ca
5fcd
a9d0
60d3
8c78
547b
8e7e
5581
9084
5687
928a
578d
9490
5893
9696
5999
989c
5a9f
9aa2
5ba5
9ca8
5cab
9eae
5db1
a0b4
5eb7
a2ba
5fbd
a4c0
60c3
a6c6
61c9
a8cc
62cf
aad2
63d5
8d7a
577d
8f80
5883
9186
5989
938c
5a8f
9592
5b95
9798
5c9b
999e
5da1
9ba4
5ea7
9daa
5fad
9fb0
60b3
a1b6
61b9
a3bc
62bf
a5c2
63c5
a7c8
64cb
a9ce
65d1
abd4
66d7
8e7c
5a7f
9082
5b85
9288
5c8b
948e
5d91
9694
5e97
989a
5f9d
9aa0
60a3
9ca6
61a9
9eac
62af
a0b2
63b5
a2b8
64bb
a4be
65c1
a6c4
66c7
a8ca
67cd
aad0
68d3
acd6
69d9
8f7e
5d81
9184
5e87
938a
5f8d
9590
6093
9796
6199
999c
629f
9ba2
63a5
9da8
64ab
9fae
65b1
a1b4
66b7
a3ba
67bd
a5c0
68c3
a7c6
69c9
a9cc
6acf
abd2
6bd5
add8
6cdb
9080
6083
9286
6189
948c
628f
9692
6395
9898
649b
9a9e
65a1
9ca4
66a7
9eaa
67ad
a0b0
68b3
a2b6
69b9
a4bc
6abf
a6c2
6bc5
a8c8
6ccb
aace
6dd1
acd4
6ed7
aeda
6fdd
9182
6385
9388
648b
958e
6591
9794
6697
999a
679d
9ba0
68a3
9da6
69a9
9fac
6aaf
a1b2
6bb5
a3b8
6cbb
a5be
6dc1
a7c4
6ec7
a9ca
6fcd
abd0
70d3
add6
71d9
afdc
72df
9284
6687
948a
678d
9690
6893
9896
6999
9a9c
6a9f
9ca2
6ba5
9ea8
6cab
a0ae
6db1
a2b4
6eb7
a4ba
6fbd
a6c0
70c3
a8c6
71c9
aacc
72cf
acd2
73d5
aed8
74db
b0de
75e1
9386
6989
958c
6a8f
9792
6b95
9998
6c9b
9b9e
6da1
9da4
6ea7
9faa
6fad
a1b0
70b3
a3b6
71b9
a5bc
72bf
a7c2
73c5
a9c8
74cb
abce
75d1
add4
76d7
afda
77dd
b1e0
78e3
9488
6c8b
968e
6d91
9894
6e97
9a9a
6f9d
9ca0
70a3
9ea6
71a9
a0ac
72af
a2b2
73b5
a4b8
74bb
a6be
75c1
a8c4
76c7
aaca
77cd
acd0
78d3
aed6
79d9
b0dc
7adf
b2e2
7be5
958a
6f8d
9790
7093
9996
7199
9b9c
729f
9da2
73a5
9fa8
74ab
a1ae
75b1
a3b4
76b7
a5ba
77bd
a7c0
78c3
a9c6
79c9
abcc
7acf
add2
7bd5
afd8
7cdb
b1de
7de1
b3e4
7ee7
968c
728f
9892
7395
9a98
749b
9c9e
75a1
9ea4
76a7
a0aa
77ad
a2b0
78b3
a4b6
79b9
a6bc
7abf
a8c2
7bc5
aac8
7ccb
acce
7dd1
aed4
7ed7
b0da
7fdd
b2e0
80e3
b4e6
81e9
978e
7591
9994
7697
9b9a
779d
9da0
78a3
9fa6
79a9
a1ac
7aaf
a3b2
7bb5
a5b8
7cbb
a7be
7dc1
a9c4
7ec7
abca
7fcd
add0
80d3
afd6
81d9
b1dc
82df
b3e2
83e5
b5e8
84eb
9890
7893
9a96
7999
9c9c
7a9f
9ea2
7ba5
a0a8
7cab
a2ae
7db1
a4b4
7eb7
a6ba
7fbd
a8c0
80c3
aac6
81c9
accc
82cf
aed2
83d5
b0d8
84db
b2de
85e1
b4e4
86e7
b6ea
87ed
9992
7b95
9b98
7c9b
9d9e
7da1
9fa4
7ea7
a1aa
7fad
a3b0
80b3
a5b6
81b9
a7bc
82bf
a9c2
83c5
abc8
84cb
adce
85d1
afd4
86d7
b1da
87dd
b3e0
88e3
b5e6
89e9
b7ec
8aef
9a94
7e97
9c9a
7f9d
9ea0
80a3
a0a6
81a9
a2ac
82af
a4b2
83b5
a6b8
84bb
a8be
85c1
aac4
86c7
acca
87cd
aed0
88d3
b0d6
89d9
b2dc
8adf
b4e2
8be5
b6e8
8ceb
b8ee
8df1
9b96
8199
9d9c
829f
9fa2
83a5
a1a8
84ab
a3ae
85b1
a5b4
86b7
a7ba
87bd
a9c0
88c3
abc6
89c9
adcc
8acf
afd2
8bd5
b1d8
8cdb
b3de
8de1
b5e4
8ee7
b7ea
8fed
b9f0
90f3
9c98
849b
9e9e
85a1
a0a4
86a7
a2aa
87ad
a4b0
88b3
a6b6
89b9
a8bc
8abf
aac2
8bc5
acc8
8ccb
aece
8dd1
b0d4
8ed7
b2da
8fdd
b4e0
90e3
b6e6
91e9
b8ec
92ef
baf2
93f5
9d9a
879d
9fa0
88a3
a1a6
89a9
a3ac
8aaf
a5b2
8bb5
a7b8
8cbb
a9be
8dc1
abc4
8ec7
adca
8fcd
afd0
90d3
b1d6
91d9
b3dc
92df
b5e2
93e5
b7e8
94eb
b9ee
95f1
bbf4
96f7
9e9c
8a9f
a0a2
8ba5
a2a8
8cab
a4ae
8db1
a6b4
8eb7
a8ba
8fbd
aac0
90c3
acc6
91c9
aecc
92cf
b0d2
93d5
b2d8
94db
b4de
95e1
b6e4
96e7
b8ea
97ed
baf0
98f3
bcf6
99f9
9f9e
8da1
a1a4
8ea7
a3aa
8fad
a5b0
90b3
a7b6
91b9
a9bc
92bf
abc2
93c5
adc8
94cb
afce
95d1
b1d4
96d7
b3da
97dd
b5e0
98e3
b7e6
99e9
b9ec
9aef
bbf2
9bf5
bdf8
9cfb
a0a0
90a3
a2a6
91a9
a4ac
92af
a6b2
93b5
a8b8
94bb
aabe
95c1
acc4
96c7
aeca
97cd
b0d0
98d3
b2d6
99d9
b4dc
9adf
b6e2
9be5
b8e8
9ceb
baee
9df1
bcf4
9ef7
befa
9ffd
a1a2
93a5
a3a8
94ab
a5ae
95b1
a7b4
96b7
a9ba
97bd
abc0
98c3
adc6
99c9
afcc
9acf
b1d2
9bd5
b3d8
9cdb
b5de
9de1
b7e4
9ee7
b9ea
9fed
bbf0
a0f3
bdf6
a1f9
bffc
a2ff
a2a4
96a7
a4aa
97ad
a6b0
98b3
a8b6
99b9
aabc
9abf
acc2
9bc5
aec8
9ccb
b0ce
9dd1
b2d4
9ed7
b4da
9fdd
b6e0
a0e3
b8e6
a1e9
baec
a2ef
bcf2
a3f5
bef8
a4fb
c0fe
a501
a3a6
99a9
a5ac
9aaf
a7b2
9bb5
a9b8
9cbb
abbe
9dc1
adc4
9ec7
afca
9fcd
b1d0
a0d3
b3d6
a1d9
b5dc
a2df
b7e2
a3e5
b9e8
a4eb
bbee
a5f1
bdf4
a6f7
bffa
a7fd
c100
a803
a4a8
9cab
a6ae
9db1
a8b4
9eb7
aaba
9fbd
acc0
a0c3
aec6
a1c9
b0cc
a2cf
b2d2
a3d5
b4d8
a4db
b6de
a5e1
b8e4
a6e7
baea
a7ed
bcf0
a8f3
bef6
a9f9
c0fc
aaff
c202
ab05
a5aa
9fad
a7b0
a0b3
a9b6
a1b9
abbc
a2bf
adc2
a3c5
afc8
a4cb
b1ce
a5d1
b3d4
a6d7
b5da
a7dd
b7e0
a8e3
b9e6
a9e9
bbec
aaef
bdf2
abf5
bff8
acfb
c1fe
ad01
c304
ae07
a6ac
a2af
a8b2
a3b5
aab8
a4bb
acbe
a5c1
aec4
a6c7
b0ca
a7cd
b2d0
a8d3
b4d6
a9d9
b6dc
aadf
b8e2
abe5
bae8
aceb
bcee
adf1
bef4
aef7
c0fa
affd
c200
b003
c406
b109
a7ae
a5b1
a9b4
a6b7
abba
a7bd
adc0
a8c3
afc6
a9c9
b1cc
aacf
b3d2
abd5
b5d8
acdb
b7de
ade1
b9e4
aee7
bbea
afed
bdf0
b0f3
bff6
b1f9
c1fc
b2ff
c302
b305
c508
b40b
a8b0
a8b3
aab6
a9b9
acbc
aabf
aec2
abc5
b0c8
accb
b2ce
add1
b4d4
aed7
b6da
afdd
b8e0
b0e3
bae6
b1e9
bcec
b2ef
bef2
b3f5
c0f8
b4fb
c2fe
b501
c404
b607
c60a
b70d
a9b2
abb5
abb8
acbb
adbe
adc1
afc4
aec7
b1ca
afcd
b3d0
b0d3
b5d6
b1d9
b7dc
b2df
b9e2
b3e5
bbe8
b4eb
bdee
b5f1
bff4
b6f7
c1fa
b7fd
c300
b803
c506
b909
c70c
ba0f
aab4
aeb7
acba
afbd
aec0
b0c3
b0c6
b1c9
b2cc
b2cf
b4d2
b3d5
b6d8
b4db
b8de
b5e1
bae4
b6e7
bcea
b7ed
bef0
b8f3
c0f6
b9f9
c2fc
baff
c402
bb05
c608
bc0b
c80e
bd11
abb6
b1b9
adbc
b2bf
afc2
b3c5
b1c8
b4cb
b3ce
b5d1
b5d4
b6d7
b7da
b7dd
b9e0
b8e3
bbe6
b9e9
bdec
baef
bff2
bbf5
c1f8
bcfb
c3fe
bd01
c504
be07
c70a
bf0d
c910
c013
acb8
b4bb
aebe
b5c1
b0c4
b6c7
b2ca
b7cd
b4d0
b8d3
b6d6
b9d9
b8dc
badf
bae2
bbe5
bce8
bceb
beee
bdf1
c0f4
bef7
c2fa
bffd
c400
c003
c606
c109
c80c
c20f
ca12
c315
adba
b7bd
afc0
b8c3
b1c6
b9c9
b3cc
bacf
b5d2
bbd5
b7d8
bcdb
b9de
bde1
bbe4
bee7
bdea
bfed
bff0
c0f3
c1f6
c1f9
c3fc
c2ff
c502
c305
c708
c40b
c90e
c511
cb14
c617
aebc
babf
b0c2
bbc5
b2c8
bccb
b4ce
bdd1
b6d4
bed7
b8da
bfdd
bae0
c0e3
bce6
c1e9
beec
c2ef
c0f2
c3f5
c2f8
c4fb
c4fe
c501
c604
c607
c80a
c70d
ca10
c813
cc16
c919
afbe
bdc1
b1c4
bec7
b3ca
bfcd
b5d0
c0d3
b7d6
c1d9
b9dc
c2df
bbe2
c3e5
bde8
c4eb
bfee
c5f1
c1f4
c6f7
c3fa
c7fd
c500
c803
c706
c909
c90c
ca0f
cb12
cb15
cd18
cc1b
b0c0
c0c3
b2c6
c1c9
b4cc
c2cf
b6d2
c3d5
b8d8
c4db
bade
c5e1
bce4
c6e7
beea
c7ed
c0f0
c8f3
c2f6
c9f9
c4fc
caff
c602
cb05
c808
cc0b
ca0e
cd11
cc14
ce17
ce1a
cf1d
b1c2
c3c5
b3c8
c4cb
b5ce
c5d1
b7d4
c6d7
b9da
c7dd
bbe0
c8e3
bde6
c9e9
bfec
caef
c1f2
cbf5
c3f8
ccfb
c5fe
cd01
c704
ce07
c90a
cf0d
cb10
d013
cd16
d119
cf1c
d21f
b2c4
c6c7
b4ca
c7cd
b6d0
c8d3
b8d6
c9d9
badc
cadf
bce2
cbe5
bee8
cceb
c0ee
cdf1
c2f4
cef7
c4fa
cffd
c600
d003
c806
d109
ca0c
d20f
cc12
d315
ce18
d41b
d01e
d521
b3c6
c9c9
b5cc
cacf
b7d2
cbd5
b9d8
ccdb
bbde
cde1
bde4
cee7
bfea
cfed
c1f0
d0f3
c3f6
d1f9
c5fc
d2ff
c702
d305
c908
d40b
cb0e
d511
cd14
d617
cf1a
d71d
d120
d823
b4c8
cccb
b6ce
cdd1
b8d4
ced7
bada
cfdd
bce0
d0e3
bee6
d1e9
c0ec
d2ef
c2f2
d3f5
c4f8
d4fb
c6fe
d501
c804
d607
ca0a
d70d
cc10
d813
ce16
d919
d01c
da1f
d222
db25
b5ca
cfcd
b7d0
d0d3
b9d6
d1d9
bbdc
d2df
bde2
d3e5
bfe8
d4eb
c1ee
d5f1
c3f4
d6f7
c5fa
d7fd
c700
d803
c906
d909
cb0c
da0f
cd12
db15
cf18
dc1b
d11e
dd21
d324
de27
b6cc
d2cf
b8d2
d3d5
bad8
d4db
bcde
d5e1
bee4
d6e7
c0ea
d7ed
c2f0
d8f3
c4f6
d9f9
c6fc
daff
c802
db05
ca08
dc0b
cc0e
dd11
ce14
de17
d01a
df1d
d220
e023
d426
e129
b7ce
d5d1
b9d4
d6d7
bbda
d7dd
bde0
d8e3
bfe6
d9e9
c1ec
daef
c3f2
dbf5
c5f8
dcfb
c7fe
dd01
c904
de07
cb0a
df0d
cd10
e013
cf16
e119
d11c
e21f
d322
e325
d528
e42b
b8d0
d8d3
bad6
d9d9
bcdc
dadf
bee2
dbe5
c0e8
dceb
c2ee
ddf1
c4f4
def7
c6fa
dffd
c800
e003
ca06
e109
cc0c
e20f
ce12
e315
d018
e41b
d21e
e521
d424
e627
d62a
e72d
b9d2
dbd5
bbd8
dcdb
bdde
dde1
bfe4
dee7
c1ea
dfed
c3f0
e0f3
c5f6
e1f9
c7fc
e2ff
c902
e305
cb08
e40b
cd0e
e511
cf14
e617
d11a
e71d
d320
e823
d526
e929
d72c
ea2f
bad4
ded7
bcda
dfdd
bee0
e0e3
c0e6
e1e9
c2ec
e2ef
c4f2
e3f5
c6f8
e4fb
c8fe
e501
ca04
e607
cc0a
e70d
ce10
e813
d016
e919
d21c
ea1f
d422
eb25
d628
ec2b
d82e
ed31
bbd6
e1d9
bddc
e2df
bfe2
e3e5
c1e8
e4eb
c3ee
e5f1
c5f4
e6f7
c7fa
e7fd
c900
e803
cb06
e909
cd0c
ea0f
cf12
eb15
d118
ec1b
d31e
ed21
d524
ee27
d72a
ef2d
d930
f033
bcd8
e4db
bede
e5e1
c0e4
e6e7
c2ea
e7ed
c4f0
e8f3
c6f6
e9f9
c8fc
eaff
ca02
eb05
cc08
ec0b
ce0e
ed11
d014
ee17
d21a
ef1d
d420
f023
d626
f129
d82c
f22f
da32
f335
bdda
e7dd
bfe0
e8e3
c1e6
e9e9
c3ec
eaef
c5f2
ebf5
c7f8
ecfb
c9fe
ed01
cb04
ee07
cd0a
ef0d
cf10
f013
d116
f119
d31c
f21f
d522
f325
d728
f42b
d92e
f531
db34
f637
bedc
eadf
c0e2
ebe5
c2e8
eceb
c4ee
edf1
c6f4
eef7
c8fa
effd
ca00
f003
cc06
f109
ce0c
f20f
d012
f315
d218
f41b
d41e
f521
d624
f627
d82a
f72d
da30
f833
dc36
f939
bfde
ede1
c1e4
eee7
c3ea
efed
c5f0
f0f3
c7f6
f1f9
c9fc
f2ff
cb02
f305
cd08
f40b
cf0e
f511
d114
f617
d31a
f71d
d520
f823
d726
f929
d92c
fa2f
db32
fb35
dd38
fc3b
c0e0
f0e3
c2e6
f1e9
c4ec
f2ef
c6f2
f3f5
c8f8
f4fb
cafe
f501
cc04
f607
ce0a
f70d
d010
f813
d216
f919
d41c
fa1f
d622
fb25
d828
fc2b
da2e
fd31
dc34
fe37
de3a
ff3d
c1e2
f3e5
c3e8
f4eb
c5ee
f5f1
c7f4
f6f7
c9fa
f7fd
cb00
f803
cd06
f909
cf0c
fa0f
d112
fb15
d318
fc1b
d51e
fd21
d724
fe27
d92a
ff2d
db30
0033
dd36
0139
df3c
023f
c2e4
f6e7
c4ea
f7ed
c6f0
f8f3
c8f6
f9f9
cafc
faff
cc02
fb05
ce08
fc0b
d00e
fd11
d214
fe17
d41a
ff1d
d620
0023
d826
0129
da2c
022f
dc32
0335
de38
043b
e03e
0541
c3e6
f9e9
c5ec
faef
c7f2
fbf5
c9f8
fcfb
cbfe
fd01
cd04
fe07
cf0a
ff0d
d110
0013
d316
0119
d51c
021f
d722
0325
d928
042b
db2e
0531
dd34
0637
df3a
073d
e140
0843
c4e8
fceb
c6ee
fdf1
c8f4
fef7
cafa
fffd
cc00
0003
ce06
0109
d00c
020f
d212
0315
d418
041b
d61e
0521
d824
0627
da2a
072d
dc30
0833
de36
0939
e03c
0a3f
e242
0b45
c5ea
ffed
c7f0
00f3
c9f6
01f9
cbfc
02ff
cd02
0305
cf08
040b
d10e
0511
d314
0617
d51a
071d
d720
0823
d926
0929
db2c
0a2f
dd32
0b35
df38
0c3b
e13e
0d41
e344
0e47
c6ec
02ef
c8f2
03f5
caf8
04fb
ccfe
0501
ce04
0607
d00a
070d
d210
0813
d416
0919
d61c
0a1f
d822
0b25
da28
0c2b
dc2e
0d31
de34
0e37
e03a
0f3d
e240
1043
e446
1149
c7ee
05f1
c9f4
06f7
cbfa
07fd
cd00
0803
cf06
0909
d10c
0a0f
d312
0b15
d518
0c1b
d71e
0d21
d924
0e27
db2a
0f2d
dd30
1033
df36
1139
e13c
123f
e342
1345
e548
144b
c8f0
08f3
caf6
09f9
ccfc
0aff
ce02
0b05
d008
0c0b
d20e
0d11
d414
0e17
d61a
0f1d
d820
1023
da26
1129
dc2c
122f
de32
1335
e038
143b
e23e
1541
e444
1647
e64a
174d
c9f2
0bf5
cbf8
0cfb
cdfe
0d01
cf04
0e07
d10a
0f0d
d310
1013
d516
1119
d71c
121f
d922
1325
db28
142b
dd2e
1531
df34
1637
e13a
173d
e340
1843
e546
1949
e74c
1a4f
caf4
0ef7
ccfa
0ffd
ce00
1003
d006
1109
d20c
120f
d412
1315
d618
141b
d81e
1521
da24
1627
dc2a
172d
de30
1833
e036
1939
e23c
1a3f
e442
1b45
e648
1c4b
e84e
1d51
cbf6
11f9
cdfc
12ff
cf02
1305
d108
140b
d30e
1511
d514
1617
d71a
171d
d920
1823
db26
1929
dd2c
1a2f
df32
1b35
e138
1c3b
e33e
1d41
e544
1e47
e74a
1f4d
e950
2053
ccf8
14fb
cefe
1501
d004
1607
d20a
170d
d410
1813
d616
1919
d81c
1a1f
da22
1b25
dc28
1c2b
de2e
1d31
e034
1e37
e23a
1f3d
e440
2043
e646
2149
e84c
224f
ea52
2355
cdfa
17fd
cf00
1803
d106
1909
d30c
1a0f
d512
1b15
d718
1c1b
d91e
1d21
db24
1e27
dd2a
1f2d
df30
2033
e136
2139
e33c
223f
e542
2345
e748
244b
e94e
2551
eb54
2657
cefc
1aff
d002
1b05
d208
1c0b
d40e
1d11
d614
1e17
d81a
1f1d
da20
2023
dc26
2129
de2c
222f
e032
2335
e238
243b
e43e
2541
e644
2647
e84a
274d
ea50
2853
ec56
2959
cffe
1d01
d104
1e07
d30a
1f0d
d510
2013
d716
2119
d91c
221f
db22
2325
dd28
242b
df2e
2531
e134
2637
e33a
273d
e540
2843
e746
2949
e94c
2a4f
eb52
2b55
ed58
2c5b
d000
2003
d206
2109
d40c
220f
d612
2315
d818
241b
da1e
2521
dc24
2627
de2a
272d
e030
2833
e236
2939
e43c
2a3f
e642
2b45
e848
2c4b
ea4e
2d51
ec54
2e57
ee5a
2f5d
d102
2305
d308
240b
d50e
2511
d714
2617
d91a
271d
db20
2823
dd26
2929
df2c
2a2f
e132
2b35
e338
2c3b
e53e
2d41
e744
2e47
e94a
2f4d
eb50
3053
ed56
3159
ef5c
325f
d204
2607
d40a
270d
d610
2813
d816
2919
da1c
2a1f
dc22
2b25
de28
2c2b
e02e
2d31
e234
2e37
e43a
2f3d
e640
3043
e846
3149
ea4c
324f
ec52
3355
ee58
345b
f05e
3561
d306
2909
d50c
2a0f
d712
2b15
d918
2c1b
db1e
2d21
dd24
2e27
df2a
2f2d
e130
3033
e336
3139
e53c
323f
e742
3345
e948
344b
eb4e
3551
ed54
3657
ef5a
375d
f160
3863
d408
2c0b
d60e
2d11
d814
2e17
da1a
2f1d
dc20
3023
de26
3129
e02c
322f
e232
3335
e438
343b
e63e
3541
e844
3647
ea4a
374d
ec50
3853
ee56
3959
f05c
3a5f
f262
3b65
d50a
2f0d
d710
3013
d916
3119
db1c
321f
dd22
3325
df28
342b
e12e
3531
e334
3637
e53a
373d
e740
3843
e946
3949
eb4c
3a4f
ed52
3b55
ef58
3c5b
f15e
3d61
f364
3e67
d60c
320f
d812
3315
da18
341b
dc1e
3521
de24
3627
e02a
372d
e230
3833
e436
3939
e63c
3a3f
e842
3b45
ea48
3c4b
ec4e
3d51
ee54
3e57
f05a
3f5d
f260
4063
f466
4169
d70e
3511
d914
3617
db1a
371d
dd20
3823
df26
3929
e12c
3a2f
e332
3b35
e538
3c3b
e73e
3d41
e944
3e47
eb4a
3f4d
ed50
4053
ef56
4159
f15c
425f
f362
4365
f568
446b
d810
3813
da16
3919
dc1c
3a1f
de22
3b25
e028
3c2b
e22e
3d31
e434
3e37
e63a
3f3d
e840
4043
ea46
4149
ec4c
424f
ee52
4355
f058
445b
f25e
4561
f464
4667
f66a
476d
d912
3b15
db18
3c1b
dd1e
3d21
df24
3e27
e12a
3f2d
e330
4033
e536
4139
e73c
423f
e942
4345
eb48
444b
ed4e
4551
ef54
4657
f15a
475d
f360
4863
f566
4969
f76c
4a6f
da14
3e17
dc1a
3f1d
de20
4023
e026
4129
e22c
422f
e432
4335
e638
443b
e83e
4541
ea44
4647
ec4a
474d
ee50
4853
f056
4959
f25c
4a5f
f462
4b65
f668
4c6b
f86e
4d71
db16
4119
dd1c
421f
df22
4325
e128
442b
e32e
4531
e534
4637
e73a
473d
e940
4843
eb46
4949
ed4c
4a4f
ef52
4b55
f158
4c5b
f35e
4d61
f564
4e67
f76a
4f6d
f970
5073
dc18
441b
de1e
4521
e024
4627
e22a
472d
e430
4833
e636
4939
e83c
4a3f
ea42
4b45
ec48
4c4b
ee4e
4d51
f054
4e57
f25a
4f5d
f460
5063
f666
5169
f86c
526f
fa72
5375
dd1a
471d
df20
4823
e126
4929
e32c
4a2f
e532
4b35
e738
4c3b
e93e
4d41
eb44
4e47
ed4a
4f4d
ef50
5053
f156
5159
f35c
525f
f562
5365
f768
546b
f96e
5571
fb74
5677
de1c
4a1f
e022
4b25
e228
4c2b
e42e
4d31
e634
4e37
e83a
4f3d
ea40
5043
ec46
5149
ee4c
524f
f052
5355
f258
545b
f45e
5561
f664
5667
f86a
576d
fa70
5873
fc76
5979
df1e
4d21
e124
4e27
e32a
4f2d
e530
5033
e736
5139
e93c
523f
eb42
5345
ed48
544b
ef4e
5551
f154
5657
f35a
575d
f560
5863
f766
5969
f96c
5a6f
fb72
5b75
fd78
5c7b
e020
5023
e226
5129
e42c
522f
e632
5335
e838
543b
ea3e
5541
ec44
5647
ee4a
574d
f050
5853
f256
5959
f45c
5a5f
f662
5b65
f868
5c6b
fa6e
5d71
fc74
5e77
fe7a
5f7d
e122
5325
e328
542b
e52e
5531
e734
5637
e93a
573d
eb40
5843
ed46
5949
ef4c
5a4f
f152
5b55
f358
5c5b
f55e
5d61
f764
5e67
f96a
5f6d
fb70
6073
fd76
6179
ff7c
627f
e224
5627
e42a
572d
e630
5833
e836
5939
ea3c
5a3f
ec42
5b45
ee48
5c4b
f04e
5d51
f254
5e57
f45a
5f5d
f660
6063
f866
6169
fa6c
626f
fc72
6375
fe78
647b
007e
6581
e326
5929
e52c
5a2f
e732
5b35
e938
5c3b
eb3e
5d41
ed44
5e47
ef4a
5f4d
f150
6053
f356
6159
f55c
625f
f762
6365
f968
646b
fb6e
6571
fd74
6677
ff7a
677d
0180
6883
e428
5c2b
e62e
5d31
e834
5e37
ea3a
5f3d
ec40
6043
ee46
6149
f04c
624f
f252
6355
f458
645b
f65e
6561
f864
6667
fa6a
676d
fc70
6873
fe76
6979
007c
6a7f
0282
6b85
e52a
5f2d
e730
6033
e936
6139
eb3c
623f
ed42
6345
ef48
644b
f14e
6551
f354
6657
f55a
675d
f760
6863
f966
6969
fb6c
6a6f
fd72
6b75
ff78
6c7b
017e
6d81
0384
6e87
e62c
622f
e832
6335
ea38
643b
ec3e
6541
ee44
6647
f04a
674d
f250
6853
f456
6959
f65c
6a5f
f862
6b65
fa68
6c6b
fc6e
6d71
fe74
6e77
007a
6f7d
0280
7083
0486
7189
e72e
6531
e934
6637
eb3a
673d
ed40
6843
ef46
6949
f14c
6a4f
f352
6b55
f558
6c5b
f75e
6d61
f964
6e67
fb6a
6f6d
fd70
7073
ff76
7179
017c
727f
0382
7385
0588
748b
e830
6833
ea36
6939
ec3c
6a3f
ee42
6b45
f048
6c4b
f24e
6d51
f454
6e57
f65a
6f5d
f860
7063
fa66
7169
fc6c
726f
fe72
7375
0078
747b
027e
7581
0484
7687
068a
778d
e932
6b35
eb38
6c3b
ed3e
6d41
ef44
6e47
f14a
6f4d
f350
7053
f556
7159
f75c
725f
f962
7365
fb68
746b
fd6e
7571
ff74
7677
017a
777d
0380
7883
0586
7989
078c
7a8f
ea34
6e37
ec3a
6f3d
ee40
7043
f046
7149
f24c
724f
f452
7355
f658
745b
f85e
7561
fa64
7667
fc6a
776d
fe70
7873
0076
7979
027c
7a7f
0482
7b85
0688
7c8b
088e
7d91
eb36
7139
ed3c
723f
ef42
7345
f148
744b
f34e
7551
f554
7657
f75a
775d
f960
7863
fb66
7969
fd6c
7a6f
ff72
7b75
0178
7c7b
037e
7d81
0584
7e87
078a
7f8d
0990
8093
ec38
743b
ee3e
7541
f044
7647
f24a
774d
f450
7853
f656
7959
f85c
7a5f
fa62
7b65
fc68
7c6b
fe6e
7d71
0074
7e77
027a
7f7d
0480
8083
0686
8189
088c
828f
0a92
8395
ed3a
773d
ef40
7843
f146
7949
f34c
7a4f
f552
7b55
f758
7c5b
f95e
7d61
fb64
7e67
fd6a
7f6d
ff70
8073
0176
8179
037c
827f
0582
8385
0788
848b
098e
8591
0b94
8697
ee3c
7a3f
f042
7b45
f248
7c4b
f44e
7d51
f654
7e57
f85a
7f5d
fa60
8063
fc66
8169
fe6c
826f
0072
8375
0278
847b
047e
8581
0684
8687
088a
878d
0a90
8893
0c96
8999
ef3e
7d41
f144
7e47
f34a
7f4d
f550
8053
f756
8159
f95c
825f
fb62
8365
fd68
846b
ff6e
8571
0174
8677
037a
877d
0580
8883
0786
8989
098c
8a8f
0b92
8b95
0d98
8c9b
f040
8043
f246
8149
f44c
824f
f652
8355
f858
845b
fa5e
8561
fc64
8667
fe6a
876d
0070
8873
0276
8979
047c
8a7f
0682
8b85
0888
8c8b
0a8e
8d91
0c94
8e97
0e9a
8f9d
f142
8345
f348
844b
f54e
8551
f754
8657
f95a
875d
fb60
8863
fd66
8969
ff6c
8a6f
0172
8b75
0378
8c7b
057e
8d81
0784
8e87
098a
8f8d
0b90
9093
0d96
9199
0f9c
929f
f244
8647
f44a
874d
f650
8853
f856
8959
fa5c
8a5f
fc62
8b65
fe68
8c6b
006e
8d71
0274
8e77
047a
8f7d
0680
9083
0886
9189
0a8c
928f
0c92
9395
0e98
949b
109e
95a1
f346
8949
f54c
8a4f
f752
8b55
f958
8c5b
fb5e
8d61
fd64
8e67
ff6a
8f6d
0170
9073
0376
9179
057c
927f
0782
9385
0988
948b
0b8e
9591
0d94
9697
0f9a
979d
11a0
98a3
f448
8c4b
f64e
8d51
f854
8e57
fa5a
8f5d
fc60
9063
fe66
9169
006c
926f
0272
9375
0478
947b
067e
9581
0884
9687
0a8a
978d
0c90
9893
0e96
9999
109c
9a9f
12a2
9ba5
f54a
8f4d
f750
9053
f956
9159
fb5c
925f
fd62
9365
ff68
946b
016e
9571
0374
9677
057a
977d
0780
9883
0986
9989
0b8c
9a8f
0d92
9b95
0f98
9c9b
119e
9da1
13a4
9ea7
f64c
924f
f852
9355
fa58
945b
fc5e
9561
fe64
9667
006a
976d
0270
9873
0476
9979
067c
9a7f
0882
9b85
0a88
9c8b
0c8e
9d91
0e94
9e97
109a
9f9d
12a0
a0a3
14a6
a1a9
f74e
9551
f954
9657
fb5a
975d
fd60
9863
ff66
9969
016c
9a6f
0372
9b75
0578
9c7b
077e
9d81
0984
9e87
0b8a
9f8d
0d90
a093
0f96
a199
119c
a29f
13a2
a3a5
15a8
a4ab
f850
9853
fa56
9959
fc5c
9a5f
fe62
9b65
0068
9c6b
026e
9d71
0474
9e77
067a
9f7d
0880
a083
0a86
a189
0c8c
a28f
0e92
a395
1098
a49b
129e
a5a1
14a4
a6a7
16aa
a7ad
f952
9b55
fb58
9c5b
fd5e
9d61
ff64
9e67
016a
9f6d
0370
a073
0576
a179
077c
a27f
0982
a385
0b88
a48b
0d8e
a591
0f94
a697
119a
a79d
13a0
a8a3
15a6
a9a9
17ac
aaaf
fa54
9e57
fc5a
9f5d
fe60
a063
0066
a169
026c
a26f
0472
a375
0678
a47b
087e
a581
0a84
a687
0c8a
a78d
0e90
a893
1096
a999
129c
aa9f
14a2
aba5
16a8
acab
18ae
adb1
fb56
a159
fd5c
a25f
ff62
a365
0168
a46b
036e
a571
0574
a677
077a
a77d
0980
a883
0b86
a989
0d8c
aa8f
0f92
ab95
1198
ac9b
139e
ada1
15a4
aea7
17aa
afad
19b0
b0b3
fc58
a45b
fe5e
a561
0064
a667
026a
a76d
0470
a873
0676
a979
087c
aa7f
0a82
ab85
0c88
ac8b
0e8e
ad91
1094
ae97
129a
af9d
14a0
b0a3
16a6
b1a9
18ac
b2af
1ab2
b3b5
fd5a
a75d
ff60
a863
0166
a969
036c
aa6f
0572
ab75
0778
ac7b
097e
ad81
0b84
ae87
0d8a
af8d
0f90
b093
1196
b199
139c
b29f
15a2
b3a5
17a8
b4ab
19ae
b5b1
1bb4
b6b7
fe5c
aa5f
0062
ab65
0268
ac6b
046e
ad71
0674
ae77
087a
af7d
0a80
b083
0c86
b189
0e8c
b28f
1092
b395
1298
b49b
149e
b5a1
16a4
b6a7
18aa
b7ad
1ab0
b8b3
1cb6
b9b9
ff5e
ad61
0164
ae67
036a
af6d
0570
b073
0776
b179
097c
b27f
0b82
b385
0d88
b48b
0f8e
b591
1194
b697
139a
b79d
15a0
b8a3
17a6
b9a9
19ac
baaf
1bb2
bbb5
1db8
bcbb
0060
b063
0266
b169
046c
b26f
0672
b375
0878
b47b
0a7e
b581
0c84
b687
0e8a
b78d
1090
b893
1296
b999
149c
ba9f
16a2
bba5
18a8
bcab
1aae
bdb1
1cb4
beb7
1eba
bfbd
0162
b365
0368
b46b
056e
b571
0774
b677
097a
b77d
0b80
b883
0d86
b989
0f8c
ba8f
1192
bb95
1398
bc9b
159e
bda1
17a4
bea7
19aa
bfad
1bb0
c0b3
1db6
c1b9
1fbc
c2bf
0264
b667
046a
b76d
0670
b873
0876
b979
0a7c
ba7f
0c82
bb85
0e88
bc8b
108e
bd91
1294
be97
149a
bf9d
16a0
c0a3
18a6
c1a9
1aac
c2af
1cb2
c3b5
1eb8
c4bb
20be
c5c1
0366
b969
056c
ba6f
0772
bb75
0978
bc7b
0b7e
bd81
0d84
be87
0f8a
bf8d
1190
c093
1396
c199
159c
c29f
17a2
c3a5
19a8
c4ab
1bae
c5b1
1db4
c6b7
1fba
c7bd
21c0
c8c3
0468
bc6b
066e
bd71
0874
be77
0a7a
bf7d
0c80
c083
0e86
c189
108c
c28f
1292
c395
1498
c49b
169e
c5a1
18a4
c6a7
1aaa
c7ad
1cb0
c8b3
1eb6
c9b9
20bc
cabf
22c2
cbc5
056a
bf6d
0770
c073
0976
c179
0b7c
c27f
0d82
c385
0f88
c48b
118e
c591
1394
c697
159a
c79d
17a0
c8a3
19a6
c9a9
1bac
caaf
1db2
cbb5
1fb8
ccbb
21be
cdc1
23c4
cec7
066c
c26f
0872
c375
0a78
c47b
0c7e
c581
0e84
c687
108a
c78d
1290
c893
1496
c999
169c
ca9f
18a2
cba5
1aa8
ccab
1cae
cdb1
1eb4
ceb7
20ba
cfbd
22c0
d0c3
24c6
d1c9
076e
c571
0974
c677
0b7a
c77d
0d80
c883
0f86
c989
118c
ca8f
1392
cb95
1598
cc9b
179e
cda1
19a4
cea7
1baa
cfad
1db0
d0b3
1fb6
d1b9
21bc
d2bf
23c2
d3c5
25c8
d4cb
0870
c873
0a76
c979
0c7c
ca7f
0e82
cb85
1088
cc8b
128e
cd91
1494
ce97
169a
cf9d
18a0
d0a3
1aa6
d1a9
1cac
d2af
1eb2
d3b5
20b8
d4bb
22be
d5c1
24c4
d6c7
26ca
d7cd
0972
cb75
0b78
cc7b
0d7e
cd81
0f84
ce87
118a
cf8d
1390
d093
1596
d199
179c
d29f
19a2
d3a5
1ba8
d4ab
1dae
d5b1
1fb4
d6b7
21ba
d7bd
23c0
d8c3
25c6
d9c9
27cc
dacf
0a74
ce77
0c7a
cf7d
0e80
d083
1086
d189
128c
d28f
1492
d395
1698
d49b
189e
d5a1
1aa4
d6a7
1caa
d7ad
1eb0
d8b3
20b6
d9b9
22bc
dabf
24c2
dbc5
26c8
dccb
28ce
ddd1
0b76
d179
0d7c
d27f
0f82
d385
1188
d48b
138e
d591
1594
d697
179a
d79d
19a0
d8a3
1ba6
d9a9
1dac
daaf
1fb2
dbb5
21b8
dcbb
23be
ddc1
25c4
dec7
27ca
dfcd
29d0
e0d3
0c78
d47b
0e7e
d581
1084
d687
128a
d78d
1490
d893
1696
d999
189c
da9f
1aa2
dba5
1ca8
dcab
1eae
ddb1
20b4
deb7
22ba
dfbd
24c0
e0c3
26c6
e1c9
28cc
e2cf
2ad2
e3d5
0d7a
d77d
0f80
d883
1186
d989
138c
da8f
1592
db95
1798
dc9b
199e
dda1
1ba4
dea7
1daa
dfad
1fb0
e0b3
21b6
e1b9
23bc
e2bf
25c2
e3c5
27c8
e4cb
29ce
e5d1
2bd4
e6d7
0e7c
da7f
1082
db85
1288
dc8b
148e
dd91
1694
de97
189a
df9d
1aa0
e0a3
1ca6
e1a9
1eac
e2af
20b2
e3b5
22b8
e4bb
24be
e5c1
26c4
e6c7
28ca
e7cd
2ad0
e8d3
2cd6
e9d9
0f7e
dd81
1184
de87
138a
df8d
1590
e093
1796
e199
199c
e29f
1ba2
e3a5
1da8
e4ab
1fae
e5b1
21b4
e6b7
23ba
e7bd
25c0
e8c3
27c6
e9c9
29cc
eacf
2bd2
ebd5
2dd8
ecdb
1080
e083
1286
e189
148c
e28f
1692
e395
1898
e49b
1a9e
e5a1
1ca4
e6a7
1eaa
e7ad
20b0
e8b3
22b6
e9b9
24bc
eabf
26c2
ebc5
28c8
eccb
2ace
edd1
2cd4
eed7
2eda
efdd
1182
e385
1388
e48b
158e
e591
1794
e697
199a
e79d
1ba0
e8a3
1da6
e9a9
1fac
eaaf
21b2
ebb5
23b8
ecbb
25be
edc1
27c4
eec7
29ca
efcd
2bd0
f0d3
2dd6
f1d9
2fdc
f2df
1284
e687
148a
e78d
1690
e893
1896
e999
1a9c
ea9f
1ca2
eba5
1ea8
ecab
20ae
edb1
22b4
eeb7
24ba
efbd
26c0
f0c3
28c6
f1c9
2acc
f2cf
2cd2
f3d5
2ed8
f4db
30de
f5e1
1386
e989
158c
ea8f
1792
eb95
1998
ec9b
1b9e
eda1
1da4
eea7
1faa
efad
21b0
f0b3
23b6
f1b9
25bc
f2bf
27c2
f3c5
29c8
f4cb
2bce
f5d1
2dd4
f6d7
2fda
f7dd
31e0
f8e3
1488
ec8b
168e
ed91
1894
ee97
1a9a
ef9d
1ca0
f0a3
1ea6
f1a9
20ac
f2af
22b2
f3b5
24b8
f4bb
26be
f5c1
28c4
f6c7
2aca
f7cd
2cd0
f8d3
2ed6
f9d9
30dc
fadf
32e2
fbe5
158a
ef8d
1790
f093
1996
f199
1b9c
f29f
1da2
f3a5
1fa8
f4ab
21ae
f5b1
23b4
f6b7
25ba
f7bd
27c0
f8c3
29c6
f9c9
2bcc
facf
2dd2
fbd5
2fd8
fcdb
31de
fde1
33e4
fee7
168c
f28f
1892
f395
1a98
f49b
1c9e
f5a1
1ea4
f6a7
20aa
f7ad
22b0
f8b3
24b6
f9b9
26bc
fabf
28c2
fbc5
2ac8
fccb
2cce
fdd1
2ed4
fed7
30da
ffdd
32e0
00e3
34e6
01e9
178e
f591
1994
f697
1b9a
f79d
1da0
f8a3
1fa6
f9a9
21ac
faaf
23b2
fbb5
25b8
fcbb
27be
fdc1
29c4
fec7
2bca
ffcd
2dd0
00d3
2fd6
01d9
31dc
02df
33e2
03e5
35e8
04eb
1890
f893
1a96
f999
1c9c
fa9f
1ea2
fba5
20a8
fcab
22ae
fdb1
24b4
feb7
26ba
ffbd
28c0
00c3
2ac6
01c9
2ccc
02cf
2ed2
03d5
30d8
04db
32de
05e1
34e4
06e7
36ea
07ed
1992
fb95
1b98
fc9b
1d9e
fda1
1fa4
fea7
21aa
ffad
23b0
00b3
25b6
01b9
27bc
02bf
29c2
03c5
2bc8
04cb
2dce
05d1
2fd4
06d7
31da
07dd
33e0
08e3
35e6
09e9
37ec
0aef
1a94
fe97
1c9a
ff9d
1ea0
00a3
20a6
01a9
22ac
02af
24b2
03b5
26b8
04bb
28be
05c1
2ac4
06c7
2cca
07cd
2ed0
08d3
30d6
09d9
32dc
0adf
34e2
0be5
36e8
0ceb
38ee
0df1
1b96
0199
1d9c
029f
1fa2
03a5
21a8
04ab
23ae
05b1
25b4
06b7
27ba
07bd
29c0
08c3
2bc6
09c9
2dcc
0acf
2fd2
0bd5
31d8
0cdb
33de
0de1
35e4
0ee7
37ea
0fed
39f0
10f3
1c98
049b
1e9e
05a1
20a4
06a7
22aa
07ad
24b0
08b3
26b6
09b9
28bc
0abf
2ac2
0bc5
2cc8
0ccb
2ece
0dd1
30d4
0ed7
32da
0fdd
34e0
10e3
36e6
11e9
38ec
12ef
3af2
13f5
1d9a
079d
1fa0
08a3
21a6
09a9
23ac
0aaf
25b2
0bb5
27b8
0cbb
29be
0dc1
2bc4
0ec7
2dca
0fcd
2fd0
10d3
31d6
11d9
33dc
12df
35e2
13e5
37e8
14eb
39ee
15f1
3bf4
16f7
1e9c
0a9f
20a2
0ba5
22a8
0cab
24ae
0db1
26b4
0eb7
28ba
0fbd
2ac0
10c3
2cc6
11c9
2ecc
12cf
30d2
13d5
32d8
14db
34de
15e1
36e4
16e7
38ea
17ed
3af0
18f3
3cf6
19f9
1f9e
0da1
21a4
0ea7
23aa
0fad
25b0
10b3
27b6
11b9
29bc
12bf
2bc2
13c5
2dc8
14cb
2fce
15d1
31d4
16d7
33da
17dd
35e0
18e3
37e6
19e9
39ec
1aef
3bf2
1bf5
3df8
1cfb
20a0
10a3
22a6
11a9
24ac
12af
26b2
13b5
28b8
14bb
2abe
15c1
2cc4
16c7
2eca
17cd
30d0
18d3
32d6
19d9
34dc
1adf
36e2
1be5
38e8
1ceb
3aee
1df1
3cf4
1ef7
3efa
1ffd
21a2
13a5
23a8
14ab
25ae
15b1
27b4
16b7
29ba
17bd
2bc0
18c3
2dc6
19c9
2fcc
1acf
31d2
1bd5
33d8
1cdb
35de
1de1
37e4
1ee7
39ea
1fed
3bf0
20f3
3df6
21f9
3ffc
22ff
22a4
16a7
24aa
17ad
26b0
18b3
28b6
19b9
2abc
1abf
2cc2
1bc5
2ec8
1ccb
30ce
1dd1
32d4
1ed7
34da
1fdd
36e0
20e3
38e6
21e9
3aec
22ef
3cf2
23f5
3ef8
24fb
40fe
2501
23a6
19a9
25ac
1aaf
27b2
1bb5
29b8
1cbb
2bbe
1dc1
2dc4
1ec7
2fca
1fcd
31d0
20d3
33d6
21d9
35dc
22df
37e2
23e5
39e8
24eb
3bee
25f1
3df4
26f7
3ffa
27fd
4100
2803
24a8
1cab
26ae
1db1
28b4
1eb7
2aba
1fbd
2cc0
20c3
2ec6
21c9
30cc
22cf
32d2
23d5
34d8
24db
36de
25e1
38e4
26e7
3aea
27ed
3cf0
28f3
3ef6
29f9
40fc
2aff
4202
2b05
25aa
1fad
27b0
20b3
29b6
21b9
2bbc
22bf
2dc2
23c5
2fc8
24cb
31ce
25d1
33d4
26d7
35da
27dd
37e0
28e3
39e6
29e9
3bec
2aef
3df2
2bf5
3ff8
2cfb
41fe
2d01
4304
2e07
26ac
22af
28b2
23b5
2ab8
24bb
2cbe
25c1
2ec4
26c7
30ca
27cd
32d0
28d3
34d6
29d9
36dc
2adf
38e2
2be5
3ae8
2ceb
3cee
2df1
3ef4
2ef7
40fa
2ffd
4200
3003
4406
3109
27ae
25b1
29b4
26b7
2bba
27bd
2dc0
28c3
2fc6
29c9
31cc
2acf
33d2
2bd5
35d8
2cdb
37de
2de1
39e4
2ee7
3bea
2fed
3df0
30f3
3ff6
31f9
41fc
32ff
4302
3305
4508
340b
28b0
28b3
2ab6
29b9
2cbc
2abf
2ec2
2bc5
30c8
2ccb
32ce
2dd1
34d4
2ed7
36da
2fdd
38e0
30e3
3ae6
31e9
3cec
32ef
3ef2
33f5
40f8
34fb
42fe
3501
4404
3607
460a
370d
29b2
2bb5
2bb8
2cbb
2dbe
2dc1
2fc4
2ec7
31ca
2fcd
33d0
30d3
35d6
31d9
37dc
32df
39e2
33e5
3be8
34eb
3dee
35f1
3ff4
36f7
41fa
37fd
4300
3803
4506
3909
470c
3a0f
2ab4
2eb7
2cba
2fbd
2ec0
30c3
30c6
31c9
32cc
32cf
34d2
33d5
36d8
34db
38de
35e1
3ae4
36e7
3cea
37ed
3ef0
38f3
40f6
39f9
42fc
3aff
4402
3b05
4608
3c0b
480e
3d11
2bb6
31b9
2dbc
32bf
2fc2
33c5
31c8
34cb
33ce
35d1
35d4
36d7
37da
37dd
39e0
38e3
3be6
39e9
3dec
3aef
3ff2
3bf5
41f8
3cfb
43fe
3d01
4504
3e07
470a
3f0d
4910
4013
2cb8
34bb
2ebe
35c1
30c4
36c7
32ca
37cd
34d0
38d3
36d6
39d9
38dc
3adf
3ae2
3be5
3ce8
3ceb
3eee
3df1
40f4
3ef7
42fa
3ffd
4400
4003
4606
4109
480c
420f
4a12
4315
2dba
37bd
2fc0
38c3
31c6
39c9
33cc
3acf
35d2
3bd5
37d8
3cdb
39de
3de1
3be4
3ee7
3dea
3fed
3ff0
40f3
41f6
41f9
43fc
42ff
4502
4305
4708
440b
490e
4511
4b14
4617
2ebc
3abf
30c2
3bc5
32c8
3ccb
34ce
3dd1
36d4
3ed7
38da
3fdd
3ae0
40e3
3ce6
41e9
3eec
42ef
40f2
43f5
42f8
44fb
44fe
4501
4604
4607
480a
470d
4a10
4813
4c16
4919
2fbe
3dc1
31c4
3ec7
33ca
3fcd
35d0
40d3
37d6
41d9
39dc
42df
3be2
43e5
3de8
44eb
3fee
45f1
41f4
46f7
43fa
47fd
4500
4803
4706
4909
490c
4a0f
4b12
4b15
4d18
4c1b
30c0
40c3
32c6
41c9
34cc
42cf
36d2
43d5
38d8
44db
3ade
45e1
3ce4
46e7
3eea
47ed
40f0
48f3
42f6
49f9
44fc
4aff
4602
4b05
4808
4c0b
4a0e
4d11
4c14
4e17
4e1a
4f1d
31c2
43c5
33c8
44cb
35ce
45d1
37d4
46d7
39da
47dd
3be0
48e3
3de6
49e9
3fec
4aef
41f2
4bf5
43f8
4cfb
45fe
4d01
4704
4e07
490a
4f0d
4b10
5013
4d16
5119
4f1c
521f
32c4
46c7
34ca
47cd
36d0
48d3
38d6
49d9
3adc
4adf
3ce2
4be5
3ee8
4ceb
40ee
4df1
42f4
4ef7
44fa
4ffd
4600
5003
4806
5109
4a0c
520f
4c12
5315
4e18
541b
501e
5521
33c6
49c9
35cc
4acf
37d2
4bd5
39d8
4cdb
3bde
4de1
3de4
4ee7
3fea
4fed
41f0
50f3
43f6
51f9
45fc
52ff
4702
5305
4908
540b
4b0e
5511
4d14
5617
4f1a
571d
5120
5823
34c8
4ccb
36ce
4dd1
38d4
4ed7
3ada
4fdd
3ce0
50e3
3ee6
51e9
40ec
52ef
42f2
53f5
44f8
54fb
46fe
5501
4804
5607
4a0a
570d
4c10
5813
4e16
5919
501c
5a1f
5222
5b25
35ca
4fcd
37d0
50d3
39d6
51d9
3bdc
52df
3de2
53e5
3fe8
54eb
41ee
55f1
43f4
56f7
45fa
57fd
4700
5803
4906
5909
4b0c
5a0f
4d12
5b15
4f18
5c1b
511e
5d21
5324
5e27
36cc
52cf
38d2
53d5
3ad8
54db
3cde
55e1
3ee4
56e7
40ea
57ed
42f0
58f3
44f6
59f9
46fc
5aff
4802
5b05
4a08
5c0b
4c0e
5d11
4e14
5e17
501a
5f1d
5220
6023
5426
6129
37ce
55d1
39d4
56d7
3bda
57dd
3de0
58e3
3fe6
59e9
41ec
5aef
43f2
5bf5
45f8
5cfb
47fe
5d01
4904
5e07
4b0a
5f0d
4d10
6013
4f16
6119
511c
621f
5322
6325
5528
642b
38d0
58d3
3ad6
59d9
3cdc
5adf
3ee2
5be5
40e8
5ceb
42ee
5df1
44f4
5ef7
46fa
5ffd
4800
6003
4a06
6109
4c0c
620f
4e12
6315
5018
641b
521e
6521
5424
6627
562a
672d
39d2
5bd5
3bd8
5cdb
3dde
5de1
3fe4
5ee7
41ea
5fed
43f0
60f3
45f6
61f9
47fc
62ff
4902
6305
4b08
640b
4d0e
6511
4f14
6617
511a
671d
5320
6823
5526
6929
572c
6a2f
3ad4
5ed7
3cda
5fdd
3ee0
60e3
40e6
61e9
42ec
62ef
44f2
63f5
46f8
64fb
48fe
6501
4a04
6607
4c0a
670d
4e10
6813
5016
6919
521c
6a1f
5422
6b25
5628
6c2b
582e
6d31
3bd6
61d9
3ddc
62df
3fe2
63e5
41e8
64eb
43ee
65f1
45f4
66f7
47fa
67fd
4900
6803
4b06
6909
4d0c
6a0f
4f12
6b15
5118
6c1b
531e
6d21
5524
6e27
572a
6f2d
5930
7033
3cd8
64db
3ede
65e1
40e4
66e7
42ea
67ed
44f0
68f3
46f6
69f9
48fc
6aff
4a02
6b05
4c08
6c0b
4e0e
6d11
5014
6e17
521a
6f1d
5420
7023
5626
7129
582c
722f
5a32
7335
3dda
67dd
3fe0
68e3
41e6
69e9
43ec
6aef
45f2
6bf5
47f8
6cfb
49fe
6d01
4b04
6e07
4d0a
6f0d
4f10
7013
5116
7119
531c
721f
5522
7325
5728
742b
592e
7531
5b34
7637
3edc
6adf
40e2
6be5
42e8
6ceb
44ee
6df1
46f4
6ef7
48fa
6ffd
4a00
7003
4c06
7109
4e0c
720f
5012
7315
5218
741b
541e
7521
5624
7627
582a
772d
5a30
7833
5c36
7939
3fde
6de1
41e4
6ee7
43ea
6fed
45f0
70f3
47f6
71f9
49fc
72ff
4b02
7305
4d08
740b
4f0e
7511
5114
7617
531a
771d
5520
7823
5726
7929
592c
7a2f
5b32
7b35
5d38
7c3b
40e0
70e3
42e6
71e9
44ec
72ef
46f2
73f5
48f8
74fb
4afe
7501
4c04
7607
4e0a
770d
5010
7813
5216
7919
541c
7a1f
5622
7b25
5828
7c2b
5a2e
7d31
5c34
7e37
5e3a
7f3d
41e2
73e5
43e8
74eb
45ee
75f1
47f4
76f7
49fa
77fd
4b00
7803
4d06
7909
4f0c
7a0f
5112
7b15
5318
7c1b
551e
7d21
5724
7e27
592a
7f2d
5b30
8033
5d36
8139
5f3c
823f
42e4
76e7
44ea
77ed
46f0
78f3
48f6
79f9
4afc
7aff
4c02
7b05
4e08
7c0b
500e
7d11
5214
7e17
541a
7f1d
5620
8023
5826
8129
5a2c
822f
5c32
8335
5e38
843b
603e
8541
43e6
79e9
45ec
7aef
47f2
7bf5
49f8
7cfb
4bfe
7d01
4d04
7e07
4f0a
7f0d
5110
8013
5316
8119
551c
821f
5722
8325
5928
842b
5b2e
8531
5d34
8637
5f3a
873d
6140
8843
44e8
7ceb
46ee
7df1
48f4
7ef7
4afa
7ffd
4c00
8003
4e06
8109
500c
820f
5212
8315
5418
841b
561e
8521
5824
8627
5a2a
872d
5c30
8833
5e36
8939
603c
8a3f
6242
8b45
45ea
7fed
47f0
80f3
49f6
81f9
4bfc
82ff
4d02
8305
4f08
840b
510e
8511
5314
8617
551a
871d
5720
8823
5926
8929
5b2c
8a2f
5d32
8b35
5f38
8c3b
613e
8d41
6344
8e47
46ec
82ef
48f2
83f5
4af8
84fb
4cfe
8501
4e04
8607
500a
870d
5210
8813
5416
8919
561c
8a1f
5822
8b25
5a28
8c2b
5c2e
8d31
5e34
8e37
603a
8f3d
6240
9043
6446
9149
47ee
85f1
49f4
86f7
4bfa
87fd
4d00
8803
4f06
8909
510c
8a0f
5312
8b15
5518
8c1b
571e
8d21
5924
8e27
5b2a
8f2d
5d30
9033
5f36
9139
613c
923f
6342
9345
6548
944b
48f0
88f3
4af6
89f9
4cfc
8aff
4e02
8b05
5008
8c0b
520e
8d11
5414
8e17
561a
8f1d
5820
9023
5a26
9129
5c2c
922f
5e32
9335
6038
943b
623e
9541
6444
9647
664a
974d
49f2
8bf5
4bf8
8cfb
4dfe
8d01
4f04
8e07
510a
8f0d
5310
9013
5516
9119
571c
921f
5922
9325
5b28
942b
5d2e
9531
5f34
9637
613a
973d
6340
9843
6546
9949
674c
9a4f
4af4
8ef7
4cfa
8ffd
4e00
9003
5006
9109
520c
920f
5412
9315
5618
941b
581e
9521
5a24
9627
5c2a
972d
5e30
9833
6036
9939
623c
9a3f
6442
9b45
6648
9c4b
684e
9d51
4bf6
91f9
4dfc
92ff
4f02
9305
5108
940b
530e
9511
5514
9617
571a
971d
5920
9823
5b26
9929
5d2c
9a2f
5f32
9b35
6138
9c3b
633e
9d41
6544
9e47
674a
9f4d
6950
a053
4cf8
94fb
4efe
9501
5004
9607
520a
970d
5410
9813
5616
9919
581c
9a1f
5a22
9b25
5c28
9c2b
5e2e
9d31
6034
9e37
623a
9f3d
6440
a043
6646
a149
684c
a24f
6a52
a355
4dfa
97fd
4f00
9803
5106
9909
530c
9a0f
5512
9b15
5718
9c1b
591e
9d21
5b24
9e27
5d2a
9f2d
5f30
a033
6136
a139
633c
a23f
6542
a345
6748
a44b
694e
a551
6b54
a657
4efc
9aff
5002
9b05
5208
9c0b
540e
9d11
5614
9e17
581a
9f1d
5a20
a023
5c26
a129
5e2c
a22f
6032
a335
6238
a43b
643e
a541
6644
a647
684a
a74d
6a50
a853
6c56
a959
4ffe
9d01
5104
9e07
530a
9f0d
5510
a013
5716
a119
591c
a21f
5b22
a325
5d28
a42b
5f2e
a531
6134
a637
633a
a73d
6540
a843
6746
a949
694c
aa4f
6b52
ab55
6d58
ac5b
5000
a003
5206
a109
540c
a20f
5612
a315
5818
a41b
5a1e
a521
5c24
a627
5e2a
a72d
6030
a833
6236
a939
643c
aa3f
6642
ab45
6848
ac4b
6a4e
ad51
6c54
ae57
6e5a
af5d
5102
a305
5308
a40b
550e
a511
5714
a617
591a
a71d
5b20
a823
5d26
a929
5f2c
aa2f
6132
ab35
6338
ac3b
653e
ad41
6744
ae47
694a
af4d
6b50
b053
6d56
b159
6f5c
b25f
5204
a607
540a
a70d
5610
a813
5816
a919
5a1c
aa1f
5c22
ab25
5e28
ac2b
602e
ad31
6234
ae37
643a
af3d
6640
b043
6846
b149
6a4c
b24f
6c52
b355
6e58
b45b
705e
b561
5306
a909
550c
aa0f
5712
ab15
5918
ac1b
5b1e
ad21
5d24
ae27
5f2a
af2d
6130
b033
6336
b139
653c
b23f
6742
b345
6948
b44b
6b4e
b551
6d54
b657
6f5a
b75d
7160
b863
5408
ac0b
560e
ad11
5814
ae17
5a1a
af1d
5c20
b023
5e26
b129
602c
b22f
6232
b335
6438
b43b
663e
b541
6844
b647
6a4a
b74d
6c50
b853
6e56
b959
705c
ba5f
7262
bb65
550a
af0d
5710
b013
5916
b119
5b1c
b21f
5d22
b325
5f28
b42b
612e
b531
6334
b637
653a
b73d
6740
b843
6946
b949
6b4c
ba4f
6d52
bb55
6f58
bc5b
715e
bd61
7364
be67
560c
b20f
5812
b315
5a18
b41b
5c1e
b521
5e24
b627
602a
b72d
6230
b833
6436
b939
663c
ba3f
6842
bb45
6a48
bc4b
6c4e
bd51
6e54
be57
705a
bf5d
7260
c063
7466
c169
570e
b511
5914
b617
5b1a
b71d
5d20
b823
5f26
b929
612c
ba2f
6332
bb35
6538
bc3b
673e
bd41
6944
be47
6b4a
bf4d
6d50
c053
6f56
c159
715c
c25f
7362
c365
7568
c46b
5810
b813
5a16
b919
5c1c
ba1f
5e22
bb25
6028
bc2b
622e
bd31
6434
be37
663a
bf3d
6840
c043
6a46
c149
6c4c
c24f
6e52
c355
7058
c45b
725e
c561
7464
c667
766a
c76d
5912
bb15
5b18
bc1b
5d1e
bd21
5f24
be27
612a
bf2d
6330
c033
6536
c139
673c
c23f
6942
c345
6b48
c44b
6d4e
c551
6f54
c657
715a
c75d
7360
c863
7566
c969
776c
ca6f
5a14
be17
5c1a
bf1d
5e20
c023
6026
c129
622c
c22f
6432
c335
6638
c43b
683e
c541
6a44
c647
6c4a
c74d
6e50
c853
7056
c959
725c
ca5f
7462
cb65
7668
cc6b
786e
cd71
5b16
c119
5d1c
c21f
5f22
c325
6128
c42b
632e
c531
6534
c637
673a
c73d
6940
c843
6b46
c949
6d4c
ca4f
6f52
cb55
7158
cc5b
735e
cd61
7564
ce67
776a
cf6d
7970
d073
5c18
c41b
5e1e
c521
6024
c627
622a
c72d
6430
c833
6636
c939
683c
ca3f
6a42
cb45
6c48
cc4b
6e4e
cd51
7054
ce57
725a
cf5d
7460
d063
7666
d169
786c
d26f
7a72
d375
5d1a
c71d
5f20
c823
6126
c929
632c
ca2f
6532
cb35
6738
cc3b
693e
cd41
6b44
ce47
6d4a
cf4d
6f50
d053
7156
d159
735c
d25f
7562
d365
7768
d46b
796e
d571
7b74
d677
5e1c
ca1f
6022
cb25
6228
cc2b
642e
cd31
6634
ce37
683a
cf3d
6a40
d043
6c46
d149
6e4c
d24f
7052
d355
7258
d45b
745e
d561
7664
d667
786a
d76d
7a70
d873
7c76
d979
5f1e
cd21
6124
ce27
632a
cf2d
6530
d033
6736
d139
693c
d23f
6b42
d345
6d48
d44b
6f4e
d551
7154
d657
735a
d75d
7560
d863
7766
d969
796c
da6f
7b72
db75
7d78
dc7b
6020
d023
6226
d129
642c
d22f
6632
d335
6838
d43b
6a3e
d541
6c44
d647
6e4a
d74d
7050
d853
7256
d959
745c
da5f
7662
db65
7868
dc6b
7a6e
dd71
7c74
de77
7e7a
df7d
6122
d325
6328
d42b
652e
d531
6734
d637
693a
d73d
6b40
d843
6d46
d949
6f4c
da4f
7152
db55
7358
dc5b
755e
dd61
7764
de67
796a
df6d
7b70
e073
7d76
e179
7f7c
e27f
6224
d627
642a
d72d
6630
d833
6836
d939
6a3c
da3f
6c42
db45
6e48
dc4b
704e
dd51
7254
de57
745a
df5d
7660
e063
7866
e169
7a6c
e26f
7c72
e375
7e78
e47b
807e
e581
6326
d929
652c
da2f
6732
db35
6938
dc3b
6b3e
dd41
6d44
de47
6f4a
df4d
7150
e053
7356
e159
755c
e25f
7762
e365
7968
e46b
7b6e
e571
7d74
e677
7f7a
e77d
8180
e883
6428
dc2b
662e
dd31
6834
de37
6a3a
df3d
6c40
e043
6e46
e149
704c
e24f
7252
e355
7458
e45b
765e
e561
7864
e667
7a6a
e76d
7c70
e873
7e76
e979
807c
ea7f
8282
eb85
652a
df2d
6730
e033
6936
e139
6b3c
e23f
6d42
e345
6f48
e44b
714e
e551
7354
e657
755a
e75d
7760
e863
7966
e969
7b6c
ea6f
7d72
eb75
7f78
ec7b
817e
ed81
8384
ee87
662c
e22f
6832
e335
6a38
e43b
6c3e
e541
6e44
e647
704a
e74d
7250
e853
7456
e959
765c
ea5f
7862
eb65
7a68
ec6b
7c6e
ed71
7e74
ee77
807a
ef7d
8280
f083
8486
f189
672e
e531
6934
e637
6b3a
e73d
6d40
e843
6f46
e949
714c
ea4f
7352
eb55
7558
ec5b
775e
ed61
7964
ee67
7b6a
ef6d
7d70
f073
7f76
f179
817c
f27f
8382
f385
8588
f48b
6830
e833
6a36
e939
6c3c
ea3f
6e42
eb45
7048
ec4b
724e
ed51
7454
ee57
765a
ef5d
7860
f063
7a66
f169
7c6c
f26f
7e72
f375
8078
f47b
827e
f581
8484
f687
868a
f78d
6932
eb35
6b38
ec3b
6d3e
ed41
6f44
ee47
714a
ef4d
7350
f053
7556
f159
775c
f25f
7962
f365
7b68
f46b
7d6e
f571
7f74
f677
817a
f77d
8380
f883
8586
f989
878c
fa8f
6a34
ee37
6c3a
ef3d
6e40
f043
7046
f149
724c
f24f
7452
f355
7658
f45b
785e
f561
7a64
f667
7c6a
f76d
7e70
f873
8076
f979
827c
fa7f
8482
fb85
8688
fc8b
888e
fd91
6b36
f139
6d3c
f23f
6f42
f345
7148
f44b
734e
f551
7554
f657
775a
f75d
7960
f863
7b66
f969
7d6c
fa6f
7f72
fb75
8178
fc7b
837e
fd81
8584
fe87
878a
ff8d
8990
0093
6c38
f43b
6e3e
f541
7044
f647
724a
f74d
7450
f853
7656
f959
785c
fa5f
7a62
fb65
7c68
fc6b
7e6e
fd71
8074
fe77
827a
ff7d
8480
0083
8686
0189
888c
028f
8a92
0395
6d3a
f73d
6f40
f843
7146
f949
734c
fa4f
7552
fb55
7758
fc5b
795e
fd61
7b64
fe67
7d6a
ff6d
7f70
0073
8176
0179
837c
027f
8582
0385
8788
048b
898e
0591
8b94
0697
6e3c
fa3f
7042
fb45
7248
fc4b
744e
fd51
7654
fe57
785a
ff5d
7a60
0063
7c66
0169
7e6c
026f
8072
0375
8278
047b
847e
0581
8684
0687
888a
078d
8a90
0893
8c96
0999
6f3e
fd41
7144
fe47
734a
ff4d
7550
0053
7756
0159
795c
025f
7b62
0365
7d68
046b
7f6e
0571
8174
0677
837a
077d
8580
0883
8786
0989
898c
0a8f
8b92
0b95
8d98
0c9b
7040
0043
7246
0149
744c
024f
7652
0355
7858
045b
7a5e
0561
7c64
0667
7e6a
076d
8070
0873
8276
0979
847c
0a7f
8682
0b85
8888
0c8b
8a8e
0d91
8c94
0e97
8e9a
0f9d
7142
0345
7348
044b
754e
0551
7754
0657
795a
075d
7b60
0863
7d66
0969
7f6c
0a6f
8172
0b75
8378
0c7b
857e
0d81
8784
0e87
898a
0f8d
8b90
1093
8d96
1199
8f9c
129f
7244
0647
744a
074d
7650
0853
7856
0959
7a5c
0a5f
7c62
0b65
7e68
0c6b
806e
0d71
8274
0e77
847a
0f7d
8680
1083
8886
1189
8a8c
128f
8c92
1395
8e98
149b
909e
15a1
7346
0949
754c
0a4f
7752
0b55
7958
0c5b
7b5e
0d61
7d64
0e67
7f6a
0f6d
8170
1073
8376
1179
857c
127f
8782
1385
8988
148b
8b8e
1591
8d94
1697
8f9a
179d
91a0
18a3
7448
0c4b
764e
0d51
7854
0e57
7a5a
0f5d
7c60
1063
7e66
1169
806c
126f
8272
1375
8478
147b
867e
1581
8884
1687
8a8a
178d
8c90
1893
8e96
1999
909c
1a9f
92a2
1ba5
754a
0f4d
7750
1053
7956
1159
7b5c
125f
7d62
1365
7f68
146b
816e
1571
8374
1677
857a
177d
8780
1883
8986
1989
8b8c
1a8f
8d92
1b95
8f98
1c9b
919e
1da1
93a4
1ea7
764c
124f
7852
1355
7a58
145b
7c5e
1561
7e64
1667
806a
176d
8270
1873
8476
1979
867c
1a7f
8882
1b85
8a88
1c8b
8c8e
1d91
8e94
1e97
909a
1f9d
92a0
20a3
94a6
21a9
774e
1551
7954
1657
7b5a
175d
7d60
1863
7f66
1969
816c
1a6f
8372
1b75
8578
1c7b
877e
1d81
8984
1e87
8b8a
1f8d
8d90
2093
8f96
2199
919c
229f
93a2
23a5
95a8
24ab
7850
1853
7a56
1959
7c5c
1a5f
7e62
1b65
8068
1c6b
826e
1d71
8474
1e77
867a
1f7d
8880
2083
8a86
2189
8c8c
228f
8e92
2395
9098
249b
929e
25a1
94a4
26a7
96aa
27ad
7952
1b55
7b58
1c5b
7d5e
1d61
7f64
1e67
816a
1f6d
8370
2073
8576
2179
877c
227f
8982
2385
8b88
248b
8d8e
2591
8f94
2697
919a
279d
93a0
28a3
95a6
29a9
97ac
2aaf
7a54
1e57
7c5a
1f5d
7e60
2063
8066
2169
826c
226f
8472
2375
8678
247b
887e
2581
8a84
2687
8c8a
278d
8e90
2893
9096
2999
929c
2a9f
94a2
2ba5
96a8
2cab
98ae
2db1
7b56
2159
7d5c
225f
7f62
2365
8168
246b
836e
2571
8574
2677
877a
277d
8980
2883
8b86
2989
8d8c
2a8f
8f92
2b95
9198
2c9b
939e
2da1
95a4
2ea7
97aa
2fad
99b0
30b3
7c58
245b
7e5e
2561
8064
2667
826a
276d
8470
2873
8676
2979
887c
2a7f
8a82
2b85
8c88
2c8b
8e8e
2d91
9094
2e97
929a
2f9d
94a0
30a3
96a6
31a9
98ac
32af
9ab2
33b5
7d5a
275d
7f60
2863
8166
2969
836c
2a6f
8572
2b75
8778
2c7b
897e
2d81
8b84
2e87
8d8a
2f8d
8f90
3093
9196
3199
939c
329f
95a2
33a5
97a8
34ab
99ae
35b1
9bb4
36b7
7e5c
2a5f
8062
2b65
8268
2c6b
846e
2d71
8674
2e77
887a
2f7d
8a80
3083
8c86
3189
8e8c
328f
9092
3395
9298
349b
949e
35a1
96a4
36a7
98aa
37ad
9ab0
38b3
9cb6
39b9
7f5e
2d61
8164
2e67
836a
2f6d
8570
3073
8776
3179
897c
327f
8b82
3385
8d88
348b
8f8e
3591
9194
3697
939a
379d
95a0
38a3
97a6
39a9
99ac
3aaf
9bb2
3bb5
9db8
3cbb
8060
3063
8266
3169
846c
326f
8672
3375
8878
347b
8a7e
3581
8c84
3687
8e8a
378d
9090
3893
9296
3999
949c
3a9f
96a2
3ba5
98a8
3cab
9aae
3db1
9cb4
3eb7
9eba
3fbd
8162
3365
8368
346b
856e
3571
8774
3677
897a
377d
8b80
3883
8d86
3989
8f8c
3a8f
9192
3b95
9398
3c9b
959e
3da1
97a4
3ea7
99aa
3fad
9bb0
40b3
9db6
41b9
9fbc
42bf
8264
3667
846a
376d
8670
3873
8876
3979
8a7c
3a7f
8c82
3b85
8e88
3c8b
908e
3d91
9294
3e97
949a
3f9d
96a0
40a3
98a6
41a9
9aac
42af
9cb2
43b5
9eb8
44bb
a0be
45c1
8366
3969
856c
3a6f
8772
3b75
8978
3c7b
8b7e
3d81
8d84
3e87
8f8a
3f8d
9190
4093
9396
4199
959c
429f
97a2
43a5
99a8
44ab
9bae
45b1
9db4
46b7
9fba
47bd
a1c0
48c3
8468
3c6b
866e
3d71
8874
3e77
8a7a
3f7d
8c80
4083
8e86
4189
908c
428f
9292
4395
9498
449b
969e
45a1
98a4
46a7
9aaa
47ad
9cb0
48b3
9eb6
49b9
a0bc
4abf
a2c2
4bc5
856a
3f6d
8770
4073
8976
4179
8b7c
427f
8d82
4385
8f88
448b
918e
4591
9394
4697
959a
479d
97a0
48a3
99a6
49a9
9bac
4aaf
9db2
4bb5
9fb8
4cbb
a1be
4dc1
a3c4
4ec7
866c
426f
8872
4375
8a78
447b
8c7e
4581
8e84
4687
908a
478d
9290
4893
9496
4999
969c
4a9f
98a2
4ba5
9aa8
4cab
9cae
4db1
9eb4
4eb7
a0ba
4fbd
a2c0
50c3
a4c6
51c9
876e
4571
8974
4677
8b7a
477d
8d80
4883
8f86
4989
918c
4a8f
9392
4b95
9598
4c9b
979e
4da1
99a4
4ea7
9baa
4fad
9db0
50b3
9fb6
51b9
a1bc
52bf
a3c2
53c5
a5c8
54cb
