Copyright 1986-2020 Xilinx, Inc. All Rights Reserved.
-------------------------------------------------------------------------------------------------------------------------------------------
| Tool Version : Vivado v.2020.1 (win64) Build 2902540 Wed May 27 19:54:49 MDT 2020
| Date         : Mon Sep 28 15:38:52 2026
| Host         : LAPTOP-JC5LPK9T running 64-bit major release  (build 9200)
| Command      : report_timing -max_paths 20 -file F:/zju/dasanshangkecheng/HDL/mjpeg/reports/ddr3/full_20260928_152815/critical_setup.rpt
| Design       : davinci_mjpeg_ddr3_top
| Device       : 7a35t-fgg484
| Speed File   : -2  PRODUCTION 1.23 2018-06-13
-------------------------------------------------------------------------------------------------------------------------------------------

Timing Report

Slack (VIOLATED) :        -0.583ns  (required time - arrival time)
  Source:                 real_camera.raw_processing.demosaic/denoising.filter/even_line_reg_0/CLKBWRCLK
                            (rising edge-triggered cell RAMB36E1 clocked by core_raw  {rise@0.000ns fall@5.000ns period=10.000ns})
  Destination:            real_camera.raw_processing.demosaic/denoising.filter/channels[2].top_row_reg[8]/D
                            (rising edge-triggered cell FDRE clocked by core_raw  {rise@0.000ns fall@5.000ns period=10.000ns})
  Path Group:             core_raw
  Path Type:              Setup (Max at Slow Process Corner)
  Requirement:            10.000ns  (core_raw rise@10.000ns - core_raw rise@0.000ns)
  Data Path Delay:        10.510ns  (logic 4.951ns (47.109%)  route 5.559ns (52.891%))
  Logic Levels:           14  (CARRY4=6 LUT4=3 LUT5=1 LUT6=4)
  Clock Path Skew:        -0.085ns (DCD - SCD + CPR)
    Destination Clock Delay (DCD):    -0.999ns = ( 9.001 - 10.000 ) 
    Source Clock Delay      (SCD):    -0.512ns
    Clock Pessimism Removal (CPR):    0.402ns
  Clock Uncertainty:      0.047ns  ((TSJ^2 + DJ^2)^1/2) / 2 + PE
    Total System Jitter     (TSJ):    0.071ns
    Discrete Jitter          (DJ):    0.063ns
    Phase Error              (PE):    0.000ns

    Location             Delay type                Incr(ns)  Path(ns)    Netlist Resource(s)
  -------------------------------------------------------------------    -------------------
                         (clock core_raw rise edge)
                                                      0.000     0.000 r  
    R4                                                0.000     0.000 r  sys_clk (IN)
                         net (fo=0)                   0.000     0.000    sys_clk
    R4                   IBUF (Prop_ibuf_I_O)         1.432     1.432 r  sys_clk_IBUF_inst/O
                         net (fo=1, routed)           1.065     2.497    multiplied_clock.clock_generator/sys_clk_IBUF
    MMCME2_ADV_X1Y0      MMCME2_ADV (Prop_mmcme2_adv_CLKIN1_CLKOUT0)
                                                     -5.921    -3.424 r  multiplied_clock.clock_generator/mmcm/CLKOUT0
                         net (fo=1, routed)           1.421    -2.004    multiplied_clock.clock_generator/core_raw
    BUFGCTRL_X0Y2        BUFG (Prop_bufg_I_O)         0.081    -1.923 r  multiplied_clock.clock_generator/core_buffer/O
                         net (fo=14731, routed)       1.410    -0.512    real_camera.raw_processing.demosaic/denoising.filter/core_clk
    RAMB36_X1Y8          RAMB36E1                                     r  real_camera.raw_processing.demosaic/denoising.filter/even_line_reg_0/CLKBWRCLK
  -------------------------------------------------------------------    -------------------
    RAMB36_X1Y8          RAMB36E1 (Prop_ramb36e1_CLKBWRCLK_DOBDO[3])
                                                      2.125     1.613 r  real_camera.raw_processing.demosaic/denoising.filter/even_line_reg_0/DOBDO[3]
                         net (fo=8, routed)           0.849     2.462    real_camera.raw_processing.demosaic/denoising.filter/even_read[3]
    SLICE_X56Y39         LUT5 (Prop_lut5_I4_O)        0.105     2.567 f  real_camera.raw_processing.demosaic/denoising.filter/tl[3]_i_2/O
                         net (fo=4, routed)           0.151     2.718    real_camera.raw_processing.demosaic/denoising.filter/tl[3]_i_2_n_0
    SLICE_X56Y39         LUT4 (Prop_lut4_I2_O)        0.105     2.823 f  real_camera.raw_processing.demosaic/denoising.filter/channels[0].top_row[7]_i_21/O
                         net (fo=5, routed)           0.506     3.329    real_camera.raw_processing.demosaic/denoising.filter/channels[0].top_row[7]_i_21_n_0
    SLICE_X54Y37         LUT6 (Prop_lut6_I4_O)        0.105     3.434 r  real_camera.raw_processing.demosaic/denoising.filter/channels[0].top_row[7]_i_207/O
                         net (fo=1, routed)           0.379     3.813    real_camera.raw_processing.demosaic/denoising.filter/channels[0].top_row[7]_i_207_n_0
    SLICE_X57Y38         CARRY4 (Prop_carry4_DI[1]_CO[3])
                                                      0.418     4.231 r  real_camera.raw_processing.demosaic/denoising.filter/channels[0].top_row_reg[7]_i_185/CO[3]
                         net (fo=7, routed)           0.783     5.013    real_camera.raw_processing.demosaic/denoising.filter/channels[0].top_row_reg[7]_i_185_n_0
    SLICE_X54Y36         LUT6 (Prop_lut6_I5_O)        0.105     5.118 r  real_camera.raw_processing.demosaic/denoising.filter/channels[0].top_row[7]_i_131/O
                         net (fo=1, routed)           0.486     5.604    real_camera.raw_processing.demosaic/denoising.filter/channels[0].top_row[7]_i_131_n_0
    SLICE_X55Y36         CARRY4 (Prop_carry4_DI[2]_CO[3])
                                                      0.329     5.933 r  real_camera.raw_processing.demosaic/denoising.filter/channels[0].top_row_reg[7]_i_86/CO[3]
                         net (fo=1, routed)           0.000     5.933    real_camera.raw_processing.demosaic/denoising.filter/channels[0].top_row_reg[7]_i_86_n_0
    SLICE_X55Y37         CARRY4 (Prop_carry4_CI_O[3])
                                                      0.260     6.193 r  real_camera.raw_processing.demosaic/denoising.filter/channels[0].top_row_reg[7]_i_85/O[3]
                         net (fo=2, routed)           0.594     6.787    real_camera.raw_processing.demosaic/denoising.filter/difference1_return[7]
    SLICE_X54Y35         LUT4 (Prop_lut4_I0_O)        0.257     7.044 r  real_camera.raw_processing.demosaic/denoising.filter/channels[0].top_row[7]_i_53/O
                         net (fo=1, routed)           0.000     7.044    real_camera.raw_processing.demosaic/denoising.filter/channels[0].top_row[7]_i_53_n_0
    SLICE_X54Y35         CARRY4 (Prop_carry4_S[3]_CO[3])
                                                      0.314     7.358 f  real_camera.raw_processing.demosaic/denoising.filter/channels[0].top_row_reg[7]_i_29/CO[3]
                         net (fo=6, routed)           0.738     8.096    real_camera.raw_processing.demosaic/denoising.filter/p_45_in
    SLICE_X58Y35         LUT4 (Prop_lut4_I3_O)        0.105     8.201 r  real_camera.raw_processing.demosaic/denoising.filter/channels[0].top_row[7]_i_10/O
                         net (fo=22, routed)          0.540     8.740    real_camera.raw_processing.demosaic/denoising.filter/channels[0].top_row[7]_i_10_n_0
    SLICE_X58Y33         LUT6 (Prop_lut6_I1_O)        0.105     8.845 r  real_camera.raw_processing.demosaic/denoising.filter/channels[2].top_row[7]_i_3/O
                         net (fo=2, routed)           0.534     9.380    real_camera.raw_processing.demosaic/denoising.filter/channels[2].top_row[7]_i_3_n_0
    SLICE_X57Y35         LUT6 (Prop_lut6_I0_O)        0.105     9.485 r  real_camera.raw_processing.demosaic/denoising.filter/channels[2].top_row[7]_i_7/O
                         net (fo=1, routed)           0.000     9.485    real_camera.raw_processing.demosaic/denoising.filter/channels[2].top_row[7]_i_7_n_0
    SLICE_X57Y35         CARRY4 (Prop_carry4_S[2]_CO[3])
                                                      0.332     9.817 r  real_camera.raw_processing.demosaic/denoising.filter/channels[2].top_row_reg[7]_i_1/CO[3]
                         net (fo=1, routed)           0.000     9.817    real_camera.raw_processing.demosaic/denoising.filter/channels[2].top_row_reg[7]_i_1_n_0
    SLICE_X57Y36         CARRY4 (Prop_carry4_CI_O[0])
                                                      0.181     9.998 r  real_camera.raw_processing.demosaic/denoising.filter/channels[2].top_row_reg[9]_i_1/O[0]
                         net (fo=1, routed)           0.000     9.998    real_camera.raw_processing.demosaic/denoising.filter/channels[2].top_row_reg[9]_i_1_n_7
    SLICE_X57Y36         FDRE                                         r  real_camera.raw_processing.demosaic/denoising.filter/channels[2].top_row_reg[8]/D
  -------------------------------------------------------------------    -------------------

                         (clock core_raw rise edge)
                                                     10.000    10.000 r  
    R4                                                0.000    10.000 r  sys_clk (IN)
                         net (fo=0)                   0.000    10.000    sys_clk
    R4                   IBUF (Prop_ibuf_I_O)         1.366    11.366 r  sys_clk_IBUF_inst/O
                         net (fo=1, routed)           1.004    12.369    multiplied_clock.clock_generator/sys_clk_IBUF
    MMCME2_ADV_X1Y0      MMCME2_ADV (Prop_mmcme2_adv_CLKIN1_CLKOUT0)
                                                     -6.057     6.312 r  multiplied_clock.clock_generator/mmcm/CLKOUT0
                         net (fo=1, routed)           1.352     7.665    multiplied_clock.clock_generator/core_raw
    BUFGCTRL_X0Y2        BUFG (Prop_bufg_I_O)         0.077     7.742 r  multiplied_clock.clock_generator/core_buffer/O
                         net (fo=14731, routed)       1.260     9.001    real_camera.raw_processing.demosaic/denoising.filter/core_clk
    SLICE_X57Y36         FDRE                                         r  real_camera.raw_processing.demosaic/denoising.filter/channels[2].top_row_reg[8]/C
                         clock pessimism              0.402     9.403    
                         clock uncertainty           -0.047     9.356    
    SLICE_X57Y36         FDRE (Setup_fdre_C_D)        0.059     9.415    real_camera.raw_processing.demosaic/denoising.filter/channels[2].top_row_reg[8]
  -------------------------------------------------------------------
                         required time                          9.415    
                         arrival time                          -9.998    
  -------------------------------------------------------------------
                         slack                                 -0.583    

Slack (VIOLATED) :        -0.582ns  (required time - arrival time)
  Source:                 real_camera.raw_processing.demosaic/denoising.filter/even_line_reg_1/CLKBWRCLK
                            (rising edge-triggered cell RAMB18E1 clocked by core_raw  {rise@0.000ns fall@5.000ns period=10.000ns})
  Destination:            real_camera.raw_processing.demosaic/denoising.filter/channels[2].bottom_row_reg[8]/D
                            (rising edge-triggered cell FDRE clocked by core_raw  {rise@0.000ns fall@5.000ns period=10.000ns})
  Path Group:             core_raw
  Path Type:              Setup (Max at Slow Process Corner)
  Requirement:            10.000ns  (core_raw rise@10.000ns - core_raw rise@0.000ns)
  Data Path Delay:        10.512ns  (logic 5.058ns (48.116%)  route 5.454ns (51.884%))
  Logic Levels:           14  (CARRY4=6 LUT3=3 LUT4=2 LUT5=1 LUT6=2)
  Clock Path Skew:        -0.082ns (DCD - SCD + CPR)
    Destination Clock Delay (DCD):    -0.999ns = ( 9.001 - 10.000 ) 
    Source Clock Delay      (SCD):    -0.515ns
    Clock Pessimism Removal (CPR):    0.402ns
  Clock Uncertainty:      0.047ns  ((TSJ^2 + DJ^2)^1/2) / 2 + PE
    Total System Jitter     (TSJ):    0.071ns
    Discrete Jitter          (DJ):    0.063ns
    Phase Error              (PE):    0.000ns

    Location             Delay type                Incr(ns)  Path(ns)    Netlist Resource(s)
  -------------------------------------------------------------------    -------------------
                         (clock core_raw rise edge)
                                                      0.000     0.000 r  
    R4                                                0.000     0.000 r  sys_clk (IN)
                         net (fo=0)                   0.000     0.000    sys_clk
    R4                   IBUF (Prop_ibuf_I_O)         1.432     1.432 r  sys_clk_IBUF_inst/O
                         net (fo=1, routed)           1.065     2.497    multiplied_clock.clock_generator/sys_clk_IBUF
    MMCME2_ADV_X1Y0      MMCME2_ADV (Prop_mmcme2_adv_CLKIN1_CLKOUT0)
                                                     -5.921    -3.424 r  multiplied_clock.clock_generator/mmcm/CLKOUT0
                         net (fo=1, routed)           1.421    -2.004    multiplied_clock.clock_generator/core_raw
    BUFGCTRL_X0Y2        BUFG (Prop_bufg_I_O)         0.081    -1.923 r  multiplied_clock.clock_generator/core_buffer/O
                         net (fo=14731, routed)       1.407    -0.515    real_camera.raw_processing.demosaic/denoising.filter/core_clk
    RAMB18_X1Y15         RAMB18E1                                     r  real_camera.raw_processing.demosaic/denoising.filter/even_line_reg_1/CLKBWRCLK
  -------------------------------------------------------------------    -------------------
    RAMB18_X1Y15         RAMB18E1 (Prop_ramb18e1_CLKBWRCLK_DOBDO[1])
                                                      2.125     1.610 r  real_camera.raw_processing.demosaic/denoising.filter/even_line_reg_1/DOBDO[1]
                         net (fo=8, routed)           0.676     2.286    real_camera.raw_processing.demosaic/denoising.filter/even_read[19]
    SLICE_X48Y35         LUT5 (Prop_lut5_I4_O)        0.105     2.391 f  real_camera.raw_processing.demosaic/denoising.filter/bl[19]_i_2/O
                         net (fo=4, routed)           0.351     2.742    real_camera.raw_processing.demosaic/denoising.filter/bl[19]_i_2_n_0
    SLICE_X49Y34         LUT3 (Prop_lut3_I2_O)        0.105     2.847 f  real_camera.raw_processing.demosaic/denoising.filter/channels[2].bottom_row[7]_i_21/O
                         net (fo=8, routed)           0.346     3.193    real_camera.raw_processing.demosaic/denoising.filter/channels[2].bottom_row[7]_i_21_n_0
    SLICE_X49Y35         LUT6 (Prop_lut6_I1_O)        0.105     3.298 r  real_camera.raw_processing.demosaic/denoising.filter/channels[0].bottom_row[7]_i_223/O
                         net (fo=1, routed)           0.397     3.695    real_camera.raw_processing.demosaic/denoising.filter/channels[0].bottom_row[7]_i_223_n_0
    SLICE_X49Y36         CARRY4 (Prop_carry4_DI[1]_CO[3])
                                                      0.418     4.113 r  real_camera.raw_processing.demosaic/denoising.filter/channels[0].bottom_row_reg[7]_i_187/CO[3]
                         net (fo=7, routed)           0.642     4.755    real_camera.raw_processing.demosaic/denoising.filter/channels[0].bottom_row_reg[7]_i_187_n_0
    SLICE_X51Y37         LUT3 (Prop_lut3_I2_O)        0.105     4.860 r  real_camera.raw_processing.demosaic/denoising.filter/channels[0].bottom_row[7]_i_162/O
                         net (fo=1, routed)           0.284     5.144    real_camera.raw_processing.demosaic/denoising.filter/channels[0].bottom_row[7]_i_162_n_0
    SLICE_X48Y36         CARRY4 (Prop_carry4_DI[1]_CO[3])
                                                      0.418     5.562 r  real_camera.raw_processing.demosaic/denoising.filter/channels[0].bottom_row_reg[7]_i_90/CO[3]
                         net (fo=1, routed)           0.000     5.562    real_camera.raw_processing.demosaic/denoising.filter/channels[0].bottom_row_reg[7]_i_90_n_0
    SLICE_X48Y37         CARRY4 (Prop_carry4_CI_O[3])
                                                      0.260     5.822 r  real_camera.raw_processing.demosaic/denoising.filter/channels[0].bottom_row_reg[7]_i_89/O[3]
                         net (fo=2, routed)           0.583     6.405    real_camera.raw_processing.demosaic/denoising.filter/difference20_return[7]
    SLICE_X48Y38         LUT4 (Prop_lut4_I0_O)        0.257     6.662 r  real_camera.raw_processing.demosaic/denoising.filter/channels[0].bottom_row[7]_i_69/O
                         net (fo=1, routed)           0.000     6.662    real_camera.raw_processing.demosaic/denoising.filter/channels[0].bottom_row[7]_i_69_n_0
    SLICE_X48Y38         CARRY4 (Prop_carry4_S[3]_CO[3])
                                                      0.332     6.994 f  real_camera.raw_processing.demosaic/denoising.filter/channels[0].bottom_row_reg[7]_i_31/CO[3]
                         net (fo=1, routed)           0.854     7.848    real_camera.raw_processing.demosaic/denoising.filter/p_14_in
    SLICE_X48Y41         LUT4 (Prop_lut4_I2_O)        0.105     7.953 r  real_camera.raw_processing.demosaic/denoising.filter/channels[0].bottom_row[7]_i_14/O
                         net (fo=42, routed)          0.852     8.805    real_camera.raw_processing.demosaic/denoising.filter/channels[0].bottom_row[7]_i_14_n_0
    SLICE_X45Y45         LUT3 (Prop_lut3_I1_O)        0.105     8.910 r  real_camera.raw_processing.demosaic/denoising.filter/channels[2].bottom_row[9]_i_5/O
                         net (fo=2, routed)           0.469     9.379    real_camera.raw_processing.demosaic/denoising.filter/channels[2].bottom_row[9]_i_5_n_0
    SLICE_X47Y42         LUT6 (Prop_lut6_I2_O)        0.105     9.484 r  real_camera.raw_processing.demosaic/denoising.filter/channels[2].bottom_row[7]_i_6/O
                         net (fo=1, routed)           0.000     9.484    real_camera.raw_processing.demosaic/denoising.filter/channels[2].bottom_row[7]_i_6_n_0
    SLICE_X47Y42         CARRY4 (Prop_carry4_S[3]_CO[3])
                                                      0.332     9.816 r  real_camera.raw_processing.demosaic/denoising.filter/channels[2].bottom_row_reg[7]_i_1/CO[3]
                         net (fo=1, routed)           0.000     9.816    real_camera.raw_processing.demosaic/denoising.filter/channels[2].bottom_row_reg[7]_i_1_n_0
    SLICE_X47Y43         CARRY4 (Prop_carry4_CI_O[0])
                                                      0.181     9.997 r  real_camera.raw_processing.demosaic/denoising.filter/channels[2].bottom_row_reg[9]_i_1/O[0]
                         net (fo=1, routed)           0.000     9.997    real_camera.raw_processing.demosaic/denoising.filter/channels[2].bottom_row_reg[9]_i_1_n_7
    SLICE_X47Y43         FDRE                                         r  real_camera.raw_processing.demosaic/denoising.filter/channels[2].bottom_row_reg[8]/D
  -------------------------------------------------------------------    -------------------

                         (clock core_raw rise edge)
                                                     10.000    10.000 r  
    R4                                                0.000    10.000 r  sys_clk (IN)
                         net (fo=0)                   0.000    10.000    sys_clk
    R4                   IBUF (Prop_ibuf_I_O)         1.366    11.366 r  sys_clk_IBUF_inst/O
                         net (fo=1, routed)           1.004    12.369    multiplied_clock.clock_generator/sys_clk_IBUF
    MMCME2_ADV_X1Y0      MMCME2_ADV (Prop_mmcme2_adv_CLKIN1_CLKOUT0)
                                                     -6.057     6.312 r  multiplied_clock.clock_generator/mmcm/CLKOUT0
                         net (fo=1, routed)           1.352     7.665    multiplied_clock.clock_generator/core_raw
    BUFGCTRL_X0Y2        BUFG (Prop_bufg_I_O)         0.077     7.742 r  multiplied_clock.clock_generator/core_buffer/O
                         net (fo=14731, routed)       1.260     9.001    real_camera.raw_processing.demosaic/denoising.filter/core_clk
    SLICE_X47Y43         FDRE                                         r  real_camera.raw_processing.demosaic/denoising.filter/channels[2].bottom_row_reg[8]/C
                         clock pessimism              0.402     9.403    
                         clock uncertainty           -0.047     9.356    
    SLICE_X47Y43         FDRE (Setup_fdre_C_D)        0.059     9.415    real_camera.raw_processing.demosaic/denoising.filter/channels[2].bottom_row_reg[8]
  -------------------------------------------------------------------
                         required time                          9.415    
                         arrival time                          -9.997    
  -------------------------------------------------------------------
                         slack                                 -0.582    

Slack (VIOLATED) :        -0.579ns  (required time - arrival time)
  Source:                 real_camera.raw_processing.demosaic/denoising.filter/even_line_reg_1/CLKBWRCLK
                            (rising edge-triggered cell RAMB18E1 clocked by core_raw  {rise@0.000ns fall@5.000ns period=10.000ns})
  Destination:            real_camera.raw_processing.demosaic/denoising.filter/channels[2].bottom_row_reg[9]/D
                            (rising edge-triggered cell FDRE clocked by core_raw  {rise@0.000ns fall@5.000ns period=10.000ns})
  Path Group:             core_raw
  Path Type:              Setup (Max at Slow Process Corner)
  Requirement:            10.000ns  (core_raw rise@10.000ns - core_raw rise@0.000ns)
  Data Path Delay:        10.496ns  (logic 5.030ns (47.924%)  route 5.466ns (52.076%))
  Logic Levels:           14  (CARRY4=5 LUT3=3 LUT4=3 LUT5=2 LUT6=1)
  Clock Path Skew:        -0.082ns (DCD - SCD + CPR)
    Destination Clock Delay (DCD):    -0.999ns = ( 9.001 - 10.000 ) 
    Source Clock Delay      (SCD):    -0.515ns
    Clock Pessimism Removal (CPR):    0.402ns
  Clock Uncertainty:      0.047ns  ((TSJ^2 + DJ^2)^1/2) / 2 + PE
    Total System Jitter     (TSJ):    0.071ns
    Discrete Jitter          (DJ):    0.063ns
    Phase Error              (PE):    0.000ns

    Location             Delay type                Incr(ns)  Path(ns)    Netlist Resource(s)
  -------------------------------------------------------------------    -------------------
                         (clock core_raw rise edge)
                                                      0.000     0.000 r  
    R4                                                0.000     0.000 r  sys_clk (IN)
                         net (fo=0)                   0.000     0.000    sys_clk
    R4                   IBUF (Prop_ibuf_I_O)         1.432     1.432 r  sys_clk_IBUF_inst/O
                         net (fo=1, routed)           1.065     2.497    multiplied_clock.clock_generator/sys_clk_IBUF
    MMCME2_ADV_X1Y0      MMCME2_ADV (Prop_mmcme2_adv_CLKIN1_CLKOUT0)
                                                     -5.921    -3.424 r  multiplied_clock.clock_generator/mmcm/CLKOUT0
                         net (fo=1, routed)           1.421    -2.004    multiplied_clock.clock_generator/core_raw
    BUFGCTRL_X0Y2        BUFG (Prop_bufg_I_O)         0.081    -1.923 r  multiplied_clock.clock_generator/core_buffer/O
                         net (fo=14731, routed)       1.407    -0.515    real_camera.raw_processing.demosaic/denoising.filter/core_clk
    RAMB18_X1Y15         RAMB18E1                                     r  real_camera.raw_processing.demosaic/denoising.filter/even_line_reg_1/CLKBWRCLK
  -------------------------------------------------------------------    -------------------
    RAMB18_X1Y15         RAMB18E1 (Prop_ramb18e1_CLKBWRCLK_DOBDO[1])
                                                      2.125     1.610 r  real_camera.raw_processing.demosaic/denoising.filter/even_line_reg_1/DOBDO[1]
                         net (fo=8, routed)           0.676     2.286    real_camera.raw_processing.demosaic/denoising.filter/even_read[19]
    SLICE_X48Y35         LUT5 (Prop_lut5_I4_O)        0.105     2.391 f  real_camera.raw_processing.demosaic/denoising.filter/bl[19]_i_2/O
                         net (fo=4, routed)           0.351     2.742    real_camera.raw_processing.demosaic/denoising.filter/bl[19]_i_2_n_0
    SLICE_X49Y34         LUT3 (Prop_lut3_I2_O)        0.105     2.847 f  real_camera.raw_processing.demosaic/denoising.filter/channels[2].bottom_row[7]_i_21/O
                         net (fo=8, routed)           0.346     3.193    real_camera.raw_processing.demosaic/denoising.filter/channels[2].bottom_row[7]_i_21_n_0
    SLICE_X49Y35         LUT6 (Prop_lut6_I1_O)        0.105     3.298 r  real_camera.raw_processing.demosaic/denoising.filter/channels[0].bottom_row[7]_i_223/O
                         net (fo=1, routed)           0.397     3.695    real_camera.raw_processing.demosaic/denoising.filter/channels[0].bottom_row[7]_i_223_n_0
    SLICE_X49Y36         CARRY4 (Prop_carry4_DI[1]_CO[3])
                                                      0.418     4.113 r  real_camera.raw_processing.demosaic/denoising.filter/channels[0].bottom_row_reg[7]_i_187/CO[3]
                         net (fo=7, routed)           0.642     4.755    real_camera.raw_processing.demosaic/denoising.filter/channels[0].bottom_row_reg[7]_i_187_n_0
    SLICE_X51Y37         LUT3 (Prop_lut3_I2_O)        0.105     4.860 r  real_camera.raw_processing.demosaic/denoising.filter/channels[0].bottom_row[7]_i_162/O
                         net (fo=1, routed)           0.284     5.144    real_camera.raw_processing.demosaic/denoising.filter/channels[0].bottom_row[7]_i_162_n_0
    SLICE_X48Y36         CARRY4 (Prop_carry4_DI[1]_CO[3])
                                                      0.418     5.562 r  real_camera.raw_processing.demosaic/denoising.filter/channels[0].bottom_row_reg[7]_i_90/CO[3]
                         net (fo=1, routed)           0.000     5.562    real_camera.raw_processing.demosaic/denoising.filter/channels[0].bottom_row_reg[7]_i_90_n_0
    SLICE_X48Y37         CARRY4 (Prop_carry4_CI_O[3])
                                                      0.260     5.822 r  real_camera.raw_processing.demosaic/denoising.filter/channels[0].bottom_row_reg[7]_i_89/O[3]
                         net (fo=2, routed)           0.583     6.405    real_camera.raw_processing.demosaic/denoising.filter/difference20_return[7]
    SLICE_X48Y38         LUT4 (Prop_lut4_I0_O)        0.257     6.662 r  real_camera.raw_processing.demosaic/denoising.filter/channels[0].bottom_row[7]_i_69/O
                         net (fo=1, routed)           0.000     6.662    real_camera.raw_processing.demosaic/denoising.filter/channels[0].bottom_row[7]_i_69_n_0
    SLICE_X48Y38         CARRY4 (Prop_carry4_S[3]_CO[3])
                                                      0.332     6.994 f  real_camera.raw_processing.demosaic/denoising.filter/channels[0].bottom_row_reg[7]_i_31/CO[3]
                         net (fo=1, routed)           0.854     7.848    real_camera.raw_processing.demosaic/denoising.filter/p_14_in
    SLICE_X48Y41         LUT4 (Prop_lut4_I2_O)        0.105     7.953 r  real_camera.raw_processing.demosaic/denoising.filter/channels[0].bottom_row[7]_i_14/O
                         net (fo=42, routed)          0.852     8.805    real_camera.raw_processing.demosaic/denoising.filter/channels[0].bottom_row[7]_i_14_n_0
    SLICE_X45Y45         LUT3 (Prop_lut3_I1_O)        0.105     8.910 f  real_camera.raw_processing.demosaic/denoising.filter/channels[2].bottom_row[9]_i_5/O
                         net (fo=2, routed)           0.243     9.153    real_camera.raw_processing.demosaic/denoising.filter/channels[2].bottom_row[9]_i_5_n_0
    SLICE_X45Y43         LUT5 (Prop_lut5_I4_O)        0.105     9.258 r  real_camera.raw_processing.demosaic/denoising.filter/channels[2].bottom_row[9]_i_2/O
                         net (fo=2, routed)           0.237     9.495    real_camera.raw_processing.demosaic/denoising.filter/channels[2].bottom_row[9]_i_2_n_0
    SLICE_X47Y43         LUT4 (Prop_lut4_I0_O)        0.105     9.600 r  real_camera.raw_processing.demosaic/denoising.filter/channels[2].bottom_row[9]_i_3/O
                         net (fo=1, routed)           0.000     9.600    real_camera.raw_processing.demosaic/denoising.filter/channels[2].bottom_row[9]_i_3_n_0
    SLICE_X47Y43         CARRY4 (Prop_carry4_S[0]_CO[1])
                                                      0.380     9.980 r  real_camera.raw_processing.demosaic/denoising.filter/channels[2].bottom_row_reg[9]_i_1/CO[1]
                         net (fo=1, routed)           0.000     9.980    real_camera.raw_processing.demosaic/denoising.filter/channels[2].bottom_row_reg[9]_i_1_n_2
    SLICE_X47Y43         FDRE                                         r  real_camera.raw_processing.demosaic/denoising.filter/channels[2].bottom_row_reg[9]/D
  -------------------------------------------------------------------    -------------------

                         (clock core_raw rise edge)
                                                     10.000    10.000 r  
    R4                                                0.000    10.000 r  sys_clk (IN)
                         net (fo=0)                   0.000    10.000    sys_clk
    R4                   IBUF (Prop_ibuf_I_O)         1.366    11.366 r  sys_clk_IBUF_inst/O
                         net (fo=1, routed)           1.004    12.369    multiplied_clock.clock_generator/sys_clk_IBUF
    MMCME2_ADV_X1Y0      MMCME2_ADV (Prop_mmcme2_adv_CLKIN1_CLKOUT0)
                                                     -6.057     6.312 r  multiplied_clock.clock_generator/mmcm/CLKOUT0
                         net (fo=1, routed)           1.352     7.665    multiplied_clock.clock_generator/core_raw
    BUFGCTRL_X0Y2        BUFG (Prop_bufg_I_O)         0.077     7.742 r  multiplied_clock.clock_generator/core_buffer/O
                         net (fo=14731, routed)       1.260     9.001    real_camera.raw_processing.demosaic/denoising.filter/core_clk
    SLICE_X47Y43         FDRE                                         r  real_camera.raw_processing.demosaic/denoising.filter/channels[2].bottom_row_reg[9]/C
                         clock pessimism              0.402     9.403    
                         clock uncertainty           -0.047     9.356    
    SLICE_X47Y43         FDRE (Setup_fdre_C_D)        0.046     9.402    real_camera.raw_processing.demosaic/denoising.filter/channels[2].bottom_row_reg[9]
  -------------------------------------------------------------------
                         required time                          9.402    
                         arrival time                          -9.980    
  -------------------------------------------------------------------
                         slack                                 -0.579    

Slack (VIOLATED) :        -0.577ns  (required time - arrival time)
  Source:                 real_camera.raw_processing.demosaic/denoising.filter/even_line_reg_0/CLKBWRCLK
                            (rising edge-triggered cell RAMB36E1 clocked by core_raw  {rise@0.000ns fall@5.000ns period=10.000ns})
  Destination:            real_camera.raw_processing.demosaic/denoising.filter/channels[1].top_row_reg[8]/D
                            (rising edge-triggered cell FDRE clocked by core_raw  {rise@0.000ns fall@5.000ns period=10.000ns})
  Path Group:             core_raw
  Path Type:              Setup (Max at Slow Process Corner)
  Requirement:            10.000ns  (core_raw rise@10.000ns - core_raw rise@0.000ns)
  Data Path Delay:        10.547ns  (logic 5.039ns (47.775%)  route 5.508ns (52.225%))
  Logic Levels:           14  (CARRY4=6 LUT4=3 LUT5=1 LUT6=4)
  Clock Path Skew:        -0.084ns (DCD - SCD + CPR)
    Destination Clock Delay (DCD):    -0.998ns = ( 9.002 - 10.000 ) 
    Source Clock Delay      (SCD):    -0.512ns
    Clock Pessimism Removal (CPR):    0.402ns
  Clock Uncertainty:      0.047ns  ((TSJ^2 + DJ^2)^1/2) / 2 + PE
    Total System Jitter     (TSJ):    0.071ns
    Discrete Jitter          (DJ):    0.063ns
    Phase Error              (PE):    0.000ns

    Location             Delay type                Incr(ns)  Path(ns)    Netlist Resource(s)
  -------------------------------------------------------------------    -------------------
                         (clock core_raw rise edge)
                                                      0.000     0.000 r  
    R4                                                0.000     0.000 r  sys_clk (IN)
                         net (fo=0)                   0.000     0.000    sys_clk
    R4                   IBUF (Prop_ibuf_I_O)         1.432     1.432 r  sys_clk_IBUF_inst/O
                         net (fo=1, routed)           1.065     2.497    multiplied_clock.clock_generator/sys_clk_IBUF
    MMCME2_ADV_X1Y0      MMCME2_ADV (Prop_mmcme2_adv_CLKIN1_CLKOUT0)
                                                     -5.921    -3.424 r  multiplied_clock.clock_generator/mmcm/CLKOUT0
                         net (fo=1, routed)           1.421    -2.004    multiplied_clock.clock_generator/core_raw
    BUFGCTRL_X0Y2        BUFG (Prop_bufg_I_O)         0.081    -1.923 r  multiplied_clock.clock_generator/core_buffer/O
                         net (fo=14731, routed)       1.410    -0.512    real_camera.raw_processing.demosaic/denoising.filter/core_clk
    RAMB36_X1Y8          RAMB36E1                                     r  real_camera.raw_processing.demosaic/denoising.filter/even_line_reg_0/CLKBWRCLK
  -------------------------------------------------------------------    -------------------
    RAMB36_X1Y8          RAMB36E1 (Prop_ramb36e1_CLKBWRCLK_DOBDO[3])
                                                      2.125     1.613 r  real_camera.raw_processing.demosaic/denoising.filter/even_line_reg_0/DOBDO[3]
                         net (fo=8, routed)           0.849     2.462    real_camera.raw_processing.demosaic/denoising.filter/even_read[3]
    SLICE_X56Y39         LUT5 (Prop_lut5_I4_O)        0.105     2.567 f  real_camera.raw_processing.demosaic/denoising.filter/tl[3]_i_2/O
                         net (fo=4, routed)           0.151     2.718    real_camera.raw_processing.demosaic/denoising.filter/tl[3]_i_2_n_0
    SLICE_X56Y39         LUT4 (Prop_lut4_I2_O)        0.105     2.823 f  real_camera.raw_processing.demosaic/denoising.filter/channels[0].top_row[7]_i_21/O
                         net (fo=5, routed)           0.506     3.329    real_camera.raw_processing.demosaic/denoising.filter/channels[0].top_row[7]_i_21_n_0
    SLICE_X54Y37         LUT6 (Prop_lut6_I4_O)        0.105     3.434 r  real_camera.raw_processing.demosaic/denoising.filter/channels[0].top_row[7]_i_207/O
                         net (fo=1, routed)           0.379     3.813    real_camera.raw_processing.demosaic/denoising.filter/channels[0].top_row[7]_i_207_n_0
    SLICE_X57Y38         CARRY4 (Prop_carry4_DI[1]_CO[3])
                                                      0.418     4.231 r  real_camera.raw_processing.demosaic/denoising.filter/channels[0].top_row_reg[7]_i_185/CO[3]
                         net (fo=7, routed)           0.783     5.013    real_camera.raw_processing.demosaic/denoising.filter/channels[0].top_row_reg[7]_i_185_n_0
    SLICE_X54Y36         LUT6 (Prop_lut6_I5_O)        0.105     5.118 r  real_camera.raw_processing.demosaic/denoising.filter/channels[0].top_row[7]_i_131/O
                         net (fo=1, routed)           0.486     5.604    real_camera.raw_processing.demosaic/denoising.filter/channels[0].top_row[7]_i_131_n_0
    SLICE_X55Y36         CARRY4 (Prop_carry4_DI[2]_CO[3])
                                                      0.329     5.933 r  real_camera.raw_processing.demosaic/denoising.filter/channels[0].top_row_reg[7]_i_86/CO[3]
                         net (fo=1, routed)           0.000     5.933    real_camera.raw_processing.demosaic/denoising.filter/channels[0].top_row_reg[7]_i_86_n_0
    SLICE_X55Y37         CARRY4 (Prop_carry4_CI_O[3])
                                                      0.260     6.193 r  real_camera.raw_processing.demosaic/denoising.filter/channels[0].top_row_reg[7]_i_85/O[3]
                         net (fo=2, routed)           0.594     6.787    real_camera.raw_processing.demosaic/denoising.filter/difference1_return[7]
    SLICE_X54Y35         LUT4 (Prop_lut4_I0_O)        0.257     7.044 r  real_camera.raw_processing.demosaic/denoising.filter/channels[0].top_row[7]_i_53/O
                         net (fo=1, routed)           0.000     7.044    real_camera.raw_processing.demosaic/denoising.filter/channels[0].top_row[7]_i_53_n_0
    SLICE_X54Y35         CARRY4 (Prop_carry4_S[3]_CO[3])
                                                      0.314     7.358 f  real_camera.raw_processing.demosaic/denoising.filter/channels[0].top_row_reg[7]_i_29/CO[3]
                         net (fo=6, routed)           0.738     8.096    real_camera.raw_processing.demosaic/denoising.filter/p_45_in
    SLICE_X58Y35         LUT4 (Prop_lut4_I3_O)        0.105     8.201 r  real_camera.raw_processing.demosaic/denoising.filter/channels[0].top_row[7]_i_10/O
                         net (fo=22, routed)          0.483     8.684    real_camera.raw_processing.demosaic/denoising.filter/channels[0].top_row[7]_i_10_n_0
    SLICE_X58Y36         LUT6 (Prop_lut6_I1_O)        0.105     8.789 r  real_camera.raw_processing.demosaic/denoising.filter/channels[1].top_row[7]_i_5/O
                         net (fo=2, routed)           0.540     9.329    real_camera.raw_processing.demosaic/denoising.filter/channels[1].top_row[7]_i_5_n_0
    SLICE_X56Y36         LUT6 (Prop_lut6_I0_O)        0.105     9.434 r  real_camera.raw_processing.demosaic/denoising.filter/channels[1].top_row[7]_i_9/O
                         net (fo=1, routed)           0.000     9.434    real_camera.raw_processing.demosaic/denoising.filter/channels[1].top_row[7]_i_9_n_0
    SLICE_X56Y36         CARRY4 (Prop_carry4_S[0]_CO[3])
                                                      0.423     9.857 r  real_camera.raw_processing.demosaic/denoising.filter/channels[1].top_row_reg[7]_i_1/CO[3]
                         net (fo=1, routed)           0.000     9.857    real_camera.raw_processing.demosaic/denoising.filter/channels[1].top_row_reg[7]_i_1_n_0
    SLICE_X56Y37         CARRY4 (Prop_carry4_CI_O[0])
                                                      0.178    10.035 r  real_camera.raw_processing.demosaic/denoising.filter/channels[1].top_row_reg[9]_i_1/O[0]
                         net (fo=1, routed)           0.000    10.035    real_camera.raw_processing.demosaic/denoising.filter/channels[1].top_row_reg[9]_i_1_n_7
    SLICE_X56Y37         FDRE                                         r  real_camera.raw_processing.demosaic/denoising.filter/channels[1].top_row_reg[8]/D
  -------------------------------------------------------------------    -------------------

                         (clock core_raw rise edge)
                                                     10.000    10.000 r  
    R4                                                0.000    10.000 r  sys_clk (IN)
                         net (fo=0)                   0.000    10.000    sys_clk
    R4                   IBUF (Prop_ibuf_I_O)         1.366    11.366 r  sys_clk_IBUF_inst/O
                         net (fo=1, routed)           1.004    12.369    multiplied_clock.clock_generator/sys_clk_IBUF
    MMCME2_ADV_X1Y0      MMCME2_ADV (Prop_mmcme2_adv_CLKIN1_CLKOUT0)
                                                     -6.057     6.312 r  multiplied_clock.clock_generator/mmcm/CLKOUT0
                         net (fo=1, routed)           1.352     7.665    multiplied_clock.clock_generator/core_raw
    BUFGCTRL_X0Y2        BUFG (Prop_bufg_I_O)         0.077     7.742 r  multiplied_clock.clock_generator/core_buffer/O
                         net (fo=14731, routed)       1.261     9.002    real_camera.raw_processing.demosaic/denoising.filter/core_clk
    SLICE_X56Y37         FDRE                                         r  real_camera.raw_processing.demosaic/denoising.filter/channels[1].top_row_reg[8]/C
                         clock pessimism              0.402     9.404    
                         clock uncertainty           -0.047     9.357    
    SLICE_X56Y37         FDRE (Setup_fdre_C_D)        0.101     9.458    real_camera.raw_processing.demosaic/denoising.filter/channels[1].top_row_reg[8]
  -------------------------------------------------------------------
                         required time                          9.458    
                         arrival time                         -10.035    
  -------------------------------------------------------------------
                         slack                                 -0.577    

Slack (VIOLATED) :        -0.571ns  (required time - arrival time)
  Source:                 real_camera.raw_processing.demosaic/denoising.filter/even_line_reg_0/CLKBWRCLK
                            (rising edge-triggered cell RAMB36E1 clocked by core_raw  {rise@0.000ns fall@5.000ns period=10.000ns})
  Destination:            real_camera.raw_processing.demosaic/denoising.filter/channels[0].top_row_reg[8]/D
                            (rising edge-triggered cell FDRE clocked by core_raw  {rise@0.000ns fall@5.000ns period=10.000ns})
  Path Group:             core_raw
  Path Type:              Setup (Max at Slow Process Corner)
  Requirement:            10.000ns  (core_raw rise@10.000ns - core_raw rise@0.000ns)
  Data Path Delay:        10.566ns  (logic 5.049ns (47.787%)  route 5.517ns (52.213%))
  Logic Levels:           15  (CARRY4=7 LUT4=3 LUT5=1 LUT6=4)
  Clock Path Skew:        -0.017ns (DCD - SCD + CPR)
    Destination Clock Delay (DCD):    -0.931ns = ( 9.069 - 10.000 ) 
    Source Clock Delay      (SCD):    -0.512ns
    Clock Pessimism Removal (CPR):    0.402ns
  Clock Uncertainty:      0.047ns  ((TSJ^2 + DJ^2)^1/2) / 2 + PE
    Total System Jitter     (TSJ):    0.071ns
    Discrete Jitter          (DJ):    0.063ns
    Phase Error              (PE):    0.000ns

    Location             Delay type                Incr(ns)  Path(ns)    Netlist Resource(s)
  -------------------------------------------------------------------    -------------------
                         (clock core_raw rise edge)
                                                      0.000     0.000 r  
    R4                                                0.000     0.000 r  sys_clk (IN)
                         net (fo=0)                   0.000     0.000    sys_clk
    R4                   IBUF (Prop_ibuf_I_O)         1.432     1.432 r  sys_clk_IBUF_inst/O
                         net (fo=1, routed)           1.065     2.497    multiplied_clock.clock_generator/sys_clk_IBUF
    MMCME2_ADV_X1Y0      MMCME2_ADV (Prop_mmcme2_adv_CLKIN1_CLKOUT0)
                                                     -5.921    -3.424 r  multiplied_clock.clock_generator/mmcm/CLKOUT0
                         net (fo=1, routed)           1.421    -2.004    multiplied_clock.clock_generator/core_raw
    BUFGCTRL_X0Y2        BUFG (Prop_bufg_I_O)         0.081    -1.923 r  multiplied_clock.clock_generator/core_buffer/O
                         net (fo=14731, routed)       1.410    -0.512    real_camera.raw_processing.demosaic/denoising.filter/core_clk
    RAMB36_X1Y8          RAMB36E1                                     r  real_camera.raw_processing.demosaic/denoising.filter/even_line_reg_0/CLKBWRCLK
  -------------------------------------------------------------------    -------------------
    RAMB36_X1Y8          RAMB36E1 (Prop_ramb36e1_CLKBWRCLK_DOBDO[3])
                                                      2.125     1.613 r  real_camera.raw_processing.demosaic/denoising.filter/even_line_reg_0/DOBDO[3]
                         net (fo=8, routed)           0.849     2.462    real_camera.raw_processing.demosaic/denoising.filter/even_read[3]
    SLICE_X56Y39         LUT5 (Prop_lut5_I4_O)        0.105     2.567 f  real_camera.raw_processing.demosaic/denoising.filter/tl[3]_i_2/O
                         net (fo=4, routed)           0.151     2.718    real_camera.raw_processing.demosaic/denoising.filter/tl[3]_i_2_n_0
    SLICE_X56Y39         LUT4 (Prop_lut4_I2_O)        0.105     2.823 f  real_camera.raw_processing.demosaic/denoising.filter/channels[0].top_row[7]_i_21/O
                         net (fo=5, routed)           0.506     3.329    real_camera.raw_processing.demosaic/denoising.filter/channels[0].top_row[7]_i_21_n_0
    SLICE_X54Y37         LUT6 (Prop_lut6_I4_O)        0.105     3.434 r  real_camera.raw_processing.demosaic/denoising.filter/channels[0].top_row[7]_i_207/O
                         net (fo=1, routed)           0.379     3.813    real_camera.raw_processing.demosaic/denoising.filter/channels[0].top_row[7]_i_207_n_0
    SLICE_X57Y38         CARRY4 (Prop_carry4_DI[1]_CO[3])
                                                      0.418     4.231 r  real_camera.raw_processing.demosaic/denoising.filter/channels[0].top_row_reg[7]_i_185/CO[3]
                         net (fo=7, routed)           0.783     5.013    real_camera.raw_processing.demosaic/denoising.filter/channels[0].top_row_reg[7]_i_185_n_0
    SLICE_X54Y36         LUT6 (Prop_lut6_I5_O)        0.105     5.118 r  real_camera.raw_processing.demosaic/denoising.filter/channels[0].top_row[7]_i_131/O
                         net (fo=1, routed)           0.486     5.604    real_camera.raw_processing.demosaic/denoising.filter/channels[0].top_row[7]_i_131_n_0
    SLICE_X55Y36         CARRY4 (Prop_carry4_DI[2]_CO[3])
                                                      0.329     5.933 r  real_camera.raw_processing.demosaic/denoising.filter/channels[0].top_row_reg[7]_i_86/CO[3]
                         net (fo=1, routed)           0.000     5.933    real_camera.raw_processing.demosaic/denoising.filter/channels[0].top_row_reg[7]_i_86_n_0
    SLICE_X55Y37         CARRY4 (Prop_carry4_CI_O[3])
                                                      0.260     6.193 r  real_camera.raw_processing.demosaic/denoising.filter/channels[0].top_row_reg[7]_i_85/O[3]
                         net (fo=2, routed)           0.594     6.787    real_camera.raw_processing.demosaic/denoising.filter/difference1_return[7]
    SLICE_X54Y35         LUT4 (Prop_lut4_I0_O)        0.257     7.044 r  real_camera.raw_processing.demosaic/denoising.filter/channels[0].top_row[7]_i_53/O
                         net (fo=1, routed)           0.000     7.044    real_camera.raw_processing.demosaic/denoising.filter/channels[0].top_row[7]_i_53_n_0
    SLICE_X54Y35         CARRY4 (Prop_carry4_S[3]_CO[3])
                                                      0.314     7.358 f  real_camera.raw_processing.demosaic/denoising.filter/channels[0].top_row_reg[7]_i_29/CO[3]
                         net (fo=6, routed)           0.738     8.096    real_camera.raw_processing.demosaic/denoising.filter/p_45_in
    SLICE_X58Y35         LUT4 (Prop_lut4_I3_O)        0.105     8.201 r  real_camera.raw_processing.demosaic/denoising.filter/channels[0].top_row[7]_i_10/O
                         net (fo=22, routed)          0.566     8.766    real_camera.raw_processing.demosaic/denoising.filter/channels[0].top_row[7]_i_10_n_0
    SLICE_X60Y35         LUT6 (Prop_lut6_I4_O)        0.105     8.871 r  real_camera.raw_processing.demosaic/denoising.filter/channels[0].top_row[3]_i_2/O
                         net (fo=2, routed)           0.466     9.337    real_camera.raw_processing.demosaic/denoising.filter/channels[0].top_row[3]_i_2_n_0
    SLICE_X58Y37         LUT6 (Prop_lut6_I0_O)        0.105     9.442 r  real_camera.raw_processing.demosaic/denoising.filter/channels[0].top_row[3]_i_6/O
                         net (fo=1, routed)           0.000     9.442    real_camera.raw_processing.demosaic/denoising.filter/channels[0].top_row[3]_i_6_n_0
    SLICE_X58Y37         CARRY4 (Prop_carry4_S[3]_CO[3])
                                                      0.332     9.774 r  real_camera.raw_processing.demosaic/denoising.filter/channels[0].top_row_reg[3]_i_1/CO[3]
                         net (fo=1, routed)           0.000     9.774    real_camera.raw_processing.demosaic/denoising.filter/channels[0].top_row_reg[3]_i_1_n_0
    SLICE_X58Y38         CARRY4 (Prop_carry4_CI_CO[3])
                                                      0.098     9.872 r  real_camera.raw_processing.demosaic/denoising.filter/channels[0].top_row_reg[7]_i_1/CO[3]
                         net (fo=1, routed)           0.000     9.872    real_camera.raw_processing.demosaic/denoising.filter/channels[0].top_row_reg[7]_i_1_n_0
    SLICE_X58Y39         CARRY4 (Prop_carry4_CI_O[0])
                                                      0.181    10.053 r  real_camera.raw_processing.demosaic/denoising.filter/channels[0].top_row_reg[9]_i_1/O[0]
                         net (fo=1, routed)           0.000    10.053    real_camera.raw_processing.demosaic/denoising.filter/channels[0].top_row_reg[9]_i_1_n_7
    SLICE_X58Y39         FDRE                                         r  real_camera.raw_processing.demosaic/denoising.filter/channels[0].top_row_reg[8]/D
  -------------------------------------------------------------------    -------------------

                         (clock core_raw rise edge)
                                                     10.000    10.000 r  
    R4                                                0.000    10.000 r  sys_clk (IN)
                         net (fo=0)                   0.000    10.000    sys_clk
    R4                   IBUF (Prop_ibuf_I_O)         1.366    11.366 r  sys_clk_IBUF_inst/O
                         net (fo=1, routed)           1.004    12.369    multiplied_clock.clock_generator/sys_clk_IBUF
    MMCME2_ADV_X1Y0      MMCME2_ADV (Prop_mmcme2_adv_CLKIN1_CLKOUT0)
                                                     -6.057     6.312 r  multiplied_clock.clock_generator/mmcm/CLKOUT0
                         net (fo=1, routed)           1.352     7.665    multiplied_clock.clock_generator/core_raw
    BUFGCTRL_X0Y2        BUFG (Prop_bufg_I_O)         0.077     7.742 r  multiplied_clock.clock_generator/core_buffer/O
                         net (fo=14731, routed)       1.328     9.069    real_camera.raw_processing.demosaic/denoising.filter/core_clk
    SLICE_X58Y39         FDRE                                         r  real_camera.raw_processing.demosaic/denoising.filter/channels[0].top_row_reg[8]/C
                         clock pessimism              0.402     9.471    
                         clock uncertainty           -0.047     9.424    
    SLICE_X58Y39         FDRE (Setup_fdre_C_D)        0.059     9.483    real_camera.raw_processing.demosaic/denoising.filter/channels[0].top_row_reg[8]
  -------------------------------------------------------------------
                         required time                          9.483    
                         arrival time                         -10.053    
  -------------------------------------------------------------------
                         slack                                 -0.571    

Slack (VIOLATED) :        -0.566ns  (required time - arrival time)
  Source:                 real_camera.raw_processing.demosaic/denoising.filter/even_line_reg_1/CLKBWRCLK
                            (rising edge-triggered cell RAMB18E1 clocked by core_raw  {rise@0.000ns fall@5.000ns period=10.000ns})
  Destination:            real_camera.raw_processing.demosaic/denoising.filter/channels[0].bottom_row_reg[8]/D
                            (rising edge-triggered cell FDRE clocked by core_raw  {rise@0.000ns fall@5.000ns period=10.000ns})
  Path Group:             core_raw
  Path Type:              Setup (Max at Slow Process Corner)
  Requirement:            10.000ns  (core_raw rise@10.000ns - core_raw rise@0.000ns)
  Data Path Delay:        10.516ns  (logic 5.166ns (49.125%)  route 5.350ns (50.875%))
  Logic Levels:           14  (CARRY4=6 LUT3=2 LUT4=2 LUT5=1 LUT6=3)
  Clock Path Skew:        -0.062ns (DCD - SCD + CPR)
    Destination Clock Delay (DCD):    -0.996ns = ( 9.004 - 10.000 ) 
    Source Clock Delay      (SCD):    -0.515ns
    Clock Pessimism Removal (CPR):    0.419ns
  Clock Uncertainty:      0.047ns  ((TSJ^2 + DJ^2)^1/2) / 2 + PE
    Total System Jitter     (TSJ):    0.071ns
    Discrete Jitter          (DJ):    0.063ns
    Phase Error              (PE):    0.000ns

    Location             Delay type                Incr(ns)  Path(ns)    Netlist Resource(s)
  -------------------------------------------------------------------    -------------------
                         (clock core_raw rise edge)
                                                      0.000     0.000 r  
    R4                                                0.000     0.000 r  sys_clk (IN)
                         net (fo=0)                   0.000     0.000    sys_clk
    R4                   IBUF (Prop_ibuf_I_O)         1.432     1.432 r  sys_clk_IBUF_inst/O
                         net (fo=1, routed)           1.065     2.497    multiplied_clock.clock_generator/sys_clk_IBUF
    MMCME2_ADV_X1Y0      MMCME2_ADV (Prop_mmcme2_adv_CLKIN1_CLKOUT0)
                                                     -5.921    -3.424 r  multiplied_clock.clock_generator/mmcm/CLKOUT0
                         net (fo=1, routed)           1.421    -2.004    multiplied_clock.clock_generator/core_raw
    BUFGCTRL_X0Y2        BUFG (Prop_bufg_I_O)         0.081    -1.923 r  multiplied_clock.clock_generator/core_buffer/O
                         net (fo=14731, routed)       1.407    -0.515    real_camera.raw_processing.demosaic/denoising.filter/core_clk
    RAMB18_X1Y15         RAMB18E1                                     r  real_camera.raw_processing.demosaic/denoising.filter/even_line_reg_1/CLKBWRCLK
  -------------------------------------------------------------------    -------------------
    RAMB18_X1Y15         RAMB18E1 (Prop_ramb18e1_CLKBWRCLK_DOBDO[1])
                                                      2.125     1.610 r  real_camera.raw_processing.demosaic/denoising.filter/even_line_reg_1/DOBDO[1]
                         net (fo=8, routed)           0.676     2.286    real_camera.raw_processing.demosaic/denoising.filter/even_read[19]
    SLICE_X48Y35         LUT5 (Prop_lut5_I4_O)        0.105     2.391 f  real_camera.raw_processing.demosaic/denoising.filter/bl[19]_i_2/O
                         net (fo=4, routed)           0.351     2.742    real_camera.raw_processing.demosaic/denoising.filter/bl[19]_i_2_n_0
    SLICE_X49Y34         LUT3 (Prop_lut3_I2_O)        0.105     2.847 f  real_camera.raw_processing.demosaic/denoising.filter/channels[2].bottom_row[7]_i_21/O
                         net (fo=8, routed)           0.346     3.193    real_camera.raw_processing.demosaic/denoising.filter/channels[2].bottom_row[7]_i_21_n_0
    SLICE_X49Y35         LUT6 (Prop_lut6_I1_O)        0.105     3.298 r  real_camera.raw_processing.demosaic/denoising.filter/channels[0].bottom_row[7]_i_223/O
                         net (fo=1, routed)           0.397     3.695    real_camera.raw_processing.demosaic/denoising.filter/channels[0].bottom_row[7]_i_223_n_0
    SLICE_X49Y36         CARRY4 (Prop_carry4_DI[1]_CO[3])
                                                      0.418     4.113 r  real_camera.raw_processing.demosaic/denoising.filter/channels[0].bottom_row_reg[7]_i_187/CO[3]
                         net (fo=7, routed)           0.642     4.755    real_camera.raw_processing.demosaic/denoising.filter/channels[0].bottom_row_reg[7]_i_187_n_0
    SLICE_X51Y37         LUT3 (Prop_lut3_I2_O)        0.105     4.860 r  real_camera.raw_processing.demosaic/denoising.filter/channels[0].bottom_row[7]_i_162/O
                         net (fo=1, routed)           0.284     5.144    real_camera.raw_processing.demosaic/denoising.filter/channels[0].bottom_row[7]_i_162_n_0
    SLICE_X48Y36         CARRY4 (Prop_carry4_DI[1]_CO[3])
                                                      0.418     5.562 r  real_camera.raw_processing.demosaic/denoising.filter/channels[0].bottom_row_reg[7]_i_90/CO[3]
                         net (fo=1, routed)           0.000     5.562    real_camera.raw_processing.demosaic/denoising.filter/channels[0].bottom_row_reg[7]_i_90_n_0
    SLICE_X48Y37         CARRY4 (Prop_carry4_CI_O[3])
                                                      0.260     5.822 r  real_camera.raw_processing.demosaic/denoising.filter/channels[0].bottom_row_reg[7]_i_89/O[3]
                         net (fo=2, routed)           0.583     6.405    real_camera.raw_processing.demosaic/denoising.filter/difference20_return[7]
    SLICE_X48Y38         LUT4 (Prop_lut4_I0_O)        0.257     6.662 r  real_camera.raw_processing.demosaic/denoising.filter/channels[0].bottom_row[7]_i_69/O
                         net (fo=1, routed)           0.000     6.662    real_camera.raw_processing.demosaic/denoising.filter/channels[0].bottom_row[7]_i_69_n_0
    SLICE_X48Y38         CARRY4 (Prop_carry4_S[3]_CO[3])
                                                      0.332     6.994 f  real_camera.raw_processing.demosaic/denoising.filter/channels[0].bottom_row_reg[7]_i_31/CO[3]
                         net (fo=1, routed)           0.854     7.848    real_camera.raw_processing.demosaic/denoising.filter/p_14_in
    SLICE_X48Y41         LUT4 (Prop_lut4_I2_O)        0.105     7.953 r  real_camera.raw_processing.demosaic/denoising.filter/channels[0].bottom_row[7]_i_14/O
                         net (fo=42, routed)          0.666     8.619    real_camera.raw_processing.demosaic/denoising.filter/channels[0].bottom_row[7]_i_14_n_0
    SLICE_X50Y42         LUT6 (Prop_lut6_I5_O)        0.105     8.724 r  real_camera.raw_processing.demosaic/denoising.filter/channels[0].bottom_row[7]_i_5/O
                         net (fo=2, routed)           0.551     9.275    real_camera.raw_processing.demosaic/denoising.filter/channels[0].bottom_row[7]_i_5_n_0
    SLICE_X48Y43         LUT6 (Prop_lut6_I0_O)        0.105     9.380 r  real_camera.raw_processing.demosaic/denoising.filter/channels[0].bottom_row[7]_i_9/O
                         net (fo=1, routed)           0.000     9.380    real_camera.raw_processing.demosaic/denoising.filter/channels[0].bottom_row[7]_i_9_n_0
    SLICE_X48Y43         CARRY4 (Prop_carry4_S[0]_CO[3])
                                                      0.440     9.820 r  real_camera.raw_processing.demosaic/denoising.filter/channels[0].bottom_row_reg[7]_i_1/CO[3]
                         net (fo=1, routed)           0.000     9.820    real_camera.raw_processing.demosaic/denoising.filter/channels[0].bottom_row_reg[7]_i_1_n_0
    SLICE_X48Y44         CARRY4 (Prop_carry4_CI_O[0])
                                                      0.181    10.001 r  real_camera.raw_processing.demosaic/denoising.filter/channels[0].bottom_row_reg[9]_i_1/O[0]
                         net (fo=1, routed)           0.000    10.001    real_camera.raw_processing.demosaic/denoising.filter/channels[0].bottom_row_reg[9]_i_1_n_7
    SLICE_X48Y44         FDRE                                         r  real_camera.raw_processing.demosaic/denoising.filter/channels[0].bottom_row_reg[8]/D
  -------------------------------------------------------------------    -------------------

                         (clock core_raw rise edge)
                                                     10.000    10.000 r  
    R4                                                0.000    10.000 r  sys_clk (IN)
                         net (fo=0)                   0.000    10.000    sys_clk
    R4                   IBUF (Prop_ibuf_I_O)         1.366    11.366 r  sys_clk_IBUF_inst/O
                         net (fo=1, routed)           1.004    12.369    multiplied_clock.clock_generator/sys_clk_IBUF
    MMCME2_ADV_X1Y0      MMCME2_ADV (Prop_mmcme2_adv_CLKIN1_CLKOUT0)
                                                     -6.057     6.312 r  multiplied_clock.clock_generator/mmcm/CLKOUT0
                         net (fo=1, routed)           1.352     7.665    multiplied_clock.clock_generator/core_raw
    BUFGCTRL_X0Y2        BUFG (Prop_bufg_I_O)         0.077     7.742 r  multiplied_clock.clock_generator/core_buffer/O
                         net (fo=14731, routed)       1.263     9.004    real_camera.raw_processing.demosaic/denoising.filter/core_clk
    SLICE_X48Y44         FDRE                                         r  real_camera.raw_processing.demosaic/denoising.filter/channels[0].bottom_row_reg[8]/C
                         clock pessimism              0.419     9.423    
                         clock uncertainty           -0.047     9.376    
    SLICE_X48Y44         FDRE (Setup_fdre_C_D)        0.059     9.435    real_camera.raw_processing.demosaic/denoising.filter/channels[0].bottom_row_reg[8]
  -------------------------------------------------------------------
                         required time                          9.435    
                         arrival time                         -10.001    
  -------------------------------------------------------------------
                         slack                                 -0.566    

Slack (VIOLATED) :        -0.560ns  (required time - arrival time)
  Source:                 real_camera.raw_processing.demosaic/denoising.filter/even_line_reg_0/CLKBWRCLK
                            (rising edge-triggered cell RAMB36E1 clocked by core_raw  {rise@0.000ns fall@5.000ns period=10.000ns})
  Destination:            real_camera.raw_processing.demosaic/denoising.filter/channels[2].top_row_reg[9]/D
                            (rising edge-triggered cell FDRE clocked by core_raw  {rise@0.000ns fall@5.000ns period=10.000ns})
  Path Group:             core_raw
  Path Type:              Setup (Max at Slow Process Corner)
  Requirement:            10.000ns  (core_raw rise@10.000ns - core_raw rise@0.000ns)
  Data Path Delay:        10.473ns  (logic 4.923ns (47.005%)  route 5.550ns (52.995%))
  Logic Levels:           14  (CARRY4=5 LUT4=4 LUT5=3 LUT6=2)
  Clock Path Skew:        -0.085ns (DCD - SCD + CPR)
    Destination Clock Delay (DCD):    -0.999ns = ( 9.001 - 10.000 ) 
    Source Clock Delay      (SCD):    -0.512ns
    Clock Pessimism Removal (CPR):    0.402ns
  Clock Uncertainty:      0.047ns  ((TSJ^2 + DJ^2)^1/2) / 2 + PE
    Total System Jitter     (TSJ):    0.071ns
    Discrete Jitter          (DJ):    0.063ns
    Phase Error              (PE):    0.000ns

    Location             Delay type                Incr(ns)  Path(ns)    Netlist Resource(s)
  -------------------------------------------------------------------    -------------------
                         (clock core_raw rise edge)
                                                      0.000     0.000 r  
    R4                                                0.000     0.000 r  sys_clk (IN)
                         net (fo=0)                   0.000     0.000    sys_clk
    R4                   IBUF (Prop_ibuf_I_O)         1.432     1.432 r  sys_clk_IBUF_inst/O
                         net (fo=1, routed)           1.065     2.497    multiplied_clock.clock_generator/sys_clk_IBUF
    MMCME2_ADV_X1Y0      MMCME2_ADV (Prop_mmcme2_adv_CLKIN1_CLKOUT0)
                                                     -5.921    -3.424 r  multiplied_clock.clock_generator/mmcm/CLKOUT0
                         net (fo=1, routed)           1.421    -2.004    multiplied_clock.clock_generator/core_raw
    BUFGCTRL_X0Y2        BUFG (Prop_bufg_I_O)         0.081    -1.923 r  multiplied_clock.clock_generator/core_buffer/O
                         net (fo=14731, routed)       1.410    -0.512    real_camera.raw_processing.demosaic/denoising.filter/core_clk
    RAMB36_X1Y8          RAMB36E1                                     r  real_camera.raw_processing.demosaic/denoising.filter/even_line_reg_0/CLKBWRCLK
  -------------------------------------------------------------------    -------------------
    RAMB36_X1Y8          RAMB36E1 (Prop_ramb36e1_CLKBWRCLK_DOBDO[3])
                                                      2.125     1.613 r  real_camera.raw_processing.demosaic/denoising.filter/even_line_reg_0/DOBDO[3]
                         net (fo=8, routed)           0.849     2.462    real_camera.raw_processing.demosaic/denoising.filter/even_read[3]
    SLICE_X56Y39         LUT5 (Prop_lut5_I4_O)        0.105     2.567 f  real_camera.raw_processing.demosaic/denoising.filter/tl[3]_i_2/O
                         net (fo=4, routed)           0.151     2.718    real_camera.raw_processing.demosaic/denoising.filter/tl[3]_i_2_n_0
    SLICE_X56Y39         LUT4 (Prop_lut4_I2_O)        0.105     2.823 f  real_camera.raw_processing.demosaic/denoising.filter/channels[0].top_row[7]_i_21/O
                         net (fo=5, routed)           0.506     3.329    real_camera.raw_processing.demosaic/denoising.filter/channels[0].top_row[7]_i_21_n_0
    SLICE_X54Y37         LUT6 (Prop_lut6_I4_O)        0.105     3.434 r  real_camera.raw_processing.demosaic/denoising.filter/channels[0].top_row[7]_i_207/O
                         net (fo=1, routed)           0.379     3.813    real_camera.raw_processing.demosaic/denoising.filter/channels[0].top_row[7]_i_207_n_0
    SLICE_X57Y38         CARRY4 (Prop_carry4_DI[1]_CO[3])
                                                      0.418     4.231 r  real_camera.raw_processing.demosaic/denoising.filter/channels[0].top_row_reg[7]_i_185/CO[3]
                         net (fo=7, routed)           0.783     5.013    real_camera.raw_processing.demosaic/denoising.filter/channels[0].top_row_reg[7]_i_185_n_0
    SLICE_X54Y36         LUT6 (Prop_lut6_I5_O)        0.105     5.118 r  real_camera.raw_processing.demosaic/denoising.filter/channels[0].top_row[7]_i_131/O
                         net (fo=1, routed)           0.486     5.604    real_camera.raw_processing.demosaic/denoising.filter/channels[0].top_row[7]_i_131_n_0
    SLICE_X55Y36         CARRY4 (Prop_carry4_DI[2]_CO[3])
                                                      0.329     5.933 r  real_camera.raw_processing.demosaic/denoising.filter/channels[0].top_row_reg[7]_i_86/CO[3]
                         net (fo=1, routed)           0.000     5.933    real_camera.raw_processing.demosaic/denoising.filter/channels[0].top_row_reg[7]_i_86_n_0
    SLICE_X55Y37         CARRY4 (Prop_carry4_CI_O[3])
                                                      0.260     6.193 r  real_camera.raw_processing.demosaic/denoising.filter/channels[0].top_row_reg[7]_i_85/O[3]
                         net (fo=2, routed)           0.594     6.787    real_camera.raw_processing.demosaic/denoising.filter/difference1_return[7]
    SLICE_X54Y35         LUT4 (Prop_lut4_I0_O)        0.257     7.044 r  real_camera.raw_processing.demosaic/denoising.filter/channels[0].top_row[7]_i_53/O
                         net (fo=1, routed)           0.000     7.044    real_camera.raw_processing.demosaic/denoising.filter/channels[0].top_row[7]_i_53_n_0
    SLICE_X54Y35         CARRY4 (Prop_carry4_S[3]_CO[3])
                                                      0.314     7.358 f  real_camera.raw_processing.demosaic/denoising.filter/channels[0].top_row_reg[7]_i_29/CO[3]
                         net (fo=6, routed)           0.738     8.096    real_camera.raw_processing.demosaic/denoising.filter/p_45_in
    SLICE_X58Y35         LUT4 (Prop_lut4_I3_O)        0.105     8.201 r  real_camera.raw_processing.demosaic/denoising.filter/channels[0].top_row[7]_i_10/O
                         net (fo=22, routed)          0.206     8.407    real_camera.raw_processing.demosaic/denoising.filter/channels[0].top_row[7]_i_10_n_0
    SLICE_X58Y35         LUT5 (Prop_lut5_I1_O)        0.105     8.512 f  real_camera.raw_processing.demosaic/denoising.filter/channels[2].top_row[9]_i_4/O
                         net (fo=2, routed)           0.542     9.053    real_camera.raw_processing.demosaic/denoising.filter/channels[2].top_row[9]_i_4_n_0
    SLICE_X57Y37         LUT5 (Prop_lut5_I0_O)        0.105     9.158 r  real_camera.raw_processing.demosaic/denoising.filter/channels[2].top_row[9]_i_2/O
                         net (fo=2, routed)           0.318     9.476    real_camera.raw_processing.demosaic/denoising.filter/channels[2].top_row[9]_i_2_n_0
    SLICE_X57Y36         LUT4 (Prop_lut4_I0_O)        0.105     9.581 r  real_camera.raw_processing.demosaic/denoising.filter/channels[2].top_row[9]_i_3/O
                         net (fo=1, routed)           0.000     9.581    real_camera.raw_processing.demosaic/denoising.filter/channels[2].top_row[9]_i_3_n_0
    SLICE_X57Y36         CARRY4 (Prop_carry4_S[0]_CO[1])
                                                      0.380     9.961 r  real_camera.raw_processing.demosaic/denoising.filter/channels[2].top_row_reg[9]_i_1/CO[1]
                         net (fo=1, routed)           0.000     9.961    real_camera.raw_processing.demosaic/denoising.filter/channels[2].top_row_reg[9]_i_1_n_2
    SLICE_X57Y36         FDRE                                         r  real_camera.raw_processing.demosaic/denoising.filter/channels[2].top_row_reg[9]/D
  -------------------------------------------------------------------    -------------------

                         (clock core_raw rise edge)
                                                     10.000    10.000 r  
    R4                                                0.000    10.000 r  sys_clk (IN)
                         net (fo=0)                   0.000    10.000    sys_clk
    R4                   IBUF (Prop_ibuf_I_O)         1.366    11.366 r  sys_clk_IBUF_inst/O
                         net (fo=1, routed)           1.004    12.369    multiplied_clock.clock_generator/sys_clk_IBUF
    MMCME2_ADV_X1Y0      MMCME2_ADV (Prop_mmcme2_adv_CLKIN1_CLKOUT0)
                                                     -6.057     6.312 r  multiplied_clock.clock_generator/mmcm/CLKOUT0
                         net (fo=1, routed)           1.352     7.665    multiplied_clock.clock_generator/core_raw
    BUFGCTRL_X0Y2        BUFG (Prop_bufg_I_O)         0.077     7.742 r  multiplied_clock.clock_generator/core_buffer/O
                         net (fo=14731, routed)       1.260     9.001    real_camera.raw_processing.demosaic/denoising.filter/core_clk
    SLICE_X57Y36         FDRE                                         r  real_camera.raw_processing.demosaic/denoising.filter/channels[2].top_row_reg[9]/C
                         clock pessimism              0.402     9.403    
                         clock uncertainty           -0.047     9.356    
    SLICE_X57Y36         FDRE (Setup_fdre_C_D)        0.046     9.402    real_camera.raw_processing.demosaic/denoising.filter/channels[2].top_row_reg[9]
  -------------------------------------------------------------------
                         required time                          9.402    
                         arrival time                          -9.961    
  -------------------------------------------------------------------
                         slack                                 -0.560    

Slack (VIOLATED) :        -0.558ns  (required time - arrival time)
  Source:                 real_camera.raw_processing.demosaic/denoising.filter/even_line_reg_0/CLKBWRCLK
                            (rising edge-triggered cell RAMB36E1 clocked by core_raw  {rise@0.000ns fall@5.000ns period=10.000ns})
  Destination:            real_camera.raw_processing.demosaic/denoising.filter/channels[0].top_row_reg[5]/D
                            (rising edge-triggered cell FDRE clocked by core_raw  {rise@0.000ns fall@5.000ns period=10.000ns})
  Path Group:             core_raw
  Path Type:              Setup (Max at Slow Process Corner)
  Requirement:            10.000ns  (core_raw rise@10.000ns - core_raw rise@0.000ns)
  Data Path Delay:        10.552ns  (logic 5.035ns (47.717%)  route 5.517ns (52.283%))
  Logic Levels:           14  (CARRY4=6 LUT4=3 LUT5=1 LUT6=4)
  Clock Path Skew:        -0.018ns (DCD - SCD + CPR)
    Destination Clock Delay (DCD):    -0.932ns = ( 9.068 - 10.000 ) 
    Source Clock Delay      (SCD):    -0.512ns
    Clock Pessimism Removal (CPR):    0.402ns
  Clock Uncertainty:      0.047ns  ((TSJ^2 + DJ^2)^1/2) / 2 + PE
    Total System Jitter     (TSJ):    0.071ns
    Discrete Jitter          (DJ):    0.063ns
    Phase Error              (PE):    0.000ns

    Location             Delay type                Incr(ns)  Path(ns)    Netlist Resource(s)
  -------------------------------------------------------------------    -------------------
                         (clock core_raw rise edge)
                                                      0.000     0.000 r  
    R4                                                0.000     0.000 r  sys_clk (IN)
                         net (fo=0)                   0.000     0.000    sys_clk
    R4                   IBUF (Prop_ibuf_I_O)         1.432     1.432 r  sys_clk_IBUF_inst/O
                         net (fo=1, routed)           1.065     2.497    multiplied_clock.clock_generator/sys_clk_IBUF
    MMCME2_ADV_X1Y0      MMCME2_ADV (Prop_mmcme2_adv_CLKIN1_CLKOUT0)
                                                     -5.921    -3.424 r  multiplied_clock.clock_generator/mmcm/CLKOUT0
                         net (fo=1, routed)           1.421    -2.004    multiplied_clock.clock_generator/core_raw
    BUFGCTRL_X0Y2        BUFG (Prop_bufg_I_O)         0.081    -1.923 r  multiplied_clock.clock_generator/core_buffer/O
                         net (fo=14731, routed)       1.410    -0.512    real_camera.raw_processing.demosaic/denoising.filter/core_clk
    RAMB36_X1Y8          RAMB36E1                                     r  real_camera.raw_processing.demosaic/denoising.filter/even_line_reg_0/CLKBWRCLK
  -------------------------------------------------------------------    -------------------
    RAMB36_X1Y8          RAMB36E1 (Prop_ramb36e1_CLKBWRCLK_DOBDO[3])
                                                      2.125     1.613 r  real_camera.raw_processing.demosaic/denoising.filter/even_line_reg_0/DOBDO[3]
                         net (fo=8, routed)           0.849     2.462    real_camera.raw_processing.demosaic/denoising.filter/even_read[3]
    SLICE_X56Y39         LUT5 (Prop_lut5_I4_O)        0.105     2.567 f  real_camera.raw_processing.demosaic/denoising.filter/tl[3]_i_2/O
                         net (fo=4, routed)           0.151     2.718    real_camera.raw_processing.demosaic/denoising.filter/tl[3]_i_2_n_0
    SLICE_X56Y39         LUT4 (Prop_lut4_I2_O)        0.105     2.823 f  real_camera.raw_processing.demosaic/denoising.filter/channels[0].top_row[7]_i_21/O
                         net (fo=5, routed)           0.506     3.329    real_camera.raw_processing.demosaic/denoising.filter/channels[0].top_row[7]_i_21_n_0
    SLICE_X54Y37         LUT6 (Prop_lut6_I4_O)        0.105     3.434 r  real_camera.raw_processing.demosaic/denoising.filter/channels[0].top_row[7]_i_207/O
                         net (fo=1, routed)           0.379     3.813    real_camera.raw_processing.demosaic/denoising.filter/channels[0].top_row[7]_i_207_n_0
    SLICE_X57Y38         CARRY4 (Prop_carry4_DI[1]_CO[3])
                                                      0.418     4.231 r  real_camera.raw_processing.demosaic/denoising.filter/channels[0].top_row_reg[7]_i_185/CO[3]
                         net (fo=7, routed)           0.783     5.013    real_camera.raw_processing.demosaic/denoising.filter/channels[0].top_row_reg[7]_i_185_n_0
    SLICE_X54Y36         LUT6 (Prop_lut6_I5_O)        0.105     5.118 r  real_camera.raw_processing.demosaic/denoising.filter/channels[0].top_row[7]_i_131/O
                         net (fo=1, routed)           0.486     5.604    real_camera.raw_processing.demosaic/denoising.filter/channels[0].top_row[7]_i_131_n_0
    SLICE_X55Y36         CARRY4 (Prop_carry4_DI[2]_CO[3])
                                                      0.329     5.933 r  real_camera.raw_processing.demosaic/denoising.filter/channels[0].top_row_reg[7]_i_86/CO[3]
                         net (fo=1, routed)           0.000     5.933    real_camera.raw_processing.demosaic/denoising.filter/channels[0].top_row_reg[7]_i_86_n_0
    SLICE_X55Y37         CARRY4 (Prop_carry4_CI_O[3])
                                                      0.260     6.193 r  real_camera.raw_processing.demosaic/denoising.filter/channels[0].top_row_reg[7]_i_85/O[3]
                         net (fo=2, routed)           0.594     6.787    real_camera.raw_processing.demosaic/denoising.filter/difference1_return[7]
    SLICE_X54Y35         LUT4 (Prop_lut4_I0_O)        0.257     7.044 r  real_camera.raw_processing.demosaic/denoising.filter/channels[0].top_row[7]_i_53/O
                         net (fo=1, routed)           0.000     7.044    real_camera.raw_processing.demosaic/denoising.filter/channels[0].top_row[7]_i_53_n_0
    SLICE_X54Y35         CARRY4 (Prop_carry4_S[3]_CO[3])
                                                      0.314     7.358 f  real_camera.raw_processing.demosaic/denoising.filter/channels[0].top_row_reg[7]_i_29/CO[3]
                         net (fo=6, routed)           0.738     8.096    real_camera.raw_processing.demosaic/denoising.filter/p_45_in
    SLICE_X58Y35         LUT4 (Prop_lut4_I3_O)        0.105     8.201 r  real_camera.raw_processing.demosaic/denoising.filter/channels[0].top_row[7]_i_10/O
                         net (fo=22, routed)          0.566     8.766    real_camera.raw_processing.demosaic/denoising.filter/channels[0].top_row[7]_i_10_n_0
    SLICE_X60Y35         LUT6 (Prop_lut6_I4_O)        0.105     8.871 r  real_camera.raw_processing.demosaic/denoising.filter/channels[0].top_row[3]_i_2/O
                         net (fo=2, routed)           0.466     9.337    real_camera.raw_processing.demosaic/denoising.filter/channels[0].top_row[3]_i_2_n_0
    SLICE_X58Y37         LUT6 (Prop_lut6_I0_O)        0.105     9.442 r  real_camera.raw_processing.demosaic/denoising.filter/channels[0].top_row[3]_i_6/O
                         net (fo=1, routed)           0.000     9.442    real_camera.raw_processing.demosaic/denoising.filter/channels[0].top_row[3]_i_6_n_0
    SLICE_X58Y37         CARRY4 (Prop_carry4_S[3]_CO[3])
                                                      0.332     9.774 r  real_camera.raw_processing.demosaic/denoising.filter/channels[0].top_row_reg[3]_i_1/CO[3]
                         net (fo=1, routed)           0.000     9.774    real_camera.raw_processing.demosaic/denoising.filter/channels[0].top_row_reg[3]_i_1_n_0
    SLICE_X58Y38         CARRY4 (Prop_carry4_CI_O[1])
                                                      0.265    10.039 r  real_camera.raw_processing.demosaic/denoising.filter/channels[0].top_row_reg[7]_i_1/O[1]
                         net (fo=1, routed)           0.000    10.039    real_camera.raw_processing.demosaic/denoising.filter/channels[0].top_row_reg[7]_i_1_n_6
    SLICE_X58Y38         FDRE                                         r  real_camera.raw_processing.demosaic/denoising.filter/channels[0].top_row_reg[5]/D
  -------------------------------------------------------------------    -------------------

                         (clock core_raw rise edge)
                                                     10.000    10.000 r  
    R4                                                0.000    10.000 r  sys_clk (IN)
                         net (fo=0)                   0.000    10.000    sys_clk
    R4                   IBUF (Prop_ibuf_I_O)         1.366    11.366 r  sys_clk_IBUF_inst/O
                         net (fo=1, routed)           1.004    12.369    multiplied_clock.clock_generator/sys_clk_IBUF
    MMCME2_ADV_X1Y0      MMCME2_ADV (Prop_mmcme2_adv_CLKIN1_CLKOUT0)
                                                     -6.057     6.312 r  multiplied_clock.clock_generator/mmcm/CLKOUT0
                         net (fo=1, routed)           1.352     7.665    multiplied_clock.clock_generator/core_raw
    BUFGCTRL_X0Y2        BUFG (Prop_bufg_I_O)         0.077     7.742 r  multiplied_clock.clock_generator/core_buffer/O
                         net (fo=14731, routed)       1.327     9.068    real_camera.raw_processing.demosaic/denoising.filter/core_clk
    SLICE_X58Y38         FDRE                                         r  real_camera.raw_processing.demosaic/denoising.filter/channels[0].top_row_reg[5]/C
                         clock pessimism              0.402     9.470    
                         clock uncertainty           -0.047     9.423    
    SLICE_X58Y38         FDRE (Setup_fdre_C_D)        0.059     9.482    real_camera.raw_processing.demosaic/denoising.filter/channels[0].top_row_reg[5]
  -------------------------------------------------------------------
                         required time                          9.482    
                         arrival time                         -10.039    
  -------------------------------------------------------------------
                         slack                                 -0.558    

Slack (VIOLATED) :        -0.553ns  (required time - arrival time)
  Source:                 real_camera.raw_processing.demosaic/denoising.filter/even_line_reg_0/CLKBWRCLK
                            (rising edge-triggered cell RAMB36E1 clocked by core_raw  {rise@0.000ns fall@5.000ns period=10.000ns})
  Destination:            real_camera.raw_processing.demosaic/denoising.filter/channels[0].top_row_reg[7]/D
                            (rising edge-triggered cell FDRE clocked by core_raw  {rise@0.000ns fall@5.000ns period=10.000ns})
  Path Group:             core_raw
  Path Type:              Setup (Max at Slow Process Corner)
  Requirement:            10.000ns  (core_raw rise@10.000ns - core_raw rise@0.000ns)
  Data Path Delay:        10.547ns  (logic 5.030ns (47.692%)  route 5.517ns (52.308%))
  Logic Levels:           14  (CARRY4=6 LUT4=3 LUT5=1 LUT6=4)
  Clock Path Skew:        -0.018ns (DCD - SCD + CPR)
    Destination Clock Delay (DCD):    -0.932ns = ( 9.068 - 10.000 ) 
    Source Clock Delay      (SCD):    -0.512ns
    Clock Pessimism Removal (CPR):    0.402ns
  Clock Uncertainty:      0.047ns  ((TSJ^2 + DJ^2)^1/2) / 2 + PE
    Total System Jitter     (TSJ):    0.071ns
    Discrete Jitter          (DJ):    0.063ns
    Phase Error              (PE):    0.000ns

    Location             Delay type                Incr(ns)  Path(ns)    Netlist Resource(s)
  -------------------------------------------------------------------    -------------------
                         (clock core_raw rise edge)
                                                      0.000     0.000 r  
    R4                                                0.000     0.000 r  sys_clk (IN)
                         net (fo=0)                   0.000     0.000    sys_clk
    R4                   IBUF (Prop_ibuf_I_O)         1.432     1.432 r  sys_clk_IBUF_inst/O
                         net (fo=1, routed)           1.065     2.497    multiplied_clock.clock_generator/sys_clk_IBUF
    MMCME2_ADV_X1Y0      MMCME2_ADV (Prop_mmcme2_adv_CLKIN1_CLKOUT0)
                                                     -5.921    -3.424 r  multiplied_clock.clock_generator/mmcm/CLKOUT0
                         net (fo=1, routed)           1.421    -2.004    multiplied_clock.clock_generator/core_raw
    BUFGCTRL_X0Y2        BUFG (Prop_bufg_I_O)         0.081    -1.923 r  multiplied_clock.clock_generator/core_buffer/O
                         net (fo=14731, routed)       1.410    -0.512    real_camera.raw_processing.demosaic/denoising.filter/core_clk
    RAMB36_X1Y8          RAMB36E1                                     r  real_camera.raw_processing.demosaic/denoising.filter/even_line_reg_0/CLKBWRCLK
  -------------------------------------------------------------------    -------------------
    RAMB36_X1Y8          RAMB36E1 (Prop_ramb36e1_CLKBWRCLK_DOBDO[3])
                                                      2.125     1.613 r  real_camera.raw_processing.demosaic/denoising.filter/even_line_reg_0/DOBDO[3]
                         net (fo=8, routed)           0.849     2.462    real_camera.raw_processing.demosaic/denoising.filter/even_read[3]
    SLICE_X56Y39         LUT5 (Prop_lut5_I4_O)        0.105     2.567 f  real_camera.raw_processing.demosaic/denoising.filter/tl[3]_i_2/O
                         net (fo=4, routed)           0.151     2.718    real_camera.raw_processing.demosaic/denoising.filter/tl[3]_i_2_n_0
    SLICE_X56Y39         LUT4 (Prop_lut4_I2_O)        0.105     2.823 f  real_camera.raw_processing.demosaic/denoising.filter/channels[0].top_row[7]_i_21/O
                         net (fo=5, routed)           0.506     3.329    real_camera.raw_processing.demosaic/denoising.filter/channels[0].top_row[7]_i_21_n_0
    SLICE_X54Y37         LUT6 (Prop_lut6_I4_O)        0.105     3.434 r  real_camera.raw_processing.demosaic/denoising.filter/channels[0].top_row[7]_i_207/O
                         net (fo=1, routed)           0.379     3.813    real_camera.raw_processing.demosaic/denoising.filter/channels[0].top_row[7]_i_207_n_0
    SLICE_X57Y38         CARRY4 (Prop_carry4_DI[1]_CO[3])
                                                      0.418     4.231 r  real_camera.raw_processing.demosaic/denoising.filter/channels[0].top_row_reg[7]_i_185/CO[3]
                         net (fo=7, routed)           0.783     5.013    real_camera.raw_processing.demosaic/denoising.filter/channels[0].top_row_reg[7]_i_185_n_0
    SLICE_X54Y36         LUT6 (Prop_lut6_I5_O)        0.105     5.118 r  real_camera.raw_processing.demosaic/denoising.filter/channels[0].top_row[7]_i_131/O
                         net (fo=1, routed)           0.486     5.604    real_camera.raw_processing.demosaic/denoising.filter/channels[0].top_row[7]_i_131_n_0
    SLICE_X55Y36         CARRY4 (Prop_carry4_DI[2]_CO[3])
                                                      0.329     5.933 r  real_camera.raw_processing.demosaic/denoising.filter/channels[0].top_row_reg[7]_i_86/CO[3]
                         net (fo=1, routed)           0.000     5.933    real_camera.raw_processing.demosaic/denoising.filter/channels[0].top_row_reg[7]_i_86_n_0
    SLICE_X55Y37         CARRY4 (Prop_carry4_CI_O[3])
                                                      0.260     6.193 r  real_camera.raw_processing.demosaic/denoising.filter/channels[0].top_row_reg[7]_i_85/O[3]
                         net (fo=2, routed)           0.594     6.787    real_camera.raw_processing.demosaic/denoising.filter/difference1_return[7]
    SLICE_X54Y35         LUT4 (Prop_lut4_I0_O)        0.257     7.044 r  real_camera.raw_processing.demosaic/denoising.filter/channels[0].top_row[7]_i_53/O
                         net (fo=1, routed)           0.000     7.044    real_camera.raw_processing.demosaic/denoising.filter/channels[0].top_row[7]_i_53_n_0
    SLICE_X54Y35         CARRY4 (Prop_carry4_S[3]_CO[3])
                                                      0.314     7.358 f  real_camera.raw_processing.demosaic/denoising.filter/channels[0].top_row_reg[7]_i_29/CO[3]
                         net (fo=6, routed)           0.738     8.096    real_camera.raw_processing.demosaic/denoising.filter/p_45_in
    SLICE_X58Y35         LUT4 (Prop_lut4_I3_O)        0.105     8.201 r  real_camera.raw_processing.demosaic/denoising.filter/channels[0].top_row[7]_i_10/O
                         net (fo=22, routed)          0.566     8.766    real_camera.raw_processing.demosaic/denoising.filter/channels[0].top_row[7]_i_10_n_0
    SLICE_X60Y35         LUT6 (Prop_lut6_I4_O)        0.105     8.871 r  real_camera.raw_processing.demosaic/denoising.filter/channels[0].top_row[3]_i_2/O
                         net (fo=2, routed)           0.466     9.337    real_camera.raw_processing.demosaic/denoising.filter/channels[0].top_row[3]_i_2_n_0
    SLICE_X58Y37         LUT6 (Prop_lut6_I0_O)        0.105     9.442 r  real_camera.raw_processing.demosaic/denoising.filter/channels[0].top_row[3]_i_6/O
                         net (fo=1, routed)           0.000     9.442    real_camera.raw_processing.demosaic/denoising.filter/channels[0].top_row[3]_i_6_n_0
    SLICE_X58Y37         CARRY4 (Prop_carry4_S[3]_CO[3])
                                                      0.332     9.774 r  real_camera.raw_processing.demosaic/denoising.filter/channels[0].top_row_reg[3]_i_1/CO[3]
                         net (fo=1, routed)           0.000     9.774    real_camera.raw_processing.demosaic/denoising.filter/channels[0].top_row_reg[3]_i_1_n_0
    SLICE_X58Y38         CARRY4 (Prop_carry4_CI_O[3])
                                                      0.260    10.034 r  real_camera.raw_processing.demosaic/denoising.filter/channels[0].top_row_reg[7]_i_1/O[3]
                         net (fo=1, routed)           0.000    10.034    real_camera.raw_processing.demosaic/denoising.filter/channels[0].top_row_reg[7]_i_1_n_4
    SLICE_X58Y38         FDRE                                         r  real_camera.raw_processing.demosaic/denoising.filter/channels[0].top_row_reg[7]/D
  -------------------------------------------------------------------    -------------------

                         (clock core_raw rise edge)
                                                     10.000    10.000 r  
    R4                                                0.000    10.000 r  sys_clk (IN)
                         net (fo=0)                   0.000    10.000    sys_clk
    R4                   IBUF (Prop_ibuf_I_O)         1.366    11.366 r  sys_clk_IBUF_inst/O
                         net (fo=1, routed)           1.004    12.369    multiplied_clock.clock_generator/sys_clk_IBUF
    MMCME2_ADV_X1Y0      MMCME2_ADV (Prop_mmcme2_adv_CLKIN1_CLKOUT0)
                                                     -6.057     6.312 r  multiplied_clock.clock_generator/mmcm/CLKOUT0
                         net (fo=1, routed)           1.352     7.665    multiplied_clock.clock_generator/core_raw
    BUFGCTRL_X0Y2        BUFG (Prop_bufg_I_O)         0.077     7.742 r  multiplied_clock.clock_generator/core_buffer/O
                         net (fo=14731, routed)       1.327     9.068    real_camera.raw_processing.demosaic/denoising.filter/core_clk
    SLICE_X58Y38         FDRE                                         r  real_camera.raw_processing.demosaic/denoising.filter/channels[0].top_row_reg[7]/C
                         clock pessimism              0.402     9.470    
                         clock uncertainty           -0.047     9.423    
    SLICE_X58Y38         FDRE (Setup_fdre_C_D)        0.059     9.482    real_camera.raw_processing.demosaic/denoising.filter/channels[0].top_row_reg[7]
  -------------------------------------------------------------------
                         required time                          9.482    
                         arrival time                         -10.034    
  -------------------------------------------------------------------
                         slack                                 -0.553    

Slack (VIOLATED) :        -0.551ns  (required time - arrival time)
  Source:                 real_camera.raw_processing.demosaic/denoising.filter/even_line_reg_1/CLKBWRCLK
                            (rising edge-triggered cell RAMB18E1 clocked by core_raw  {rise@0.000ns fall@5.000ns period=10.000ns})
  Destination:            real_camera.raw_processing.demosaic/denoising.filter/channels[1].bottom_row_reg[8]/D
                            (rising edge-triggered cell FDRE clocked by core_raw  {rise@0.000ns fall@5.000ns period=10.000ns})
  Path Group:             core_raw
  Path Type:              Setup (Max at Slow Process Corner)
  Requirement:            10.000ns  (core_raw rise@10.000ns - core_raw rise@0.000ns)
  Data Path Delay:        10.501ns  (logic 5.183ns (49.360%)  route 5.318ns (50.641%))
  Logic Levels:           14  (CARRY4=6 LUT3=2 LUT4=2 LUT5=1 LUT6=3)
  Clock Path Skew:        -0.062ns (DCD - SCD + CPR)
    Destination Clock Delay (DCD):    -0.996ns = ( 9.004 - 10.000 ) 
    Source Clock Delay      (SCD):    -0.515ns
    Clock Pessimism Removal (CPR):    0.419ns
  Clock Uncertainty:      0.047ns  ((TSJ^2 + DJ^2)^1/2) / 2 + PE
    Total System Jitter     (TSJ):    0.071ns
    Discrete Jitter          (DJ):    0.063ns
    Phase Error              (PE):    0.000ns

    Location             Delay type                Incr(ns)  Path(ns)    Netlist Resource(s)
  -------------------------------------------------------------------    -------------------
                         (clock core_raw rise edge)
                                                      0.000     0.000 r  
    R4                                                0.000     0.000 r  sys_clk (IN)
                         net (fo=0)                   0.000     0.000    sys_clk
    R4                   IBUF (Prop_ibuf_I_O)         1.432     1.432 r  sys_clk_IBUF_inst/O
                         net (fo=1, routed)           1.065     2.497    multiplied_clock.clock_generator/sys_clk_IBUF
    MMCME2_ADV_X1Y0      MMCME2_ADV (Prop_mmcme2_adv_CLKIN1_CLKOUT0)
                                                     -5.921    -3.424 r  multiplied_clock.clock_generator/mmcm/CLKOUT0
                         net (fo=1, routed)           1.421    -2.004    multiplied_clock.clock_generator/core_raw
    BUFGCTRL_X0Y2        BUFG (Prop_bufg_I_O)         0.081    -1.923 r  multiplied_clock.clock_generator/core_buffer/O
                         net (fo=14731, routed)       1.407    -0.515    real_camera.raw_processing.demosaic/denoising.filter/core_clk
    RAMB18_X1Y15         RAMB18E1                                     r  real_camera.raw_processing.demosaic/denoising.filter/even_line_reg_1/CLKBWRCLK
  -------------------------------------------------------------------    -------------------
    RAMB18_X1Y15         RAMB18E1 (Prop_ramb18e1_CLKBWRCLK_DOBDO[1])
                                                      2.125     1.610 r  real_camera.raw_processing.demosaic/denoising.filter/even_line_reg_1/DOBDO[1]
                         net (fo=8, routed)           0.676     2.286    real_camera.raw_processing.demosaic/denoising.filter/even_read[19]
    SLICE_X48Y35         LUT5 (Prop_lut5_I4_O)        0.105     2.391 f  real_camera.raw_processing.demosaic/denoising.filter/bl[19]_i_2/O
                         net (fo=4, routed)           0.351     2.742    real_camera.raw_processing.demosaic/denoising.filter/bl[19]_i_2_n_0
    SLICE_X49Y34         LUT3 (Prop_lut3_I2_O)        0.105     2.847 f  real_camera.raw_processing.demosaic/denoising.filter/channels[2].bottom_row[7]_i_21/O
                         net (fo=8, routed)           0.346     3.193    real_camera.raw_processing.demosaic/denoising.filter/channels[2].bottom_row[7]_i_21_n_0
    SLICE_X49Y35         LUT6 (Prop_lut6_I1_O)        0.105     3.298 r  real_camera.raw_processing.demosaic/denoising.filter/channels[0].bottom_row[7]_i_223/O
                         net (fo=1, routed)           0.397     3.695    real_camera.raw_processing.demosaic/denoising.filter/channels[0].bottom_row[7]_i_223_n_0
    SLICE_X49Y36         CARRY4 (Prop_carry4_DI[1]_CO[3])
                                                      0.418     4.113 r  real_camera.raw_processing.demosaic/denoising.filter/channels[0].bottom_row_reg[7]_i_187/CO[3]
                         net (fo=7, routed)           0.642     4.755    real_camera.raw_processing.demosaic/denoising.filter/channels[0].bottom_row_reg[7]_i_187_n_0
    SLICE_X51Y37         LUT3 (Prop_lut3_I2_O)        0.105     4.860 r  real_camera.raw_processing.demosaic/denoising.filter/channels[0].bottom_row[7]_i_162/O
                         net (fo=1, routed)           0.284     5.144    real_camera.raw_processing.demosaic/denoising.filter/channels[0].bottom_row[7]_i_162_n_0
    SLICE_X48Y36         CARRY4 (Prop_carry4_DI[1]_CO[3])
                                                      0.418     5.562 r  real_camera.raw_processing.demosaic/denoising.filter/channels[0].bottom_row_reg[7]_i_90/CO[3]
                         net (fo=1, routed)           0.000     5.562    real_camera.raw_processing.demosaic/denoising.filter/channels[0].bottom_row_reg[7]_i_90_n_0
    SLICE_X48Y37         CARRY4 (Prop_carry4_CI_O[3])
                                                      0.260     5.822 r  real_camera.raw_processing.demosaic/denoising.filter/channels[0].bottom_row_reg[7]_i_89/O[3]
                         net (fo=2, routed)           0.583     6.405    real_camera.raw_processing.demosaic/denoising.filter/difference20_return[7]
    SLICE_X48Y38         LUT4 (Prop_lut4_I0_O)        0.257     6.662 r  real_camera.raw_processing.demosaic/denoising.filter/channels[0].bottom_row[7]_i_69/O
                         net (fo=1, routed)           0.000     6.662    real_camera.raw_processing.demosaic/denoising.filter/channels[0].bottom_row[7]_i_69_n_0
    SLICE_X48Y38         CARRY4 (Prop_carry4_S[3]_CO[3])
                                                      0.332     6.994 f  real_camera.raw_processing.demosaic/denoising.filter/channels[0].bottom_row_reg[7]_i_31/CO[3]
                         net (fo=1, routed)           0.854     7.848    real_camera.raw_processing.demosaic/denoising.filter/p_14_in
    SLICE_X48Y41         LUT4 (Prop_lut4_I2_O)        0.105     7.953 r  real_camera.raw_processing.demosaic/denoising.filter/channels[0].bottom_row[7]_i_14/O
                         net (fo=42, routed)          0.826     8.779    real_camera.raw_processing.demosaic/denoising.filter/channels[0].bottom_row[7]_i_14_n_0
    SLICE_X50Y44         LUT6 (Prop_lut6_I5_O)        0.105     8.884 r  real_camera.raw_processing.demosaic/denoising.filter/channels[1].bottom_row[7]_i_4/O
                         net (fo=2, routed)           0.358     9.242    real_camera.raw_processing.demosaic/denoising.filter/channels[1].bottom_row[7]_i_4_n_0
    SLICE_X49Y43         LUT6 (Prop_lut6_I0_O)        0.105     9.347 r  real_camera.raw_processing.demosaic/denoising.filter/channels[1].bottom_row[7]_i_8/O
                         net (fo=1, routed)           0.000     9.347    real_camera.raw_processing.demosaic/denoising.filter/channels[1].bottom_row[7]_i_8_n_0
    SLICE_X49Y43         CARRY4 (Prop_carry4_S[1]_CO[3])
                                                      0.457     9.804 r  real_camera.raw_processing.demosaic/denoising.filter/channels[1].bottom_row_reg[7]_i_1/CO[3]
                         net (fo=1, routed)           0.000     9.804    real_camera.raw_processing.demosaic/denoising.filter/channels[1].bottom_row_reg[7]_i_1_n_0
    SLICE_X49Y44         CARRY4 (Prop_carry4_CI_O[0])
                                                      0.181     9.985 r  real_camera.raw_processing.demosaic/denoising.filter/channels[1].bottom_row_reg[9]_i_1/O[0]
                         net (fo=1, routed)           0.000     9.985    real_camera.raw_processing.demosaic/denoising.filter/channels[1].bottom_row_reg[9]_i_1_n_7
    SLICE_X49Y44         FDRE                                         r  real_camera.raw_processing.demosaic/denoising.filter/channels[1].bottom_row_reg[8]/D
  -------------------------------------------------------------------    -------------------

                         (clock core_raw rise edge)
                                                     10.000    10.000 r  
    R4                                                0.000    10.000 r  sys_clk (IN)
                         net (fo=0)                   0.000    10.000    sys_clk
    R4                   IBUF (Prop_ibuf_I_O)         1.366    11.366 r  sys_clk_IBUF_inst/O
                         net (fo=1, routed)           1.004    12.369    multiplied_clock.clock_generator/sys_clk_IBUF
    MMCME2_ADV_X1Y0      MMCME2_ADV (Prop_mmcme2_adv_CLKIN1_CLKOUT0)
                                                     -6.057     6.312 r  multiplied_clock.clock_generator/mmcm/CLKOUT0
                         net (fo=1, routed)           1.352     7.665    multiplied_clock.clock_generator/core_raw
    BUFGCTRL_X0Y2        BUFG (Prop_bufg_I_O)         0.077     7.742 r  multiplied_clock.clock_generator/core_buffer/O
                         net (fo=14731, routed)       1.263     9.004    real_camera.raw_processing.demosaic/denoising.filter/core_clk
    SLICE_X49Y44         FDRE                                         r  real_camera.raw_processing.demosaic/denoising.filter/channels[1].bottom_row_reg[8]/C
                         clock pessimism              0.419     9.423    
                         clock uncertainty           -0.047     9.376    
    SLICE_X49Y44         FDRE (Setup_fdre_C_D)        0.059     9.435    real_camera.raw_processing.demosaic/denoising.filter/channels[1].bottom_row_reg[8]
  -------------------------------------------------------------------
                         required time                          9.435    
                         arrival time                          -9.985    
  -------------------------------------------------------------------
                         slack                                 -0.551    

Slack (VIOLATED) :        -0.547ns  (required time - arrival time)
  Source:                 real_camera.raw_processing.demosaic/denoising.filter/odd_line_reg_0/CLKBWRCLK
                            (rising edge-triggered cell RAMB36E1 clocked by core_raw  {rise@0.000ns fall@5.000ns period=10.000ns})
  Destination:            real_camera.raw_processing.demosaic/denoising.filter/channels[0].bottom_row_reg[9]/D
                            (rising edge-triggered cell FDRE clocked by core_raw  {rise@0.000ns fall@5.000ns period=10.000ns})
  Path Group:             core_raw
  Path Type:              Setup (Max at Slow Process Corner)
  Requirement:            10.000ns  (core_raw rise@10.000ns - core_raw rise@0.000ns)
  Data Path Delay:        10.465ns  (logic 4.912ns (46.938%)  route 5.553ns (53.062%))
  Logic Levels:           14  (CARRY4=5 LUT4=4 LUT5=3 LUT6=2)
  Clock Path Skew:        -0.081ns (DCD - SCD + CPR)
    Destination Clock Delay (DCD):    -0.996ns = ( 9.004 - 10.000 ) 
    Source Clock Delay      (SCD):    -0.513ns
    Clock Pessimism Removal (CPR):    0.402ns
  Clock Uncertainty:      0.047ns  ((TSJ^2 + DJ^2)^1/2) / 2 + PE
    Total System Jitter     (TSJ):    0.071ns
    Discrete Jitter          (DJ):    0.063ns
    Phase Error              (PE):    0.000ns

    Location             Delay type                Incr(ns)  Path(ns)    Netlist Resource(s)
  -------------------------------------------------------------------    -------------------
                         (clock core_raw rise edge)
                                                      0.000     0.000 r  
    R4                                                0.000     0.000 r  sys_clk (IN)
                         net (fo=0)                   0.000     0.000    sys_clk
    R4                   IBUF (Prop_ibuf_I_O)         1.432     1.432 r  sys_clk_IBUF_inst/O
                         net (fo=1, routed)           1.065     2.497    multiplied_clock.clock_generator/sys_clk_IBUF
    MMCME2_ADV_X1Y0      MMCME2_ADV (Prop_mmcme2_adv_CLKIN1_CLKOUT0)
                                                     -5.921    -3.424 r  multiplied_clock.clock_generator/mmcm/CLKOUT0
                         net (fo=1, routed)           1.421    -2.004    multiplied_clock.clock_generator/core_raw
    BUFGCTRL_X0Y2        BUFG (Prop_bufg_I_O)         0.081    -1.923 r  multiplied_clock.clock_generator/core_buffer/O
                         net (fo=14731, routed)       1.409    -0.513    real_camera.raw_processing.demosaic/denoising.filter/core_clk
    RAMB36_X2Y7          RAMB36E1                                     r  real_camera.raw_processing.demosaic/denoising.filter/odd_line_reg_0/CLKBWRCLK
  -------------------------------------------------------------------    -------------------
    RAMB36_X2Y7          RAMB36E1 (Prop_ramb36e1_CLKBWRCLK_DOBDO[3])
                                                      2.125     1.612 r  real_camera.raw_processing.demosaic/denoising.filter/odd_line_reg_0/DOBDO[3]
                         net (fo=8, routed)           0.786     2.397    real_camera.raw_processing.demosaic/denoising.filter/odd_read[3]
    SLICE_X54Y41         LUT5 (Prop_lut5_I2_O)        0.105     2.502 f  real_camera.raw_processing.demosaic/denoising.filter/bl[3]_i_2/O
                         net (fo=4, routed)           0.384     2.886    real_camera.raw_processing.demosaic/denoising.filter/bl[3]_i_2_n_0
    SLICE_X54Y40         LUT4 (Prop_lut4_I2_O)        0.105     2.991 f  real_camera.raw_processing.demosaic/denoising.filter/channels[0].bottom_row[7]_i_21/O
                         net (fo=5, routed)           0.483     3.475    real_camera.raw_processing.demosaic/denoising.filter/channels[0].bottom_row[7]_i_21_n_0
    SLICE_X53Y41         LUT6 (Prop_lut6_I4_O)        0.105     3.580 r  real_camera.raw_processing.demosaic/denoising.filter/channels[0].bottom_row[7]_i_207/O
                         net (fo=1, routed)           0.265     3.845    real_camera.raw_processing.demosaic/denoising.filter/channels[0].bottom_row[7]_i_207_n_0
    SLICE_X53Y39         CARRY4 (Prop_carry4_DI[1]_CO[3])
                                                      0.418     4.263 r  real_camera.raw_processing.demosaic/denoising.filter/channels[0].bottom_row_reg[7]_i_185/CO[3]
                         net (fo=7, routed)           0.759     5.021    real_camera.raw_processing.demosaic/denoising.filter/channels[0].bottom_row_reg[7]_i_185_n_0
    SLICE_X52Y38         LUT6 (Prop_lut6_I5_O)        0.105     5.126 r  real_camera.raw_processing.demosaic/denoising.filter/channels[0].bottom_row[7]_i_130/O
                         net (fo=1, routed)           0.374     5.500    real_camera.raw_processing.demosaic/denoising.filter/channels[0].bottom_row[7]_i_130_n_0
    SLICE_X51Y39         CARRY4 (Prop_carry4_DI[3]_CO[3])
                                                      0.318     5.818 r  real_camera.raw_processing.demosaic/denoising.filter/channels[0].bottom_row_reg[7]_i_86/CO[3]
                         net (fo=1, routed)           0.000     5.818    real_camera.raw_processing.demosaic/denoising.filter/channels[0].bottom_row_reg[7]_i_86_n_0
    SLICE_X51Y40         CARRY4 (Prop_carry4_CI_O[3])
                                                      0.260     6.078 r  real_camera.raw_processing.demosaic/denoising.filter/channels[0].bottom_row_reg[7]_i_85/O[3]
                         net (fo=2, routed)           0.540     6.619    real_camera.raw_processing.demosaic/denoising.filter/difference16_return[7]
    SLICE_X50Y39         LUT4 (Prop_lut4_I0_O)        0.257     6.876 r  real_camera.raw_processing.demosaic/denoising.filter/channels[0].bottom_row[7]_i_53/O
                         net (fo=1, routed)           0.000     6.876    real_camera.raw_processing.demosaic/denoising.filter/channels[0].bottom_row[7]_i_53_n_0
    SLICE_X50Y39         CARRY4 (Prop_carry4_S[3]_CO[3])
                                                      0.314     7.190 f  real_camera.raw_processing.demosaic/denoising.filter/channels[0].bottom_row_reg[7]_i_29/CO[3]
                         net (fo=5, routed)           0.800     7.989    real_camera.raw_processing.demosaic/denoising.filter/p_25_in
    SLICE_X48Y41         LUT4 (Prop_lut4_I3_O)        0.105     8.094 r  real_camera.raw_processing.demosaic/denoising.filter/channels[0].bottom_row[7]_i_10_replica_1/O
                         net (fo=22, routed)          0.566     8.661    real_camera.raw_processing.demosaic/denoising.filter/channels[0].bottom_row[7]_i_10_n_0_repN_1
    SLICE_X50Y44         LUT5 (Prop_lut5_I1_O)        0.105     8.766 f  real_camera.raw_processing.demosaic/denoising.filter/channels[0].bottom_row[9]_i_4/O
                         net (fo=2, routed)           0.353     9.118    real_camera.raw_processing.demosaic/denoising.filter/channels[0].bottom_row[9]_i_4_n_0
    SLICE_X49Y45         LUT5 (Prop_lut5_I0_O)        0.105     9.223 r  real_camera.raw_processing.demosaic/denoising.filter/channels[0].bottom_row[9]_i_2/O
                         net (fo=2, routed)           0.243     9.467    real_camera.raw_processing.demosaic/denoising.filter/channels[0].bottom_row[9]_i_2_n_0
    SLICE_X48Y44         LUT4 (Prop_lut4_I0_O)        0.105     9.572 r  real_camera.raw_processing.demosaic/denoising.filter/channels[0].bottom_row[9]_i_3/O
                         net (fo=1, routed)           0.000     9.572    real_camera.raw_processing.demosaic/denoising.filter/channels[0].bottom_row[9]_i_3_n_0
    SLICE_X48Y44         CARRY4 (Prop_carry4_S[0]_CO[1])
                                                      0.380     9.952 r  real_camera.raw_processing.demosaic/denoising.filter/channels[0].bottom_row_reg[9]_i_1/CO[1]
                         net (fo=1, routed)           0.000     9.952    real_camera.raw_processing.demosaic/denoising.filter/channels[0].bottom_row_reg[9]_i_1_n_2
    SLICE_X48Y44         FDRE                                         r  real_camera.raw_processing.demosaic/denoising.filter/channels[0].bottom_row_reg[9]/D
  -------------------------------------------------------------------    -------------------

                         (clock core_raw rise edge)
                                                     10.000    10.000 r  
    R4                                                0.000    10.000 r  sys_clk (IN)
                         net (fo=0)                   0.000    10.000    sys_clk
    R4                   IBUF (Prop_ibuf_I_O)         1.366    11.366 r  sys_clk_IBUF_inst/O
                         net (fo=1, routed)           1.004    12.369    multiplied_clock.clock_generator/sys_clk_IBUF
    MMCME2_ADV_X1Y0      MMCME2_ADV (Prop_mmcme2_adv_CLKIN1_CLKOUT0)
                                                     -6.057     6.312 r  multiplied_clock.clock_generator/mmcm/CLKOUT0
                         net (fo=1, routed)           1.352     7.665    multiplied_clock.clock_generator/core_raw
    BUFGCTRL_X0Y2        BUFG (Prop_bufg_I_O)         0.077     7.742 r  multiplied_clock.clock_generator/core_buffer/O
                         net (fo=14731, routed)       1.263     9.004    real_camera.raw_processing.demosaic/denoising.filter/core_clk
    SLICE_X48Y44         FDRE                                         r  real_camera.raw_processing.demosaic/denoising.filter/channels[0].bottom_row_reg[9]/C
                         clock pessimism              0.402     9.406    
                         clock uncertainty           -0.047     9.359    
    SLICE_X48Y44         FDRE (Setup_fdre_C_D)        0.046     9.405    real_camera.raw_processing.demosaic/denoising.filter/channels[0].bottom_row_reg[9]
  -------------------------------------------------------------------
                         required time                          9.405    
                         arrival time                          -9.952    
  -------------------------------------------------------------------
                         slack                                 -0.547    

Slack (VIOLATED) :        -0.542ns  (required time - arrival time)
  Source:                 real_camera.raw_processing.demosaic/denoising.filter/even_line_reg_0/CLKBWRCLK
                            (rising edge-triggered cell RAMB36E1 clocked by core_raw  {rise@0.000ns fall@5.000ns period=10.000ns})
  Destination:            real_camera.raw_processing.demosaic/denoising.filter/channels[1].top_row_reg[9]/D
                            (rising edge-triggered cell FDRE clocked by core_raw  {rise@0.000ns fall@5.000ns period=10.000ns})
  Path Group:             core_raw
  Path Type:              Setup (Max at Slow Process Corner)
  Requirement:            10.000ns  (core_raw rise@10.000ns - core_raw rise@0.000ns)
  Data Path Delay:        10.500ns  (logic 4.992ns (47.542%)  route 5.508ns (52.458%))
  Logic Levels:           14  (CARRY4=6 LUT4=3 LUT5=1 LUT6=4)
  Clock Path Skew:        -0.084ns (DCD - SCD + CPR)
    Destination Clock Delay (DCD):    -0.998ns = ( 9.002 - 10.000 ) 
    Source Clock Delay      (SCD):    -0.512ns
    Clock Pessimism Removal (CPR):    0.402ns
  Clock Uncertainty:      0.047ns  ((TSJ^2 + DJ^2)^1/2) / 2 + PE
    Total System Jitter     (TSJ):    0.071ns
    Discrete Jitter          (DJ):    0.063ns
    Phase Error              (PE):    0.000ns

    Location             Delay type                Incr(ns)  Path(ns)    Netlist Resource(s)
  -------------------------------------------------------------------    -------------------
                         (clock core_raw rise edge)
                                                      0.000     0.000 r  
    R4                                                0.000     0.000 r  sys_clk (IN)
                         net (fo=0)                   0.000     0.000    sys_clk
    R4                   IBUF (Prop_ibuf_I_O)         1.432     1.432 r  sys_clk_IBUF_inst/O
                         net (fo=1, routed)           1.065     2.497    multiplied_clock.clock_generator/sys_clk_IBUF
    MMCME2_ADV_X1Y0      MMCME2_ADV (Prop_mmcme2_adv_CLKIN1_CLKOUT0)
                                                     -5.921    -3.424 r  multiplied_clock.clock_generator/mmcm/CLKOUT0
                         net (fo=1, routed)           1.421    -2.004    multiplied_clock.clock_generator/core_raw
    BUFGCTRL_X0Y2        BUFG (Prop_bufg_I_O)         0.081    -1.923 r  multiplied_clock.clock_generator/core_buffer/O
                         net (fo=14731, routed)       1.410    -0.512    real_camera.raw_processing.demosaic/denoising.filter/core_clk
    RAMB36_X1Y8          RAMB36E1                                     r  real_camera.raw_processing.demosaic/denoising.filter/even_line_reg_0/CLKBWRCLK
  -------------------------------------------------------------------    -------------------
    RAMB36_X1Y8          RAMB36E1 (Prop_ramb36e1_CLKBWRCLK_DOBDO[3])
                                                      2.125     1.613 r  real_camera.raw_processing.demosaic/denoising.filter/even_line_reg_0/DOBDO[3]
                         net (fo=8, routed)           0.849     2.462    real_camera.raw_processing.demosaic/denoising.filter/even_read[3]
    SLICE_X56Y39         LUT5 (Prop_lut5_I4_O)        0.105     2.567 f  real_camera.raw_processing.demosaic/denoising.filter/tl[3]_i_2/O
                         net (fo=4, routed)           0.151     2.718    real_camera.raw_processing.demosaic/denoising.filter/tl[3]_i_2_n_0
    SLICE_X56Y39         LUT4 (Prop_lut4_I2_O)        0.105     2.823 f  real_camera.raw_processing.demosaic/denoising.filter/channels[0].top_row[7]_i_21/O
                         net (fo=5, routed)           0.506     3.329    real_camera.raw_processing.demosaic/denoising.filter/channels[0].top_row[7]_i_21_n_0
    SLICE_X54Y37         LUT6 (Prop_lut6_I4_O)        0.105     3.434 r  real_camera.raw_processing.demosaic/denoising.filter/channels[0].top_row[7]_i_207/O
                         net (fo=1, routed)           0.379     3.813    real_camera.raw_processing.demosaic/denoising.filter/channels[0].top_row[7]_i_207_n_0
    SLICE_X57Y38         CARRY4 (Prop_carry4_DI[1]_CO[3])
                                                      0.418     4.231 r  real_camera.raw_processing.demosaic/denoising.filter/channels[0].top_row_reg[7]_i_185/CO[3]
                         net (fo=7, routed)           0.783     5.013    real_camera.raw_processing.demosaic/denoising.filter/channels[0].top_row_reg[7]_i_185_n_0
    SLICE_X54Y36         LUT6 (Prop_lut6_I5_O)        0.105     5.118 r  real_camera.raw_processing.demosaic/denoising.filter/channels[0].top_row[7]_i_131/O
                         net (fo=1, routed)           0.486     5.604    real_camera.raw_processing.demosaic/denoising.filter/channels[0].top_row[7]_i_131_n_0
    SLICE_X55Y36         CARRY4 (Prop_carry4_DI[2]_CO[3])
                                                      0.329     5.933 r  real_camera.raw_processing.demosaic/denoising.filter/channels[0].top_row_reg[7]_i_86/CO[3]
                         net (fo=1, routed)           0.000     5.933    real_camera.raw_processing.demosaic/denoising.filter/channels[0].top_row_reg[7]_i_86_n_0
    SLICE_X55Y37         CARRY4 (Prop_carry4_CI_O[3])
                                                      0.260     6.193 r  real_camera.raw_processing.demosaic/denoising.filter/channels[0].top_row_reg[7]_i_85/O[3]
                         net (fo=2, routed)           0.594     6.787    real_camera.raw_processing.demosaic/denoising.filter/difference1_return[7]
    SLICE_X54Y35         LUT4 (Prop_lut4_I0_O)        0.257     7.044 r  real_camera.raw_processing.demosaic/denoising.filter/channels[0].top_row[7]_i_53/O
                         net (fo=1, routed)           0.000     7.044    real_camera.raw_processing.demosaic/denoising.filter/channels[0].top_row[7]_i_53_n_0
    SLICE_X54Y35         CARRY4 (Prop_carry4_S[3]_CO[3])
                                                      0.314     7.358 f  real_camera.raw_processing.demosaic/denoising.filter/channels[0].top_row_reg[7]_i_29/CO[3]
                         net (fo=6, routed)           0.738     8.096    real_camera.raw_processing.demosaic/denoising.filter/p_45_in
    SLICE_X58Y35         LUT4 (Prop_lut4_I3_O)        0.105     8.201 r  real_camera.raw_processing.demosaic/denoising.filter/channels[0].top_row[7]_i_10/O
                         net (fo=22, routed)          0.483     8.684    real_camera.raw_processing.demosaic/denoising.filter/channels[0].top_row[7]_i_10_n_0
    SLICE_X58Y36         LUT6 (Prop_lut6_I1_O)        0.105     8.789 r  real_camera.raw_processing.demosaic/denoising.filter/channels[1].top_row[7]_i_5/O
                         net (fo=2, routed)           0.540     9.329    real_camera.raw_processing.demosaic/denoising.filter/channels[1].top_row[7]_i_5_n_0
    SLICE_X56Y36         LUT6 (Prop_lut6_I0_O)        0.105     9.434 r  real_camera.raw_processing.demosaic/denoising.filter/channels[1].top_row[7]_i_9/O
                         net (fo=1, routed)           0.000     9.434    real_camera.raw_processing.demosaic/denoising.filter/channels[1].top_row[7]_i_9_n_0
    SLICE_X56Y36         CARRY4 (Prop_carry4_S[0]_CO[3])
                                                      0.423     9.857 r  real_camera.raw_processing.demosaic/denoising.filter/channels[1].top_row_reg[7]_i_1/CO[3]
                         net (fo=1, routed)           0.000     9.857    real_camera.raw_processing.demosaic/denoising.filter/channels[1].top_row_reg[7]_i_1_n_0
    SLICE_X56Y37         CARRY4 (Prop_carry4_CI_CO[1])
                                                      0.131     9.988 r  real_camera.raw_processing.demosaic/denoising.filter/channels[1].top_row_reg[9]_i_1/CO[1]
                         net (fo=1, routed)           0.000     9.988    real_camera.raw_processing.demosaic/denoising.filter/channels[1].top_row_reg[9]_i_1_n_2
    SLICE_X56Y37         FDRE                                         r  real_camera.raw_processing.demosaic/denoising.filter/channels[1].top_row_reg[9]/D
  -------------------------------------------------------------------    -------------------

                         (clock core_raw rise edge)
                                                     10.000    10.000 r  
    R4                                                0.000    10.000 r  sys_clk (IN)
                         net (fo=0)                   0.000    10.000    sys_clk
    R4                   IBUF (Prop_ibuf_I_O)         1.366    11.366 r  sys_clk_IBUF_inst/O
                         net (fo=1, routed)           1.004    12.369    multiplied_clock.clock_generator/sys_clk_IBUF
    MMCME2_ADV_X1Y0      MMCME2_ADV (Prop_mmcme2_adv_CLKIN1_CLKOUT0)
                                                     -6.057     6.312 r  multiplied_clock.clock_generator/mmcm/CLKOUT0
                         net (fo=1, routed)           1.352     7.665    multiplied_clock.clock_generator/core_raw
    BUFGCTRL_X0Y2        BUFG (Prop_bufg_I_O)         0.077     7.742 r  multiplied_clock.clock_generator/core_buffer/O
                         net (fo=14731, routed)       1.261     9.002    real_camera.raw_processing.demosaic/denoising.filter/core_clk
    SLICE_X56Y37         FDRE                                         r  real_camera.raw_processing.demosaic/denoising.filter/channels[1].top_row_reg[9]/C
                         clock pessimism              0.402     9.404    
                         clock uncertainty           -0.047     9.357    
    SLICE_X56Y37         FDRE (Setup_fdre_C_D)        0.089     9.446    real_camera.raw_processing.demosaic/denoising.filter/channels[1].top_row_reg[9]
  -------------------------------------------------------------------
                         required time                          9.446    
                         arrival time                          -9.988    
  -------------------------------------------------------------------
                         slack                                 -0.542    

Slack (VIOLATED) :        -0.536ns  (required time - arrival time)
  Source:                 real_camera.raw_processing.demosaic/denoising.filter/even_line_reg_0/CLKBWRCLK
                            (rising edge-triggered cell RAMB36E1 clocked by core_raw  {rise@0.000ns fall@5.000ns period=10.000ns})
  Destination:            real_camera.raw_processing.demosaic/denoising.filter/channels[0].top_row_reg[9]/D
                            (rising edge-triggered cell FDRE clocked by core_raw  {rise@0.000ns fall@5.000ns period=10.000ns})
  Path Group:             core_raw
  Path Type:              Setup (Max at Slow Process Corner)
  Requirement:            10.000ns  (core_raw rise@10.000ns - core_raw rise@0.000ns)
  Data Path Delay:        10.518ns  (logic 4.929ns (46.862%)  route 5.589ns (53.138%))
  Logic Levels:           14  (CARRY4=5 LUT3=2 LUT4=4 LUT5=3)
  Clock Path Skew:        -0.017ns (DCD - SCD + CPR)
    Destination Clock Delay (DCD):    -0.931ns = ( 9.069 - 10.000 ) 
    Source Clock Delay      (SCD):    -0.512ns
    Clock Pessimism Removal (CPR):    0.402ns
  Clock Uncertainty:      0.047ns  ((TSJ^2 + DJ^2)^1/2) / 2 + PE
    Total System Jitter     (TSJ):    0.071ns
    Discrete Jitter          (DJ):    0.063ns
    Phase Error              (PE):    0.000ns

    Location             Delay type                Incr(ns)  Path(ns)    Netlist Resource(s)
  -------------------------------------------------------------------    -------------------
                         (clock core_raw rise edge)
                                                      0.000     0.000 r  
    R4                                                0.000     0.000 r  sys_clk (IN)
                         net (fo=0)                   0.000     0.000    sys_clk
    R4                   IBUF (Prop_ibuf_I_O)         1.432     1.432 r  sys_clk_IBUF_inst/O
                         net (fo=1, routed)           1.065     2.497    multiplied_clock.clock_generator/sys_clk_IBUF
    MMCME2_ADV_X1Y0      MMCME2_ADV (Prop_mmcme2_adv_CLKIN1_CLKOUT0)
                                                     -5.921    -3.424 r  multiplied_clock.clock_generator/mmcm/CLKOUT0
                         net (fo=1, routed)           1.421    -2.004    multiplied_clock.clock_generator/core_raw
    BUFGCTRL_X0Y2        BUFG (Prop_bufg_I_O)         0.081    -1.923 r  multiplied_clock.clock_generator/core_buffer/O
                         net (fo=14731, routed)       1.410    -0.512    real_camera.raw_processing.demosaic/denoising.filter/core_clk
    RAMB36_X1Y8          RAMB36E1                                     r  real_camera.raw_processing.demosaic/denoising.filter/even_line_reg_0/CLKBWRCLK
  -------------------------------------------------------------------    -------------------
    RAMB36_X1Y8          RAMB36E1 (Prop_ramb36e1_CLKBWRCLK_DOBDO[8])
                                                      2.125     1.613 r  real_camera.raw_processing.demosaic/denoising.filter/even_line_reg_0/DOBDO[8]
                         net (fo=6, routed)           0.891     2.504    real_camera.raw_processing.demosaic/denoising.filter/even_read[8]
    SLICE_X55Y43         LUT5 (Prop_lut5_I4_O)        0.105     2.609 r  real_camera.raw_processing.demosaic/denoising.filter/tc[8]_i_1/O
                         net (fo=3, routed)           0.137     2.746    real_camera.raw_processing.demosaic/denoising.filter/top[8]
    SLICE_X55Y43         LUT3 (Prop_lut3_I2_O)        0.105     2.851 r  real_camera.raw_processing.demosaic/denoising.filter/channels[1].top_row[3]_i_13/O
                         net (fo=10, routed)          0.615     3.465    real_camera.raw_processing.demosaic/denoising.filter/channels[1].top_row[3]_i_13_n_0
    SLICE_X57Y42         LUT4 (Prop_lut4_I2_O)        0.105     3.570 r  real_camera.raw_processing.demosaic/denoising.filter/channels[0].top_row[7]_i_236/O
                         net (fo=1, routed)           0.000     3.570    real_camera.raw_processing.demosaic/denoising.filter/channels[0].top_row[7]_i_236_n_0
    SLICE_X57Y42         CARRY4 (Prop_carry4_S[0]_CO[3])
                                                      0.440     4.010 r  real_camera.raw_processing.demosaic/denoising.filter/channels[0].top_row_reg[7]_i_188/CO[3]
                         net (fo=7, routed)           0.984     4.994    real_camera.raw_processing.demosaic/denoising.filter/channels[0].top_row_reg[7]_i_188_n_0
    SLICE_X58Y41         LUT5 (Prop_lut5_I1_O)        0.110     5.104 r  real_camera.raw_processing.demosaic/denoising.filter/channels[0].top_row[7]_i_176/O
                         net (fo=1, routed)           0.000     5.104    real_camera.raw_processing.demosaic/denoising.filter/channels[0].top_row[7]_i_176_n_0
    SLICE_X58Y41         CARRY4 (Prop_carry4_DI[2]_CO[3])
                                                      0.290     5.394 r  real_camera.raw_processing.demosaic/denoising.filter/channels[0].top_row_reg[7]_i_92/CO[3]
                         net (fo=1, routed)           0.000     5.394    real_camera.raw_processing.demosaic/denoising.filter/channels[0].top_row_reg[7]_i_92_n_0
    SLICE_X58Y42         CARRY4 (Prop_carry4_CI_O[3])
                                                      0.260     5.654 r  real_camera.raw_processing.demosaic/denoising.filter/channels[0].top_row_reg[7]_i_91/O[3]
                         net (fo=2, routed)           0.467     6.121    real_camera.raw_processing.demosaic/denoising.filter/difference6_return[7]
    SLICE_X59Y41         LUT4 (Prop_lut4_I0_O)        0.257     6.378 r  real_camera.raw_processing.demosaic/denoising.filter/channels[0].top_row[7]_i_77/O
                         net (fo=1, routed)           0.000     6.378    real_camera.raw_processing.demosaic/denoising.filter/channels[0].top_row[7]_i_77_n_0
    SLICE_X59Y41         CARRY4 (Prop_carry4_S[3]_CO[3])
                                                      0.332     6.710 f  real_camera.raw_processing.demosaic/denoising.filter/channels[0].top_row_reg[7]_i_32/CO[3]
                         net (fo=2, routed)           1.128     7.837    real_camera.raw_processing.demosaic/denoising.filter/p_36_in
    SLICE_X58Y36         LUT4 (Prop_lut4_I3_O)        0.105     7.942 r  real_camera.raw_processing.demosaic/denoising.filter/channels[0].top_row[7]_i_14/O
                         net (fo=43, routed)          0.678     8.621    real_camera.raw_processing.demosaic/denoising.filter/channels[0].top_row[7]_i_14_n_0
    SLICE_X57Y37         LUT3 (Prop_lut3_I1_O)        0.105     8.726 f  real_camera.raw_processing.demosaic/denoising.filter/channels[0].top_row[9]_i_6/O
                         net (fo=2, routed)           0.245     8.971    real_camera.raw_processing.demosaic/denoising.filter/channels[0].top_row[9]_i_6_n_0
    SLICE_X57Y39         LUT5 (Prop_lut5_I4_O)        0.105     9.076 r  real_camera.raw_processing.demosaic/denoising.filter/channels[0].top_row[9]_i_2/O
                         net (fo=2, routed)           0.445     9.521    real_camera.raw_processing.demosaic/denoising.filter/channels[0].top_row[9]_i_2_n_0
    SLICE_X58Y39         LUT4 (Prop_lut4_I0_O)        0.105     9.626 r  real_camera.raw_processing.demosaic/denoising.filter/channels[0].top_row[9]_i_3/O
                         net (fo=1, routed)           0.000     9.626    real_camera.raw_processing.demosaic/denoising.filter/channels[0].top_row[9]_i_3_n_0
    SLICE_X58Y39         CARRY4 (Prop_carry4_S[0]_CO[1])
                                                      0.380    10.006 r  real_camera.raw_processing.demosaic/denoising.filter/channels[0].top_row_reg[9]_i_1/CO[1]
                         net (fo=1, routed)           0.000    10.006    real_camera.raw_processing.demosaic/denoising.filter/channels[0].top_row_reg[9]_i_1_n_2
    SLICE_X58Y39         FDRE                                         r  real_camera.raw_processing.demosaic/denoising.filter/channels[0].top_row_reg[9]/D
  -------------------------------------------------------------------    -------------------

                         (clock core_raw rise edge)
                                                     10.000    10.000 r  
    R4                                                0.000    10.000 r  sys_clk (IN)
                         net (fo=0)                   0.000    10.000    sys_clk
    R4                   IBUF (Prop_ibuf_I_O)         1.366    11.366 r  sys_clk_IBUF_inst/O
                         net (fo=1, routed)           1.004    12.369    multiplied_clock.clock_generator/sys_clk_IBUF
    MMCME2_ADV_X1Y0      MMCME2_ADV (Prop_mmcme2_adv_CLKIN1_CLKOUT0)
                                                     -6.057     6.312 r  multiplied_clock.clock_generator/mmcm/CLKOUT0
                         net (fo=1, routed)           1.352     7.665    multiplied_clock.clock_generator/core_raw
    BUFGCTRL_X0Y2        BUFG (Prop_bufg_I_O)         0.077     7.742 r  multiplied_clock.clock_generator/core_buffer/O
                         net (fo=14731, routed)       1.328     9.069    real_camera.raw_processing.demosaic/denoising.filter/core_clk
    SLICE_X58Y39         FDRE                                         r  real_camera.raw_processing.demosaic/denoising.filter/channels[0].top_row_reg[9]/C
                         clock pessimism              0.402     9.471    
                         clock uncertainty           -0.047     9.424    
    SLICE_X58Y39         FDRE (Setup_fdre_C_D)        0.046     9.470    real_camera.raw_processing.demosaic/denoising.filter/channels[0].top_row_reg[9]
  -------------------------------------------------------------------
                         required time                          9.470    
                         arrival time                         -10.006    
  -------------------------------------------------------------------
                         slack                                 -0.536    

Slack (VIOLATED) :        -0.515ns  (required time - arrival time)
  Source:                 real_camera.raw_processing.demosaic/denoising.filter/even_line_reg_0/CLKBWRCLK
                            (rising edge-triggered cell RAMB36E1 clocked by core_raw  {rise@0.000ns fall@5.000ns period=10.000ns})
  Destination:            real_camera.raw_processing.demosaic/denoising.filter/channels[1].top_row_reg[7]/D
                            (rising edge-triggered cell FDRE clocked by core_raw  {rise@0.000ns fall@5.000ns period=10.000ns})
  Path Group:             core_raw
  Path Type:              Setup (Max at Slow Process Corner)
  Requirement:            10.000ns  (core_raw rise@10.000ns - core_raw rise@0.000ns)
  Data Path Delay:        10.484ns  (logic 5.031ns (47.989%)  route 5.453ns (52.011%))
  Logic Levels:           13  (CARRY4=6 LUT3=1 LUT4=3 LUT5=2 LUT6=1)
  Clock Path Skew:        -0.085ns (DCD - SCD + CPR)
    Destination Clock Delay (DCD):    -0.999ns = ( 9.001 - 10.000 ) 
    Source Clock Delay      (SCD):    -0.512ns
    Clock Pessimism Removal (CPR):    0.402ns
  Clock Uncertainty:      0.047ns  ((TSJ^2 + DJ^2)^1/2) / 2 + PE
    Total System Jitter     (TSJ):    0.071ns
    Discrete Jitter          (DJ):    0.063ns
    Phase Error              (PE):    0.000ns

    Location             Delay type                Incr(ns)  Path(ns)    Netlist Resource(s)
  -------------------------------------------------------------------    -------------------
                         (clock core_raw rise edge)
                                                      0.000     0.000 r  
    R4                                                0.000     0.000 r  sys_clk (IN)
                         net (fo=0)                   0.000     0.000    sys_clk
    R4                   IBUF (Prop_ibuf_I_O)         1.432     1.432 r  sys_clk_IBUF_inst/O
                         net (fo=1, routed)           1.065     2.497    multiplied_clock.clock_generator/sys_clk_IBUF
    MMCME2_ADV_X1Y0      MMCME2_ADV (Prop_mmcme2_adv_CLKIN1_CLKOUT0)
                                                     -5.921    -3.424 r  multiplied_clock.clock_generator/mmcm/CLKOUT0
                         net (fo=1, routed)           1.421    -2.004    multiplied_clock.clock_generator/core_raw
    BUFGCTRL_X0Y2        BUFG (Prop_bufg_I_O)         0.081    -1.923 r  multiplied_clock.clock_generator/core_buffer/O
                         net (fo=14731, routed)       1.410    -0.512    real_camera.raw_processing.demosaic/denoising.filter/core_clk
    RAMB36_X1Y8          RAMB36E1                                     r  real_camera.raw_processing.demosaic/denoising.filter/even_line_reg_0/CLKBWRCLK
  -------------------------------------------------------------------    -------------------
    RAMB36_X1Y8          RAMB36E1 (Prop_ramb36e1_CLKBWRCLK_DOBDO[8])
                                                      2.125     1.613 r  real_camera.raw_processing.demosaic/denoising.filter/even_line_reg_0/DOBDO[8]
                         net (fo=6, routed)           0.891     2.504    real_camera.raw_processing.demosaic/denoising.filter/even_read[8]
    SLICE_X55Y43         LUT5 (Prop_lut5_I4_O)        0.105     2.609 r  real_camera.raw_processing.demosaic/denoising.filter/tc[8]_i_1/O
                         net (fo=3, routed)           0.137     2.746    real_camera.raw_processing.demosaic/denoising.filter/top[8]
    SLICE_X55Y43         LUT3 (Prop_lut3_I2_O)        0.105     2.851 r  real_camera.raw_processing.demosaic/denoising.filter/channels[1].top_row[3]_i_13/O
                         net (fo=10, routed)          0.615     3.465    real_camera.raw_processing.demosaic/denoising.filter/channels[1].top_row[3]_i_13_n_0
    SLICE_X57Y42         LUT4 (Prop_lut4_I2_O)        0.105     3.570 r  real_camera.raw_processing.demosaic/denoising.filter/channels[0].top_row[7]_i_236/O
                         net (fo=1, routed)           0.000     3.570    real_camera.raw_processing.demosaic/denoising.filter/channels[0].top_row[7]_i_236_n_0
    SLICE_X57Y42         CARRY4 (Prop_carry4_S[0]_CO[3])
                                                      0.440     4.010 r  real_camera.raw_processing.demosaic/denoising.filter/channels[0].top_row_reg[7]_i_188/CO[3]
                         net (fo=7, routed)           0.984     4.994    real_camera.raw_processing.demosaic/denoising.filter/channels[0].top_row_reg[7]_i_188_n_0
    SLICE_X58Y41         LUT5 (Prop_lut5_I1_O)        0.110     5.104 r  real_camera.raw_processing.demosaic/denoising.filter/channels[0].top_row[7]_i_176/O
                         net (fo=1, routed)           0.000     5.104    real_camera.raw_processing.demosaic/denoising.filter/channels[0].top_row[7]_i_176_n_0
    SLICE_X58Y41         CARRY4 (Prop_carry4_DI[2]_CO[3])
                                                      0.290     5.394 r  real_camera.raw_processing.demosaic/denoising.filter/channels[0].top_row_reg[7]_i_92/CO[3]
                         net (fo=1, routed)           0.000     5.394    real_camera.raw_processing.demosaic/denoising.filter/channels[0].top_row_reg[7]_i_92_n_0
    SLICE_X58Y42         CARRY4 (Prop_carry4_CI_O[3])
                                                      0.260     5.654 r  real_camera.raw_processing.demosaic/denoising.filter/channels[0].top_row_reg[7]_i_91/O[3]
                         net (fo=2, routed)           0.467     6.121    real_camera.raw_processing.demosaic/denoising.filter/difference6_return[7]
    SLICE_X59Y41         LUT4 (Prop_lut4_I0_O)        0.257     6.378 r  real_camera.raw_processing.demosaic/denoising.filter/channels[0].top_row[7]_i_77/O
                         net (fo=1, routed)           0.000     6.378    real_camera.raw_processing.demosaic/denoising.filter/channels[0].top_row[7]_i_77_n_0
    SLICE_X59Y41         CARRY4 (Prop_carry4_S[3]_CO[3])
                                                      0.332     6.710 f  real_camera.raw_processing.demosaic/denoising.filter/channels[0].top_row_reg[7]_i_32/CO[3]
                         net (fo=2, routed)           1.128     7.837    real_camera.raw_processing.demosaic/denoising.filter/p_36_in
    SLICE_X58Y36         LUT4 (Prop_lut4_I3_O)        0.105     7.942 r  real_camera.raw_processing.demosaic/denoising.filter/channels[0].top_row[7]_i_14/O
                         net (fo=43, routed)          0.611     8.554    real_camera.raw_processing.demosaic/denoising.filter/channels[0].top_row[7]_i_14_n_0
    SLICE_X58Y40         LUT6 (Prop_lut6_I1_O)        0.105     8.659 r  real_camera.raw_processing.demosaic/denoising.filter/channels[1].top_row[3]_i_4/O
                         net (fo=1, routed)           0.621     9.279    real_camera.raw_processing.demosaic/denoising.filter/channels[1].top_row[3]_i_4_n_0
    SLICE_X56Y35         CARRY4 (Prop_carry4_DI[1]_CO[3])
                                                      0.430     9.709 r  real_camera.raw_processing.demosaic/denoising.filter/channels[1].top_row_reg[3]_i_1/CO[3]
                         net (fo=1, routed)           0.000     9.709    real_camera.raw_processing.demosaic/denoising.filter/channels[1].top_row_reg[3]_i_1_n_0
    SLICE_X56Y36         CARRY4 (Prop_carry4_CI_O[3])
                                                      0.262     9.971 r  real_camera.raw_processing.demosaic/denoising.filter/channels[1].top_row_reg[7]_i_1/O[3]
                         net (fo=1, routed)           0.000     9.971    real_camera.raw_processing.demosaic/denoising.filter/channels[1].top_row_reg[7]_i_1_n_4
    SLICE_X56Y36         FDRE                                         r  real_camera.raw_processing.demosaic/denoising.filter/channels[1].top_row_reg[7]/D
  -------------------------------------------------------------------    -------------------

                         (clock core_raw rise edge)
                                                     10.000    10.000 r  
    R4                                                0.000    10.000 r  sys_clk (IN)
                         net (fo=0)                   0.000    10.000    sys_clk
    R4                   IBUF (Prop_ibuf_I_O)         1.366    11.366 r  sys_clk_IBUF_inst/O
                         net (fo=1, routed)           1.004    12.369    multiplied_clock.clock_generator/sys_clk_IBUF
    MMCME2_ADV_X1Y0      MMCME2_ADV (Prop_mmcme2_adv_CLKIN1_CLKOUT0)
                                                     -6.057     6.312 r  multiplied_clock.clock_generator/mmcm/CLKOUT0
                         net (fo=1, routed)           1.352     7.665    multiplied_clock.clock_generator/core_raw
    BUFGCTRL_X0Y2        BUFG (Prop_bufg_I_O)         0.077     7.742 r  multiplied_clock.clock_generator/core_buffer/O
                         net (fo=14731, routed)       1.260     9.001    real_camera.raw_processing.demosaic/denoising.filter/core_clk
    SLICE_X56Y36         FDRE                                         r  real_camera.raw_processing.demosaic/denoising.filter/channels[1].top_row_reg[7]/C
                         clock pessimism              0.402     9.403    
                         clock uncertainty           -0.047     9.356    
    SLICE_X56Y36         FDRE (Setup_fdre_C_D)        0.101     9.457    real_camera.raw_processing.demosaic/denoising.filter/channels[1].top_row_reg[7]
  -------------------------------------------------------------------
                         required time                          9.457    
                         arrival time                          -9.971    
  -------------------------------------------------------------------
                         slack                                 -0.515    

Slack (VIOLATED) :        -0.515ns  (required time - arrival time)
  Source:                 real_camera.raw_processing.demosaic/denoising.filter/even_line_reg_1/CLKBWRCLK
                            (rising edge-triggered cell RAMB18E1 clocked by core_raw  {rise@0.000ns fall@5.000ns period=10.000ns})
  Destination:            real_camera.raw_processing.demosaic/denoising.filter/channels[1].bottom_row_reg[9]/D
                            (rising edge-triggered cell FDRE clocked by core_raw  {rise@0.000ns fall@5.000ns period=10.000ns})
  Path Group:             core_raw
  Path Type:              Setup (Max at Slow Process Corner)
  Requirement:            10.000ns  (core_raw rise@10.000ns - core_raw rise@0.000ns)
  Data Path Delay:        10.452ns  (logic 5.134ns (49.122%)  route 5.318ns (50.878%))
  Logic Levels:           14  (CARRY4=6 LUT3=2 LUT4=2 LUT5=1 LUT6=3)
  Clock Path Skew:        -0.062ns (DCD - SCD + CPR)
    Destination Clock Delay (DCD):    -0.996ns = ( 9.004 - 10.000 ) 
    Source Clock Delay      (SCD):    -0.515ns
    Clock Pessimism Removal (CPR):    0.419ns
  Clock Uncertainty:      0.047ns  ((TSJ^2 + DJ^2)^1/2) / 2 + PE
    Total System Jitter     (TSJ):    0.071ns
    Discrete Jitter          (DJ):    0.063ns
    Phase Error              (PE):    0.000ns

    Location             Delay type                Incr(ns)  Path(ns)    Netlist Resource(s)
  -------------------------------------------------------------------    -------------------
                         (clock core_raw rise edge)
                                                      0.000     0.000 r  
    R4                                                0.000     0.000 r  sys_clk (IN)
                         net (fo=0)                   0.000     0.000    sys_clk
    R4                   IBUF (Prop_ibuf_I_O)         1.432     1.432 r  sys_clk_IBUF_inst/O
                         net (fo=1, routed)           1.065     2.497    multiplied_clock.clock_generator/sys_clk_IBUF
    MMCME2_ADV_X1Y0      MMCME2_ADV (Prop_mmcme2_adv_CLKIN1_CLKOUT0)
                                                     -5.921    -3.424 r  multiplied_clock.clock_generator/mmcm/CLKOUT0
                         net (fo=1, routed)           1.421    -2.004    multiplied_clock.clock_generator/core_raw
    BUFGCTRL_X0Y2        BUFG (Prop_bufg_I_O)         0.081    -1.923 r  multiplied_clock.clock_generator/core_buffer/O
                         net (fo=14731, routed)       1.407    -0.515    real_camera.raw_processing.demosaic/denoising.filter/core_clk
    RAMB18_X1Y15         RAMB18E1                                     r  real_camera.raw_processing.demosaic/denoising.filter/even_line_reg_1/CLKBWRCLK
  -------------------------------------------------------------------    -------------------
    RAMB18_X1Y15         RAMB18E1 (Prop_ramb18e1_CLKBWRCLK_DOBDO[1])
                                                      2.125     1.610 r  real_camera.raw_processing.demosaic/denoising.filter/even_line_reg_1/DOBDO[1]
                         net (fo=8, routed)           0.676     2.286    real_camera.raw_processing.demosaic/denoising.filter/even_read[19]
    SLICE_X48Y35         LUT5 (Prop_lut5_I4_O)        0.105     2.391 f  real_camera.raw_processing.demosaic/denoising.filter/bl[19]_i_2/O
                         net (fo=4, routed)           0.351     2.742    real_camera.raw_processing.demosaic/denoising.filter/bl[19]_i_2_n_0
    SLICE_X49Y34         LUT3 (Prop_lut3_I2_O)        0.105     2.847 f  real_camera.raw_processing.demosaic/denoising.filter/channels[2].bottom_row[7]_i_21/O
                         net (fo=8, routed)           0.346     3.193    real_camera.raw_processing.demosaic/denoising.filter/channels[2].bottom_row[7]_i_21_n_0
    SLICE_X49Y35         LUT6 (Prop_lut6_I1_O)        0.105     3.298 r  real_camera.raw_processing.demosaic/denoising.filter/channels[0].bottom_row[7]_i_223/O
                         net (fo=1, routed)           0.397     3.695    real_camera.raw_processing.demosaic/denoising.filter/channels[0].bottom_row[7]_i_223_n_0
    SLICE_X49Y36         CARRY4 (Prop_carry4_DI[1]_CO[3])
                                                      0.418     4.113 r  real_camera.raw_processing.demosaic/denoising.filter/channels[0].bottom_row_reg[7]_i_187/CO[3]
                         net (fo=7, routed)           0.642     4.755    real_camera.raw_processing.demosaic/denoising.filter/channels[0].bottom_row_reg[7]_i_187_n_0
    SLICE_X51Y37         LUT3 (Prop_lut3_I2_O)        0.105     4.860 r  real_camera.raw_processing.demosaic/denoising.filter/channels[0].bottom_row[7]_i_162/O
                         net (fo=1, routed)           0.284     5.144    real_camera.raw_processing.demosaic/denoising.filter/channels[0].bottom_row[7]_i_162_n_0
    SLICE_X48Y36         CARRY4 (Prop_carry4_DI[1]_CO[3])
                                                      0.418     5.562 r  real_camera.raw_processing.demosaic/denoising.filter/channels[0].bottom_row_reg[7]_i_90/CO[3]
                         net (fo=1, routed)           0.000     5.562    real_camera.raw_processing.demosaic/denoising.filter/channels[0].bottom_row_reg[7]_i_90_n_0
    SLICE_X48Y37         CARRY4 (Prop_carry4_CI_O[3])
                                                      0.260     5.822 r  real_camera.raw_processing.demosaic/denoising.filter/channels[0].bottom_row_reg[7]_i_89/O[3]
                         net (fo=2, routed)           0.583     6.405    real_camera.raw_processing.demosaic/denoising.filter/difference20_return[7]
    SLICE_X48Y38         LUT4 (Prop_lut4_I0_O)        0.257     6.662 r  real_camera.raw_processing.demosaic/denoising.filter/channels[0].bottom_row[7]_i_69/O
                         net (fo=1, routed)           0.000     6.662    real_camera.raw_processing.demosaic/denoising.filter/channels[0].bottom_row[7]_i_69_n_0
    SLICE_X48Y38         CARRY4 (Prop_carry4_S[3]_CO[3])
                                                      0.332     6.994 f  real_camera.raw_processing.demosaic/denoising.filter/channels[0].bottom_row_reg[7]_i_31/CO[3]
                         net (fo=1, routed)           0.854     7.848    real_camera.raw_processing.demosaic/denoising.filter/p_14_in
    SLICE_X48Y41         LUT4 (Prop_lut4_I2_O)        0.105     7.953 r  real_camera.raw_processing.demosaic/denoising.filter/channels[0].bottom_row[7]_i_14/O
                         net (fo=42, routed)          0.826     8.779    real_camera.raw_processing.demosaic/denoising.filter/channels[0].bottom_row[7]_i_14_n_0
    SLICE_X50Y44         LUT6 (Prop_lut6_I5_O)        0.105     8.884 r  real_camera.raw_processing.demosaic/denoising.filter/channels[1].bottom_row[7]_i_4/O
                         net (fo=2, routed)           0.358     9.242    real_camera.raw_processing.demosaic/denoising.filter/channels[1].bottom_row[7]_i_4_n_0
    SLICE_X49Y43         LUT6 (Prop_lut6_I0_O)        0.105     9.347 r  real_camera.raw_processing.demosaic/denoising.filter/channels[1].bottom_row[7]_i_8/O
                         net (fo=1, routed)           0.000     9.347    real_camera.raw_processing.demosaic/denoising.filter/channels[1].bottom_row[7]_i_8_n_0
    SLICE_X49Y43         CARRY4 (Prop_carry4_S[1]_CO[3])
                                                      0.457     9.804 r  real_camera.raw_processing.demosaic/denoising.filter/channels[1].bottom_row_reg[7]_i_1/CO[3]
                         net (fo=1, routed)           0.000     9.804    real_camera.raw_processing.demosaic/denoising.filter/channels[1].bottom_row_reg[7]_i_1_n_0
    SLICE_X49Y44         CARRY4 (Prop_carry4_CI_CO[1])
                                                      0.132     9.936 r  real_camera.raw_processing.demosaic/denoising.filter/channels[1].bottom_row_reg[9]_i_1/CO[1]
                         net (fo=1, routed)           0.000     9.936    real_camera.raw_processing.demosaic/denoising.filter/channels[1].bottom_row_reg[9]_i_1_n_2
    SLICE_X49Y44         FDRE                                         r  real_camera.raw_processing.demosaic/denoising.filter/channels[1].bottom_row_reg[9]/D
  -------------------------------------------------------------------    -------------------

                         (clock core_raw rise edge)
                                                     10.000    10.000 r  
    R4                                                0.000    10.000 r  sys_clk (IN)
                         net (fo=0)                   0.000    10.000    sys_clk
    R4                   IBUF (Prop_ibuf_I_O)         1.366    11.366 r  sys_clk_IBUF_inst/O
                         net (fo=1, routed)           1.004    12.369    multiplied_clock.clock_generator/sys_clk_IBUF
    MMCME2_ADV_X1Y0      MMCME2_ADV (Prop_mmcme2_adv_CLKIN1_CLKOUT0)
                                                     -6.057     6.312 r  multiplied_clock.clock_generator/mmcm/CLKOUT0
                         net (fo=1, routed)           1.352     7.665    multiplied_clock.clock_generator/core_raw
    BUFGCTRL_X0Y2        BUFG (Prop_bufg_I_O)         0.077     7.742 r  multiplied_clock.clock_generator/core_buffer/O
                         net (fo=14731, routed)       1.263     9.004    real_camera.raw_processing.demosaic/denoising.filter/core_clk
    SLICE_X49Y44         FDRE                                         r  real_camera.raw_processing.demosaic/denoising.filter/channels[1].bottom_row_reg[9]/C
                         clock pessimism              0.419     9.423    
                         clock uncertainty           -0.047     9.376    
    SLICE_X49Y44         FDRE (Setup_fdre_C_D)        0.046     9.422    real_camera.raw_processing.demosaic/denoising.filter/channels[1].bottom_row_reg[9]
  -------------------------------------------------------------------
                         required time                          9.422    
                         arrival time                          -9.936    
  -------------------------------------------------------------------
                         slack                                 -0.515    

Slack (VIOLATED) :        -0.510ns  (required time - arrival time)
  Source:                 real_camera.raw_processing.demosaic/denoising.filter/even_line_reg_0/CLKBWRCLK
                            (rising edge-triggered cell RAMB36E1 clocked by core_raw  {rise@0.000ns fall@5.000ns period=10.000ns})
  Destination:            real_camera.raw_processing.demosaic/denoising.filter/channels[1].top_row_reg[5]/D
                            (rising edge-triggered cell FDRE clocked by core_raw  {rise@0.000ns fall@5.000ns period=10.000ns})
  Path Group:             core_raw
  Path Type:              Setup (Max at Slow Process Corner)
  Requirement:            10.000ns  (core_raw rise@10.000ns - core_raw rise@0.000ns)
  Data Path Delay:        10.479ns  (logic 5.026ns (47.964%)  route 5.453ns (52.036%))
  Logic Levels:           13  (CARRY4=6 LUT3=1 LUT4=3 LUT5=2 LUT6=1)
  Clock Path Skew:        -0.085ns (DCD - SCD + CPR)
    Destination Clock Delay (DCD):    -0.999ns = ( 9.001 - 10.000 ) 
    Source Clock Delay      (SCD):    -0.512ns
    Clock Pessimism Removal (CPR):    0.402ns
  Clock Uncertainty:      0.047ns  ((TSJ^2 + DJ^2)^1/2) / 2 + PE
    Total System Jitter     (TSJ):    0.071ns
    Discrete Jitter          (DJ):    0.063ns
    Phase Error              (PE):    0.000ns

    Location             Delay type                Incr(ns)  Path(ns)    Netlist Resource(s)
  -------------------------------------------------------------------    -------------------
                         (clock core_raw rise edge)
                                                      0.000     0.000 r  
    R4                                                0.000     0.000 r  sys_clk (IN)
                         net (fo=0)                   0.000     0.000    sys_clk
    R4                   IBUF (Prop_ibuf_I_O)         1.432     1.432 r  sys_clk_IBUF_inst/O
                         net (fo=1, routed)           1.065     2.497    multiplied_clock.clock_generator/sys_clk_IBUF
    MMCME2_ADV_X1Y0      MMCME2_ADV (Prop_mmcme2_adv_CLKIN1_CLKOUT0)
                                                     -5.921    -3.424 r  multiplied_clock.clock_generator/mmcm/CLKOUT0
                         net (fo=1, routed)           1.421    -2.004    multiplied_clock.clock_generator/core_raw
    BUFGCTRL_X0Y2        BUFG (Prop_bufg_I_O)         0.081    -1.923 r  multiplied_clock.clock_generator/core_buffer/O
                         net (fo=14731, routed)       1.410    -0.512    real_camera.raw_processing.demosaic/denoising.filter/core_clk
    RAMB36_X1Y8          RAMB36E1                                     r  real_camera.raw_processing.demosaic/denoising.filter/even_line_reg_0/CLKBWRCLK
  -------------------------------------------------------------------    -------------------
    RAMB36_X1Y8          RAMB36E1 (Prop_ramb36e1_CLKBWRCLK_DOBDO[8])
                                                      2.125     1.613 r  real_camera.raw_processing.demosaic/denoising.filter/even_line_reg_0/DOBDO[8]
                         net (fo=6, routed)           0.891     2.504    real_camera.raw_processing.demosaic/denoising.filter/even_read[8]
    SLICE_X55Y43         LUT5 (Prop_lut5_I4_O)        0.105     2.609 r  real_camera.raw_processing.demosaic/denoising.filter/tc[8]_i_1/O
                         net (fo=3, routed)           0.137     2.746    real_camera.raw_processing.demosaic/denoising.filter/top[8]
    SLICE_X55Y43         LUT3 (Prop_lut3_I2_O)        0.105     2.851 r  real_camera.raw_processing.demosaic/denoising.filter/channels[1].top_row[3]_i_13/O
                         net (fo=10, routed)          0.615     3.465    real_camera.raw_processing.demosaic/denoising.filter/channels[1].top_row[3]_i_13_n_0
    SLICE_X57Y42         LUT4 (Prop_lut4_I2_O)        0.105     3.570 r  real_camera.raw_processing.demosaic/denoising.filter/channels[0].top_row[7]_i_236/O
                         net (fo=1, routed)           0.000     3.570    real_camera.raw_processing.demosaic/denoising.filter/channels[0].top_row[7]_i_236_n_0
    SLICE_X57Y42         CARRY4 (Prop_carry4_S[0]_CO[3])
                                                      0.440     4.010 r  real_camera.raw_processing.demosaic/denoising.filter/channels[0].top_row_reg[7]_i_188/CO[3]
                         net (fo=7, routed)           0.984     4.994    real_camera.raw_processing.demosaic/denoising.filter/channels[0].top_row_reg[7]_i_188_n_0
    SLICE_X58Y41         LUT5 (Prop_lut5_I1_O)        0.110     5.104 r  real_camera.raw_processing.demosaic/denoising.filter/channels[0].top_row[7]_i_176/O
                         net (fo=1, routed)           0.000     5.104    real_camera.raw_processing.demosaic/denoising.filter/channels[0].top_row[7]_i_176_n_0
    SLICE_X58Y41         CARRY4 (Prop_carry4_DI[2]_CO[3])
                                                      0.290     5.394 r  real_camera.raw_processing.demosaic/denoising.filter/channels[0].top_row_reg[7]_i_92/CO[3]
                         net (fo=1, routed)           0.000     5.394    real_camera.raw_processing.demosaic/denoising.filter/channels[0].top_row_reg[7]_i_92_n_0
    SLICE_X58Y42         CARRY4 (Prop_carry4_CI_O[3])
                                                      0.260     5.654 r  real_camera.raw_processing.demosaic/denoising.filter/channels[0].top_row_reg[7]_i_91/O[3]
                         net (fo=2, routed)           0.467     6.121    real_camera.raw_processing.demosaic/denoising.filter/difference6_return[7]
    SLICE_X59Y41         LUT4 (Prop_lut4_I0_O)        0.257     6.378 r  real_camera.raw_processing.demosaic/denoising.filter/channels[0].top_row[7]_i_77/O
                         net (fo=1, routed)           0.000     6.378    real_camera.raw_processing.demosaic/denoising.filter/channels[0].top_row[7]_i_77_n_0
    SLICE_X59Y41         CARRY4 (Prop_carry4_S[3]_CO[3])
                                                      0.332     6.710 f  real_camera.raw_processing.demosaic/denoising.filter/channels[0].top_row_reg[7]_i_32/CO[3]
                         net (fo=2, routed)           1.128     7.837    real_camera.raw_processing.demosaic/denoising.filter/p_36_in
    SLICE_X58Y36         LUT4 (Prop_lut4_I3_O)        0.105     7.942 r  real_camera.raw_processing.demosaic/denoising.filter/channels[0].top_row[7]_i_14/O
                         net (fo=43, routed)          0.611     8.554    real_camera.raw_processing.demosaic/denoising.filter/channels[0].top_row[7]_i_14_n_0
    SLICE_X58Y40         LUT6 (Prop_lut6_I1_O)        0.105     8.659 r  real_camera.raw_processing.demosaic/denoising.filter/channels[1].top_row[3]_i_4/O
                         net (fo=1, routed)           0.621     9.279    real_camera.raw_processing.demosaic/denoising.filter/channels[1].top_row[3]_i_4_n_0
    SLICE_X56Y35         CARRY4 (Prop_carry4_DI[1]_CO[3])
                                                      0.430     9.709 r  real_camera.raw_processing.demosaic/denoising.filter/channels[1].top_row_reg[3]_i_1/CO[3]
                         net (fo=1, routed)           0.000     9.709    real_camera.raw_processing.demosaic/denoising.filter/channels[1].top_row_reg[3]_i_1_n_0
    SLICE_X56Y36         CARRY4 (Prop_carry4_CI_O[1])
                                                      0.257     9.966 r  real_camera.raw_processing.demosaic/denoising.filter/channels[1].top_row_reg[7]_i_1/O[1]
                         net (fo=1, routed)           0.000     9.966    real_camera.raw_processing.demosaic/denoising.filter/channels[1].top_row_reg[7]_i_1_n_6
    SLICE_X56Y36         FDRE                                         r  real_camera.raw_processing.demosaic/denoising.filter/channels[1].top_row_reg[5]/D
  -------------------------------------------------------------------    -------------------

                         (clock core_raw rise edge)
                                                     10.000    10.000 r  
    R4                                                0.000    10.000 r  sys_clk (IN)
                         net (fo=0)                   0.000    10.000    sys_clk
    R4                   IBUF (Prop_ibuf_I_O)         1.366    11.366 r  sys_clk_IBUF_inst/O
                         net (fo=1, routed)           1.004    12.369    multiplied_clock.clock_generator/sys_clk_IBUF
    MMCME2_ADV_X1Y0      MMCME2_ADV (Prop_mmcme2_adv_CLKIN1_CLKOUT0)
                                                     -6.057     6.312 r  multiplied_clock.clock_generator/mmcm/CLKOUT0
                         net (fo=1, routed)           1.352     7.665    multiplied_clock.clock_generator/core_raw
    BUFGCTRL_X0Y2        BUFG (Prop_bufg_I_O)         0.077     7.742 r  multiplied_clock.clock_generator/core_buffer/O
                         net (fo=14731, routed)       1.260     9.001    real_camera.raw_processing.demosaic/denoising.filter/core_clk
    SLICE_X56Y36         FDRE                                         r  real_camera.raw_processing.demosaic/denoising.filter/channels[1].top_row_reg[5]/C
                         clock pessimism              0.402     9.403    
                         clock uncertainty           -0.047     9.356    
    SLICE_X56Y36         FDRE (Setup_fdre_C_D)        0.101     9.457    real_camera.raw_processing.demosaic/denoising.filter/channels[1].top_row_reg[5]
  -------------------------------------------------------------------
                         required time                          9.457    
                         arrival time                          -9.966    
  -------------------------------------------------------------------
                         slack                                 -0.510    

Slack (VIOLATED) :        -0.503ns  (required time - arrival time)
  Source:                 real_camera.raw_processing.demosaic/denoising.filter/even_line_reg_1/CLKBWRCLK
                            (rising edge-triggered cell RAMB18E1 clocked by core_raw  {rise@0.000ns fall@5.000ns period=10.000ns})
  Destination:            real_camera.raw_processing.demosaic/denoising.filter/channels[2].bottom_row_reg[5]/D
                            (rising edge-triggered cell FDRE clocked by core_raw  {rise@0.000ns fall@5.000ns period=10.000ns})
  Path Group:             core_raw
  Path Type:              Setup (Max at Slow Process Corner)
  Requirement:            10.000ns  (core_raw rise@10.000ns - core_raw rise@0.000ns)
  Data Path Delay:        10.433ns  (logic 5.267ns (50.483%)  route 5.166ns (49.517%))
  Logic Levels:           14  (CARRY4=6 LUT3=2 LUT4=3 LUT5=1 LUT6=2)
  Clock Path Skew:        -0.082ns (DCD - SCD + CPR)
    Destination Clock Delay (DCD):    -0.999ns = ( 9.001 - 10.000 ) 
    Source Clock Delay      (SCD):    -0.515ns
    Clock Pessimism Removal (CPR):    0.402ns
  Clock Uncertainty:      0.047ns  ((TSJ^2 + DJ^2)^1/2) / 2 + PE
    Total System Jitter     (TSJ):    0.071ns
    Discrete Jitter          (DJ):    0.063ns
    Phase Error              (PE):    0.000ns

    Location             Delay type                Incr(ns)  Path(ns)    Netlist Resource(s)
  -------------------------------------------------------------------    -------------------
                         (clock core_raw rise edge)
                                                      0.000     0.000 r  
    R4                                                0.000     0.000 r  sys_clk (IN)
                         net (fo=0)                   0.000     0.000    sys_clk
    R4                   IBUF (Prop_ibuf_I_O)         1.432     1.432 r  sys_clk_IBUF_inst/O
                         net (fo=1, routed)           1.065     2.497    multiplied_clock.clock_generator/sys_clk_IBUF
    MMCME2_ADV_X1Y0      MMCME2_ADV (Prop_mmcme2_adv_CLKIN1_CLKOUT0)
                                                     -5.921    -3.424 r  multiplied_clock.clock_generator/mmcm/CLKOUT0
                         net (fo=1, routed)           1.421    -2.004    multiplied_clock.clock_generator/core_raw
    BUFGCTRL_X0Y2        BUFG (Prop_bufg_I_O)         0.081    -1.923 r  multiplied_clock.clock_generator/core_buffer/O
                         net (fo=14731, routed)       1.407    -0.515    real_camera.raw_processing.demosaic/denoising.filter/core_clk
    RAMB18_X1Y15         RAMB18E1                                     r  real_camera.raw_processing.demosaic/denoising.filter/even_line_reg_1/CLKBWRCLK
  -------------------------------------------------------------------    -------------------
    RAMB18_X1Y15         RAMB18E1 (Prop_ramb18e1_CLKBWRCLK_DOBDO[1])
                                                      2.125     1.610 r  real_camera.raw_processing.demosaic/denoising.filter/even_line_reg_1/DOBDO[1]
                         net (fo=8, routed)           0.676     2.286    real_camera.raw_processing.demosaic/denoising.filter/even_read[19]
    SLICE_X48Y35         LUT5 (Prop_lut5_I4_O)        0.105     2.391 f  real_camera.raw_processing.demosaic/denoising.filter/bl[19]_i_2/O
                         net (fo=4, routed)           0.351     2.742    real_camera.raw_processing.demosaic/denoising.filter/bl[19]_i_2_n_0
    SLICE_X49Y34         LUT3 (Prop_lut3_I2_O)        0.105     2.847 f  real_camera.raw_processing.demosaic/denoising.filter/channels[2].bottom_row[7]_i_21/O
                         net (fo=8, routed)           0.346     3.193    real_camera.raw_processing.demosaic/denoising.filter/channels[2].bottom_row[7]_i_21_n_0
    SLICE_X49Y35         LUT6 (Prop_lut6_I1_O)        0.105     3.298 r  real_camera.raw_processing.demosaic/denoising.filter/channels[0].bottom_row[7]_i_223/O
                         net (fo=1, routed)           0.397     3.695    real_camera.raw_processing.demosaic/denoising.filter/channels[0].bottom_row[7]_i_223_n_0
    SLICE_X49Y36         CARRY4 (Prop_carry4_DI[1]_CO[3])
                                                      0.418     4.113 r  real_camera.raw_processing.demosaic/denoising.filter/channels[0].bottom_row_reg[7]_i_187/CO[3]
                         net (fo=7, routed)           0.642     4.755    real_camera.raw_processing.demosaic/denoising.filter/channels[0].bottom_row_reg[7]_i_187_n_0
    SLICE_X51Y37         LUT3 (Prop_lut3_I2_O)        0.105     4.860 r  real_camera.raw_processing.demosaic/denoising.filter/channels[0].bottom_row[7]_i_162/O
                         net (fo=1, routed)           0.284     5.144    real_camera.raw_processing.demosaic/denoising.filter/channels[0].bottom_row[7]_i_162_n_0
    SLICE_X48Y36         CARRY4 (Prop_carry4_DI[1]_CO[3])
                                                      0.418     5.562 r  real_camera.raw_processing.demosaic/denoising.filter/channels[0].bottom_row_reg[7]_i_90/CO[3]
                         net (fo=1, routed)           0.000     5.562    real_camera.raw_processing.demosaic/denoising.filter/channels[0].bottom_row_reg[7]_i_90_n_0
    SLICE_X48Y37         CARRY4 (Prop_carry4_CI_O[3])
                                                      0.260     5.822 r  real_camera.raw_processing.demosaic/denoising.filter/channels[0].bottom_row_reg[7]_i_89/O[3]
                         net (fo=2, routed)           0.583     6.405    real_camera.raw_processing.demosaic/denoising.filter/difference20_return[7]
    SLICE_X48Y38         LUT4 (Prop_lut4_I0_O)        0.257     6.662 r  real_camera.raw_processing.demosaic/denoising.filter/channels[0].bottom_row[7]_i_69/O
                         net (fo=1, routed)           0.000     6.662    real_camera.raw_processing.demosaic/denoising.filter/channels[0].bottom_row[7]_i_69_n_0
    SLICE_X48Y38         CARRY4 (Prop_carry4_S[3]_CO[3])
                                                      0.332     6.994 f  real_camera.raw_processing.demosaic/denoising.filter/channels[0].bottom_row_reg[7]_i_31/CO[3]
                         net (fo=1, routed)           0.854     7.848    real_camera.raw_processing.demosaic/denoising.filter/p_14_in
    SLICE_X48Y41         LUT4 (Prop_lut4_I2_O)        0.105     7.953 r  real_camera.raw_processing.demosaic/denoising.filter/channels[0].bottom_row[7]_i_14/O
                         net (fo=42, routed)          0.585     8.538    real_camera.raw_processing.demosaic/denoising.filter/channels[0].bottom_row[7]_i_14_n_0
    SLICE_X45Y41         LUT6 (Prop_lut6_I1_O)        0.105     8.643 r  real_camera.raw_processing.demosaic/denoising.filter/channels[2].bottom_row[3]_i_4/O
                         net (fo=2, routed)           0.448     9.091    real_camera.raw_processing.demosaic/denoising.filter/channels[2].bottom_row[3]_i_4_n_0
    SLICE_X47Y41         LUT4 (Prop_lut4_I0_O)        0.105     9.196 r  real_camera.raw_processing.demosaic/denoising.filter/channels[2].bottom_row[3]_i_8/O
                         net (fo=1, routed)           0.000     9.196    real_camera.raw_processing.demosaic/denoising.filter/channels[2].bottom_row[3]_i_8_n_0
    SLICE_X47Y41         CARRY4 (Prop_carry4_S[1]_CO[3])
                                                      0.457     9.653 r  real_camera.raw_processing.demosaic/denoising.filter/channels[2].bottom_row_reg[3]_i_1/CO[3]
                         net (fo=1, routed)           0.000     9.653    real_camera.raw_processing.demosaic/denoising.filter/channels[2].bottom_row_reg[3]_i_1_n_0
    SLICE_X47Y42         CARRY4 (Prop_carry4_CI_O[1])
                                                      0.265     9.918 r  real_camera.raw_processing.demosaic/denoising.filter/channels[2].bottom_row_reg[7]_i_1/O[1]
                         net (fo=1, routed)           0.000     9.918    real_camera.raw_processing.demosaic/denoising.filter/channels[2].bottom_row_reg[7]_i_1_n_6
    SLICE_X47Y42         FDRE                                         r  real_camera.raw_processing.demosaic/denoising.filter/channels[2].bottom_row_reg[5]/D
  -------------------------------------------------------------------    -------------------

                         (clock core_raw rise edge)
                                                     10.000    10.000 r  
    R4                                                0.000    10.000 r  sys_clk (IN)
                         net (fo=0)                   0.000    10.000    sys_clk
    R4                   IBUF (Prop_ibuf_I_O)         1.366    11.366 r  sys_clk_IBUF_inst/O
                         net (fo=1, routed)           1.004    12.369    multiplied_clock.clock_generator/sys_clk_IBUF
    MMCME2_ADV_X1Y0      MMCME2_ADV (Prop_mmcme2_adv_CLKIN1_CLKOUT0)
                                                     -6.057     6.312 r  multiplied_clock.clock_generator/mmcm/CLKOUT0
                         net (fo=1, routed)           1.352     7.665    multiplied_clock.clock_generator/core_raw
    BUFGCTRL_X0Y2        BUFG (Prop_bufg_I_O)         0.077     7.742 r  multiplied_clock.clock_generator/core_buffer/O
                         net (fo=14731, routed)       1.260     9.001    real_camera.raw_processing.demosaic/denoising.filter/core_clk
    SLICE_X47Y42         FDRE                                         r  real_camera.raw_processing.demosaic/denoising.filter/channels[2].bottom_row_reg[5]/C
                         clock pessimism              0.402     9.403    
                         clock uncertainty           -0.047     9.356    
    SLICE_X47Y42         FDRE (Setup_fdre_C_D)        0.059     9.415    real_camera.raw_processing.demosaic/denoising.filter/channels[2].bottom_row_reg[5]
  -------------------------------------------------------------------
                         required time                          9.415    
                         arrival time                          -9.918    
  -------------------------------------------------------------------
                         slack                                 -0.503    

Slack (VIOLATED) :        -0.498ns  (required time - arrival time)
  Source:                 real_camera.raw_processing.demosaic/denoising.filter/even_line_reg_1/CLKBWRCLK
                            (rising edge-triggered cell RAMB18E1 clocked by core_raw  {rise@0.000ns fall@5.000ns period=10.000ns})
  Destination:            real_camera.raw_processing.demosaic/denoising.filter/channels[2].bottom_row_reg[7]/D
                            (rising edge-triggered cell FDRE clocked by core_raw  {rise@0.000ns fall@5.000ns period=10.000ns})
  Path Group:             core_raw
  Path Type:              Setup (Max at Slow Process Corner)
  Requirement:            10.000ns  (core_raw rise@10.000ns - core_raw rise@0.000ns)
  Data Path Delay:        10.428ns  (logic 5.262ns (50.459%)  route 5.166ns (49.541%))
  Logic Levels:           14  (CARRY4=6 LUT3=2 LUT4=3 LUT5=1 LUT6=2)
  Clock Path Skew:        -0.082ns (DCD - SCD + CPR)
    Destination Clock Delay (DCD):    -0.999ns = ( 9.001 - 10.000 ) 
    Source Clock Delay      (SCD):    -0.515ns
    Clock Pessimism Removal (CPR):    0.402ns
  Clock Uncertainty:      0.047ns  ((TSJ^2 + DJ^2)^1/2) / 2 + PE
    Total System Jitter     (TSJ):    0.071ns
    Discrete Jitter          (DJ):    0.063ns
    Phase Error              (PE):    0.000ns

    Location             Delay type                Incr(ns)  Path(ns)    Netlist Resource(s)
  -------------------------------------------------------------------    -------------------
                         (clock core_raw rise edge)
                                                      0.000     0.000 r  
    R4                                                0.000     0.000 r  sys_clk (IN)
                         net (fo=0)                   0.000     0.000    sys_clk
    R4                   IBUF (Prop_ibuf_I_O)         1.432     1.432 r  sys_clk_IBUF_inst/O
                         net (fo=1, routed)           1.065     2.497    multiplied_clock.clock_generator/sys_clk_IBUF
    MMCME2_ADV_X1Y0      MMCME2_ADV (Prop_mmcme2_adv_CLKIN1_CLKOUT0)
                                                     -5.921    -3.424 r  multiplied_clock.clock_generator/mmcm/CLKOUT0
                         net (fo=1, routed)           1.421    -2.004    multiplied_clock.clock_generator/core_raw
    BUFGCTRL_X0Y2        BUFG (Prop_bufg_I_O)         0.081    -1.923 r  multiplied_clock.clock_generator/core_buffer/O
                         net (fo=14731, routed)       1.407    -0.515    real_camera.raw_processing.demosaic/denoising.filter/core_clk
    RAMB18_X1Y15         RAMB18E1                                     r  real_camera.raw_processing.demosaic/denoising.filter/even_line_reg_1/CLKBWRCLK
  -------------------------------------------------------------------    -------------------
    RAMB18_X1Y15         RAMB18E1 (Prop_ramb18e1_CLKBWRCLK_DOBDO[1])
                                                      2.125     1.610 r  real_camera.raw_processing.demosaic/denoising.filter/even_line_reg_1/DOBDO[1]
                         net (fo=8, routed)           0.676     2.286    real_camera.raw_processing.demosaic/denoising.filter/even_read[19]
    SLICE_X48Y35         LUT5 (Prop_lut5_I4_O)        0.105     2.391 f  real_camera.raw_processing.demosaic/denoising.filter/bl[19]_i_2/O
                         net (fo=4, routed)           0.351     2.742    real_camera.raw_processing.demosaic/denoising.filter/bl[19]_i_2_n_0
    SLICE_X49Y34         LUT3 (Prop_lut3_I2_O)        0.105     2.847 f  real_camera.raw_processing.demosaic/denoising.filter/channels[2].bottom_row[7]_i_21/O
                         net (fo=8, routed)           0.346     3.193    real_camera.raw_processing.demosaic/denoising.filter/channels[2].bottom_row[7]_i_21_n_0
    SLICE_X49Y35         LUT6 (Prop_lut6_I1_O)        0.105     3.298 r  real_camera.raw_processing.demosaic/denoising.filter/channels[0].bottom_row[7]_i_223/O
                         net (fo=1, routed)           0.397     3.695    real_camera.raw_processing.demosaic/denoising.filter/channels[0].bottom_row[7]_i_223_n_0
    SLICE_X49Y36         CARRY4 (Prop_carry4_DI[1]_CO[3])
                                                      0.418     4.113 r  real_camera.raw_processing.demosaic/denoising.filter/channels[0].bottom_row_reg[7]_i_187/CO[3]
                         net (fo=7, routed)           0.642     4.755    real_camera.raw_processing.demosaic/denoising.filter/channels[0].bottom_row_reg[7]_i_187_n_0
    SLICE_X51Y37         LUT3 (Prop_lut3_I2_O)        0.105     4.860 r  real_camera.raw_processing.demosaic/denoising.filter/channels[0].bottom_row[7]_i_162/O
                         net (fo=1, routed)           0.284     5.144    real_camera.raw_processing.demosaic/denoising.filter/channels[0].bottom_row[7]_i_162_n_0
    SLICE_X48Y36         CARRY4 (Prop_carry4_DI[1]_CO[3])
                                                      0.418     5.562 r  real_camera.raw_processing.demosaic/denoising.filter/channels[0].bottom_row_reg[7]_i_90/CO[3]
                         net (fo=1, routed)           0.000     5.562    real_camera.raw_processing.demosaic/denoising.filter/channels[0].bottom_row_reg[7]_i_90_n_0
    SLICE_X48Y37         CARRY4 (Prop_carry4_CI_O[3])
                                                      0.260     5.822 r  real_camera.raw_processing.demosaic/denoising.filter/channels[0].bottom_row_reg[7]_i_89/O[3]
                         net (fo=2, routed)           0.583     6.405    real_camera.raw_processing.demosaic/denoising.filter/difference20_return[7]
    SLICE_X48Y38         LUT4 (Prop_lut4_I0_O)        0.257     6.662 r  real_camera.raw_processing.demosaic/denoising.filter/channels[0].bottom_row[7]_i_69/O
                         net (fo=1, routed)           0.000     6.662    real_camera.raw_processing.demosaic/denoising.filter/channels[0].bottom_row[7]_i_69_n_0
    SLICE_X48Y38         CARRY4 (Prop_carry4_S[3]_CO[3])
                                                      0.332     6.994 f  real_camera.raw_processing.demosaic/denoising.filter/channels[0].bottom_row_reg[7]_i_31/CO[3]
                         net (fo=1, routed)           0.854     7.848    real_camera.raw_processing.demosaic/denoising.filter/p_14_in
    SLICE_X48Y41         LUT4 (Prop_lut4_I2_O)        0.105     7.953 r  real_camera.raw_processing.demosaic/denoising.filter/channels[0].bottom_row[7]_i_14/O
                         net (fo=42, routed)          0.585     8.538    real_camera.raw_processing.demosaic/denoising.filter/channels[0].bottom_row[7]_i_14_n_0
    SLICE_X45Y41         LUT6 (Prop_lut6_I1_O)        0.105     8.643 r  real_camera.raw_processing.demosaic/denoising.filter/channels[2].bottom_row[3]_i_4/O
                         net (fo=2, routed)           0.448     9.091    real_camera.raw_processing.demosaic/denoising.filter/channels[2].bottom_row[3]_i_4_n_0
    SLICE_X47Y41         LUT4 (Prop_lut4_I0_O)        0.105     9.196 r  real_camera.raw_processing.demosaic/denoising.filter/channels[2].bottom_row[3]_i_8/O
                         net (fo=1, routed)           0.000     9.196    real_camera.raw_processing.demosaic/denoising.filter/channels[2].bottom_row[3]_i_8_n_0
    SLICE_X47Y41         CARRY4 (Prop_carry4_S[1]_CO[3])
                                                      0.457     9.653 r  real_camera.raw_processing.demosaic/denoising.filter/channels[2].bottom_row_reg[3]_i_1/CO[3]
                         net (fo=1, routed)           0.000     9.653    real_camera.raw_processing.demosaic/denoising.filter/channels[2].bottom_row_reg[3]_i_1_n_0
    SLICE_X47Y42         CARRY4 (Prop_carry4_CI_O[3])
                                                      0.260     9.913 r  real_camera.raw_processing.demosaic/denoising.filter/channels[2].bottom_row_reg[7]_i_1/O[3]
                         net (fo=1, routed)           0.000     9.913    real_camera.raw_processing.demosaic/denoising.filter/channels[2].bottom_row_reg[7]_i_1_n_4
    SLICE_X47Y42         FDRE                                         r  real_camera.raw_processing.demosaic/denoising.filter/channels[2].bottom_row_reg[7]/D
  -------------------------------------------------------------------    -------------------

                         (clock core_raw rise edge)
                                                     10.000    10.000 r  
    R4                                                0.000    10.000 r  sys_clk (IN)
                         net (fo=0)                   0.000    10.000    sys_clk
    R4                   IBUF (Prop_ibuf_I_O)         1.366    11.366 r  sys_clk_IBUF_inst/O
                         net (fo=1, routed)           1.004    12.369    multiplied_clock.clock_generator/sys_clk_IBUF
    MMCME2_ADV_X1Y0      MMCME2_ADV (Prop_mmcme2_adv_CLKIN1_CLKOUT0)
                                                     -6.057     6.312 r  multiplied_clock.clock_generator/mmcm/CLKOUT0
                         net (fo=1, routed)           1.352     7.665    multiplied_clock.clock_generator/core_raw
    BUFGCTRL_X0Y2        BUFG (Prop_bufg_I_O)         0.077     7.742 r  multiplied_clock.clock_generator/core_buffer/O
                         net (fo=14731, routed)       1.260     9.001    real_camera.raw_processing.demosaic/denoising.filter/core_clk
    SLICE_X47Y42         FDRE                                         r  real_camera.raw_processing.demosaic/denoising.filter/channels[2].bottom_row_reg[7]/C
                         clock pessimism              0.402     9.403    
                         clock uncertainty           -0.047     9.356    
    SLICE_X47Y42         FDRE (Setup_fdre_C_D)        0.059     9.415    real_camera.raw_processing.demosaic/denoising.filter/channels[2].bottom_row_reg[7]
  -------------------------------------------------------------------
                         required time                          9.415    
                         arrival time                          -9.913    
  -------------------------------------------------------------------
                         slack                                 -0.498    

Slack (VIOLATED) :        -0.493ns  (required time - arrival time)
  Source:                 real_camera.raw_processing.demosaic/denoising.filter/even_line_reg_0/CLKBWRCLK
                            (rising edge-triggered cell RAMB36E1 clocked by core_raw  {rise@0.000ns fall@5.000ns period=10.000ns})
  Destination:            real_camera.raw_processing.demosaic/denoising.filter/channels[0].top_row_reg[6]/D
                            (rising edge-triggered cell FDRE clocked by core_raw  {rise@0.000ns fall@5.000ns period=10.000ns})
  Path Group:             core_raw
  Path Type:              Setup (Max at Slow Process Corner)
  Requirement:            10.000ns  (core_raw rise@10.000ns - core_raw rise@0.000ns)
  Data Path Delay:        10.487ns  (logic 4.970ns (47.393%)  route 5.517ns (52.607%))
  Logic Levels:           14  (CARRY4=6 LUT4=3 LUT5=1 LUT6=4)
  Clock Path Skew:        -0.018ns (DCD - SCD + CPR)
    Destination Clock Delay (DCD):    -0.932ns = ( 9.068 - 10.000 ) 
    Source Clock Delay      (SCD):    -0.512ns
    Clock Pessimism Removal (CPR):    0.402ns
  Clock Uncertainty:      0.047ns  ((TSJ^2 + DJ^2)^1/2) / 2 + PE
    Total System Jitter     (TSJ):    0.071ns
    Discrete Jitter          (DJ):    0.063ns
    Phase Error              (PE):    0.000ns

    Location             Delay type                Incr(ns)  Path(ns)    Netlist Resource(s)
  -------------------------------------------------------------------    -------------------
                         (clock core_raw rise edge)
                                                      0.000     0.000 r  
    R4                                                0.000     0.000 r  sys_clk (IN)
                         net (fo=0)                   0.000     0.000    sys_clk
    R4                   IBUF (Prop_ibuf_I_O)         1.432     1.432 r  sys_clk_IBUF_inst/O
                         net (fo=1, routed)           1.065     2.497    multiplied_clock.clock_generator/sys_clk_IBUF
    MMCME2_ADV_X1Y0      MMCME2_ADV (Prop_mmcme2_adv_CLKIN1_CLKOUT0)
                                                     -5.921    -3.424 r  multiplied_clock.clock_generator/mmcm/CLKOUT0
                         net (fo=1, routed)           1.421    -2.004    multiplied_clock.clock_generator/core_raw
    BUFGCTRL_X0Y2        BUFG (Prop_bufg_I_O)         0.081    -1.923 r  multiplied_clock.clock_generator/core_buffer/O
                         net (fo=14731, routed)       1.410    -0.512    real_camera.raw_processing.demosaic/denoising.filter/core_clk
    RAMB36_X1Y8          RAMB36E1                                     r  real_camera.raw_processing.demosaic/denoising.filter/even_line_reg_0/CLKBWRCLK
  -------------------------------------------------------------------    -------------------
    RAMB36_X1Y8          RAMB36E1 (Prop_ramb36e1_CLKBWRCLK_DOBDO[3])
                                                      2.125     1.613 r  real_camera.raw_processing.demosaic/denoising.filter/even_line_reg_0/DOBDO[3]
                         net (fo=8, routed)           0.849     2.462    real_camera.raw_processing.demosaic/denoising.filter/even_read[3]
    SLICE_X56Y39         LUT5 (Prop_lut5_I4_O)        0.105     2.567 f  real_camera.raw_processing.demosaic/denoising.filter/tl[3]_i_2/O
                         net (fo=4, routed)           0.151     2.718    real_camera.raw_processing.demosaic/denoising.filter/tl[3]_i_2_n_0
    SLICE_X56Y39         LUT4 (Prop_lut4_I2_O)        0.105     2.823 f  real_camera.raw_processing.demosaic/denoising.filter/channels[0].top_row[7]_i_21/O
                         net (fo=5, routed)           0.506     3.329    real_camera.raw_processing.demosaic/denoising.filter/channels[0].top_row[7]_i_21_n_0
    SLICE_X54Y37         LUT6 (Prop_lut6_I4_O)        0.105     3.434 r  real_camera.raw_processing.demosaic/denoising.filter/channels[0].top_row[7]_i_207/O
                         net (fo=1, routed)           0.379     3.813    real_camera.raw_processing.demosaic/denoising.filter/channels[0].top_row[7]_i_207_n_0
    SLICE_X57Y38         CARRY4 (Prop_carry4_DI[1]_CO[3])
                                                      0.418     4.231 r  real_camera.raw_processing.demosaic/denoising.filter/channels[0].top_row_reg[7]_i_185/CO[3]
                         net (fo=7, routed)           0.783     5.013    real_camera.raw_processing.demosaic/denoising.filter/channels[0].top_row_reg[7]_i_185_n_0
    SLICE_X54Y36         LUT6 (Prop_lut6_I5_O)        0.105     5.118 r  real_camera.raw_processing.demosaic/denoising.filter/channels[0].top_row[7]_i_131/O
                         net (fo=1, routed)           0.486     5.604    real_camera.raw_processing.demosaic/denoising.filter/channels[0].top_row[7]_i_131_n_0
    SLICE_X55Y36         CARRY4 (Prop_carry4_DI[2]_CO[3])
                                                      0.329     5.933 r  real_camera.raw_processing.demosaic/denoising.filter/channels[0].top_row_reg[7]_i_86/CO[3]
                         net (fo=1, routed)           0.000     5.933    real_camera.raw_processing.demosaic/denoising.filter/channels[0].top_row_reg[7]_i_86_n_0
    SLICE_X55Y37         CARRY4 (Prop_carry4_CI_O[3])
                                                      0.260     6.193 r  real_camera.raw_processing.demosaic/denoising.filter/channels[0].top_row_reg[7]_i_85/O[3]
                         net (fo=2, routed)           0.594     6.787    real_camera.raw_processing.demosaic/denoising.filter/difference1_return[7]
    SLICE_X54Y35         LUT4 (Prop_lut4_I0_O)        0.257     7.044 r  real_camera.raw_processing.demosaic/denoising.filter/channels[0].top_row[7]_i_53/O
                         net (fo=1, routed)           0.000     7.044    real_camera.raw_processing.demosaic/denoising.filter/channels[0].top_row[7]_i_53_n_0
    SLICE_X54Y35         CARRY4 (Prop_carry4_S[3]_CO[3])
                                                      0.314     7.358 f  real_camera.raw_processing.demosaic/denoising.filter/channels[0].top_row_reg[7]_i_29/CO[3]
                         net (fo=6, routed)           0.738     8.096    real_camera.raw_processing.demosaic/denoising.filter/p_45_in
    SLICE_X58Y35         LUT4 (Prop_lut4_I3_O)        0.105     8.201 r  real_camera.raw_processing.demosaic/denoising.filter/channels[0].top_row[7]_i_10/O
                         net (fo=22, routed)          0.566     8.766    real_camera.raw_processing.demosaic/denoising.filter/channels[0].top_row[7]_i_10_n_0
    SLICE_X60Y35         LUT6 (Prop_lut6_I4_O)        0.105     8.871 r  real_camera.raw_processing.demosaic/denoising.filter/channels[0].top_row[3]_i_2/O
                         net (fo=2, routed)           0.466     9.337    real_camera.raw_processing.demosaic/denoising.filter/channels[0].top_row[3]_i_2_n_0
    SLICE_X58Y37         LUT6 (Prop_lut6_I0_O)        0.105     9.442 r  real_camera.raw_processing.demosaic/denoising.filter/channels[0].top_row[3]_i_6/O
                         net (fo=1, routed)           0.000     9.442    real_camera.raw_processing.demosaic/denoising.filter/channels[0].top_row[3]_i_6_n_0
    SLICE_X58Y37         CARRY4 (Prop_carry4_S[3]_CO[3])
                                                      0.332     9.774 r  real_camera.raw_processing.demosaic/denoising.filter/channels[0].top_row_reg[3]_i_1/CO[3]
                         net (fo=1, routed)           0.000     9.774    real_camera.raw_processing.demosaic/denoising.filter/channels[0].top_row_reg[3]_i_1_n_0
    SLICE_X58Y38         CARRY4 (Prop_carry4_CI_O[2])
                                                      0.200     9.974 r  real_camera.raw_processing.demosaic/denoising.filter/channels[0].top_row_reg[7]_i_1/O[2]
                         net (fo=1, routed)           0.000     9.974    real_camera.raw_processing.demosaic/denoising.filter/channels[0].top_row_reg[7]_i_1_n_5
    SLICE_X58Y38         FDRE                                         r  real_camera.raw_processing.demosaic/denoising.filter/channels[0].top_row_reg[6]/D
  -------------------------------------------------------------------    -------------------

                         (clock core_raw rise edge)
                                                     10.000    10.000 r  
    R4                                                0.000    10.000 r  sys_clk (IN)
                         net (fo=0)                   0.000    10.000    sys_clk
    R4                   IBUF (Prop_ibuf_I_O)         1.366    11.366 r  sys_clk_IBUF_inst/O
                         net (fo=1, routed)           1.004    12.369    multiplied_clock.clock_generator/sys_clk_IBUF
    MMCME2_ADV_X1Y0      MMCME2_ADV (Prop_mmcme2_adv_CLKIN1_CLKOUT0)
                                                     -6.057     6.312 r  multiplied_clock.clock_generator/mmcm/CLKOUT0
                         net (fo=1, routed)           1.352     7.665    multiplied_clock.clock_generator/core_raw
    BUFGCTRL_X0Y2        BUFG (Prop_bufg_I_O)         0.077     7.742 r  multiplied_clock.clock_generator/core_buffer/O
                         net (fo=14731, routed)       1.327     9.068    real_camera.raw_processing.demosaic/denoising.filter/core_clk
    SLICE_X58Y38         FDRE                                         r  real_camera.raw_processing.demosaic/denoising.filter/channels[0].top_row_reg[6]/C
                         clock pessimism              0.402     9.470    
                         clock uncertainty           -0.047     9.423    
    SLICE_X58Y38         FDRE (Setup_fdre_C_D)        0.059     9.482    real_camera.raw_processing.demosaic/denoising.filter/channels[0].top_row_reg[6]
  -------------------------------------------------------------------
                         required time                          9.482    
                         arrival time                          -9.974    
  -------------------------------------------------------------------
                         slack                                 -0.493    

Slack (VIOLATED) :        -0.486ns  (required time - arrival time)
  Source:                 real_camera.raw_processing.demosaic/denoising.filter/even_line_reg_1/CLKBWRCLK
                            (rising edge-triggered cell RAMB18E1 clocked by core_raw  {rise@0.000ns fall@5.000ns period=10.000ns})
  Destination:            real_camera.raw_processing.demosaic/denoising.filter/channels[1].bottom_row_reg[5]/D
                            (rising edge-triggered cell FDRE clocked by core_raw  {rise@0.000ns fall@5.000ns period=10.000ns})
  Path Group:             core_raw
  Path Type:              Setup (Max at Slow Process Corner)
  Requirement:            10.000ns  (core_raw rise@10.000ns - core_raw rise@0.000ns)
  Data Path Delay:        10.436ns  (logic 5.247ns (50.278%)  route 5.189ns (49.722%))
  Logic Levels:           15  (CARRY4=6 LUT3=2 LUT4=2 LUT5=4 LUT6=1)
  Clock Path Skew:        -0.062ns (DCD - SCD + CPR)
    Destination Clock Delay (DCD):    -0.996ns = ( 9.004 - 10.000 ) 
    Source Clock Delay      (SCD):    -0.515ns
    Clock Pessimism Removal (CPR):    0.419ns
  Clock Uncertainty:      0.047ns  ((TSJ^2 + DJ^2)^1/2) / 2 + PE
    Total System Jitter     (TSJ):    0.071ns
    Discrete Jitter          (DJ):    0.063ns
    Phase Error              (PE):    0.000ns

    Location             Delay type                Incr(ns)  Path(ns)    Netlist Resource(s)
  -------------------------------------------------------------------    -------------------
                         (clock core_raw rise edge)
                                                      0.000     0.000 r  
    R4                                                0.000     0.000 r  sys_clk (IN)
                         net (fo=0)                   0.000     0.000    sys_clk
    R4                   IBUF (Prop_ibuf_I_O)         1.432     1.432 r  sys_clk_IBUF_inst/O
                         net (fo=1, routed)           1.065     2.497    multiplied_clock.clock_generator/sys_clk_IBUF
    MMCME2_ADV_X1Y0      MMCME2_ADV (Prop_mmcme2_adv_CLKIN1_CLKOUT0)
                                                     -5.921    -3.424 r  multiplied_clock.clock_generator/mmcm/CLKOUT0
                         net (fo=1, routed)           1.421    -2.004    multiplied_clock.clock_generator/core_raw
    BUFGCTRL_X0Y2        BUFG (Prop_bufg_I_O)         0.081    -1.923 r  multiplied_clock.clock_generator/core_buffer/O
                         net (fo=14731, routed)       1.407    -0.515    real_camera.raw_processing.demosaic/denoising.filter/core_clk
    RAMB18_X1Y15         RAMB18E1                                     r  real_camera.raw_processing.demosaic/denoising.filter/even_line_reg_1/CLKBWRCLK
  -------------------------------------------------------------------    -------------------
    RAMB18_X1Y15         RAMB18E1 (Prop_ramb18e1_CLKBWRCLK_DOBDO[1])
                                                      2.125     1.610 r  real_camera.raw_processing.demosaic/denoising.filter/even_line_reg_1/DOBDO[1]
                         net (fo=8, routed)           0.676     2.286    real_camera.raw_processing.demosaic/denoising.filter/even_read[19]
    SLICE_X48Y35         LUT5 (Prop_lut5_I4_O)        0.105     2.391 f  real_camera.raw_processing.demosaic/denoising.filter/bl[19]_i_2/O
                         net (fo=4, routed)           0.351     2.742    real_camera.raw_processing.demosaic/denoising.filter/bl[19]_i_2_n_0
    SLICE_X49Y34         LUT3 (Prop_lut3_I2_O)        0.105     2.847 f  real_camera.raw_processing.demosaic/denoising.filter/channels[2].bottom_row[7]_i_21/O
                         net (fo=8, routed)           0.346     3.193    real_camera.raw_processing.demosaic/denoising.filter/channels[2].bottom_row[7]_i_21_n_0
    SLICE_X49Y35         LUT6 (Prop_lut6_I1_O)        0.105     3.298 r  real_camera.raw_processing.demosaic/denoising.filter/channels[0].bottom_row[7]_i_223/O
                         net (fo=1, routed)           0.397     3.695    real_camera.raw_processing.demosaic/denoising.filter/channels[0].bottom_row[7]_i_223_n_0
    SLICE_X49Y36         CARRY4 (Prop_carry4_DI[1]_CO[3])
                                                      0.418     4.113 r  real_camera.raw_processing.demosaic/denoising.filter/channels[0].bottom_row_reg[7]_i_187/CO[3]
                         net (fo=7, routed)           0.642     4.755    real_camera.raw_processing.demosaic/denoising.filter/channels[0].bottom_row_reg[7]_i_187_n_0
    SLICE_X51Y37         LUT3 (Prop_lut3_I2_O)        0.105     4.860 r  real_camera.raw_processing.demosaic/denoising.filter/channels[0].bottom_row[7]_i_162/O
                         net (fo=1, routed)           0.284     5.144    real_camera.raw_processing.demosaic/denoising.filter/channels[0].bottom_row[7]_i_162_n_0
    SLICE_X48Y36         CARRY4 (Prop_carry4_DI[1]_CO[3])
                                                      0.418     5.562 r  real_camera.raw_processing.demosaic/denoising.filter/channels[0].bottom_row_reg[7]_i_90/CO[3]
                         net (fo=1, routed)           0.000     5.562    real_camera.raw_processing.demosaic/denoising.filter/channels[0].bottom_row_reg[7]_i_90_n_0
    SLICE_X48Y37         CARRY4 (Prop_carry4_CI_O[3])
                                                      0.260     5.822 r  real_camera.raw_processing.demosaic/denoising.filter/channels[0].bottom_row_reg[7]_i_89/O[3]
                         net (fo=2, routed)           0.583     6.405    real_camera.raw_processing.demosaic/denoising.filter/difference20_return[7]
    SLICE_X48Y38         LUT4 (Prop_lut4_I0_O)        0.257     6.662 r  real_camera.raw_processing.demosaic/denoising.filter/channels[0].bottom_row[7]_i_69/O
                         net (fo=1, routed)           0.000     6.662    real_camera.raw_processing.demosaic/denoising.filter/channels[0].bottom_row[7]_i_69_n_0
    SLICE_X48Y38         CARRY4 (Prop_carry4_S[3]_CO[3])
                                                      0.332     6.994 f  real_camera.raw_processing.demosaic/denoising.filter/channels[0].bottom_row_reg[7]_i_31/CO[3]
                         net (fo=1, routed)           0.854     7.848    real_camera.raw_processing.demosaic/denoising.filter/p_14_in
    SLICE_X48Y41         LUT4 (Prop_lut4_I2_O)        0.105     7.953 r  real_camera.raw_processing.demosaic/denoising.filter/channels[0].bottom_row[7]_i_14/O
                         net (fo=42, routed)          0.484     8.437    real_camera.raw_processing.demosaic/denoising.filter/channels[0].bottom_row[7]_i_14_n_0
    SLICE_X49Y39         LUT5 (Prop_lut5_I1_O)        0.105     8.542 r  real_camera.raw_processing.demosaic/denoising.filter/channels[1].bottom_row[3]_i_10/O
                         net (fo=2, routed)           0.125     8.667    real_camera.raw_processing.demosaic/denoising.filter/channels[1].bottom_row[3]_i_10_n_0
    SLICE_X49Y39         LUT5 (Prop_lut5_I1_O)        0.105     8.772 r  real_camera.raw_processing.demosaic/denoising.filter/channels[1].bottom_row[3]_i_3/O
                         net (fo=2, routed)           0.447     9.219    real_camera.raw_processing.demosaic/denoising.filter/channels[1].bottom_row[3]_i_3_n_0
    SLICE_X49Y42         LUT5 (Prop_lut5_I0_O)        0.105     9.324 r  real_camera.raw_processing.demosaic/denoising.filter/channels[1].bottom_row[3]_i_7/O
                         net (fo=1, routed)           0.000     9.324    real_camera.raw_processing.demosaic/denoising.filter/channels[1].bottom_row[3]_i_7_n_0
    SLICE_X49Y42         CARRY4 (Prop_carry4_S[2]_CO[3])
                                                      0.332     9.656 r  real_camera.raw_processing.demosaic/denoising.filter/channels[1].bottom_row_reg[3]_i_1/CO[3]
                         net (fo=1, routed)           0.000     9.656    real_camera.raw_processing.demosaic/denoising.filter/channels[1].bottom_row_reg[3]_i_1_n_0
    SLICE_X49Y43         CARRY4 (Prop_carry4_CI_O[1])
                                                      0.265     9.921 r  real_camera.raw_processing.demosaic/denoising.filter/channels[1].bottom_row_reg[7]_i_1/O[1]
                         net (fo=1, routed)           0.000     9.921    real_camera.raw_processing.demosaic/denoising.filter/channels[1].bottom_row_reg[7]_i_1_n_6
    SLICE_X49Y43         FDRE                                         r  real_camera.raw_processing.demosaic/denoising.filter/channels[1].bottom_row_reg[5]/D
  -------------------------------------------------------------------    -------------------

                         (clock core_raw rise edge)
                                                     10.000    10.000 r  
    R4                                                0.000    10.000 r  sys_clk (IN)
                         net (fo=0)                   0.000    10.000    sys_clk
    R4                   IBUF (Prop_ibuf_I_O)         1.366    11.366 r  sys_clk_IBUF_inst/O
                         net (fo=1, routed)           1.004    12.369    multiplied_clock.clock_generator/sys_clk_IBUF
    MMCME2_ADV_X1Y0      MMCME2_ADV (Prop_mmcme2_adv_CLKIN1_CLKOUT0)
                                                     -6.057     6.312 r  multiplied_clock.clock_generator/mmcm/CLKOUT0
                         net (fo=1, routed)           1.352     7.665    multiplied_clock.clock_generator/core_raw
    BUFGCTRL_X0Y2        BUFG (Prop_bufg_I_O)         0.077     7.742 r  multiplied_clock.clock_generator/core_buffer/O
                         net (fo=14731, routed)       1.263     9.004    real_camera.raw_processing.demosaic/denoising.filter/core_clk
    SLICE_X49Y43         FDRE                                         r  real_camera.raw_processing.demosaic/denoising.filter/channels[1].bottom_row_reg[5]/C
                         clock pessimism              0.419     9.423    
                         clock uncertainty           -0.047     9.376    
    SLICE_X49Y43         FDRE (Setup_fdre_C_D)        0.059     9.435    real_camera.raw_processing.demosaic/denoising.filter/channels[1].bottom_row_reg[5]
  -------------------------------------------------------------------
                         required time                          9.435    
                         arrival time                          -9.921    
  -------------------------------------------------------------------
                         slack                                 -0.486    




