Copyright 1986-2020 Xilinx, Inc. All Rights Reserved.
-------------------------------------------------------------------------------------------------------------------------
| Tool Version : Vivado v.2020.1 (win64) Build 2902540 Wed May 27 19:54:49 MDT 2020
| Date         : Mon Sep 28 12:55:13 2026
| Host         : LAPTOP-JC5LPK9T running 64-bit major release  (build 9200)
| Command      : report_bus_skew -file F:/zju/dasanshangkecheng/HDL/mjpeg/reports/ddr3/full_20260928_124800/bus_skew.rpt
| Design       : davinci_mjpeg_ddr3_top
| Device       : 7a35t-fgg484
| Speed File   : -2  PRODUCTION 1.23 2018-06-13
-------------------------------------------------------------------------------------------------------------------------

Bus Skew Report

Table of Contents
-----------------
1. Bus Skew Report Summary
2. Bus Skew Report Per Constraint

1. Bus Skew Report Summary
--------------------------

Id  Position  From                            To                              Corner  Requirement(ns)  Actual(ns)  Slack(ns)
--  --------  ------------------------------  ------------------------------  ------  ---------------  ----------  ---------
1   27        [get_cells -hier -filter {IS_SEQUENTIAL == 1 && (NAME =~ *tx_fifo/wgray_reg* || NAME =~ *tx_fifo/wbin_reg*)}]
                                              [get_cells -hier -filter {IS_SEQUENTIAL == 1 && NAME =~ *tx_fifo/wgray_r1_reg*}]
                                                                              Slow             10.000       0.865      9.135
2   29        [get_cells -hier -filter {IS_SEQUENTIAL == 1 && (NAME =~ *tx_fifo/rgray_reg* || NAME =~ *tx_fifo/rbin_reg*)}]
                                              [get_cells -hier -filter {IS_SEQUENTIAL == 1 && NAME =~ *tx_fifo/rgray_w1_reg*}]
                                                                              Slow             16.667       0.886     15.781
3   31        [get_cells -hier -filter {IS_SEQUENTIAL == 1 && (NAME =~ *rx_fifo/wgray_reg* || NAME =~ *rx_fifo/wbin_reg*)}]
                                              [get_cells -hier -filter {IS_SEQUENTIAL == 1 && NAME =~ *rx_fifo/wgray_r1_reg*}]
                                                                              Slow             16.667       0.996     15.671
4   33        [get_cells -hier -filter {IS_SEQUENTIAL == 1 && (NAME =~ *rx_fifo/rgray_reg* || NAME =~ *rx_fifo/rbin_reg*)}]
                                              [get_cells -hier -filter {IS_SEQUENTIAL == 1 && NAME =~ *rx_fifo/rgray_w1_reg*}]
                                                                              Slow             10.000       0.895      9.105
5   40        [get_cells -hier -filter {IS_SEQUENTIAL == 1 && (NAME =~ *pixel_fifo/wgray_reg* || NAME =~ *pixel_fifo/wbin_reg*)}]
                                              [get_cells -hier -filter {IS_SEQUENTIAL == 1 && NAME =~ *pixel_fifo/wgray_r1_reg*}]
                                                                              Slow             13.250       1.110     12.140
6   42        [get_cells -hier -filter {IS_SEQUENTIAL == 1 && (NAME =~ *pixel_fifo/rgray_reg* || NAME =~ *pixel_fifo/rbin_reg*)}]
                                              [get_cells -hier -filter {IS_SEQUENTIAL == 1 && NAME =~ *pixel_fifo/rgray_w1_reg*}]
                                                                              Slow             10.000       1.146      8.854
7   44        [get_cells -hier -filter {IS_SEQUENTIAL == 1 && (NAME =~ *capture/*_gray_reg* || NAME =~ *capture/*_bin_reg*)}]
                                              [get_cells -hier -filter {IS_SEQUENTIAL == 1 && NAME =~ *capture/*_c1_reg*}]
                                                                              Slow             13.250       1.285     11.965
8   54        [get_cells -hier -quiet -filter {IS_SEQUENTIAL == 1 && (NAME =~ *memory/bridge/write_fifo/wr_gray_reg* || NAME =~ *memory/bridge/write_fifo/wr_binary_reg*)}]
                                              [get_cells -hier -quiet -filter {IS_SEQUENTIAL == 1 && NAME =~ *memory/bridge/write_fifo/wr_gray_sync1_reg*}]
                                                                              Slow             10.000       0.952      9.048
9   56        [get_cells -hier -quiet -filter {IS_SEQUENTIAL == 1 && (NAME =~ *memory/bridge/write_fifo/rd_gray_reg* || NAME =~ *memory/bridge/write_fifo/rd_binary_reg*)}]
                                              [get_cells -hier -quiet -filter {IS_SEQUENTIAL == 1 && NAME =~ *memory/bridge/write_fifo/rd_gray_sync1_reg*}]
                                                                              Slow             10.000       1.079      8.921
10  58        [get_cells -hier -quiet -filter {IS_SEQUENTIAL == 1 && (NAME =~ *memory/bridge/read_fifo/wr_gray_reg* || NAME =~ *memory/bridge/read_fifo/wr_binary_reg*)}]
                                              [get_cells -hier -quiet -filter {IS_SEQUENTIAL == 1 && NAME =~ *memory/bridge/read_fifo/wr_gray_sync1_reg*}]
                                                                              Slow             10.000       0.881      9.119
11  60        [get_cells -hier -quiet -filter {IS_SEQUENTIAL == 1 && (NAME =~ *memory/bridge/read_fifo/rd_gray_reg* || NAME =~ *memory/bridge/read_fifo/rd_binary_reg*)}]
                                              [get_cells -hier -quiet -filter {IS_SEQUENTIAL == 1 && NAME =~ *memory/bridge/read_fifo/rd_gray_sync1_reg*}]
                                                                              Slow             10.000       1.143      8.857


2. Bus Skew Report Per Constraint
---------------------------------

Id: 1
set_bus_skew -from [get_cells -hier -filter {IS_SEQUENTIAL == 1 && (NAME =~ *tx_fifo/wgray_reg* || NAME =~ *tx_fifo/wbin_reg*)}] -to [get_cells -hier -filter {IS_SEQUENTIAL == 1 && NAME =~ *tx_fifo/wgray_r1_reg*}] 10.000
Requirement: 10.000ns
Endpoints: 14

From Clock            To Clock              Endpoint Pin                    Reference Pin                   Corner  Actual(ns)  Slack(ns)
--------------------  --------------------  ------------------------------  ------------------------------  ------  ----------  ---------
core_raw              usb_clk               synchronous.tx_fifo/wgray_r1_reg[7]/D
                                                                            synchronous.tx_fifo/wgray_r1_reg[3]/D
                                                                                                            Slow         0.865      9.135


Slack (MET) :             9.135ns  (requirement - actual skew)
  Endpoint Source:        synchronous.tx_fifo/wgray_reg[7]/C
                            (rising edge-triggered cell FDCE clocked by core_raw)
  Endpoint Destination:   synchronous.tx_fifo/wgray_r1_reg[7]/D
                            (rising edge-triggered cell FDCE clocked by usb_clk)
  Reference Source:       synchronous.tx_fifo/wgray_reg[3]/C
                            (rising edge-triggered cell FDCE clocked by core_raw)
  Reference Destination:  synchronous.tx_fifo/wgray_r1_reg[3]/D
                            (rising edge-triggered cell FDCE clocked by usb_clk)
  Path Type:              Bus Skew (Max at Slow Process Corner)
  Requirement:            10.000ns
  Endpoint Relative Delay:   -3.864ns
  Reference Relative Delay:  -5.225ns
  Relative CRPR:              0.627ns
  Uncertainty:                0.131ns
  Actual Bus Skew:            0.865ns  (Endpoint Relative Delay - Reference Relative Delay - Relative CRPR + Uncertainty)

Endpoint path:
    Location             Delay type                Incr(ns)  Path(ns)    Netlist Resource(s)
  -------------------------------------------------------------------    -------------------
                         (clock core_raw rise edge)
                                                      0.000     0.000 r  
    R4                                                0.000     0.000 r  sys_clk (IN)
                         net (fo=0)                   0.000     0.000    sys_clk
    R4                   IBUF (Prop_ibuf_I_O)         1.432     1.432 r  sys_clk_IBUF_inst/O
                         net (fo=1, routed)           1.065     2.497    multiplied_clock.clock_generator/sys_clk_IBUF
    MMCME2_ADV_X1Y0      MMCME2_ADV (Prop_mmcme2_adv_CLKIN1_CLKOUT0)
                                                     -5.921    -3.424 r  multiplied_clock.clock_generator/mmcm/CLKOUT0
                         net (fo=1, routed)           1.421    -2.004    multiplied_clock.clock_generator/core_raw
    BUFGCTRL_X0Y2        BUFG (Prop_bufg_I_O)         0.081    -1.923 r  multiplied_clock.clock_generator/core_buffer/O
                         net (fo=16673, routed)       1.373    -0.550    synchronous.tx_fifo/core_clk
    SLICE_X52Y6          FDCE                                         r  synchronous.tx_fifo/wgray_reg[7]/C
  -------------------------------------------------------------------    -------------------
    SLICE_X52Y6          FDCE (Prop_fdce_C_Q)         0.433    -0.117 r  synchronous.tx_fifo/wgray_reg[7]/Q
                         net (fo=1, routed)           0.528     0.411    synchronous.tx_fifo/wgray_reg_n_0_[7]
    SLICE_X52Y7          FDCE                                         r  synchronous.tx_fifo/wgray_r1_reg[7]/D
  -------------------------------------------------------------------    -------------------

                         (clock usb_clk rise edge)    0.000     0.000 r  
    Y4                                                0.000     0.000 r  usb_clk_60m (IN)
                         net (fo=0)                   0.000     0.000    usb_clk_60m
    Y4                   IBUF (Prop_ibuf_I_O)         1.372     1.372 r  usb_clk_60m_IBUF_inst/O
                         net (fo=1, routed)           1.599     2.972    usb_clk_60m_IBUF
    BUFGCTRL_X0Y0        BUFG (Prop_bufg_I_O)         0.077     3.049 r  synchronous.usb_clock_buffer/O
                         net (fo=1013, routed)        1.263     4.311    synchronous.tx_fifo/synchronous.usb_clk
    SLICE_X52Y7          FDCE                                         r  synchronous.tx_fifo/wgray_r1_reg[7]/C
                         clock pessimism              0.000     4.311    
    SLICE_X52Y7          FDCE (Setup_fdce_C_D)       -0.037     4.274    synchronous.tx_fifo/wgray_r1_reg[7]
  -------------------------------------------------------------------
                         data arrival                           0.411    
                         clock arrival                          4.274    
  -------------------------------------------------------------------
                         relative delay                        -3.864    

Reference path:
    Location             Delay type                Incr(ns)  Path(ns)    Netlist Resource(s)
  -------------------------------------------------------------------    -------------------
                         (clock core_raw rise edge)
                                                      0.000     0.000 r  
    R4                                                0.000     0.000 r  sys_clk (IN)
                         net (fo=0)                   0.000     0.000    sys_clk
    R4                   IBUF (Prop_ibuf_I_O)         1.366     1.366 r  sys_clk_IBUF_inst/O
                         net (fo=1, routed)           1.004     2.369    multiplied_clock.clock_generator/sys_clk_IBUF
    MMCME2_ADV_X1Y0      MMCME2_ADV (Prop_mmcme2_adv_CLKIN1_CLKOUT0)
                                                     -6.057    -3.688 r  multiplied_clock.clock_generator/mmcm/CLKOUT0
                         net (fo=1, routed)           1.352    -2.335    multiplied_clock.clock_generator/core_raw
    BUFGCTRL_X0Y2        BUFG (Prop_bufg_I_O)         0.077    -2.258 r  multiplied_clock.clock_generator/core_buffer/O
                         net (fo=16673, routed)       1.260    -0.999    synchronous.tx_fifo/core_clk
    SLICE_X46Y3          FDCE                                         r  synchronous.tx_fifo/wgray_reg[3]/C
  -------------------------------------------------------------------    -------------------
    SLICE_X46Y3          FDCE (Prop_fdce_C_Q)         0.347    -0.652 r  synchronous.tx_fifo/wgray_reg[3]/Q
                         net (fo=1, routed)           0.196    -0.456    synchronous.tx_fifo/wgray_reg_n_0_[3]
    SLICE_X46Y4          FDCE                                         r  synchronous.tx_fifo/wgray_r1_reg[3]/D
  -------------------------------------------------------------------    -------------------

                         (clock usb_clk rise edge)    0.000     0.000 r  
    Y4                                                0.000     0.000 r  usb_clk_60m (IN)
                         net (fo=0)                   0.000     0.000    usb_clk_60m
    Y4                   IBUF (Prop_ibuf_I_O)         1.439     1.439 r  usb_clk_60m_IBUF_inst/O
                         net (fo=1, routed)           1.689     3.127    usb_clk_60m_IBUF
    BUFGCTRL_X0Y0        BUFG (Prop_bufg_I_O)         0.081     3.208 r  synchronous.usb_clock_buffer/O
                         net (fo=1013, routed)        1.370     4.578    synchronous.tx_fifo/synchronous.usb_clk
    SLICE_X46Y4          FDCE                                         r  synchronous.tx_fifo/wgray_r1_reg[3]/C
                         clock pessimism              0.000     4.578    
    SLICE_X46Y4          FDCE (Hold_fdce_C_D)         0.191     4.769    synchronous.tx_fifo/wgray_r1_reg[3]
  -------------------------------------------------------------------
                         data arrival                          -0.456    
                         clock arrival                          4.769    
  -------------------------------------------------------------------
                         relative delay                        -5.225    



Id: 2
set_bus_skew -from [get_cells -hier -filter {IS_SEQUENTIAL == 1 && (NAME =~ *tx_fifo/rgray_reg* || NAME =~ *tx_fifo/rbin_reg*)}] -to [get_cells -hier -filter {IS_SEQUENTIAL == 1 && NAME =~ *tx_fifo/rgray_w1_reg*}] 16.667
Requirement: 16.667ns
Endpoints: 14

From Clock            To Clock              Endpoint Pin                    Reference Pin                   Corner  Actual(ns)  Slack(ns)
--------------------  --------------------  ------------------------------  ------------------------------  ------  ----------  ---------
usb_clk               core_raw              synchronous.tx_fifo/rgray_w1_reg[3]/D
                                                                            synchronous.tx_fifo/rgray_w1_reg[6]/D
                                                                                                            Slow         0.886     15.781


Slack (MET) :             15.781ns  (requirement - actual skew)
  Endpoint Source:        synchronous.tx_fifo/rgray_reg[3]/C
                            (rising edge-triggered cell FDCE clocked by usb_clk)
  Endpoint Destination:   synchronous.tx_fifo/rgray_w1_reg[3]/D
                            (rising edge-triggered cell FDCE clocked by core_raw)
  Reference Source:       synchronous.tx_fifo/rgray_reg[6]/C
                            (rising edge-triggered cell FDCE clocked by usb_clk)
  Reference Destination:  synchronous.tx_fifo/rgray_w1_reg[6]/D
                            (rising edge-triggered cell FDCE clocked by core_raw)
  Path Type:              Bus Skew (Max at Slow Process Corner)
  Requirement:            16.667ns
  Endpoint Relative Delay:    6.559ns
  Reference Relative Delay:   5.177ns
  Relative CRPR:              0.627ns
  Uncertainty:                0.131ns
  Actual Bus Skew:            0.886ns  (Endpoint Relative Delay - Reference Relative Delay - Relative CRPR + Uncertainty)

Endpoint path:
    Location             Delay type                Incr(ns)  Path(ns)    Netlist Resource(s)
  -------------------------------------------------------------------    -------------------
                         (clock usb_clk rise edge)    0.000     0.000 r  
    Y4                                                0.000     0.000 r  usb_clk_60m (IN)
                         net (fo=0)                   0.000     0.000    usb_clk_60m
    Y4                   IBUF (Prop_ibuf_I_O)         1.439     1.439 r  usb_clk_60m_IBUF_inst/O
                         net (fo=1, routed)           1.689     3.127    usb_clk_60m_IBUF
    BUFGCTRL_X0Y0        BUFG (Prop_bufg_I_O)         0.081     3.208 r  synchronous.usb_clock_buffer/O
                         net (fo=1013, routed)        1.374     4.582    synchronous.tx_fifo/synchronous.usb_clk
    SLICE_X49Y3          FDCE                                         r  synchronous.tx_fifo/rgray_reg[3]/C
  -------------------------------------------------------------------    -------------------
    SLICE_X49Y3          FDCE (Prop_fdce_C_Q)         0.348     4.930 r  synchronous.tx_fifo/rgray_reg[3]/Q
                         net (fo=1, routed)           0.423     5.353    synchronous.tx_fifo/rgray_reg_n_0_[3]
    SLICE_X47Y3          FDCE                                         r  synchronous.tx_fifo/rgray_w1_reg[3]/D
  -------------------------------------------------------------------    -------------------

                         (clock core_raw rise edge)
                                                      0.000     0.000 r  
    R4                                                0.000     0.000 r  sys_clk (IN)
                         net (fo=0)                   0.000     0.000    sys_clk
    R4                   IBUF (Prop_ibuf_I_O)         1.366     1.366 r  sys_clk_IBUF_inst/O
                         net (fo=1, routed)           1.004     2.369    multiplied_clock.clock_generator/sys_clk_IBUF
    MMCME2_ADV_X1Y0      MMCME2_ADV (Prop_mmcme2_adv_CLKIN1_CLKOUT0)
                                                     -6.057    -3.688 r  multiplied_clock.clock_generator/mmcm/CLKOUT0
                         net (fo=1, routed)           1.352    -2.335    multiplied_clock.clock_generator/core_raw
    BUFGCTRL_X0Y2        BUFG (Prop_bufg_I_O)         0.077    -2.258 r  multiplied_clock.clock_generator/core_buffer/O
                         net (fo=16673, routed)       1.260    -0.999    synchronous.tx_fifo/core_clk
    SLICE_X47Y3          FDCE                                         r  synchronous.tx_fifo/rgray_w1_reg[3]/C
                         clock pessimism              0.000    -0.999    
    SLICE_X47Y3          FDCE (Setup_fdce_C_D)       -0.207    -1.206    synchronous.tx_fifo/rgray_w1_reg[3]
  -------------------------------------------------------------------
                         data arrival                           5.353    
                         clock arrival                         -1.206    
  -------------------------------------------------------------------
                         relative delay                         6.559    

Reference path:
    Location             Delay type                Incr(ns)  Path(ns)    Netlist Resource(s)
  -------------------------------------------------------------------    -------------------
                         (clock usb_clk rise edge)    0.000     0.000 r  
    Y4                                                0.000     0.000 r  usb_clk_60m (IN)
                         net (fo=0)                   0.000     0.000    usb_clk_60m
    Y4                   IBUF (Prop_ibuf_I_O)         1.372     1.372 r  usb_clk_60m_IBUF_inst/O
                         net (fo=1, routed)           1.599     2.972    usb_clk_60m_IBUF
    BUFGCTRL_X0Y0        BUFG (Prop_bufg_I_O)         0.077     3.049 r  synchronous.usb_clock_buffer/O
                         net (fo=1013, routed)        1.263     4.311    synchronous.tx_fifo/synchronous.usb_clk
    SLICE_X51Y4          FDCE                                         r  synchronous.tx_fifo/rgray_reg[6]/C
  -------------------------------------------------------------------    -------------------
    SLICE_X51Y4          FDCE (Prop_fdce_C_Q)         0.304     4.615 r  synchronous.tx_fifo/rgray_reg[6]/Q
                         net (fo=1, routed)           0.200     4.815    synchronous.tx_fifo/rgray_reg_n_0_[6]
    SLICE_X50Y3          FDCE                                         r  synchronous.tx_fifo/rgray_w1_reg[6]/D
  -------------------------------------------------------------------    -------------------

                         (clock core_raw rise edge)
                                                      0.000     0.000 r  
    R4                                                0.000     0.000 r  sys_clk (IN)
                         net (fo=0)                   0.000     0.000    sys_clk
    R4                   IBUF (Prop_ibuf_I_O)         1.432     1.432 r  sys_clk_IBUF_inst/O
                         net (fo=1, routed)           1.065     2.497    multiplied_clock.clock_generator/sys_clk_IBUF
    MMCME2_ADV_X1Y0      MMCME2_ADV (Prop_mmcme2_adv_CLKIN1_CLKOUT0)
                                                     -5.921    -3.424 r  multiplied_clock.clock_generator/mmcm/CLKOUT0
                         net (fo=1, routed)           1.421    -2.004    multiplied_clock.clock_generator/core_raw
    BUFGCTRL_X0Y2        BUFG (Prop_bufg_I_O)         0.081    -1.923 r  multiplied_clock.clock_generator/core_buffer/O
                         net (fo=16673, routed)       1.374    -0.549    synchronous.tx_fifo/core_clk
    SLICE_X50Y3          FDCE                                         r  synchronous.tx_fifo/rgray_w1_reg[6]/C
                         clock pessimism              0.000    -0.549    
    SLICE_X50Y3          FDCE (Hold_fdce_C_D)         0.187    -0.362    synchronous.tx_fifo/rgray_w1_reg[6]
  -------------------------------------------------------------------
                         data arrival                           4.815    
                         clock arrival                         -0.362    
  -------------------------------------------------------------------
                         relative delay                         5.177    



Id: 3
set_bus_skew -from [get_cells -hier -filter {IS_SEQUENTIAL == 1 && (NAME =~ *rx_fifo/wgray_reg* || NAME =~ *rx_fifo/wbin_reg*)}] -to [get_cells -hier -filter {IS_SEQUENTIAL == 1 && NAME =~ *rx_fifo/wgray_r1_reg*}] 16.667
Requirement: 16.667ns
Endpoints: 9

From Clock            To Clock              Endpoint Pin                    Reference Pin                   Corner  Actual(ns)  Slack(ns)
--------------------  --------------------  ------------------------------  ------------------------------  ------  ----------  ---------
usb_clk               core_raw              synchronous.rx_fifo/wgray_r1_reg[4]/D
                                                                            synchronous.rx_fifo/wgray_r1_reg[6]/D
                                                                                                            Slow         0.996     15.671


Slack (MET) :             15.671ns  (requirement - actual skew)
  Endpoint Source:        synchronous.rx_fifo/wgray_reg[4]/C
                            (rising edge-triggered cell FDCE clocked by usb_clk)
  Endpoint Destination:   synchronous.rx_fifo/wgray_r1_reg[4]/D
                            (rising edge-triggered cell FDCE clocked by core_raw)
  Reference Source:       synchronous.rx_fifo/wgray_reg[6]/C
                            (rising edge-triggered cell FDCE clocked by usb_clk)
  Reference Destination:  synchronous.rx_fifo/wgray_r1_reg[6]/D
                            (rising edge-triggered cell FDCE clocked by core_raw)
  Path Type:              Bus Skew (Max at Slow Process Corner)
  Requirement:            16.667ns
  Endpoint Relative Delay:    6.758ns
  Reference Relative Delay:   5.234ns
  Relative CRPR:              0.659ns
  Uncertainty:                0.131ns
  Actual Bus Skew:            0.996ns  (Endpoint Relative Delay - Reference Relative Delay - Relative CRPR + Uncertainty)

Endpoint path:
    Location             Delay type                Incr(ns)  Path(ns)    Netlist Resource(s)
  -------------------------------------------------------------------    -------------------
                         (clock usb_clk rise edge)    0.000     0.000 r  
    Y4                                                0.000     0.000 r  usb_clk_60m (IN)
                         net (fo=0)                   0.000     0.000    usb_clk_60m
    Y4                   IBUF (Prop_ibuf_I_O)         1.439     1.439 r  usb_clk_60m_IBUF_inst/O
                         net (fo=1, routed)           1.689     3.127    usb_clk_60m_IBUF
    BUFGCTRL_X0Y0        BUFG (Prop_bufg_I_O)         0.081     3.208 r  synchronous.usb_clock_buffer/O
                         net (fo=1013, routed)        1.440     4.648    synchronous.rx_fifo/synchronous.usb_clk
    SLICE_X63Y43         FDCE                                         r  synchronous.rx_fifo/wgray_reg[4]/C
  -------------------------------------------------------------------    -------------------
    SLICE_X63Y43         FDCE (Prop_fdce_C_Q)         0.348     4.996 r  synchronous.rx_fifo/wgray_reg[4]/Q
                         net (fo=1, routed)           0.627     5.623    synchronous.rx_fifo/wgray[4]
    SLICE_X65Y43         FDCE                                         r  synchronous.rx_fifo/wgray_r1_reg[4]/D
  -------------------------------------------------------------------    -------------------

                         (clock core_raw rise edge)
                                                      0.000     0.000 r  
    R4                                                0.000     0.000 r  sys_clk (IN)
                         net (fo=0)                   0.000     0.000    sys_clk
    R4                   IBUF (Prop_ibuf_I_O)         1.366     1.366 r  sys_clk_IBUF_inst/O
                         net (fo=1, routed)           1.004     2.369    multiplied_clock.clock_generator/sys_clk_IBUF
    MMCME2_ADV_X1Y0      MMCME2_ADV (Prop_mmcme2_adv_CLKIN1_CLKOUT0)
                                                     -6.057    -3.688 r  multiplied_clock.clock_generator/mmcm/CLKOUT0
                         net (fo=1, routed)           1.352    -2.335    multiplied_clock.clock_generator/core_raw
    BUFGCTRL_X0Y2        BUFG (Prop_bufg_I_O)         0.077    -2.258 r  multiplied_clock.clock_generator/core_buffer/O
                         net (fo=16673, routed)       1.331    -0.928    synchronous.rx_fifo/core_clk
    SLICE_X65Y43         FDCE                                         r  synchronous.rx_fifo/wgray_r1_reg[4]/C
                         clock pessimism              0.000    -0.928    
    SLICE_X65Y43         FDCE (Setup_fdce_C_D)       -0.208    -1.136    synchronous.rx_fifo/wgray_r1_reg[4]
  -------------------------------------------------------------------
                         data arrival                           5.623    
                         clock arrival                         -1.136    
  -------------------------------------------------------------------
                         relative delay                         6.758    

Reference path:
    Location             Delay type                Incr(ns)  Path(ns)    Netlist Resource(s)
  -------------------------------------------------------------------    -------------------
                         (clock usb_clk rise edge)    0.000     0.000 r  
    Y4                                                0.000     0.000 r  usb_clk_60m (IN)
                         net (fo=0)                   0.000     0.000    usb_clk_60m
    Y4                   IBUF (Prop_ibuf_I_O)         1.372     1.372 r  usb_clk_60m_IBUF_inst/O
                         net (fo=1, routed)           1.599     2.972    usb_clk_60m_IBUF
    BUFGCTRL_X0Y0        BUFG (Prop_bufg_I_O)         0.077     3.049 r  synchronous.usb_clock_buffer/O
                         net (fo=1013, routed)        1.330     4.378    synchronous.rx_fifo/synchronous.usb_clk
    SLICE_X65Y40         FDCE                                         r  synchronous.rx_fifo/wgray_reg[6]/C
  -------------------------------------------------------------------    -------------------
    SLICE_X65Y40         FDCE (Prop_fdce_C_Q)         0.304     4.682 r  synchronous.rx_fifo/wgray_reg[6]/Q
                         net (fo=1, routed)           0.206     4.888    synchronous.rx_fifo/wgray[6]
    SLICE_X62Y41         FDCE                                         r  synchronous.rx_fifo/wgray_r1_reg[6]/D
  -------------------------------------------------------------------    -------------------

                         (clock core_raw rise edge)
                                                      0.000     0.000 r  
    R4                                                0.000     0.000 r  sys_clk (IN)
                         net (fo=0)                   0.000     0.000    sys_clk
    R4                   IBUF (Prop_ibuf_I_O)         1.432     1.432 r  sys_clk_IBUF_inst/O
                         net (fo=1, routed)           1.065     2.497    multiplied_clock.clock_generator/sys_clk_IBUF
    MMCME2_ADV_X1Y0      MMCME2_ADV (Prop_mmcme2_adv_CLKIN1_CLKOUT0)
                                                     -5.921    -3.424 r  multiplied_clock.clock_generator/mmcm/CLKOUT0
                         net (fo=1, routed)           1.421    -2.004    multiplied_clock.clock_generator/core_raw
    BUFGCTRL_X0Y2        BUFG (Prop_bufg_I_O)         0.081    -1.923 r  multiplied_clock.clock_generator/core_buffer/O
                         net (fo=16673, routed)       1.439    -0.484    synchronous.rx_fifo/core_clk
    SLICE_X62Y41         FDCE                                         r  synchronous.rx_fifo/wgray_r1_reg[6]/C
                         clock pessimism              0.000    -0.484    
    SLICE_X62Y41         FDCE (Hold_fdce_C_D)         0.138    -0.346    synchronous.rx_fifo/wgray_r1_reg[6]
  -------------------------------------------------------------------
                         data arrival                           4.888    
                         clock arrival                         -0.346    
  -------------------------------------------------------------------
                         relative delay                         5.234    



Id: 4
set_bus_skew -from [get_cells -hier -filter {IS_SEQUENTIAL == 1 && (NAME =~ *rx_fifo/rgray_reg* || NAME =~ *rx_fifo/rbin_reg*)}] -to [get_cells -hier -filter {IS_SEQUENTIAL == 1 && NAME =~ *rx_fifo/rgray_w1_reg*}] 10.000
Requirement: 10.000ns
Endpoints: 9

From Clock            To Clock              Endpoint Pin                    Reference Pin                   Corner  Actual(ns)  Slack(ns)
--------------------  --------------------  ------------------------------  ------------------------------  ------  ----------  ---------
core_raw              usb_clk               synchronous.rx_fifo/rgray_w1_reg[8]/D
                                                                            synchronous.rx_fifo/rgray_w1_reg[4]/D
                                                                                                            Slow         0.895      9.105


Slack (MET) :             9.105ns  (requirement - actual skew)
  Endpoint Source:        synchronous.rx_fifo/rbin_reg[8]/C
                            (rising edge-triggered cell FDCE clocked by core_raw)
  Endpoint Destination:   synchronous.rx_fifo/rgray_w1_reg[8]/D
                            (rising edge-triggered cell FDCE clocked by usb_clk)
  Reference Source:       synchronous.rx_fifo/rgray_reg[4]/C
                            (rising edge-triggered cell FDCE clocked by core_raw)
  Reference Destination:  synchronous.rx_fifo/rgray_w1_reg[4]/D
                            (rising edge-triggered cell FDCE clocked by usb_clk)
  Path Type:              Bus Skew (Max at Slow Process Corner)
  Requirement:            10.000ns
  Endpoint Relative Delay:   -3.762ns
  Reference Relative Delay:  -5.212ns
  Relative CRPR:              0.686ns
  Uncertainty:                0.131ns
  Actual Bus Skew:            0.895ns  (Endpoint Relative Delay - Reference Relative Delay - Relative CRPR + Uncertainty)

Endpoint path:
    Location             Delay type                Incr(ns)  Path(ns)    Netlist Resource(s)
  -------------------------------------------------------------------    -------------------
                         (clock core_raw rise edge)
                                                      0.000     0.000 r  
    R4                                                0.000     0.000 r  sys_clk (IN)
                         net (fo=0)                   0.000     0.000    sys_clk
    R4                   IBUF (Prop_ibuf_I_O)         1.432     1.432 r  sys_clk_IBUF_inst/O
                         net (fo=1, routed)           1.065     2.497    multiplied_clock.clock_generator/sys_clk_IBUF
    MMCME2_ADV_X1Y0      MMCME2_ADV (Prop_mmcme2_adv_CLKIN1_CLKOUT0)
                                                     -5.921    -3.424 r  multiplied_clock.clock_generator/mmcm/CLKOUT0
                         net (fo=1, routed)           1.421    -2.004    multiplied_clock.clock_generator/core_raw
    BUFGCTRL_X0Y2        BUFG (Prop_bufg_I_O)         0.081    -1.923 r  multiplied_clock.clock_generator/core_buffer/O
                         net (fo=16673, routed)       1.440    -0.483    synchronous.rx_fifo/core_clk
    SLICE_X65Y42         FDCE                                         r  synchronous.rx_fifo/rbin_reg[8]/C
  -------------------------------------------------------------------    -------------------
    SLICE_X65Y42         FDCE (Prop_fdce_C_Q)         0.379    -0.104 r  synchronous.rx_fifo/rbin_reg[8]/Q
                         net (fo=4, routed)           0.648     0.544    synchronous.rx_fifo/rbin_reg[8]
    SLICE_X63Y43         FDCE                                         r  synchronous.rx_fifo/rgray_w1_reg[8]/D
  -------------------------------------------------------------------    -------------------

                         (clock usb_clk rise edge)    0.000     0.000 r  
    Y4                                                0.000     0.000 r  usb_clk_60m (IN)
                         net (fo=0)                   0.000     0.000    usb_clk_60m
    Y4                   IBUF (Prop_ibuf_I_O)         1.372     1.372 r  usb_clk_60m_IBUF_inst/O
                         net (fo=1, routed)           1.599     2.972    usb_clk_60m_IBUF
    BUFGCTRL_X0Y0        BUFG (Prop_bufg_I_O)         0.077     3.049 r  synchronous.usb_clock_buffer/O
                         net (fo=1013, routed)        1.331     4.379    synchronous.rx_fifo/synchronous.usb_clk
    SLICE_X63Y43         FDCE                                         r  synchronous.rx_fifo/rgray_w1_reg[8]/C
                         clock pessimism              0.000     4.379    
    SLICE_X63Y43         FDCE (Setup_fdce_C_D)       -0.073     4.306    synchronous.rx_fifo/rgray_w1_reg[8]
  -------------------------------------------------------------------
                         data arrival                           0.544    
                         clock arrival                          4.306    
  -------------------------------------------------------------------
                         relative delay                        -3.762    

Reference path:
    Location             Delay type                Incr(ns)  Path(ns)    Netlist Resource(s)
  -------------------------------------------------------------------    -------------------
                         (clock core_raw rise edge)
                                                      0.000     0.000 r  
    R4                                                0.000     0.000 r  sys_clk (IN)
                         net (fo=0)                   0.000     0.000    sys_clk
    R4                   IBUF (Prop_ibuf_I_O)         1.366     1.366 r  sys_clk_IBUF_inst/O
                         net (fo=1, routed)           1.004     2.369    multiplied_clock.clock_generator/sys_clk_IBUF
    MMCME2_ADV_X1Y0      MMCME2_ADV (Prop_mmcme2_adv_CLKIN1_CLKOUT0)
                                                     -6.057    -3.688 r  multiplied_clock.clock_generator/mmcm/CLKOUT0
                         net (fo=1, routed)           1.352    -2.335    multiplied_clock.clock_generator/core_raw
    BUFGCTRL_X0Y2        BUFG (Prop_bufg_I_O)         0.077    -2.258 r  multiplied_clock.clock_generator/core_buffer/O
                         net (fo=16673, routed)       1.331    -0.928    synchronous.rx_fifo/core_clk
    SLICE_X65Y42         FDCE                                         r  synchronous.rx_fifo/rgray_reg[4]/C
  -------------------------------------------------------------------    -------------------
    SLICE_X65Y42         FDCE (Prop_fdce_C_Q)         0.304    -0.624 r  synchronous.rx_fifo/rgray_reg[4]/Q
                         net (fo=1, routed)           0.195    -0.429    synchronous.rx_fifo/rgray[4]
    SLICE_X65Y41         FDCE                                         r  synchronous.rx_fifo/rgray_w1_reg[4]/D
  -------------------------------------------------------------------    -------------------

                         (clock usb_clk rise edge)    0.000     0.000 r  
    Y4                                                0.000     0.000 r  usb_clk_60m (IN)
                         net (fo=0)                   0.000     0.000    usb_clk_60m
    Y4                   IBUF (Prop_ibuf_I_O)         1.439     1.439 r  usb_clk_60m_IBUF_inst/O
                         net (fo=1, routed)           1.689     3.127    usb_clk_60m_IBUF
    BUFGCTRL_X0Y0        BUFG (Prop_bufg_I_O)         0.081     3.208 r  synchronous.usb_clock_buffer/O
                         net (fo=1013, routed)        1.439     4.647    synchronous.rx_fifo/synchronous.usb_clk
    SLICE_X65Y41         FDCE                                         r  synchronous.rx_fifo/rgray_w1_reg[4]/C
                         clock pessimism              0.000     4.647    
    SLICE_X65Y41         FDCE (Hold_fdce_C_D)         0.136     4.783    synchronous.rx_fifo/rgray_w1_reg[4]
  -------------------------------------------------------------------
                         data arrival                          -0.429    
                         clock arrival                          4.783    
  -------------------------------------------------------------------
                         relative delay                        -5.212    



Id: 5
set_bus_skew -from [get_cells -hier -filter {IS_SEQUENTIAL == 1 && (NAME =~ *pixel_fifo/wgray_reg* || NAME =~ *pixel_fifo/wbin_reg*)}] -to [get_cells -hier -filter {IS_SEQUENTIAL == 1 && NAME =~ *pixel_fifo/wgray_r1_reg*}] 13.250
Requirement: 13.250ns
Endpoints: 13

From Clock            To Clock              Endpoint Pin                    Reference Pin                   Corner  Actual(ns)  Slack(ns)
--------------------  --------------------  ------------------------------  ------------------------------  ------  ----------  ---------
clock_raw             core_raw              real_camera.capture/pixel_fifo/wgray_r1_reg[11]/D
                                                                            real_camera.capture/pixel_fifo/wgray_r1_reg[0]/D
                                                                                                            Slow         1.110     12.140


Slack (MET) :             12.140ns  (requirement - actual skew)
  Endpoint Source:        real_camera.capture/pixel_fifo/wgray_reg[11]/C
                            (falling edge-triggered cell FDCE clocked by clock_raw)
  Endpoint Destination:   real_camera.capture/pixel_fifo/wgray_r1_reg[11]/D
                            (rising edge-triggered cell FDCE clocked by core_raw)
  Reference Source:       real_camera.capture/pixel_fifo/wgray_reg[0]/C
                            (falling edge-triggered cell FDCE clocked by clock_raw)
  Reference Destination:  real_camera.capture/pixel_fifo/wgray_r1_reg[0]/D
                            (rising edge-triggered cell FDCE clocked by core_raw)
  Path Type:              Bus Skew (Max at Slow Process Corner)
  Requirement:            13.250ns
  Endpoint Relative Delay:    3.649ns
  Reference Relative Delay:   1.464ns
  Relative CRPR:              1.292ns
  Uncertainty:                0.217ns
  Actual Bus Skew:            1.110ns  (Endpoint Relative Delay - Reference Relative Delay - Relative CRPR + Uncertainty)

Endpoint path:
    Location             Delay type                Incr(ns)  Path(ns)    Netlist Resource(s)
  -------------------------------------------------------------------    -------------------
                         (clock clock_raw fall edge)
                                                      0.000     0.000 f  
    F14                                               0.000     0.000 f  cam_pclk (IN)
                         net (fo=0)                   0.000     0.000    cam_pclk
    F14                  IBUF (Prop_ibuf_I_O)         1.392     1.392 f  cam_pclk_IBUF_inst/O
                         net (fo=1, routed)           3.115     4.507    real_camera.phase_clock.sampling_clock/pclk
    MMCME2_ADV_X0Y0      MMCME2_ADV (Prop_mmcme2_adv_CLKIN1_CLKOUT0)
                                                     -5.924    -1.417 f  real_camera.phase_clock.sampling_clock/camera_mmcm/CLKOUT0
                         net (fo=1, routed)           1.425     0.007    real_camera.phase_clock.sampling_clock/clock_raw
    BUFGCTRL_X0Y3        BUFG (Prop_bufg_I_O)         0.081     0.088 f  real_camera.phase_clock.sampling_clock/sample_buffer/O
                         net (fo=496, routed)         1.413     1.502    real_camera.capture/pixel_fifo/sample_clk
    SLICE_X0Y79          FDCE                                         r  real_camera.capture/pixel_fifo/wgray_reg[11]/C  (IS_INVERTED)
  -------------------------------------------------------------------    -------------------
    SLICE_X0Y79          FDCE (Prop_fdce_C_Q)         0.353     1.855 r  real_camera.capture/pixel_fifo/wgray_reg[11]/Q
                         net (fo=1, routed)           0.633     2.487    real_camera.capture/pixel_fifo/wgray[11]
    SLICE_X0Y78          FDCE                                         r  real_camera.capture/pixel_fifo/wgray_r1_reg[11]/D
  -------------------------------------------------------------------    -------------------

                         (clock core_raw rise edge)
                                                      0.000     0.000 r  
    R4                                                0.000     0.000 r  sys_clk (IN)
                         net (fo=0)                   0.000     0.000    sys_clk
    R4                   IBUF (Prop_ibuf_I_O)         1.366     1.366 r  sys_clk_IBUF_inst/O
                         net (fo=1, routed)           1.004     2.369    multiplied_clock.clock_generator/sys_clk_IBUF
    MMCME2_ADV_X1Y0      MMCME2_ADV (Prop_mmcme2_adv_CLKIN1_CLKOUT0)
                                                     -6.057    -3.688 r  multiplied_clock.clock_generator/mmcm/CLKOUT0
                         net (fo=1, routed)           1.352    -2.335    multiplied_clock.clock_generator/core_raw
    BUFGCTRL_X0Y2        BUFG (Prop_bufg_I_O)         0.077    -2.258 r  multiplied_clock.clock_generator/core_buffer/O
                         net (fo=16673, routed)       1.304    -0.954    real_camera.capture/pixel_fifo/core_clk
    SLICE_X0Y78          FDCE                                         r  real_camera.capture/pixel_fifo/wgray_r1_reg[11]/C
                         clock pessimism              0.000    -0.954    
    SLICE_X0Y78          FDCE (Setup_fdce_C_D)       -0.207    -1.161    real_camera.capture/pixel_fifo/wgray_r1_reg[11]
  -------------------------------------------------------------------
                         data arrival                           2.487    
                         clock arrival                         -1.161    
  -------------------------------------------------------------------
                         relative delay                         3.649    

Reference path:
    Location             Delay type                Incr(ns)  Path(ns)    Netlist Resource(s)
  -------------------------------------------------------------------    -------------------
                         (clock clock_raw fall edge)
                                                      0.000     0.000 f  
    F14                                               0.000     0.000 f  cam_pclk (IN)
                         net (fo=0)                   0.000     0.000    cam_pclk
    F14                  IBUF (Prop_ibuf_I_O)         1.327     1.327 f  cam_pclk_IBUF_inst/O
                         net (fo=1, routed)           2.581     3.908    real_camera.phase_clock.sampling_clock/pclk
    MMCME2_ADV_X0Y0      MMCME2_ADV (Prop_mmcme2_adv_CLKIN1_CLKOUT0)
                                                     -6.061    -2.154 f  real_camera.phase_clock.sampling_clock/camera_mmcm/CLKOUT0
                         net (fo=1, routed)           1.357    -0.796    real_camera.phase_clock.sampling_clock/clock_raw
    BUFGCTRL_X0Y3        BUFG (Prop_bufg_I_O)         0.077    -0.719 f  real_camera.phase_clock.sampling_clock/sample_buffer/O
                         net (fo=496, routed)         1.304     0.585    real_camera.capture/pixel_fifo/sample_clk
    SLICE_X0Y77          FDCE                                         r  real_camera.capture/pixel_fifo/wgray_reg[0]/C  (IS_INVERTED)
  -------------------------------------------------------------------    -------------------
    SLICE_X0Y77          FDCE (Prop_fdce_C_Q)         0.308     0.893 r  real_camera.capture/pixel_fifo/wgray_reg[0]/Q
                         net (fo=1, routed)           0.196     1.088    real_camera.capture/pixel_fifo/wgray[0]
    SLICE_X5Y77          FDCE                                         r  real_camera.capture/pixel_fifo/wgray_r1_reg[0]/D
  -------------------------------------------------------------------    -------------------

                         (clock core_raw rise edge)
                                                      0.000     0.000 r  
    R4                                                0.000     0.000 r  sys_clk (IN)
                         net (fo=0)                   0.000     0.000    sys_clk
    R4                   IBUF (Prop_ibuf_I_O)         1.432     1.432 r  sys_clk_IBUF_inst/O
                         net (fo=1, routed)           1.065     2.497    multiplied_clock.clock_generator/sys_clk_IBUF
    MMCME2_ADV_X1Y0      MMCME2_ADV (Prop_mmcme2_adv_CLKIN1_CLKOUT0)
                                                     -5.921    -3.424 r  multiplied_clock.clock_generator/mmcm/CLKOUT0
                         net (fo=1, routed)           1.421    -2.004    multiplied_clock.clock_generator/core_raw
    BUFGCTRL_X0Y2        BUFG (Prop_bufg_I_O)         0.081    -1.923 r  multiplied_clock.clock_generator/core_buffer/O
                         net (fo=16673, routed)       1.409    -0.513    real_camera.capture/pixel_fifo/core_clk
    SLICE_X5Y77          FDCE                                         r  real_camera.capture/pixel_fifo/wgray_r1_reg[0]/C
                         clock pessimism              0.000    -0.513    
    SLICE_X5Y77          FDCE (Hold_fdce_C_D)         0.138    -0.375    real_camera.capture/pixel_fifo/wgray_r1_reg[0]
  -------------------------------------------------------------------
                         data arrival                           1.088    
                         clock arrival                         -0.375    
  -------------------------------------------------------------------
                         relative delay                         1.464    



Id: 6
set_bus_skew -from [get_cells -hier -filter {IS_SEQUENTIAL == 1 && (NAME =~ *pixel_fifo/rgray_reg* || NAME =~ *pixel_fifo/rbin_reg*)}] -to [get_cells -hier -filter {IS_SEQUENTIAL == 1 && NAME =~ *pixel_fifo/rgray_w1_reg*}] 10.000
Requirement: 10.000ns
Endpoints: 13

From Clock            To Clock              Endpoint Pin                    Reference Pin                   Corner  Actual(ns)  Slack(ns)
--------------------  --------------------  ------------------------------  ------------------------------  ------  ----------  ---------
core_raw              clock_raw             real_camera.capture/pixel_fifo/rgray_w1_reg[7]/D
                                                                            real_camera.capture/pixel_fifo/rgray_w1_reg[12]/D
                                                                                                            Slow         1.146      8.854


Slack (MET) :             8.854ns  (requirement - actual skew)
  Endpoint Source:        real_camera.capture/pixel_fifo/rgray_reg[7]/C
                            (rising edge-triggered cell FDCE clocked by core_raw)
  Endpoint Destination:   real_camera.capture/pixel_fifo/rgray_w1_reg[7]/D
                            (falling edge-triggered cell FDCE clocked by clock_raw)
  Reference Source:       real_camera.capture/pixel_fifo/rgray_reg[12]/C
                            (rising edge-triggered cell FDCE clocked by core_raw)
  Reference Destination:  real_camera.capture/pixel_fifo/rgray_w1_reg[12]/D
                            (falling edge-triggered cell FDCE clocked by clock_raw)
  Path Type:              Bus Skew (Max at Slow Process Corner)
  Requirement:            10.000ns
  Endpoint Relative Delay:    0.189ns
  Reference Relative Delay:  -2.032ns
  Relative CRPR:              1.292ns
  Uncertainty:                0.217ns
  Actual Bus Skew:            1.146ns  (Endpoint Relative Delay - Reference Relative Delay - Relative CRPR + Uncertainty)

Endpoint path:
    Location             Delay type                Incr(ns)  Path(ns)    Netlist Resource(s)
  -------------------------------------------------------------------    -------------------
                         (clock core_raw rise edge)
                                                      0.000     0.000 r  
    R4                                                0.000     0.000 r  sys_clk (IN)
                         net (fo=0)                   0.000     0.000    sys_clk
    R4                   IBUF (Prop_ibuf_I_O)         1.432     1.432 r  sys_clk_IBUF_inst/O
                         net (fo=1, routed)           1.065     2.497    multiplied_clock.clock_generator/sys_clk_IBUF
    MMCME2_ADV_X1Y0      MMCME2_ADV (Prop_mmcme2_adv_CLKIN1_CLKOUT0)
                                                     -5.921    -3.424 r  multiplied_clock.clock_generator/mmcm/CLKOUT0
                         net (fo=1, routed)           1.421    -2.004    multiplied_clock.clock_generator/core_raw
    BUFGCTRL_X0Y2        BUFG (Prop_bufg_I_O)         0.081    -1.923 r  multiplied_clock.clock_generator/core_buffer/O
                         net (fo=16673, routed)       1.410    -0.512    real_camera.capture/pixel_fifo/core_clk
    SLICE_X6Y78          FDCE                                         r  real_camera.capture/pixel_fifo/rgray_reg[7]/C
  -------------------------------------------------------------------    -------------------
    SLICE_X6Y78          FDCE (Prop_fdce_C_Q)         0.433    -0.079 r  real_camera.capture/pixel_fifo/rgray_reg[7]/Q
                         net (fo=1, routed)           0.782     0.703    real_camera.capture/pixel_fifo/rgray[7]
    SLICE_X4Y77          FDCE                                         r  real_camera.capture/pixel_fifo/rgray_w1_reg[7]/D
  -------------------------------------------------------------------    -------------------

                         (clock clock_raw fall edge)
                                                      0.000     0.000 f  
    F14                                               0.000     0.000 f  cam_pclk (IN)
                         net (fo=0)                   0.000     0.000    cam_pclk
    F14                  IBUF (Prop_ibuf_I_O)         1.327     1.327 f  cam_pclk_IBUF_inst/O
                         net (fo=1, routed)           2.581     3.908    real_camera.phase_clock.sampling_clock/pclk
    MMCME2_ADV_X0Y0      MMCME2_ADV (Prop_mmcme2_adv_CLKIN1_CLKOUT0)
                                                     -6.061    -2.154 f  real_camera.phase_clock.sampling_clock/camera_mmcm/CLKOUT0
                         net (fo=1, routed)           1.357    -0.796    real_camera.phase_clock.sampling_clock/clock_raw
    BUFGCTRL_X0Y3        BUFG (Prop_bufg_I_O)         0.077    -0.719 f  real_camera.phase_clock.sampling_clock/sample_buffer/O
                         net (fo=496, routed)         1.303     0.584    real_camera.capture/pixel_fifo/sample_clk
    SLICE_X4Y77          FDCE                                         r  real_camera.capture/pixel_fifo/rgray_w1_reg[7]/C  (IS_INVERTED)
                         clock pessimism              0.000     0.584    
    SLICE_X4Y77          FDCE (Setup_fdce_C_D)       -0.070     0.514    real_camera.capture/pixel_fifo/rgray_w1_reg[7]
  -------------------------------------------------------------------
                         data arrival                           0.703    
                         clock arrival                          0.514    
  -------------------------------------------------------------------
                         relative delay                         0.189    

Reference path:
    Location             Delay type                Incr(ns)  Path(ns)    Netlist Resource(s)
  -------------------------------------------------------------------    -------------------
                         (clock core_raw rise edge)
                                                      0.000     0.000 r  
    R4                                                0.000     0.000 r  sys_clk (IN)
                         net (fo=0)                   0.000     0.000    sys_clk
    R4                   IBUF (Prop_ibuf_I_O)         1.366     1.366 r  sys_clk_IBUF_inst/O
                         net (fo=1, routed)           1.004     2.369    multiplied_clock.clock_generator/sys_clk_IBUF
    MMCME2_ADV_X1Y0      MMCME2_ADV (Prop_mmcme2_adv_CLKIN1_CLKOUT0)
                                                     -6.057    -3.688 r  multiplied_clock.clock_generator/mmcm/CLKOUT0
                         net (fo=1, routed)           1.352    -2.335    multiplied_clock.clock_generator/core_raw
    BUFGCTRL_X0Y2        BUFG (Prop_bufg_I_O)         0.077    -2.258 r  multiplied_clock.clock_generator/core_buffer/O
                         net (fo=16673, routed)       1.306    -0.952    real_camera.capture/pixel_fifo/core_clk
    SLICE_X7Y80          FDCE                                         r  real_camera.capture/pixel_fifo/rgray_reg[12]/C
  -------------------------------------------------------------------    -------------------
    SLICE_X7Y80          FDCE (Prop_fdce_C_Q)         0.304    -0.648 r  real_camera.capture/pixel_fifo/rgray_reg[12]/Q
                         net (fo=1, routed)           0.310    -0.339    real_camera.capture/pixel_fifo/rgray[12]
    SLICE_X2Y80          FDCE                                         r  real_camera.capture/pixel_fifo/rgray_w1_reg[12]/D
  -------------------------------------------------------------------    -------------------

                         (clock clock_raw fall edge)
                                                      0.000     0.000 f  
    F14                                               0.000     0.000 f  cam_pclk (IN)
                         net (fo=0)                   0.000     0.000    cam_pclk
    F14                  IBUF (Prop_ibuf_I_O)         1.392     1.392 f  cam_pclk_IBUF_inst/O
                         net (fo=1, routed)           3.115     4.507    real_camera.phase_clock.sampling_clock/pclk
    MMCME2_ADV_X0Y0      MMCME2_ADV (Prop_mmcme2_adv_CLKIN1_CLKOUT0)
                                                     -5.924    -1.417 f  real_camera.phase_clock.sampling_clock/camera_mmcm/CLKOUT0
                         net (fo=1, routed)           1.425     0.007    real_camera.phase_clock.sampling_clock/clock_raw
    BUFGCTRL_X0Y3        BUFG (Prop_bufg_I_O)         0.081     0.088 f  real_camera.phase_clock.sampling_clock/sample_buffer/O
                         net (fo=496, routed)         1.414     1.503    real_camera.capture/pixel_fifo/sample_clk
    SLICE_X2Y80          FDCE                                         r  real_camera.capture/pixel_fifo/rgray_w1_reg[12]/C  (IS_INVERTED)
                         clock pessimism              0.000     1.503    
    SLICE_X2Y80          FDCE (Hold_fdce_C_D)         0.191     1.694    real_camera.capture/pixel_fifo/rgray_w1_reg[12]
  -------------------------------------------------------------------
                         data arrival                          -0.339    
                         clock arrival                          1.694    
  -------------------------------------------------------------------
                         relative delay                        -2.032    



Id: 7
set_bus_skew -from [get_cells -hier -filter {IS_SEQUENTIAL == 1 && (NAME =~ *capture/*_gray_reg* || NAME =~ *capture/*_bin_reg*)}] -to [get_cells -hier -filter {IS_SEQUENTIAL == 1 && NAME =~ *capture/*_c1_reg*}] 13.250
Requirement: 13.250ns
Endpoints: 192

From Clock            To Clock              Endpoint Pin                    Reference Pin                   Corner  Actual(ns)  Slack(ns)
--------------------  --------------------  ------------------------------  ------------------------------  ------  ----------  ---------
clock_raw             core_raw              real_camera.capture/overflow_c1_reg[10]/D
                                                                            real_camera.capture/dropped_c1_reg[25]/D
                                                                                                            Slow         1.285     11.965


Slack (MET) :             11.965ns  (requirement - actual skew)
  Endpoint Source:        real_camera.capture/overflow_gray_reg[10]/C
                            (falling edge-triggered cell FDCE clocked by clock_raw)
  Endpoint Destination:   real_camera.capture/overflow_c1_reg[10]/D
                            (rising edge-triggered cell FDCE clocked by core_raw)
  Reference Source:       real_camera.capture/dropped_gray_reg[25]/C
                            (falling edge-triggered cell FDCE clocked by clock_raw)
  Reference Destination:  real_camera.capture/dropped_c1_reg[25]/D
                            (rising edge-triggered cell FDCE clocked by core_raw)
  Path Type:              Bus Skew (Max at Slow Process Corner)
  Requirement:            13.250ns
  Endpoint Relative Delay:    3.655ns
  Reference Relative Delay:   1.430ns
  Relative CRPR:              1.157ns
  Uncertainty:                0.217ns
  Actual Bus Skew:            1.285ns  (Endpoint Relative Delay - Reference Relative Delay - Relative CRPR + Uncertainty)

Endpoint path:
    Location             Delay type                Incr(ns)  Path(ns)    Netlist Resource(s)
  -------------------------------------------------------------------    -------------------
                         (clock clock_raw fall edge)
                                                      0.000     0.000 f  
    F14                                               0.000     0.000 f  cam_pclk (IN)
                         net (fo=0)                   0.000     0.000    cam_pclk
    F14                  IBUF (Prop_ibuf_I_O)         1.392     1.392 f  cam_pclk_IBUF_inst/O
                         net (fo=1, routed)           3.115     4.507    real_camera.phase_clock.sampling_clock/pclk
    MMCME2_ADV_X0Y0      MMCME2_ADV (Prop_mmcme2_adv_CLKIN1_CLKOUT0)
                                                     -5.924    -1.417 f  real_camera.phase_clock.sampling_clock/camera_mmcm/CLKOUT0
                         net (fo=1, routed)           1.425     0.007    real_camera.phase_clock.sampling_clock/clock_raw
    BUFGCTRL_X0Y3        BUFG (Prop_bufg_I_O)         0.081     0.088 f  real_camera.phase_clock.sampling_clock/sample_buffer/O
                         net (fo=496, routed)         1.522     1.610    real_camera.capture/sample_clk
    SLICE_X14Y103        FDCE                                         r  real_camera.capture/overflow_gray_reg[10]/C  (IS_INVERTED)
  -------------------------------------------------------------------    -------------------
    SLICE_X14Y103        FDCE (Prop_fdce_C_Q)         0.437     2.047 r  real_camera.capture/overflow_gray_reg[10]/Q
                         net (fo=1, routed)           0.676     2.724    real_camera.capture/overflow_gray[10]
    SLICE_X24Y102        FDCE                                         r  real_camera.capture/overflow_c1_reg[10]/D
  -------------------------------------------------------------------    -------------------

                         (clock core_raw rise edge)
                                                      0.000     0.000 r  
    R4                                                0.000     0.000 r  sys_clk (IN)
                         net (fo=0)                   0.000     0.000    sys_clk
    R4                   IBUF (Prop_ibuf_I_O)         1.366     1.366 r  sys_clk_IBUF_inst/O
                         net (fo=1, routed)           1.004     2.369    multiplied_clock.clock_generator/sys_clk_IBUF
    MMCME2_ADV_X1Y0      MMCME2_ADV (Prop_mmcme2_adv_CLKIN1_CLKOUT0)
                                                     -6.057    -3.688 r  multiplied_clock.clock_generator/mmcm/CLKOUT0
                         net (fo=1, routed)           1.352    -2.335    multiplied_clock.clock_generator/core_raw
    BUFGCTRL_X0Y2        BUFG (Prop_bufg_I_O)         0.077    -2.258 r  multiplied_clock.clock_generator/core_buffer/O
                         net (fo=16673, routed)       1.402    -0.856    real_camera.capture/core_clk
    SLICE_X24Y102        FDCE                                         r  real_camera.capture/overflow_c1_reg[10]/C
                         clock pessimism              0.000    -0.856    
    SLICE_X24Y102        FDCE (Setup_fdce_C_D)       -0.075    -0.931    real_camera.capture/overflow_c1_reg[10]
  -------------------------------------------------------------------
                         data arrival                           2.724    
                         clock arrival                         -0.931    
  -------------------------------------------------------------------
                         relative delay                         3.655    

Reference path:
    Location             Delay type                Incr(ns)  Path(ns)    Netlist Resource(s)
  -------------------------------------------------------------------    -------------------
                         (clock clock_raw fall edge)
                                                      0.000     0.000 f  
    F14                                               0.000     0.000 f  cam_pclk (IN)
                         net (fo=0)                   0.000     0.000    cam_pclk
    F14                  IBUF (Prop_ibuf_I_O)         1.327     1.327 f  cam_pclk_IBUF_inst/O
                         net (fo=1, routed)           2.581     3.908    real_camera.phase_clock.sampling_clock/pclk
    MMCME2_ADV_X0Y0      MMCME2_ADV (Prop_mmcme2_adv_CLKIN1_CLKOUT0)
                                                     -6.061    -2.154 f  real_camera.phase_clock.sampling_clock/camera_mmcm/CLKOUT0
                         net (fo=1, routed)           1.357    -0.796    real_camera.phase_clock.sampling_clock/clock_raw
    BUFGCTRL_X0Y3        BUFG (Prop_bufg_I_O)         0.077    -0.719 f  real_camera.phase_clock.sampling_clock/sample_buffer/O
                         net (fo=496, routed)         1.248     0.529    real_camera.capture/sample_clk
    SLICE_X9Y99          FDCE                                         r  real_camera.capture/dropped_gray_reg[25]/C  (IS_INVERTED)
  -------------------------------------------------------------------    -------------------
    SLICE_X9Y99          FDCE (Prop_fdce_C_Q)         0.308     0.837 r  real_camera.capture/dropped_gray_reg[25]/Q
                         net (fo=1, routed)           0.216     1.053    real_camera.capture/dropped_gray[25]
    SLICE_X10Y99         FDCE                                         r  real_camera.capture/dropped_c1_reg[25]/D
  -------------------------------------------------------------------    -------------------

                         (clock core_raw rise edge)
                                                      0.000     0.000 r  
    R4                                                0.000     0.000 r  sys_clk (IN)
                         net (fo=0)                   0.000     0.000    sys_clk
    R4                   IBUF (Prop_ibuf_I_O)         1.432     1.432 r  sys_clk_IBUF_inst/O
                         net (fo=1, routed)           1.065     2.497    multiplied_clock.clock_generator/sys_clk_IBUF
    MMCME2_ADV_X1Y0      MMCME2_ADV (Prop_mmcme2_adv_CLKIN1_CLKOUT0)
                                                     -5.921    -3.424 r  multiplied_clock.clock_generator/mmcm/CLKOUT0
                         net (fo=1, routed)           1.421    -2.004    multiplied_clock.clock_generator/core_raw
    BUFGCTRL_X0Y2        BUFG (Prop_bufg_I_O)         0.081    -1.923 r  multiplied_clock.clock_generator/core_buffer/O
                         net (fo=16673, routed)       1.359    -0.563    real_camera.capture/core_clk
    SLICE_X10Y99         FDCE                                         r  real_camera.capture/dropped_c1_reg[25]/C
                         clock pessimism              0.000    -0.563    
    SLICE_X10Y99         FDCE (Hold_fdce_C_D)         0.187    -0.376    real_camera.capture/dropped_c1_reg[25]
  -------------------------------------------------------------------
                         data arrival                           1.053    
                         clock arrival                         -0.376    
  -------------------------------------------------------------------
                         relative delay                         1.430    



Id: 8
set_bus_skew -from [get_cells -hier -quiet -filter {IS_SEQUENTIAL == 1 && (NAME =~ *memory/bridge/write_fifo/wr_gray_reg* || NAME =~ *memory/bridge/write_fifo/wr_binary_reg*)}] -to [get_cells -hier -quiet -filter {IS_SEQUENTIAL == 1 && NAME =~ *memory/bridge/write_fifo/wr_gray_sync1_reg*}] 10.000
Requirement: 10.000ns
Endpoints: 7

From Clock            To Clock              Endpoint Pin                    Reference Pin                   Corner  Actual(ns)  Slack(ns)
--------------------  --------------------  ------------------------------  ------------------------------  ------  ----------  ---------
core_raw              clk_pll_i_1           memory/bridge/write_fifo/wr_gray_sync1_reg[6]/D
                                                                            memory/bridge/write_fifo/wr_gray_sync1_reg[2]/D
                                                                                                            Slow         0.952      9.048


Slack (MET) :             9.048ns  (requirement - actual skew)
  Endpoint Source:        memory/bridge/write_fifo/wr_gray_reg[6]/C
                            (rising edge-triggered cell FDCE clocked by core_raw)
  Endpoint Destination:   memory/bridge/write_fifo/wr_gray_sync1_reg[6]/D
                            (rising edge-triggered cell FDCE clocked by clk_pll_i_1)
  Reference Source:       memory/bridge/write_fifo/wr_gray_reg[2]/C
                            (rising edge-triggered cell FDCE clocked by core_raw)
  Reference Destination:  memory/bridge/write_fifo/wr_gray_sync1_reg[2]/D
                            (rising edge-triggered cell FDCE clocked by clk_pll_i_1)
  Path Type:              Bus Skew (Max at Slow Process Corner)
  Requirement:            10.000ns
  Endpoint Relative Delay:   -0.527ns
  Reference Relative Delay:  -1.777ns
  Relative CRPR:              0.523ns
  Uncertainty:                0.225ns
  Actual Bus Skew:            0.952ns  (Endpoint Relative Delay - Reference Relative Delay - Relative CRPR + Uncertainty)

Endpoint path:
    Location             Delay type                Incr(ns)  Path(ns)    Netlist Resource(s)
  -------------------------------------------------------------------    -------------------
                         (clock core_raw rise edge)
                                                      0.000     0.000 r  
    R4                                                0.000     0.000 r  sys_clk (IN)
                         net (fo=0)                   0.000     0.000    sys_clk
    R4                   IBUF (Prop_ibuf_I_O)         1.432     1.432 r  sys_clk_IBUF_inst/O
                         net (fo=1, routed)           1.065     2.497    multiplied_clock.clock_generator/sys_clk_IBUF
    MMCME2_ADV_X1Y0      MMCME2_ADV (Prop_mmcme2_adv_CLKIN1_CLKOUT0)
                                                     -5.921    -3.424 r  multiplied_clock.clock_generator/mmcm/CLKOUT0
                         net (fo=1, routed)           1.421    -2.004    multiplied_clock.clock_generator/core_raw
    BUFGCTRL_X0Y2        BUFG (Prop_bufg_I_O)         0.081    -1.923 r  multiplied_clock.clock_generator/core_buffer/O
                         net (fo=16673, routed)       1.359    -0.563    memory/bridge/write_fifo/core_clk
    SLICE_X49Y92         FDCE                                         r  memory/bridge/write_fifo/wr_gray_reg[6]/C
  -------------------------------------------------------------------    -------------------
    SLICE_X49Y92         FDCE (Prop_fdce_C_Q)         0.348    -0.215 r  memory/bridge/write_fifo/wr_gray_reg[6]/Q
                         net (fo=4, routed)           0.486     0.271    memory/bridge/write_fifo/wr_gray[6]
    SLICE_X49Y95         FDCE                                         r  memory/bridge/write_fifo/wr_gray_sync1_reg[6]/D
  -------------------------------------------------------------------    -------------------

                         (clock clk_pll_i_1 rise edge)
                                                      0.000     0.000 r  
    R4                                                0.000     0.000 r  sys_clk (IN)
                         net (fo=0)                   0.000     0.000    sys_clk
    R4                   IBUF (Prop_ibuf_I_O)         1.366     1.366 r  sys_clk_IBUF_inst/O
                         net (fo=1, routed)           1.004     2.369    multiplied_clock.clock_generator/sys_clk_IBUF
    MMCME2_ADV_X1Y0      MMCME2_ADV (Prop_mmcme2_adv_CLKIN1_CLKOUT1)
                                                     -6.057    -3.688 r  multiplied_clock.clock_generator/mmcm/CLKOUT1
                         net (fo=1, routed)           1.352    -2.335    multiplied_clock.clock_generator/ddr_ref_raw
    BUFGCTRL_X0Y1        BUFG (Prop_bufg_I_O)         0.077    -2.258 r  multiplied_clock.clock_generator/ddr_ref_buffer/O
                         net (fo=63, routed)          1.290    -0.968    memory/controller/u_davinci_ddr3_mig_mig/u_ddr3_infrastructure/mmcm_clk
    PLLE2_ADV_X1Y1       PLLE2_ADV (Prop_plle2_adv_CLKIN1_CLKOUT3)
                                                      0.073    -0.895 r  memory/controller/u_davinci_ddr3_mig_mig/u_ddr3_infrastructure/plle2_i/CLKOUT3
                         net (fo=1, routed)           0.929     0.034    memory/controller/u_davinci_ddr3_mig_mig/u_ddr3_infrastructure/pll_clk3_out
    BUFHCE_X1Y12         BUFH (Prop_bufh_I_O)         0.069     0.103 r  memory/controller/u_davinci_ddr3_mig_mig/u_ddr3_infrastructure/u_bufh_pll_clk3/O
                         net (fo=1, routed)           0.664     0.767    memory/controller/u_davinci_ddr3_mig_mig/u_ddr3_infrastructure/pll_clk3
    MMCME2_ADV_X1Y1      MMCME2_ADV (Prop_mmcme2_adv_CLKIN1_CLKFBOUT)
                                                     -2.699    -1.932 r  memory/controller/u_davinci_ddr3_mig_mig/u_ddr3_infrastructure/gen_mmcm.mmcm_i/CLKFBOUT
                         net (fo=1, routed)           1.352    -0.579    memory/controller/u_davinci_ddr3_mig_mig/u_ddr3_infrastructure/clk_pll_i
    BUFGCTRL_X0Y16       BUFG (Prop_bufg_I_O)         0.077    -0.502 r  memory/controller/u_davinci_ddr3_mig_mig/u_ddr3_infrastructure/u_bufg_clkdiv0/O
                         net (fo=4851, routed)        1.247     0.745    memory/bridge/write_fifo/CLK
    SLICE_X49Y95         FDCE                                         r  memory/bridge/write_fifo/wr_gray_sync1_reg[6]/C
                         clock pessimism              0.263     1.008    
    SLICE_X49Y95         FDCE (Setup_fdce_C_D)       -0.210     0.798    memory/bridge/write_fifo/wr_gray_sync1_reg[6]
  -------------------------------------------------------------------
                         data arrival                           0.271    
                         clock arrival                          0.798    
  -------------------------------------------------------------------
                         relative delay                        -0.527    

Reference path:
    Location             Delay type                Incr(ns)  Path(ns)    Netlist Resource(s)
  -------------------------------------------------------------------    -------------------
                         (clock core_raw rise edge)
                                                      0.000     0.000 r  
    R4                                                0.000     0.000 r  sys_clk (IN)
                         net (fo=0)                   0.000     0.000    sys_clk
    R4                   IBUF (Prop_ibuf_I_O)         1.366     1.366 r  sys_clk_IBUF_inst/O
                         net (fo=1, routed)           1.004     2.369    multiplied_clock.clock_generator/sys_clk_IBUF
    MMCME2_ADV_X1Y0      MMCME2_ADV (Prop_mmcme2_adv_CLKIN1_CLKOUT0)
                                                     -6.057    -3.688 r  multiplied_clock.clock_generator/mmcm/CLKOUT0
                         net (fo=1, routed)           1.352    -2.335    multiplied_clock.clock_generator/core_raw
    BUFGCTRL_X0Y2        BUFG (Prop_bufg_I_O)         0.077    -2.258 r  multiplied_clock.clock_generator/core_buffer/O
                         net (fo=16673, routed)       1.249    -1.009    memory/bridge/write_fifo/core_clk
    SLICE_X49Y94         FDCE                                         r  memory/bridge/write_fifo/wr_gray_reg[2]/C
  -------------------------------------------------------------------    -------------------
    SLICE_X49Y94         FDCE (Prop_fdce_C_Q)         0.304    -0.705 r  memory/bridge/write_fifo/wr_gray_reg[2]/Q
                         net (fo=2, routed)           0.206    -0.499    memory/bridge/write_fifo/wr_gray[2]
    SLICE_X49Y96         FDCE                                         r  memory/bridge/write_fifo/wr_gray_sync1_reg[2]/D
  -------------------------------------------------------------------    -------------------

                         (clock clk_pll_i_1 rise edge)
                                                      0.000     0.000 r  
    R4                                                0.000     0.000 r  sys_clk (IN)
                         net (fo=0)                   0.000     0.000    sys_clk
    R4                   IBUF (Prop_ibuf_I_O)         1.432     1.432 r  sys_clk_IBUF_inst/O
                         net (fo=1, routed)           1.065     2.497    multiplied_clock.clock_generator/sys_clk_IBUF
    MMCME2_ADV_X1Y0      MMCME2_ADV (Prop_mmcme2_adv_CLKIN1_CLKOUT1)
                                                     -5.921    -3.424 r  multiplied_clock.clock_generator/mmcm/CLKOUT1
                         net (fo=1, routed)           1.421    -2.004    multiplied_clock.clock_generator/ddr_ref_raw
    BUFGCTRL_X0Y1        BUFG (Prop_bufg_I_O)         0.081    -1.923 r  multiplied_clock.clock_generator/ddr_ref_buffer/O
                         net (fo=63, routed)          1.394    -0.528    memory/controller/u_davinci_ddr3_mig_mig/u_ddr3_infrastructure/mmcm_clk
    PLLE2_ADV_X1Y1       PLLE2_ADV (Prop_plle2_adv_CLKIN1_CLKOUT3)
                                                      0.077    -0.451 r  memory/controller/u_davinci_ddr3_mig_mig/u_ddr3_infrastructure/plle2_i/CLKOUT3
                         net (fo=1, routed)           1.062     0.611    memory/controller/u_davinci_ddr3_mig_mig/u_ddr3_infrastructure/pll_clk3_out
    BUFHCE_X1Y12         BUFH (Prop_bufh_I_O)         0.106     0.717 r  memory/controller/u_davinci_ddr3_mig_mig/u_ddr3_infrastructure/u_bufh_pll_clk3/O
                         net (fo=1, routed)           0.702     1.419    memory/controller/u_davinci_ddr3_mig_mig/u_ddr3_infrastructure/pll_clk3
    MMCME2_ADV_X1Y1      MMCME2_ADV (Prop_mmcme2_adv_CLKIN1_CLKFBOUT)
                                                     -2.874    -1.455 r  memory/controller/u_davinci_ddr3_mig_mig/u_ddr3_infrastructure/gen_mmcm.mmcm_i/CLKFBOUT
                         net (fo=1, routed)           1.421    -0.035    memory/controller/u_davinci_ddr3_mig_mig/u_ddr3_infrastructure/clk_pll_i
    BUFGCTRL_X0Y16       BUFG (Prop_bufg_I_O)         0.081     0.046 r  memory/controller/u_davinci_ddr3_mig_mig/u_ddr3_infrastructure/u_bufg_clkdiv0/O
                         net (fo=4851, routed)        1.357     1.404    memory/bridge/write_fifo/CLK
    SLICE_X49Y96         FDCE                                         r  memory/bridge/write_fifo/wr_gray_sync1_reg[2]/C
                         clock pessimism             -0.263     1.140    
    SLICE_X49Y96         FDCE (Hold_fdce_C_D)         0.138     1.278    memory/bridge/write_fifo/wr_gray_sync1_reg[2]
  -------------------------------------------------------------------
                         data arrival                          -0.499    
                         clock arrival                          1.278    
  -------------------------------------------------------------------
                         relative delay                        -1.777    



Id: 9
set_bus_skew -from [get_cells -hier -quiet -filter {IS_SEQUENTIAL == 1 && (NAME =~ *memory/bridge/write_fifo/rd_gray_reg* || NAME =~ *memory/bridge/write_fifo/rd_binary_reg*)}] -to [get_cells -hier -quiet -filter {IS_SEQUENTIAL == 1 && NAME =~ *memory/bridge/write_fifo/rd_gray_sync1_reg*}] 10.000
Requirement: 10.000ns
Endpoints: 7

From Clock            To Clock              Endpoint Pin                    Reference Pin                   Corner  Actual(ns)  Slack(ns)
--------------------  --------------------  ------------------------------  ------------------------------  ------  ----------  ---------
clk_pll_i_1           core_raw              memory/bridge/write_fifo/rd_gray_sync1_reg[3]/D
                                                                            memory/bridge/write_fifo/rd_gray_sync1_reg[6]/D
                                                                                                            Slow         1.079      8.921


Slack (MET) :             8.921ns  (requirement - actual skew)
  Endpoint Source:        memory/bridge/write_fifo/rd_gray_reg[3]/C
                            (rising edge-triggered cell FDCE clocked by clk_pll_i_1)
  Endpoint Destination:   memory/bridge/write_fifo/rd_gray_sync1_reg[3]/D
                            (rising edge-triggered cell FDCE clocked by core_raw)
  Reference Source:       memory/bridge/write_fifo/rd_gray_reg[6]/C
                            (rising edge-triggered cell FDCE clocked by clk_pll_i_1)
  Reference Destination:  memory/bridge/write_fifo/rd_gray_sync1_reg[6]/D
                            (rising edge-triggered cell FDCE clocked by core_raw)
  Path Type:              Bus Skew (Max at Slow Process Corner)
  Requirement:            10.000ns
  Endpoint Relative Delay:    3.402ns
  Reference Relative Delay:   2.036ns
  Relative CRPR:              0.489ns
  Uncertainty:                0.201ns
  Actual Bus Skew:            1.079ns  (Endpoint Relative Delay - Reference Relative Delay - Relative CRPR + Uncertainty)

Endpoint path:
    Location             Delay type                Incr(ns)  Path(ns)    Netlist Resource(s)
  -------------------------------------------------------------------    -------------------
                         (clock clk_pll_i_1 rise edge)
                                                      0.000     0.000 r  
    R4                                                0.000     0.000 r  sys_clk (IN)
                         net (fo=0)                   0.000     0.000    sys_clk
    R4                   IBUF (Prop_ibuf_I_O)         1.432     1.432 r  sys_clk_IBUF_inst/O
                         net (fo=1, routed)           1.065     2.497    multiplied_clock.clock_generator/sys_clk_IBUF
    MMCME2_ADV_X1Y0      MMCME2_ADV (Prop_mmcme2_adv_CLKIN1_CLKOUT1)
                                                     -5.921    -3.424 r  multiplied_clock.clock_generator/mmcm/CLKOUT1
                         net (fo=1, routed)           1.421    -2.004    multiplied_clock.clock_generator/ddr_ref_raw
    BUFGCTRL_X0Y1        BUFG (Prop_bufg_I_O)         0.081    -1.923 r  multiplied_clock.clock_generator/ddr_ref_buffer/O
                         net (fo=63, routed)          1.394    -0.528    memory/controller/u_davinci_ddr3_mig_mig/u_ddr3_infrastructure/mmcm_clk
    PLLE2_ADV_X1Y1       PLLE2_ADV (Prop_plle2_adv_CLKIN1_CLKOUT3)
                                                      0.077    -0.451 r  memory/controller/u_davinci_ddr3_mig_mig/u_ddr3_infrastructure/plle2_i/CLKOUT3
                         net (fo=1, routed)           1.062     0.611    memory/controller/u_davinci_ddr3_mig_mig/u_ddr3_infrastructure/pll_clk3_out
    BUFHCE_X1Y12         BUFH (Prop_bufh_I_O)         0.106     0.717 r  memory/controller/u_davinci_ddr3_mig_mig/u_ddr3_infrastructure/u_bufh_pll_clk3/O
                         net (fo=1, routed)           0.702     1.419    memory/controller/u_davinci_ddr3_mig_mig/u_ddr3_infrastructure/pll_clk3
    MMCME2_ADV_X1Y1      MMCME2_ADV (Prop_mmcme2_adv_CLKIN1_CLKFBOUT)
                                                     -2.874    -1.455 r  memory/controller/u_davinci_ddr3_mig_mig/u_ddr3_infrastructure/gen_mmcm.mmcm_i/CLKFBOUT
                         net (fo=1, routed)           1.421    -0.035    memory/controller/u_davinci_ddr3_mig_mig/u_ddr3_infrastructure/clk_pll_i
    BUFGCTRL_X0Y16       BUFG (Prop_bufg_I_O)         0.081     0.046 r  memory/controller/u_davinci_ddr3_mig_mig/u_ddr3_infrastructure/u_bufg_clkdiv0/O
                         net (fo=4851, routed)        1.357     1.404    memory/bridge/write_fifo/CLK
    SLICE_X48Y94         FDCE                                         r  memory/bridge/write_fifo/rd_gray_reg[3]/C
  -------------------------------------------------------------------    -------------------
    SLICE_X48Y94         FDCE (Prop_fdce_C_Q)         0.379     1.783 r  memory/bridge/write_fifo/rd_gray_reg[3]/Q
                         net (fo=2, routed)           0.795     2.578    memory/bridge/write_fifo/rd_gray[3]
    SLICE_X48Y92         FDCE                                         r  memory/bridge/write_fifo/rd_gray_sync1_reg[3]/D
  -------------------------------------------------------------------    -------------------

                         (clock core_raw rise edge)
                                                      0.000     0.000 r  
    R4                                                0.000     0.000 r  sys_clk (IN)
                         net (fo=0)                   0.000     0.000    sys_clk
    R4                   IBUF (Prop_ibuf_I_O)         1.366     1.366 r  sys_clk_IBUF_inst/O
                         net (fo=1, routed)           1.004     2.369    multiplied_clock.clock_generator/sys_clk_IBUF
    MMCME2_ADV_X1Y0      MMCME2_ADV (Prop_mmcme2_adv_CLKIN1_CLKOUT0)
                                                     -6.057    -3.688 r  multiplied_clock.clock_generator/mmcm/CLKOUT0
                         net (fo=1, routed)           1.352    -2.335    multiplied_clock.clock_generator/core_raw
    BUFGCTRL_X0Y2        BUFG (Prop_bufg_I_O)         0.077    -2.258 r  multiplied_clock.clock_generator/core_buffer/O
                         net (fo=16673, routed)       1.249    -1.009    memory/bridge/write_fifo/core_clk
    SLICE_X48Y92         FDCE                                         r  memory/bridge/write_fifo/rd_gray_sync1_reg[3]/C
                         clock pessimism              0.263    -0.746    
    SLICE_X48Y92         FDCE (Setup_fdce_C_D)       -0.079    -0.825    memory/bridge/write_fifo/rd_gray_sync1_reg[3]
  -------------------------------------------------------------------
                         data arrival                           2.578    
                         clock arrival                         -0.825    
  -------------------------------------------------------------------
                         relative delay                         3.402    

Reference path:
    Location             Delay type                Incr(ns)  Path(ns)    Netlist Resource(s)
  -------------------------------------------------------------------    -------------------
                         (clock clk_pll_i_1 rise edge)
                                                      0.000     0.000 r  
    R4                                                0.000     0.000 r  sys_clk (IN)
                         net (fo=0)                   0.000     0.000    sys_clk
    R4                   IBUF (Prop_ibuf_I_O)         1.366     1.366 r  sys_clk_IBUF_inst/O
                         net (fo=1, routed)           1.004     2.369    multiplied_clock.clock_generator/sys_clk_IBUF
    MMCME2_ADV_X1Y0      MMCME2_ADV (Prop_mmcme2_adv_CLKIN1_CLKOUT1)
                                                     -6.057    -3.688 r  multiplied_clock.clock_generator/mmcm/CLKOUT1
                         net (fo=1, routed)           1.352    -2.335    multiplied_clock.clock_generator/ddr_ref_raw
    BUFGCTRL_X0Y1        BUFG (Prop_bufg_I_O)         0.077    -2.258 r  multiplied_clock.clock_generator/ddr_ref_buffer/O
                         net (fo=63, routed)          1.290    -0.968    memory/controller/u_davinci_ddr3_mig_mig/u_ddr3_infrastructure/mmcm_clk
    PLLE2_ADV_X1Y1       PLLE2_ADV (Prop_plle2_adv_CLKIN1_CLKOUT3)
                                                      0.073    -0.895 r  memory/controller/u_davinci_ddr3_mig_mig/u_ddr3_infrastructure/plle2_i/CLKOUT3
                         net (fo=1, routed)           0.929     0.034    memory/controller/u_davinci_ddr3_mig_mig/u_ddr3_infrastructure/pll_clk3_out
    BUFHCE_X1Y12         BUFH (Prop_bufh_I_O)         0.069     0.103 r  memory/controller/u_davinci_ddr3_mig_mig/u_ddr3_infrastructure/u_bufh_pll_clk3/O
                         net (fo=1, routed)           0.664     0.767    memory/controller/u_davinci_ddr3_mig_mig/u_ddr3_infrastructure/pll_clk3
    MMCME2_ADV_X1Y1      MMCME2_ADV (Prop_mmcme2_adv_CLKIN1_CLKFBOUT)
                                                     -2.699    -1.932 r  memory/controller/u_davinci_ddr3_mig_mig/u_ddr3_infrastructure/gen_mmcm.mmcm_i/CLKFBOUT
                         net (fo=1, routed)           1.352    -0.579    memory/controller/u_davinci_ddr3_mig_mig/u_ddr3_infrastructure/clk_pll_i
    BUFGCTRL_X0Y16       BUFG (Prop_bufg_I_O)         0.077    -0.502 r  memory/controller/u_davinci_ddr3_mig_mig/u_ddr3_infrastructure/u_bufg_clkdiv0/O
                         net (fo=4851, routed)        1.247     0.745    memory/bridge/write_fifo/CLK
    SLICE_X51Y93         FDCE                                         r  memory/bridge/write_fifo/rd_gray_reg[6]/C
  -------------------------------------------------------------------    -------------------
    SLICE_X51Y93         FDCE (Prop_fdce_C_Q)         0.279     1.024 r  memory/bridge/write_fifo/rd_gray_reg[6]/Q
                         net (fo=4, routed)           0.214     1.238    memory/bridge/write_fifo/rd_gray[6]
    SLICE_X51Y94         FDCE                                         r  memory/bridge/write_fifo/rd_gray_sync1_reg[6]/D
  -------------------------------------------------------------------    -------------------

                         (clock core_raw rise edge)
                                                      0.000     0.000 r  
    R4                                                0.000     0.000 r  sys_clk (IN)
                         net (fo=0)                   0.000     0.000    sys_clk
    R4                   IBUF (Prop_ibuf_I_O)         1.432     1.432 r  sys_clk_IBUF_inst/O
                         net (fo=1, routed)           1.065     2.497    multiplied_clock.clock_generator/sys_clk_IBUF
    MMCME2_ADV_X1Y0      MMCME2_ADV (Prop_mmcme2_adv_CLKIN1_CLKOUT0)
                                                     -5.921    -3.424 r  multiplied_clock.clock_generator/mmcm/CLKOUT0
                         net (fo=1, routed)           1.421    -2.004    multiplied_clock.clock_generator/core_raw
    BUFGCTRL_X0Y2        BUFG (Prop_bufg_I_O)         0.081    -1.923 r  multiplied_clock.clock_generator/core_buffer/O
                         net (fo=16673, routed)       1.360    -0.562    memory/bridge/write_fifo/core_clk
    SLICE_X51Y94         FDCE                                         r  memory/bridge/write_fifo/rd_gray_sync1_reg[6]/C
                         clock pessimism             -0.263    -0.826    
    SLICE_X51Y94         FDCE (Hold_fdce_C_D)         0.028    -0.798    memory/bridge/write_fifo/rd_gray_sync1_reg[6]
  -------------------------------------------------------------------
                         data arrival                           1.238    
                         clock arrival                         -0.798    
  -------------------------------------------------------------------
                         relative delay                         2.036    



Id: 10
set_bus_skew -from [get_cells -hier -quiet -filter {IS_SEQUENTIAL == 1 && (NAME =~ *memory/bridge/read_fifo/wr_gray_reg* || NAME =~ *memory/bridge/read_fifo/wr_binary_reg*)}] -to [get_cells -hier -quiet -filter {IS_SEQUENTIAL == 1 && NAME =~ *memory/bridge/read_fifo/wr_gray_sync1_reg*}] 10.000
Requirement: 10.000ns
Endpoints: 7

From Clock            To Clock              Endpoint Pin                    Reference Pin                   Corner  Actual(ns)  Slack(ns)
--------------------  --------------------  ------------------------------  ------------------------------  ------  ----------  ---------
clk_pll_i_1           core_raw              memory/bridge/read_fifo/wr_gray_sync1_reg[6]/D
                                                                            memory/bridge/read_fifo/wr_gray_sync1_reg[4]/D
                                                                                                            Slow         0.881      9.119


Slack (MET) :             9.119ns  (requirement - actual skew)
  Endpoint Source:        memory/bridge/read_fifo/wr_binary_reg[6]/C
                            (rising edge-triggered cell FDCE clocked by clk_pll_i_1)
  Endpoint Destination:   memory/bridge/read_fifo/wr_gray_sync1_reg[6]/D
                            (rising edge-triggered cell FDCE clocked by core_raw)
  Reference Source:       memory/bridge/read_fifo/wr_gray_reg[4]/C
                            (rising edge-triggered cell FDCE clocked by clk_pll_i_1)
  Reference Destination:  memory/bridge/read_fifo/wr_gray_sync1_reg[4]/D
                            (rising edge-triggered cell FDCE clocked by core_raw)
  Path Type:              Bus Skew (Max at Slow Process Corner)
  Requirement:            10.000ns
  Endpoint Relative Delay:    3.239ns
  Reference Relative Delay:   2.054ns
  Relative CRPR:              0.505ns
  Uncertainty:                0.201ns
  Actual Bus Skew:            0.881ns  (Endpoint Relative Delay - Reference Relative Delay - Relative CRPR + Uncertainty)

Endpoint path:
    Location             Delay type                Incr(ns)  Path(ns)    Netlist Resource(s)
  -------------------------------------------------------------------    -------------------
                         (clock clk_pll_i_1 rise edge)
                                                      0.000     0.000 r  
    R4                                                0.000     0.000 r  sys_clk (IN)
                         net (fo=0)                   0.000     0.000    sys_clk
    R4                   IBUF (Prop_ibuf_I_O)         1.432     1.432 r  sys_clk_IBUF_inst/O
                         net (fo=1, routed)           1.065     2.497    multiplied_clock.clock_generator/sys_clk_IBUF
    MMCME2_ADV_X1Y0      MMCME2_ADV (Prop_mmcme2_adv_CLKIN1_CLKOUT1)
                                                     -5.921    -3.424 r  multiplied_clock.clock_generator/mmcm/CLKOUT1
                         net (fo=1, routed)           1.421    -2.004    multiplied_clock.clock_generator/ddr_ref_raw
    BUFGCTRL_X0Y1        BUFG (Prop_bufg_I_O)         0.081    -1.923 r  multiplied_clock.clock_generator/ddr_ref_buffer/O
                         net (fo=63, routed)          1.394    -0.528    memory/controller/u_davinci_ddr3_mig_mig/u_ddr3_infrastructure/mmcm_clk
    PLLE2_ADV_X1Y1       PLLE2_ADV (Prop_plle2_adv_CLKIN1_CLKOUT3)
                                                      0.077    -0.451 r  memory/controller/u_davinci_ddr3_mig_mig/u_ddr3_infrastructure/plle2_i/CLKOUT3
                         net (fo=1, routed)           1.062     0.611    memory/controller/u_davinci_ddr3_mig_mig/u_ddr3_infrastructure/pll_clk3_out
    BUFHCE_X1Y12         BUFH (Prop_bufh_I_O)         0.106     0.717 r  memory/controller/u_davinci_ddr3_mig_mig/u_ddr3_infrastructure/u_bufh_pll_clk3/O
                         net (fo=1, routed)           0.702     1.419    memory/controller/u_davinci_ddr3_mig_mig/u_ddr3_infrastructure/pll_clk3
    MMCME2_ADV_X1Y1      MMCME2_ADV (Prop_mmcme2_adv_CLKIN1_CLKFBOUT)
                                                     -2.874    -1.455 r  memory/controller/u_davinci_ddr3_mig_mig/u_ddr3_infrastructure/gen_mmcm.mmcm_i/CLKFBOUT
                         net (fo=1, routed)           1.421    -0.035    memory/controller/u_davinci_ddr3_mig_mig/u_ddr3_infrastructure/clk_pll_i
    BUFGCTRL_X0Y16       BUFG (Prop_bufg_I_O)         0.081     0.046 r  memory/controller/u_davinci_ddr3_mig_mig/u_ddr3_infrastructure/u_bufg_clkdiv0/O
                         net (fo=4851, routed)        1.517     1.563    memory/bridge/read_fifo/CLK
    SLICE_X54Y104        FDCE                                         r  memory/bridge/read_fifo/wr_binary_reg[6]/C
  -------------------------------------------------------------------    -------------------
    SLICE_X54Y104        FDCE (Prop_fdce_C_Q)         0.433     1.996 r  memory/bridge/read_fifo/wr_binary_reg[6]/Q
                         net (fo=5, routed)           0.618     2.615    memory/bridge/read_fifo/wr_binary_reg_n_0_[6]
    SLICE_X52Y104        FDCE                                         r  memory/bridge/read_fifo/wr_gray_sync1_reg[6]/D
  -------------------------------------------------------------------    -------------------

                         (clock core_raw rise edge)
                                                      0.000     0.000 r  
    R4                                                0.000     0.000 r  sys_clk (IN)
                         net (fo=0)                   0.000     0.000    sys_clk
    R4                   IBUF (Prop_ibuf_I_O)         1.366     1.366 r  sys_clk_IBUF_inst/O
                         net (fo=1, routed)           1.004     2.369    multiplied_clock.clock_generator/sys_clk_IBUF
    MMCME2_ADV_X1Y0      MMCME2_ADV (Prop_mmcme2_adv_CLKIN1_CLKOUT0)
                                                     -6.057    -3.688 r  multiplied_clock.clock_generator/mmcm/CLKOUT0
                         net (fo=1, routed)           1.352    -2.335    multiplied_clock.clock_generator/core_raw
    BUFGCTRL_X0Y2        BUFG (Prop_bufg_I_O)         0.077    -2.258 r  multiplied_clock.clock_generator/core_buffer/O
                         net (fo=16673, routed)       1.402    -0.856    memory/bridge/read_fifo/core_clk
    SLICE_X52Y104        FDCE                                         r  memory/bridge/read_fifo/wr_gray_sync1_reg[6]/C
                         clock pessimism              0.263    -0.593    
    SLICE_X52Y104        FDCE (Setup_fdce_C_D)       -0.031    -0.624    memory/bridge/read_fifo/wr_gray_sync1_reg[6]
  -------------------------------------------------------------------
                         data arrival                           2.615    
                         clock arrival                         -0.624    
  -------------------------------------------------------------------
                         relative delay                         3.239    

Reference path:
    Location             Delay type                Incr(ns)  Path(ns)    Netlist Resource(s)
  -------------------------------------------------------------------    -------------------
                         (clock clk_pll_i_1 rise edge)
                                                      0.000     0.000 r  
    R4                                                0.000     0.000 r  sys_clk (IN)
                         net (fo=0)                   0.000     0.000    sys_clk
    R4                   IBUF (Prop_ibuf_I_O)         1.366     1.366 r  sys_clk_IBUF_inst/O
                         net (fo=1, routed)           1.004     2.369    multiplied_clock.clock_generator/sys_clk_IBUF
    MMCME2_ADV_X1Y0      MMCME2_ADV (Prop_mmcme2_adv_CLKIN1_CLKOUT1)
                                                     -6.057    -3.688 r  multiplied_clock.clock_generator/mmcm/CLKOUT1
                         net (fo=1, routed)           1.352    -2.335    multiplied_clock.clock_generator/ddr_ref_raw
    BUFGCTRL_X0Y1        BUFG (Prop_bufg_I_O)         0.077    -2.258 r  multiplied_clock.clock_generator/ddr_ref_buffer/O
                         net (fo=63, routed)          1.290    -0.968    memory/controller/u_davinci_ddr3_mig_mig/u_ddr3_infrastructure/mmcm_clk
    PLLE2_ADV_X1Y1       PLLE2_ADV (Prop_plle2_adv_CLKIN1_CLKOUT3)
                                                      0.073    -0.895 r  memory/controller/u_davinci_ddr3_mig_mig/u_ddr3_infrastructure/plle2_i/CLKOUT3
                         net (fo=1, routed)           0.929     0.034    memory/controller/u_davinci_ddr3_mig_mig/u_ddr3_infrastructure/pll_clk3_out
    BUFHCE_X1Y12         BUFH (Prop_bufh_I_O)         0.069     0.103 r  memory/controller/u_davinci_ddr3_mig_mig/u_ddr3_infrastructure/u_bufh_pll_clk3/O
                         net (fo=1, routed)           0.664     0.767    memory/controller/u_davinci_ddr3_mig_mig/u_ddr3_infrastructure/pll_clk3
    MMCME2_ADV_X1Y1      MMCME2_ADV (Prop_mmcme2_adv_CLKIN1_CLKFBOUT)
                                                     -2.699    -1.932 r  memory/controller/u_davinci_ddr3_mig_mig/u_ddr3_infrastructure/gen_mmcm.mmcm_i/CLKFBOUT
                         net (fo=1, routed)           1.352    -0.579    memory/controller/u_davinci_ddr3_mig_mig/u_ddr3_infrastructure/clk_pll_i
    BUFGCTRL_X0Y16       BUFG (Prop_bufg_I_O)         0.077    -0.502 r  memory/controller/u_davinci_ddr3_mig_mig/u_ddr3_infrastructure/u_bufg_clkdiv0/O
                         net (fo=4851, routed)        1.400     0.898    memory/bridge/read_fifo/CLK
    SLICE_X57Y103        FDCE                                         r  memory/bridge/read_fifo/wr_gray_reg[4]/C
  -------------------------------------------------------------------    -------------------
    SLICE_X57Y103        FDCE (Prop_fdce_C_Q)         0.304     1.202 r  memory/bridge/read_fifo/wr_gray_reg[4]/Q
                         net (fo=2, routed)           0.323     1.525    memory/bridge/read_fifo/wr_gray_reg_n_0_[4]
    SLICE_X55Y106        FDCE                                         r  memory/bridge/read_fifo/wr_gray_sync1_reg[4]/D
  -------------------------------------------------------------------    -------------------

                         (clock core_raw rise edge)
                                                      0.000     0.000 r  
    R4                                                0.000     0.000 r  sys_clk (IN)
                         net (fo=0)                   0.000     0.000    sys_clk
    R4                   IBUF (Prop_ibuf_I_O)         1.432     1.432 r  sys_clk_IBUF_inst/O
                         net (fo=1, routed)           1.065     2.497    multiplied_clock.clock_generator/sys_clk_IBUF
    MMCME2_ADV_X1Y0      MMCME2_ADV (Prop_mmcme2_adv_CLKIN1_CLKOUT0)
                                                     -5.921    -3.424 r  multiplied_clock.clock_generator/mmcm/CLKOUT0
                         net (fo=1, routed)           1.421    -2.004    multiplied_clock.clock_generator/core_raw
    BUFGCTRL_X0Y2        BUFG (Prop_bufg_I_O)         0.081    -1.923 r  multiplied_clock.clock_generator/core_buffer/O
                         net (fo=16673, routed)       1.519    -0.404    memory/bridge/read_fifo/core_clk
    SLICE_X55Y106        FDCE                                         r  memory/bridge/read_fifo/wr_gray_sync1_reg[4]/C
                         clock pessimism             -0.263    -0.667    
    SLICE_X55Y106        FDCE (Hold_fdce_C_D)         0.138    -0.529    memory/bridge/read_fifo/wr_gray_sync1_reg[4]
  -------------------------------------------------------------------
                         data arrival                           1.525    
                         clock arrival                         -0.529    
  -------------------------------------------------------------------
                         relative delay                         2.054    



Id: 11
set_bus_skew -from [get_cells -hier -quiet -filter {IS_SEQUENTIAL == 1 && (NAME =~ *memory/bridge/read_fifo/rd_gray_reg* || NAME =~ *memory/bridge/read_fifo/rd_binary_reg*)}] -to [get_cells -hier -quiet -filter {IS_SEQUENTIAL == 1 && NAME =~ *memory/bridge/read_fifo/rd_gray_sync1_reg*}] 10.000
Requirement: 10.000ns
Endpoints: 7

From Clock            To Clock              Endpoint Pin                    Reference Pin                   Corner  Actual(ns)  Slack(ns)
--------------------  --------------------  ------------------------------  ------------------------------  ------  ----------  ---------
core_raw              clk_pll_i_1           memory/bridge/read_fifo/rd_gray_sync1_reg[6]/D
                                                                            memory/bridge/read_fifo/rd_gray_sync1_reg[4]/D
                                                                                                            Slow         1.143      8.857


Slack (MET) :             8.857ns  (requirement - actual skew)
  Endpoint Source:        memory/bridge/read_fifo/rd_gray_reg[6]/C
                            (rising edge-triggered cell FDCE clocked by core_raw)
  Endpoint Destination:   memory/bridge/read_fifo/rd_gray_sync1_reg[6]/D
                            (rising edge-triggered cell FDCE clocked by clk_pll_i_1)
  Reference Source:       memory/bridge/read_fifo/rd_gray_reg[4]/C
                            (rising edge-triggered cell FDCE clocked by core_raw)
  Reference Destination:  memory/bridge/read_fifo/rd_gray_sync1_reg[4]/D
                            (rising edge-triggered cell FDCE clocked by clk_pll_i_1)
  Path Type:              Bus Skew (Max at Slow Process Corner)
  Requirement:            10.000ns
  Endpoint Relative Delay:   -0.308ns
  Reference Relative Delay:  -1.766ns
  Relative CRPR:              0.541ns
  Uncertainty:                0.225ns
  Actual Bus Skew:            1.143ns  (Endpoint Relative Delay - Reference Relative Delay - Relative CRPR + Uncertainty)

Endpoint path:
    Location             Delay type                Incr(ns)  Path(ns)    Netlist Resource(s)
  -------------------------------------------------------------------    -------------------
                         (clock core_raw rise edge)
                                                      0.000     0.000 r  
    R4                                                0.000     0.000 r  sys_clk (IN)
                         net (fo=0)                   0.000     0.000    sys_clk
    R4                   IBUF (Prop_ibuf_I_O)         1.432     1.432 r  sys_clk_IBUF_inst/O
                         net (fo=1, routed)           1.065     2.497    multiplied_clock.clock_generator/sys_clk_IBUF
    MMCME2_ADV_X1Y0      MMCME2_ADV (Prop_mmcme2_adv_CLKIN1_CLKOUT0)
                                                     -5.921    -3.424 r  multiplied_clock.clock_generator/mmcm/CLKOUT0
                         net (fo=1, routed)           1.421    -2.004    multiplied_clock.clock_generator/core_raw
    BUFGCTRL_X0Y2        BUFG (Prop_bufg_I_O)         0.081    -1.923 r  multiplied_clock.clock_generator/core_buffer/O
                         net (fo=16673, routed)       1.520    -0.403    memory/bridge/read_fifo/core_clk
    SLICE_X57Y105        FDCE                                         r  memory/bridge/read_fifo/rd_gray_reg[6]/C
  -------------------------------------------------------------------    -------------------
    SLICE_X57Y105        FDCE (Prop_fdce_C_Q)         0.348    -0.055 r  memory/bridge/read_fifo/rd_gray_reg[6]/Q
                         net (fo=4, routed)           0.744     0.689    memory/bridge/read_fifo/rd_gray_reg_n_0_[6]
    SLICE_X54Y105        FDCE                                         r  memory/bridge/read_fifo/rd_gray_sync1_reg[6]/D
  -------------------------------------------------------------------    -------------------

                         (clock clk_pll_i_1 rise edge)
                                                      0.000     0.000 r  
    R4                                                0.000     0.000 r  sys_clk (IN)
                         net (fo=0)                   0.000     0.000    sys_clk
    R4                   IBUF (Prop_ibuf_I_O)         1.366     1.366 r  sys_clk_IBUF_inst/O
                         net (fo=1, routed)           1.004     2.369    multiplied_clock.clock_generator/sys_clk_IBUF
    MMCME2_ADV_X1Y0      MMCME2_ADV (Prop_mmcme2_adv_CLKIN1_CLKOUT1)
                                                     -6.057    -3.688 r  multiplied_clock.clock_generator/mmcm/CLKOUT1
                         net (fo=1, routed)           1.352    -2.335    multiplied_clock.clock_generator/ddr_ref_raw
    BUFGCTRL_X0Y1        BUFG (Prop_bufg_I_O)         0.077    -2.258 r  multiplied_clock.clock_generator/ddr_ref_buffer/O
                         net (fo=63, routed)          1.290    -0.968    memory/controller/u_davinci_ddr3_mig_mig/u_ddr3_infrastructure/mmcm_clk
    PLLE2_ADV_X1Y1       PLLE2_ADV (Prop_plle2_adv_CLKIN1_CLKOUT3)
                                                      0.073    -0.895 r  memory/controller/u_davinci_ddr3_mig_mig/u_ddr3_infrastructure/plle2_i/CLKOUT3
                         net (fo=1, routed)           0.929     0.034    memory/controller/u_davinci_ddr3_mig_mig/u_ddr3_infrastructure/pll_clk3_out
    BUFHCE_X1Y12         BUFH (Prop_bufh_I_O)         0.069     0.103 r  memory/controller/u_davinci_ddr3_mig_mig/u_ddr3_infrastructure/u_bufh_pll_clk3/O
                         net (fo=1, routed)           0.664     0.767    memory/controller/u_davinci_ddr3_mig_mig/u_ddr3_infrastructure/pll_clk3
    MMCME2_ADV_X1Y1      MMCME2_ADV (Prop_mmcme2_adv_CLKIN1_CLKFBOUT)
                                                     -2.699    -1.932 r  memory/controller/u_davinci_ddr3_mig_mig/u_ddr3_infrastructure/gen_mmcm.mmcm_i/CLKFBOUT
                         net (fo=1, routed)           1.352    -0.579    memory/controller/u_davinci_ddr3_mig_mig/u_ddr3_infrastructure/clk_pll_i
    BUFGCTRL_X0Y16       BUFG (Prop_bufg_I_O)         0.077    -0.502 r  memory/controller/u_davinci_ddr3_mig_mig/u_ddr3_infrastructure/u_bufg_clkdiv0/O
                         net (fo=4851, routed)        1.400     0.898    memory/bridge/read_fifo/CLK
    SLICE_X54Y105        FDCE                                         r  memory/bridge/read_fifo/rd_gray_sync1_reg[6]/C
                         clock pessimism              0.263     1.161    
    SLICE_X54Y105        FDCE (Setup_fdce_C_D)       -0.164     0.997    memory/bridge/read_fifo/rd_gray_sync1_reg[6]
  -------------------------------------------------------------------
                         data arrival                           0.689    
                         clock arrival                          0.997    
  -------------------------------------------------------------------
                         relative delay                        -0.308    

Reference path:
    Location             Delay type                Incr(ns)  Path(ns)    Netlist Resource(s)
  -------------------------------------------------------------------    -------------------
                         (clock core_raw rise edge)
                                                      0.000     0.000 r  
    R4                                                0.000     0.000 r  sys_clk (IN)
                         net (fo=0)                   0.000     0.000    sys_clk
    R4                   IBUF (Prop_ibuf_I_O)         1.366     1.366 r  sys_clk_IBUF_inst/O
                         net (fo=1, routed)           1.004     2.369    multiplied_clock.clock_generator/sys_clk_IBUF
    MMCME2_ADV_X1Y0      MMCME2_ADV (Prop_mmcme2_adv_CLKIN1_CLKOUT0)
                                                     -6.057    -3.688 r  multiplied_clock.clock_generator/mmcm/CLKOUT0
                         net (fo=1, routed)           1.352    -2.335    multiplied_clock.clock_generator/core_raw
    BUFGCTRL_X0Y2        BUFG (Prop_bufg_I_O)         0.077    -2.258 r  multiplied_clock.clock_generator/core_buffer/O
                         net (fo=16673, routed)       1.402    -0.856    memory/bridge/read_fifo/core_clk
    SLICE_X57Y106        FDCE                                         r  memory/bridge/read_fifo/rd_gray_reg[4]/C
  -------------------------------------------------------------------    -------------------
    SLICE_X57Y106        FDCE (Prop_fdce_C_Q)         0.304    -0.552 r  memory/bridge/read_fifo/rd_gray_reg[4]/Q
                         net (fo=2, routed)           0.225    -0.328    memory/bridge/read_fifo/rd_gray_reg_n_0_[4]
    SLICE_X55Y105        FDCE                                         r  memory/bridge/read_fifo/rd_gray_sync1_reg[4]/D
  -------------------------------------------------------------------    -------------------

                         (clock clk_pll_i_1 rise edge)
                                                      0.000     0.000 r  
    R4                                                0.000     0.000 r  sys_clk (IN)
                         net (fo=0)                   0.000     0.000    sys_clk
    R4                   IBUF (Prop_ibuf_I_O)         1.432     1.432 r  sys_clk_IBUF_inst/O
                         net (fo=1, routed)           1.065     2.497    multiplied_clock.clock_generator/sys_clk_IBUF
    MMCME2_ADV_X1Y0      MMCME2_ADV (Prop_mmcme2_adv_CLKIN1_CLKOUT1)
                                                     -5.921    -3.424 r  multiplied_clock.clock_generator/mmcm/CLKOUT1
                         net (fo=1, routed)           1.421    -2.004    multiplied_clock.clock_generator/ddr_ref_raw
    BUFGCTRL_X0Y1        BUFG (Prop_bufg_I_O)         0.081    -1.923 r  multiplied_clock.clock_generator/ddr_ref_buffer/O
                         net (fo=63, routed)          1.394    -0.528    memory/controller/u_davinci_ddr3_mig_mig/u_ddr3_infrastructure/mmcm_clk
    PLLE2_ADV_X1Y1       PLLE2_ADV (Prop_plle2_adv_CLKIN1_CLKOUT3)
                                                      0.077    -0.451 r  memory/controller/u_davinci_ddr3_mig_mig/u_ddr3_infrastructure/plle2_i/CLKOUT3
                         net (fo=1, routed)           1.062     0.611    memory/controller/u_davinci_ddr3_mig_mig/u_ddr3_infrastructure/pll_clk3_out
    BUFHCE_X1Y12         BUFH (Prop_bufh_I_O)         0.106     0.717 r  memory/controller/u_davinci_ddr3_mig_mig/u_ddr3_infrastructure/u_bufh_pll_clk3/O
                         net (fo=1, routed)           0.702     1.419    memory/controller/u_davinci_ddr3_mig_mig/u_ddr3_infrastructure/pll_clk3
    MMCME2_ADV_X1Y1      MMCME2_ADV (Prop_mmcme2_adv_CLKIN1_CLKFBOUT)
                                                     -2.874    -1.455 r  memory/controller/u_davinci_ddr3_mig_mig/u_ddr3_infrastructure/gen_mmcm.mmcm_i/CLKFBOUT
                         net (fo=1, routed)           1.421    -0.035    memory/controller/u_davinci_ddr3_mig_mig/u_ddr3_infrastructure/clk_pll_i
    BUFGCTRL_X0Y16       BUFG (Prop_bufg_I_O)         0.081     0.046 r  memory/controller/u_davinci_ddr3_mig_mig/u_ddr3_infrastructure/u_bufg_clkdiv0/O
                         net (fo=4851, routed)        1.517     1.563    memory/bridge/read_fifo/CLK
    SLICE_X55Y105        FDCE                                         r  memory/bridge/read_fifo/rd_gray_sync1_reg[4]/C
                         clock pessimism             -0.263     1.300    
    SLICE_X55Y105        FDCE (Hold_fdce_C_D)         0.138     1.438    memory/bridge/read_fifo/rd_gray_sync1_reg[4]
  -------------------------------------------------------------------
                         data arrival                          -0.328    
                         clock arrival                          1.438    
  -------------------------------------------------------------------
                         relative delay                        -1.766    



