Copyright 1986-2020 Xilinx, Inc. All Rights Reserved.
-------------------------------------------------------------------------------------------------------------------------------------------
| Tool Version : Vivado v.2020.1 (win64) Build 2902540 Wed May 27 19:54:49 MDT 2020
| Date         : Mon Sep 28 10:38:44 2026
| Host         : LAPTOP-JC5LPK9T running 64-bit major release  (build 9200)
| Command      : report_timing -max_paths 20 -file F:/zju/dasanshangkecheng/HDL/mjpeg/reports/ddr3/full_20260928_103215/critical_setup.rpt
| Design       : davinci_mjpeg_ddr3_top
| Device       : 7a35t-fgg484
| Speed File   : -2  PRODUCTION 1.23 2018-06-13
-------------------------------------------------------------------------------------------------------------------------------------------

Timing Report

Slack (MET) :             0.064ns  (required time - arrival time)
  Source:                 synchronous.link/held_data_reg[5]/C
                            (rising edge-triggered cell FDCE clocked by usb_clk  {rise@0.000ns fall@8.333ns period=16.667ns})
  Destination:            usb_data[5]
                            (output port clocked by usb_clk  {rise@0.000ns fall@8.333ns period=16.667ns})
  Path Group:             usb_clk
  Path Type:              Max at Slow Process Corner
  Requirement:            16.667ns  (usb_clk rise@16.667ns - usb_clk rise@0.000ns)
  Data Path Delay:        3.757ns  (logic 3.756ns (99.973%)  route 0.001ns (0.027%))
  Logic Levels:           1  (OBUFT=1)
  Output Delay:           8.000ns
  Clock Path Skew:        -4.660ns (DCD - SCD + CPR)
    Destination Clock Delay (DCD):    0.000ns = ( 16.667 - 16.667 ) 
    Source Clock Delay      (SCD):    4.660ns
    Clock Pessimism Removal (CPR):    0.000ns
  Clock Uncertainty:      0.185ns  ((TSJ^2 + TIJ^2)^1/2 + DJ) / 2 + PE + UU
    Total System Jitter     (TSJ):    0.071ns
    Total Input Jitter      (TIJ):    0.000ns
    Discrete Jitter          (DJ):    0.000ns
    Phase Error              (PE):    0.000ns
    User Uncertainty         (UU):    0.150ns

    Location             Delay type                Incr(ns)  Path(ns)    Netlist Resource(s)
  -------------------------------------------------------------------    -------------------
                         (clock usb_clk rise edge)    0.000     0.000 r  
    Y4                                                0.000     0.000 r  usb_clk_60m (IN)
                         net (fo=0)                   0.000     0.000    usb_clk_60m
    Y4                   IBUF (Prop_ibuf_I_O)         1.439     1.439 r  usb_clk_60m_IBUF_inst/O
                         net (fo=1, routed)           1.689     3.127    usb_clk_60m_IBUF
    BUFGCTRL_X0Y0        BUFG (Prop_bufg_I_O)         0.081     3.208 r  synchronous.usb_clock_buffer/O
                         net (fo=1013, routed)        1.452     4.660    synchronous.link/synchronous.usb_clk
    OLOGIC_X1Y35         FDCE                                         r  synchronous.link/held_data_reg[5]/C
  -------------------------------------------------------------------    -------------------
    OLOGIC_X1Y35         FDCE (Prop_fdce_C_Q)         0.418     5.078 r  synchronous.link/held_data_reg[5]/Q
                         net (fo=1, routed)           0.001     5.079    usb_data_IOBUF[5]_inst/I
    AB1                  OBUFT (Prop_obuft_I_O)       3.338     8.417 r  usb_data_IOBUF[5]_inst/OBUFT/O
                         net (fo=1, unset)            0.000     8.417    usb_data[5]
    AB1                                                               r  usb_data[5] (INOUT)
  -------------------------------------------------------------------    -------------------

                         (clock usb_clk rise edge)   16.667    16.667 r  
                         clock pessimism              0.000    16.667    
                         clock uncertainty           -0.185    16.482    
                         output delay                -8.000     8.482    
  -------------------------------------------------------------------
                         required time                          8.482    
                         arrival time                          -8.417    
  -------------------------------------------------------------------
                         slack                                  0.064    

Slack (MET) :             0.065ns  (required time - arrival time)
  Source:                 synchronous.link/held_data_reg[7]/C
                            (rising edge-triggered cell FDCE clocked by usb_clk  {rise@0.000ns fall@8.333ns period=16.667ns})
  Destination:            usb_data[7]
                            (output port clocked by usb_clk  {rise@0.000ns fall@8.333ns period=16.667ns})
  Path Group:             usb_clk
  Path Type:              Max at Slow Process Corner
  Requirement:            16.667ns  (usb_clk rise@16.667ns - usb_clk rise@0.000ns)
  Data Path Delay:        3.752ns  (logic 3.751ns (99.973%)  route 0.001ns (0.027%))
  Logic Levels:           1  (OBUFT=1)
  Output Delay:           8.000ns
  Clock Path Skew:        -4.665ns (DCD - SCD + CPR)
    Destination Clock Delay (DCD):    0.000ns = ( 16.667 - 16.667 ) 
    Source Clock Delay      (SCD):    4.665ns
    Clock Pessimism Removal (CPR):    0.000ns
  Clock Uncertainty:      0.185ns  ((TSJ^2 + TIJ^2)^1/2 + DJ) / 2 + PE + UU
    Total System Jitter     (TSJ):    0.071ns
    Total Input Jitter      (TIJ):    0.000ns
    Discrete Jitter          (DJ):    0.000ns
    Phase Error              (PE):    0.000ns
    User Uncertainty         (UU):    0.150ns

    Location             Delay type                Incr(ns)  Path(ns)    Netlist Resource(s)
  -------------------------------------------------------------------    -------------------
                         (clock usb_clk rise edge)    0.000     0.000 r  
    Y4                                                0.000     0.000 r  usb_clk_60m (IN)
                         net (fo=0)                   0.000     0.000    usb_clk_60m
    Y4                   IBUF (Prop_ibuf_I_O)         1.439     1.439 r  usb_clk_60m_IBUF_inst/O
                         net (fo=1, routed)           1.689     3.127    usb_clk_60m_IBUF
    BUFGCTRL_X0Y0        BUFG (Prop_bufg_I_O)         0.081     3.208 r  synchronous.usb_clock_buffer/O
                         net (fo=1013, routed)        1.457     4.665    synchronous.link/synchronous.usb_clk
    OLOGIC_X1Y39         FDCE                                         r  synchronous.link/held_data_reg[7]/C
  -------------------------------------------------------------------    -------------------
    OLOGIC_X1Y39         FDCE (Prop_fdce_C_Q)         0.418     5.083 r  synchronous.link/held_data_reg[7]/Q
                         net (fo=1, routed)           0.001     5.084    usb_data_IOBUF[7]_inst/I
    Y1                   OBUFT (Prop_obuft_I_O)       3.333     8.417 r  usb_data_IOBUF[7]_inst/OBUFT/O
                         net (fo=1, unset)            0.000     8.417    usb_data[7]
    Y1                                                                r  usb_data[7] (INOUT)
  -------------------------------------------------------------------    -------------------

                         (clock usb_clk rise edge)   16.667    16.667 r  
                         clock pessimism              0.000    16.667    
                         clock uncertainty           -0.185    16.482    
                         output delay                -8.000     8.482    
  -------------------------------------------------------------------
                         required time                          8.482    
                         arrival time                          -8.417    
  -------------------------------------------------------------------
                         slack                                  0.065    

Slack (MET) :             0.066ns  (required time - arrival time)
  Source:                 synchronous.link/held_data_reg[6]/C
                            (rising edge-triggered cell FDCE clocked by usb_clk  {rise@0.000ns fall@8.333ns period=16.667ns})
  Destination:            usb_data[6]
                            (output port clocked by usb_clk  {rise@0.000ns fall@8.333ns period=16.667ns})
  Path Group:             usb_clk
  Path Type:              Max at Slow Process Corner
  Requirement:            16.667ns  (usb_clk rise@16.667ns - usb_clk rise@0.000ns)
  Data Path Delay:        3.755ns  (logic 3.754ns (99.973%)  route 0.001ns (0.027%))
  Logic Levels:           1  (OBUFT=1)
  Output Delay:           8.000ns
  Clock Path Skew:        -4.660ns (DCD - SCD + CPR)
    Destination Clock Delay (DCD):    0.000ns = ( 16.667 - 16.667 ) 
    Source Clock Delay      (SCD):    4.660ns
    Clock Pessimism Removal (CPR):    0.000ns
  Clock Uncertainty:      0.185ns  ((TSJ^2 + TIJ^2)^1/2 + DJ) / 2 + PE + UU
    Total System Jitter     (TSJ):    0.071ns
    Total Input Jitter      (TIJ):    0.000ns
    Discrete Jitter          (DJ):    0.000ns
    Phase Error              (PE):    0.000ns
    User Uncertainty         (UU):    0.150ns

    Location             Delay type                Incr(ns)  Path(ns)    Netlist Resource(s)
  -------------------------------------------------------------------    -------------------
                         (clock usb_clk rise edge)    0.000     0.000 r  
    Y4                                                0.000     0.000 r  usb_clk_60m (IN)
                         net (fo=0)                   0.000     0.000    usb_clk_60m
    Y4                   IBUF (Prop_ibuf_I_O)         1.439     1.439 r  usb_clk_60m_IBUF_inst/O
                         net (fo=1, routed)           1.689     3.127    usb_clk_60m_IBUF
    BUFGCTRL_X0Y0        BUFG (Prop_bufg_I_O)         0.081     3.208 r  synchronous.usb_clock_buffer/O
                         net (fo=1013, routed)        1.452     4.660    synchronous.link/synchronous.usb_clk
    OLOGIC_X1Y36         FDCE                                         r  synchronous.link/held_data_reg[6]/C
  -------------------------------------------------------------------    -------------------
    OLOGIC_X1Y36         FDCE (Prop_fdce_C_Q)         0.418     5.078 r  synchronous.link/held_data_reg[6]/Q
                         net (fo=1, routed)           0.001     5.079    usb_data_IOBUF[6]_inst/I
    AA1                  OBUFT (Prop_obuft_I_O)       3.336     8.415 r  usb_data_IOBUF[6]_inst/OBUFT/O
                         net (fo=1, unset)            0.000     8.415    usb_data[6]
    AA1                                                               r  usb_data[6] (INOUT)
  -------------------------------------------------------------------    -------------------

                         (clock usb_clk rise edge)   16.667    16.667 r  
                         clock pessimism              0.000    16.667    
                         clock uncertainty           -0.185    16.482    
                         output delay                -8.000     8.482    
  -------------------------------------------------------------------
                         required time                          8.482    
                         arrival time                          -8.415    
  -------------------------------------------------------------------
                         slack                                  0.066    

Slack (MET) :             0.068ns  (required time - arrival time)
  Source:                 synchronous.link/held_data_reg[2]/C
                            (rising edge-triggered cell FDCE clocked by usb_clk  {rise@0.000ns fall@8.333ns period=16.667ns})
  Destination:            usb_data[2]
                            (output port clocked by usb_clk  {rise@0.000ns fall@8.333ns period=16.667ns})
  Path Group:             usb_clk
  Path Type:              Max at Slow Process Corner
  Requirement:            16.667ns  (usb_clk rise@16.667ns - usb_clk rise@0.000ns)
  Data Path Delay:        3.754ns  (logic 3.753ns (99.973%)  route 0.001ns (0.027%))
  Logic Levels:           1  (OBUFT=1)
  Output Delay:           8.000ns
  Clock Path Skew:        -4.660ns (DCD - SCD + CPR)
    Destination Clock Delay (DCD):    0.000ns = ( 16.667 - 16.667 ) 
    Source Clock Delay      (SCD):    4.660ns
    Clock Pessimism Removal (CPR):    0.000ns
  Clock Uncertainty:      0.185ns  ((TSJ^2 + TIJ^2)^1/2 + DJ) / 2 + PE + UU
    Total System Jitter     (TSJ):    0.071ns
    Total Input Jitter      (TIJ):    0.000ns
    Discrete Jitter          (DJ):    0.000ns
    Phase Error              (PE):    0.000ns
    User Uncertainty         (UU):    0.150ns

    Location             Delay type                Incr(ns)  Path(ns)    Netlist Resource(s)
  -------------------------------------------------------------------    -------------------
                         (clock usb_clk rise edge)    0.000     0.000 r  
    Y4                                                0.000     0.000 r  usb_clk_60m (IN)
                         net (fo=0)                   0.000     0.000    usb_clk_60m
    Y4                   IBUF (Prop_ibuf_I_O)         1.439     1.439 r  usb_clk_60m_IBUF_inst/O
                         net (fo=1, routed)           1.689     3.127    usb_clk_60m_IBUF
    BUFGCTRL_X0Y0        BUFG (Prop_bufg_I_O)         0.081     3.208 r  synchronous.usb_clock_buffer/O
                         net (fo=1013, routed)        1.452     4.660    synchronous.link/synchronous.usb_clk
    OLOGIC_X1Y34         FDCE                                         r  synchronous.link/held_data_reg[2]/C
  -------------------------------------------------------------------    -------------------
    OLOGIC_X1Y34         FDCE (Prop_fdce_C_Q)         0.418     5.078 r  synchronous.link/held_data_reg[2]/Q
                         net (fo=1, routed)           0.001     5.079    usb_data_IOBUF[2]_inst/I
    AB3                  OBUFT (Prop_obuft_I_O)       3.335     8.414 r  usb_data_IOBUF[2]_inst/OBUFT/O
                         net (fo=1, unset)            0.000     8.414    usb_data[2]
    AB3                                                               r  usb_data[2] (INOUT)
  -------------------------------------------------------------------    -------------------

                         (clock usb_clk rise edge)   16.667    16.667 r  
                         clock pessimism              0.000    16.667    
                         clock uncertainty           -0.185    16.482    
                         output delay                -8.000     8.482    
  -------------------------------------------------------------------
                         required time                          8.482    
                         arrival time                          -8.414    
  -------------------------------------------------------------------
                         slack                                  0.068    

Slack (MET) :             0.068ns  (required time - arrival time)
  Source:                 synchronous.link/held_data_reg[4]/C
                            (rising edge-triggered cell FDCE clocked by usb_clk  {rise@0.000ns fall@8.333ns period=16.667ns})
  Destination:            usb_data[4]
                            (output port clocked by usb_clk  {rise@0.000ns fall@8.333ns period=16.667ns})
  Path Group:             usb_clk
  Path Type:              Max at Slow Process Corner
  Requirement:            16.667ns  (usb_clk rise@16.667ns - usb_clk rise@0.000ns)
  Data Path Delay:        3.754ns  (logic 3.753ns (99.973%)  route 0.001ns (0.027%))
  Logic Levels:           1  (OBUFT=1)
  Output Delay:           8.000ns
  Clock Path Skew:        -4.660ns (DCD - SCD + CPR)
    Destination Clock Delay (DCD):    0.000ns = ( 16.667 - 16.667 ) 
    Source Clock Delay      (SCD):    4.660ns
    Clock Pessimism Removal (CPR):    0.000ns
  Clock Uncertainty:      0.185ns  ((TSJ^2 + TIJ^2)^1/2 + DJ) / 2 + PE + UU
    Total System Jitter     (TSJ):    0.071ns
    Total Input Jitter      (TIJ):    0.000ns
    Discrete Jitter          (DJ):    0.000ns
    Phase Error              (PE):    0.000ns
    User Uncertainty         (UU):    0.150ns

    Location             Delay type                Incr(ns)  Path(ns)    Netlist Resource(s)
  -------------------------------------------------------------------    -------------------
                         (clock usb_clk rise edge)    0.000     0.000 r  
    Y4                                                0.000     0.000 r  usb_clk_60m (IN)
                         net (fo=0)                   0.000     0.000    usb_clk_60m
    Y4                   IBUF (Prop_ibuf_I_O)         1.439     1.439 r  usb_clk_60m_IBUF_inst/O
                         net (fo=1, routed)           1.689     3.127    usb_clk_60m_IBUF
    BUFGCTRL_X0Y0        BUFG (Prop_bufg_I_O)         0.081     3.208 r  synchronous.usb_clock_buffer/O
                         net (fo=1013, routed)        1.452     4.660    synchronous.link/synchronous.usb_clk
    OLOGIC_X1Y33         FDCE                                         r  synchronous.link/held_data_reg[4]/C
  -------------------------------------------------------------------    -------------------
    OLOGIC_X1Y33         FDCE (Prop_fdce_C_Q)         0.418     5.078 r  synchronous.link/held_data_reg[4]/Q
                         net (fo=1, routed)           0.001     5.079    usb_data_IOBUF[4]_inst/I
    AB2                  OBUFT (Prop_obuft_I_O)       3.335     8.414 r  usb_data_IOBUF[4]_inst/OBUFT/O
                         net (fo=1, unset)            0.000     8.414    usb_data[4]
    AB2                                                               r  usb_data[4] (INOUT)
  -------------------------------------------------------------------    -------------------

                         (clock usb_clk rise edge)   16.667    16.667 r  
                         clock pessimism              0.000    16.667    
                         clock uncertainty           -0.185    16.482    
                         output delay                -8.000     8.482    
  -------------------------------------------------------------------
                         required time                          8.482    
                         arrival time                          -8.414    
  -------------------------------------------------------------------
                         slack                                  0.068    

Slack (MET) :             0.082ns  (required time - arrival time)
  Source:                 synchronous.link/held_data_reg[0]/C
                            (rising edge-triggered cell FDCE clocked by usb_clk  {rise@0.000ns fall@8.333ns period=16.667ns})
  Destination:            usb_data[0]
                            (output port clocked by usb_clk  {rise@0.000ns fall@8.333ns period=16.667ns})
  Path Group:             usb_clk
  Path Type:              Max at Slow Process Corner
  Requirement:            16.667ns  (usb_clk rise@16.667ns - usb_clk rise@0.000ns)
  Data Path Delay:        3.746ns  (logic 3.745ns (99.973%)  route 0.001ns (0.027%))
  Logic Levels:           1  (OBUFT=1)
  Output Delay:           8.000ns
  Clock Path Skew:        -4.654ns (DCD - SCD + CPR)
    Destination Clock Delay (DCD):    0.000ns = ( 16.667 - 16.667 ) 
    Source Clock Delay      (SCD):    4.654ns
    Clock Pessimism Removal (CPR):    0.000ns
  Clock Uncertainty:      0.185ns  ((TSJ^2 + TIJ^2)^1/2 + DJ) / 2 + PE + UU
    Total System Jitter     (TSJ):    0.071ns
    Total Input Jitter      (TIJ):    0.000ns
    Discrete Jitter          (DJ):    0.000ns
    Phase Error              (PE):    0.000ns
    User Uncertainty         (UU):    0.150ns

    Location             Delay type                Incr(ns)  Path(ns)    Netlist Resource(s)
  -------------------------------------------------------------------    -------------------
                         (clock usb_clk rise edge)    0.000     0.000 r  
    Y4                                                0.000     0.000 r  usb_clk_60m (IN)
                         net (fo=0)                   0.000     0.000    usb_clk_60m
    Y4                   IBUF (Prop_ibuf_I_O)         1.439     1.439 r  usb_clk_60m_IBUF_inst/O
                         net (fo=1, routed)           1.689     3.127    usb_clk_60m_IBUF
    BUFGCTRL_X0Y0        BUFG (Prop_bufg_I_O)         0.081     3.208 r  synchronous.usb_clock_buffer/O
                         net (fo=1013, routed)        1.446     4.654    synchronous.link/synchronous.usb_clk
    OLOGIC_X1Y29         FDCE                                         r  synchronous.link/held_data_reg[0]/C
  -------------------------------------------------------------------    -------------------
    OLOGIC_X1Y29         FDCE (Prop_fdce_C_Q)         0.418     5.072 r  synchronous.link/held_data_reg[0]/Q
                         net (fo=1, routed)           0.001     5.073    usb_data_IOBUF[0]_inst/I
    AB5                  OBUFT (Prop_obuft_I_O)       3.327     8.400 r  usb_data_IOBUF[0]_inst/OBUFT/O
                         net (fo=1, unset)            0.000     8.400    usb_data[0]
    AB5                                                               r  usb_data[0] (INOUT)
  -------------------------------------------------------------------    -------------------

                         (clock usb_clk rise edge)   16.667    16.667 r  
                         clock pessimism              0.000    16.667    
                         clock uncertainty           -0.185    16.482    
                         output delay                -8.000     8.482    
  -------------------------------------------------------------------
                         required time                          8.482    
                         arrival time                          -8.400    
  -------------------------------------------------------------------
                         slack                                  0.082    

Slack (MET) :             0.090ns  (required time - arrival time)
  Source:                 synchronous.link/held_data_reg[3]/C
                            (rising edge-triggered cell FDCE clocked by usb_clk  {rise@0.000ns fall@8.333ns period=16.667ns})
  Destination:            usb_data[3]
                            (output port clocked by usb_clk  {rise@0.000ns fall@8.333ns period=16.667ns})
  Path Group:             usb_clk
  Path Type:              Max at Slow Process Corner
  Requirement:            16.667ns  (usb_clk rise@16.667ns - usb_clk rise@0.000ns)
  Data Path Delay:        3.735ns  (logic 3.734ns (99.973%)  route 0.001ns (0.027%))
  Logic Levels:           1  (OBUFT=1)
  Output Delay:           8.000ns
  Clock Path Skew:        -4.657ns (DCD - SCD + CPR)
    Destination Clock Delay (DCD):    0.000ns = ( 16.667 - 16.667 ) 
    Source Clock Delay      (SCD):    4.657ns
    Clock Pessimism Removal (CPR):    0.000ns
  Clock Uncertainty:      0.185ns  ((TSJ^2 + TIJ^2)^1/2 + DJ) / 2 + PE + UU
    Total System Jitter     (TSJ):    0.071ns
    Total Input Jitter      (TIJ):    0.000ns
    Discrete Jitter          (DJ):    0.000ns
    Phase Error              (PE):    0.000ns
    User Uncertainty         (UU):    0.150ns

    Location             Delay type                Incr(ns)  Path(ns)    Netlist Resource(s)
  -------------------------------------------------------------------    -------------------
                         (clock usb_clk rise edge)    0.000     0.000 r  
    Y4                                                0.000     0.000 r  usb_clk_60m (IN)
                         net (fo=0)                   0.000     0.000    usb_clk_60m
    Y4                   IBUF (Prop_ibuf_I_O)         1.439     1.439 r  usb_clk_60m_IBUF_inst/O
                         net (fo=1, routed)           1.689     3.127    usb_clk_60m_IBUF
    BUFGCTRL_X0Y0        BUFG (Prop_bufg_I_O)         0.081     3.208 r  synchronous.usb_clock_buffer/O
                         net (fo=1013, routed)        1.449     4.657    synchronous.link/synchronous.usb_clk
    OLOGIC_X1Y31         FDCE                                         r  synchronous.link/held_data_reg[3]/C
  -------------------------------------------------------------------    -------------------
    OLOGIC_X1Y31         FDCE (Prop_fdce_C_Q)         0.418     5.075 r  synchronous.link/held_data_reg[3]/Q
                         net (fo=1, routed)           0.001     5.076    usb_data_IOBUF[3]_inst/I
    AA3                  OBUFT (Prop_obuft_I_O)       3.316     8.392 r  usb_data_IOBUF[3]_inst/OBUFT/O
                         net (fo=1, unset)            0.000     8.392    usb_data[3]
    AA3                                                               r  usb_data[3] (INOUT)
  -------------------------------------------------------------------    -------------------

                         (clock usb_clk rise edge)   16.667    16.667 r  
                         clock pessimism              0.000    16.667    
                         clock uncertainty           -0.185    16.482    
                         output delay                -8.000     8.482    
  -------------------------------------------------------------------
                         required time                          8.482    
                         arrival time                          -8.392    
  -------------------------------------------------------------------
                         slack                                  0.090    

Slack (MET) :             0.092ns  (required time - arrival time)
  Source:                 synchronous.link/wr_n_reg_rep/C
                            (rising edge-triggered cell FDPE clocked by usb_clk  {rise@0.000ns fall@8.333ns period=16.667ns})
  Destination:            usb_wr_n
                            (output port clocked by usb_clk  {rise@0.000ns fall@8.333ns period=16.667ns})
  Path Group:             usb_clk
  Path Type:              Max at Slow Process Corner
  Requirement:            16.667ns  (usb_clk rise@16.667ns - usb_clk rise@0.000ns)
  Data Path Delay:        3.732ns  (logic 3.731ns (99.973%)  route 0.001ns (0.027%))
  Logic Levels:           1  (OBUF=1)
  Output Delay:           8.000ns
  Clock Path Skew:        -4.657ns (DCD - SCD + CPR)
    Destination Clock Delay (DCD):    0.000ns = ( 16.667 - 16.667 ) 
    Source Clock Delay      (SCD):    4.657ns
    Clock Pessimism Removal (CPR):    0.000ns
  Clock Uncertainty:      0.185ns  ((TSJ^2 + TIJ^2)^1/2 + DJ) / 2 + PE + UU
    Total System Jitter     (TSJ):    0.071ns
    Total Input Jitter      (TIJ):    0.000ns
    Discrete Jitter          (DJ):    0.000ns
    Phase Error              (PE):    0.000ns
    User Uncertainty         (UU):    0.150ns

    Location             Delay type                Incr(ns)  Path(ns)    Netlist Resource(s)
  -------------------------------------------------------------------    -------------------
                         (clock usb_clk rise edge)    0.000     0.000 r  
    Y4                                                0.000     0.000 r  usb_clk_60m (IN)
                         net (fo=0)                   0.000     0.000    usb_clk_60m
    Y4                   IBUF (Prop_ibuf_I_O)         1.439     1.439 r  usb_clk_60m_IBUF_inst/O
                         net (fo=1, routed)           1.689     3.127    usb_clk_60m_IBUF
    BUFGCTRL_X0Y0        BUFG (Prop_bufg_I_O)         0.081     3.208 r  synchronous.usb_clock_buffer/O
                         net (fo=1013, routed)        1.449     4.657    synchronous.link/synchronous.usb_clk
    OLOGIC_X1Y32         FDPE                                         r  synchronous.link/wr_n_reg_rep/C
  -------------------------------------------------------------------    -------------------
    OLOGIC_X1Y32         FDPE (Prop_fdpe_C_Q)         0.418     5.075 r  synchronous.link/wr_n_reg_rep/Q
                         net (fo=1, routed)           0.001     5.076    usb_wr_n_OBUF
    Y3                   OBUF (Prop_obuf_I_O)         3.313     8.389 r  usb_wr_n_OBUF_inst/O
                         net (fo=0)                   0.000     8.389    usb_wr_n
    Y3                                                                r  usb_wr_n (OUT)
  -------------------------------------------------------------------    -------------------

                         (clock usb_clk rise edge)   16.667    16.667 r  
                         clock pessimism              0.000    16.667    
                         clock uncertainty           -0.185    16.482    
                         output delay                -8.000     8.482    
  -------------------------------------------------------------------
                         required time                          8.482    
                         arrival time                          -8.389    
  -------------------------------------------------------------------
                         slack                                  0.092    

Slack (MET) :             0.094ns  (required time - arrival time)
  Source:                 synchronous.link/oe_n_reg/C
                            (rising edge-triggered cell FDPE clocked by usb_clk  {rise@0.000ns fall@8.333ns period=16.667ns})
  Destination:            usb_oe_n
                            (output port clocked by usb_clk  {rise@0.000ns fall@8.333ns period=16.667ns})
  Path Group:             usb_clk
  Path Type:              Max at Slow Process Corner
  Requirement:            16.667ns  (usb_clk rise@16.667ns - usb_clk rise@0.000ns)
  Data Path Delay:        3.724ns  (logic 3.723ns (99.973%)  route 0.001ns (0.027%))
  Logic Levels:           1  (OBUF=1)
  Output Delay:           8.000ns
  Clock Path Skew:        -4.663ns (DCD - SCD + CPR)
    Destination Clock Delay (DCD):    0.000ns = ( 16.667 - 16.667 ) 
    Source Clock Delay      (SCD):    4.663ns
    Clock Pessimism Removal (CPR):    0.000ns
  Clock Uncertainty:      0.185ns  ((TSJ^2 + TIJ^2)^1/2 + DJ) / 2 + PE + UU
    Total System Jitter     (TSJ):    0.071ns
    Total Input Jitter      (TIJ):    0.000ns
    Discrete Jitter          (DJ):    0.000ns
    Phase Error              (PE):    0.000ns
    User Uncertainty         (UU):    0.150ns

    Location             Delay type                Incr(ns)  Path(ns)    Netlist Resource(s)
  -------------------------------------------------------------------    -------------------
                         (clock usb_clk rise edge)    0.000     0.000 r  
    Y4                                                0.000     0.000 r  usb_clk_60m (IN)
                         net (fo=0)                   0.000     0.000    usb_clk_60m
    Y4                   IBUF (Prop_ibuf_I_O)         1.439     1.439 r  usb_clk_60m_IBUF_inst/O
                         net (fo=1, routed)           1.689     3.127    usb_clk_60m_IBUF
    BUFGCTRL_X0Y0        BUFG (Prop_bufg_I_O)         0.081     3.208 r  synchronous.usb_clock_buffer/O
                         net (fo=1013, routed)        1.455     4.663    synchronous.link/synchronous.usb_clk
    OLOGIC_X1Y38         FDPE                                         r  synchronous.link/oe_n_reg/C
  -------------------------------------------------------------------    -------------------
    OLOGIC_X1Y38         FDPE (Prop_fdpe_C_Q)         0.418     5.081 r  synchronous.link/oe_n_reg/Q
                         net (fo=1, routed)           0.001     5.082    usb_oe_n_OBUF
    U3                   OBUF (Prop_obuf_I_O)         3.305     8.387 r  usb_oe_n_OBUF_inst/O
                         net (fo=0)                   0.000     8.387    usb_oe_n
    U3                                                                r  usb_oe_n (OUT)
  -------------------------------------------------------------------    -------------------

                         (clock usb_clk rise edge)   16.667    16.667 r  
                         clock pessimism              0.000    16.667    
                         clock uncertainty           -0.185    16.482    
                         output delay                -8.000     8.482    
  -------------------------------------------------------------------
                         required time                          8.482    
                         arrival time                          -8.387    
  -------------------------------------------------------------------
                         slack                                  0.094    

Slack (MET) :             0.101ns  (required time - arrival time)
  Source:                 synchronous.link/held_data_reg[1]/C
                            (rising edge-triggered cell FDCE clocked by usb_clk  {rise@0.000ns fall@8.333ns period=16.667ns})
  Destination:            usb_data[1]
                            (output port clocked by usb_clk  {rise@0.000ns fall@8.333ns period=16.667ns})
  Path Group:             usb_clk
  Path Type:              Max at Slow Process Corner
  Requirement:            16.667ns  (usb_clk rise@16.667ns - usb_clk rise@0.000ns)
  Data Path Delay:        3.728ns  (logic 3.727ns (99.973%)  route 0.001ns (0.027%))
  Logic Levels:           1  (OBUFT=1)
  Output Delay:           8.000ns
  Clock Path Skew:        -4.653ns (DCD - SCD + CPR)
    Destination Clock Delay (DCD):    0.000ns = ( 16.667 - 16.667 ) 
    Source Clock Delay      (SCD):    4.653ns
    Clock Pessimism Removal (CPR):    0.000ns
  Clock Uncertainty:      0.185ns  ((TSJ^2 + TIJ^2)^1/2 + DJ) / 2 + PE + UU
    Total System Jitter     (TSJ):    0.071ns
    Total Input Jitter      (TIJ):    0.000ns
    Discrete Jitter          (DJ):    0.000ns
    Phase Error              (PE):    0.000ns
    User Uncertainty         (UU):    0.150ns

    Location             Delay type                Incr(ns)  Path(ns)    Netlist Resource(s)
  -------------------------------------------------------------------    -------------------
                         (clock usb_clk rise edge)    0.000     0.000 r  
    Y4                                                0.000     0.000 r  usb_clk_60m (IN)
                         net (fo=0)                   0.000     0.000    usb_clk_60m
    Y4                   IBUF (Prop_ibuf_I_O)         1.439     1.439 r  usb_clk_60m_IBUF_inst/O
                         net (fo=1, routed)           1.689     3.127    usb_clk_60m_IBUF
    BUFGCTRL_X0Y0        BUFG (Prop_bufg_I_O)         0.081     3.208 r  synchronous.usb_clock_buffer/O
                         net (fo=1013, routed)        1.445     4.653    synchronous.link/synchronous.usb_clk
    OLOGIC_X1Y27         FDCE                                         r  synchronous.link/held_data_reg[1]/C
  -------------------------------------------------------------------    -------------------
    OLOGIC_X1Y27         FDCE (Prop_fdce_C_Q)         0.418     5.071 r  synchronous.link/held_data_reg[1]/Q
                         net (fo=1, routed)           0.001     5.072    usb_data_IOBUF[1]_inst/I
    AA4                  OBUFT (Prop_obuft_I_O)       3.309     8.381 r  usb_data_IOBUF[1]_inst/OBUFT/O
                         net (fo=1, unset)            0.000     8.381    usb_data[1]
    AA4                                                               r  usb_data[1] (INOUT)
  -------------------------------------------------------------------    -------------------

                         (clock usb_clk rise edge)   16.667    16.667 r  
                         clock pessimism              0.000    16.667    
                         clock uncertainty           -0.185    16.482    
                         output delay                -8.000     8.482    
  -------------------------------------------------------------------
                         required time                          8.482    
                         arrival time                          -8.381    
  -------------------------------------------------------------------
                         slack                                  0.101    

Slack (MET) :             0.111ns  (required time - arrival time)
  Source:                 synchronous.link/rd_n_reg_rep/C
                            (rising edge-triggered cell FDPE clocked by usb_clk  {rise@0.000ns fall@8.333ns period=16.667ns})
  Destination:            usb_rd_n
                            (output port clocked by usb_clk  {rise@0.000ns fall@8.333ns period=16.667ns})
  Path Group:             usb_clk
  Path Type:              Max at Slow Process Corner
  Requirement:            16.667ns  (usb_clk rise@16.667ns - usb_clk rise@0.000ns)
  Data Path Delay:        3.719ns  (logic 3.718ns (99.973%)  route 0.001ns (0.027%))
  Logic Levels:           1  (OBUF=1)
  Output Delay:           8.000ns
  Clock Path Skew:        -4.651ns (DCD - SCD + CPR)
    Destination Clock Delay (DCD):    0.000ns = ( 16.667 - 16.667 ) 
    Source Clock Delay      (SCD):    4.651ns
    Clock Pessimism Removal (CPR):    0.000ns
  Clock Uncertainty:      0.185ns  ((TSJ^2 + TIJ^2)^1/2 + DJ) / 2 + PE + UU
    Total System Jitter     (TSJ):    0.071ns
    Total Input Jitter      (TIJ):    0.000ns
    Discrete Jitter          (DJ):    0.000ns
    Phase Error              (PE):    0.000ns
    User Uncertainty         (UU):    0.150ns

    Location             Delay type                Incr(ns)  Path(ns)    Netlist Resource(s)
  -------------------------------------------------------------------    -------------------
                         (clock usb_clk rise edge)    0.000     0.000 r  
    Y4                                                0.000     0.000 r  usb_clk_60m (IN)
                         net (fo=0)                   0.000     0.000    usb_clk_60m
    Y4                   IBUF (Prop_ibuf_I_O)         1.439     1.439 r  usb_clk_60m_IBUF_inst/O
                         net (fo=1, routed)           1.689     3.127    usb_clk_60m_IBUF
    BUFGCTRL_X0Y0        BUFG (Prop_bufg_I_O)         0.081     3.208 r  synchronous.usb_clock_buffer/O
                         net (fo=1013, routed)        1.443     4.651    synchronous.link/synchronous.usb_clk
    OLOGIC_X1Y26         FDPE                                         r  synchronous.link/rd_n_reg_rep/C
  -------------------------------------------------------------------    -------------------
    OLOGIC_X1Y26         FDPE (Prop_fdpe_C_Q)         0.418     5.069 r  synchronous.link/rd_n_reg_rep/Q
                         net (fo=1, routed)           0.001     5.070    usb_rd_n_OBUF
    V4                   OBUF (Prop_obuf_I_O)         3.300     8.371 r  usb_rd_n_OBUF_inst/O
                         net (fo=0)                   0.000     8.371    usb_rd_n
    V4                                                                r  usb_rd_n (OUT)
  -------------------------------------------------------------------    -------------------

                         (clock usb_clk rise edge)   16.667    16.667 r  
                         clock pessimism              0.000    16.667    
                         clock uncertainty           -0.185    16.482    
                         output delay                -8.000     8.482    
  -------------------------------------------------------------------
                         required time                          8.482    
                         arrival time                          -8.371    
  -------------------------------------------------------------------
                         slack                                  0.111    

Slack (MET) :             0.201ns  (required time - arrival time)
  Source:                 cam_data[0]
                            (input port clocked by cam_clk  {rise@0.000ns fall@6.625ns period=13.250ns})
  Destination:            real_camera.pin_data_reg[0]/D
                            (falling edge-triggered cell FDRE clocked by clock_raw  {rise@-1.104ns fall@5.521ns period=13.250ns})
  Path Group:             clock_raw
  Path Type:              Setup (Max at Slow Process Corner)
  Requirement:            12.146ns  (clock_raw fall@18.771ns - cam_clk fall@6.625ns)
  Data Path Delay:        2.249ns  (logic 1.405ns (62.460%)  route 0.844ns (37.540%))
  Logic Levels:           1  (IBUF=1)
  Input Delay:            10.000ns
  Clock Path Skew:        0.752ns (DCD - SCD + CPR)
    Destination Clock Delay (DCD):    0.752ns = ( 19.522 - 18.771 ) 
    Source Clock Delay      (SCD):    0.000ns = ( 6.625 - 6.625 ) 
    Clock Pessimism Removal (CPR):    0.000ns
  Clock Uncertainty:      0.404ns  ((TSJ^2 + DJ^2)^1/2) / 2 + PE + UU
    Total System Jitter     (TSJ):    0.071ns
    Discrete Jitter          (DJ):    0.114ns
    Phase Error              (PE):    0.087ns
    User Uncertainty         (UU):    0.250ns

    Location             Delay type                Incr(ns)  Path(ns)    Netlist Resource(s)
  -------------------------------------------------------------------    -------------------
                         (clock cam_clk fall edge)    6.625     6.625 f  
                         input delay                 10.000    16.625    
    C14                                               0.000    16.625 r  cam_data[0] (IN)
                         net (fo=0)                   0.000    16.625    cam_data[0]
    C14                  IBUF (Prop_ibuf_I_O)         1.405    18.030 r  cam_data_IBUF[0]_inst/O
                         net (fo=1, routed)           0.844    18.874    cam_data_IBUF[0]
    SLICE_X1Y140         FDRE                                         r  real_camera.pin_data_reg[0]/D
  -------------------------------------------------------------------    -------------------

                         (clock clock_raw fall edge)
                                                     18.771    18.771 f  
    F14                                               0.000    18.771 f  cam_pclk (IN)
                         net (fo=0)                   0.000    18.771    cam_pclk
    F14                  IBUF (Prop_ibuf_I_O)         1.327    20.097 f  cam_pclk_IBUF_inst/O
                         net (fo=1, routed)           2.581    22.678    real_camera.phase_clock.sampling_clock/pclk
    MMCME2_ADV_X0Y0      MMCME2_ADV (Prop_mmcme2_adv_CLKIN1_CLKOUT0)
                                                     -6.061    16.617 f  real_camera.phase_clock.sampling_clock/camera_mmcm/CLKOUT0
                         net (fo=1, routed)           1.357    17.975    real_camera.phase_clock.sampling_clock/clock_raw
    BUFGCTRL_X0Y3        BUFG (Prop_bufg_I_O)         0.077    18.052 f  real_camera.phase_clock.sampling_clock/sample_buffer/O
                         net (fo=496, routed)         1.471    19.522    real_camera.pclk
    SLICE_X1Y140         FDRE                                         r  real_camera.pin_data_reg[0]/C  (IS_INVERTED)
                         clock pessimism              0.000    19.522    
                         clock uncertainty           -0.404    19.118    
    SLICE_X1Y140         FDRE (Setup_fdre_C_D)       -0.043    19.075    real_camera.pin_data_reg[0]
  -------------------------------------------------------------------
                         required time                         19.075    
                         arrival time                         -18.874    
  -------------------------------------------------------------------
                         slack                                  0.201    

Slack (MET) :             0.222ns  (required time - arrival time)
  Source:                 cam_data[6]
                            (input port clocked by cam_clk  {rise@0.000ns fall@6.625ns period=13.250ns})
  Destination:            real_camera.pin_data_reg[6]/D
                            (falling edge-triggered cell FDRE clocked by clock_raw  {rise@-1.104ns fall@5.521ns period=13.250ns})
  Path Group:             clock_raw
  Path Type:              Setup (Max at Slow Process Corner)
  Requirement:            12.146ns  (clock_raw fall@18.771ns - cam_clk fall@6.625ns)
  Data Path Delay:        2.233ns  (logic 1.410ns (63.155%)  route 0.823ns (36.845%))
  Logic Levels:           1  (IBUF=1)
  Input Delay:            10.000ns
  Clock Path Skew:        0.752ns (DCD - SCD + CPR)
    Destination Clock Delay (DCD):    0.752ns = ( 19.522 - 18.771 ) 
    Source Clock Delay      (SCD):    0.000ns = ( 6.625 - 6.625 ) 
    Clock Pessimism Removal (CPR):    0.000ns
  Clock Uncertainty:      0.404ns  ((TSJ^2 + DJ^2)^1/2) / 2 + PE + UU
    Total System Jitter     (TSJ):    0.071ns
    Discrete Jitter          (DJ):    0.114ns
    Phase Error              (PE):    0.087ns
    User Uncertainty         (UU):    0.250ns

    Location             Delay type                Incr(ns)  Path(ns)    Netlist Resource(s)
  -------------------------------------------------------------------    -------------------
                         (clock cam_clk fall edge)    6.625     6.625 f  
                         input delay                 10.000    16.625    
    E13                                               0.000    16.625 r  cam_data[6] (IN)
                         net (fo=0)                   0.000    16.625    cam_data[6]
    E13                  IBUF (Prop_ibuf_I_O)         1.410    18.035 r  cam_data_IBUF[6]_inst/O
                         net (fo=1, routed)           0.823    18.858    cam_data_IBUF[6]
    SLICE_X1Y140         FDRE                                         r  real_camera.pin_data_reg[6]/D
  -------------------------------------------------------------------    -------------------

                         (clock clock_raw fall edge)
                                                     18.771    18.771 f  
    F14                                               0.000    18.771 f  cam_pclk (IN)
                         net (fo=0)                   0.000    18.771    cam_pclk
    F14                  IBUF (Prop_ibuf_I_O)         1.327    20.097 f  cam_pclk_IBUF_inst/O
                         net (fo=1, routed)           2.581    22.678    real_camera.phase_clock.sampling_clock/pclk
    MMCME2_ADV_X0Y0      MMCME2_ADV (Prop_mmcme2_adv_CLKIN1_CLKOUT0)
                                                     -6.061    16.617 f  real_camera.phase_clock.sampling_clock/camera_mmcm/CLKOUT0
                         net (fo=1, routed)           1.357    17.975    real_camera.phase_clock.sampling_clock/clock_raw
    BUFGCTRL_X0Y3        BUFG (Prop_bufg_I_O)         0.077    18.052 f  real_camera.phase_clock.sampling_clock/sample_buffer/O
                         net (fo=496, routed)         1.471    19.522    real_camera.pclk
    SLICE_X1Y140         FDRE                                         r  real_camera.pin_data_reg[6]/C  (IS_INVERTED)
                         clock pessimism              0.000    19.522    
                         clock uncertainty           -0.404    19.118    
    SLICE_X1Y140         FDRE (Setup_fdre_C_D)       -0.038    19.080    real_camera.pin_data_reg[6]
  -------------------------------------------------------------------
                         required time                         19.080    
                         arrival time                         -18.858    
  -------------------------------------------------------------------
                         slack                                  0.222    

Slack (MET) :             0.236ns  (required time - arrival time)
  Source:                 engine/codec/encoder/channels[0].channel/ddr_spatial_transport.skip/coefficient_decoders.reference_decoder/reservoir_reg[24]/C
                            (rising edge-triggered cell FDRE clocked by core_raw  {rise@0.000ns fall@5.000ns period=10.000ns})
  Destination:            engine/codec/encoder/channels[0].channel/ddr_spatial_transport.skip/coefficient_decoders.reference_decoder/bit_count_reg[3]/D
                            (rising edge-triggered cell FDRE clocked by core_raw  {rise@0.000ns fall@5.000ns period=10.000ns})
  Path Group:             core_raw
  Path Type:              Setup (Max at Slow Process Corner)
  Requirement:            10.000ns  (core_raw rise@10.000ns - core_raw rise@0.000ns)
  Data Path Delay:        9.627ns  (logic 2.718ns (28.233%)  route 6.909ns (71.767%))
  Logic Levels:           12  (CARRY4=1 LUT2=2 LUT3=2 LUT4=1 LUT5=1 LUT6=5)
  Clock Path Skew:        -0.043ns (DCD - SCD + CPR)
    Destination Clock Delay (DCD):    -0.856ns = ( 9.144 - 10.000 ) 
    Source Clock Delay      (SCD):    -0.404ns
    Clock Pessimism Removal (CPR):    0.410ns
  Clock Uncertainty:      0.047ns  ((TSJ^2 + DJ^2)^1/2) / 2 + PE
    Total System Jitter     (TSJ):    0.071ns
    Discrete Jitter          (DJ):    0.063ns
    Phase Error              (PE):    0.000ns

    Location             Delay type                Incr(ns)  Path(ns)    Netlist Resource(s)
  -------------------------------------------------------------------    -------------------
                         (clock core_raw rise edge)
                                                      0.000     0.000 r  
    R4                                                0.000     0.000 r  sys_clk (IN)
                         net (fo=0)                   0.000     0.000    sys_clk
    R4                   IBUF (Prop_ibuf_I_O)         1.432     1.432 r  sys_clk_IBUF_inst/O
                         net (fo=1, routed)           1.065     2.497    multiplied_clock.clock_generator/sys_clk_IBUF
    MMCME2_ADV_X1Y0      MMCME2_ADV (Prop_mmcme2_adv_CLKIN1_CLKOUT0)
                                                     -5.921    -3.424 r  multiplied_clock.clock_generator/mmcm/CLKOUT0
                         net (fo=1, routed)           1.421    -2.004    multiplied_clock.clock_generator/core_raw
    BUFGCTRL_X0Y2        BUFG (Prop_bufg_I_O)         0.081    -1.923 r  multiplied_clock.clock_generator/core_buffer/O
                         net (fo=16620, routed)       1.519    -0.404    engine/codec/encoder/channels[0].channel/ddr_spatial_transport.skip/coefficient_decoders.reference_decoder/core_clk
    SLICE_X53Y101        FDRE                                         r  engine/codec/encoder/channels[0].channel/ddr_spatial_transport.skip/coefficient_decoders.reference_decoder/reservoir_reg[24]/C
  -------------------------------------------------------------------    -------------------
    SLICE_X53Y101        FDRE (Prop_fdre_C_Q)         0.379    -0.025 f  engine/codec/encoder/channels[0].channel/ddr_spatial_transport.skip/coefficient_decoders.reference_decoder/reservoir_reg[24]/Q
                         net (fo=10, routed)          1.176     1.151    engine/codec/encoder/channels[0].channel/ddr_spatial_transport.skip/coefficient_decoders.reference_decoder/reservoir[24]
    SLICE_X57Y109        LUT4 (Prop_lut4_I2_O)        0.115     1.266 r  engine/codec/encoder/channels[0].channel/ddr_spatial_transport.skip/coefficient_decoders.reference_decoder/saved_symbol[7]_i_69__0/O
                         net (fo=1, routed)           0.341     1.607    engine/codec/encoder/channels[0].channel/ddr_spatial_transport.skip/coefficient_decoders.reference_decoder/saved_symbol[7]_i_69__0_n_0
    SLICE_X56Y109        LUT6 (Prop_lut6_I1_O)        0.267     1.874 r  engine/codec/encoder/channels[0].channel/ddr_spatial_transport.skip/coefficient_decoders.reference_decoder/saved_symbol[7]_i_38__0/O
                         net (fo=5, routed)           0.374     2.248    engine/codec/encoder/channels[0].channel/ddr_spatial_transport.skip/coefficient_decoders.reference_decoder/saved_symbol[7]_i_38__0_n_0
    SLICE_X56Y109        LUT5 (Prop_lut5_I4_O)        0.105     2.353 f  engine/codec/encoder/channels[0].channel/ddr_spatial_transport.skip/coefficient_decoders.reference_decoder/reservoir[39]_i_63__0/O
                         net (fo=5, routed)           1.026     3.380    engine/codec/encoder/channels[0].channel/ddr_spatial_transport.skip/coefficient_decoders.reference_decoder/reservoir[39]_i_63__0_n_0
    SLICE_X41Y108        LUT3 (Prop_lut3_I0_O)        0.124     3.504 f  engine/codec/encoder/channels[0].channel/ddr_spatial_transport.skip/coefficient_decoders.reference_decoder/saved_symbol[7]_i_56__0/O
                         net (fo=1, routed)           0.700     4.203    engine/codec/encoder/channels[0].channel/ddr_spatial_transport.skip/coefficient_decoders.reference_decoder/saved_symbol[7]_i_56__0_n_0
    SLICE_X40Y108        LUT6 (Prop_lut6_I0_O)        0.267     4.470 f  engine/codec/encoder/channels[0].channel/ddr_spatial_transport.skip/coefficient_decoders.reference_decoder/saved_symbol[7]_i_26__0/O
                         net (fo=1, routed)           0.220     4.690    engine/codec/encoder/channels[0].channel/ddr_spatial_transport.skip/coefficient_decoders.reference_decoder/saved_symbol[7]_i_26__0_n_0
    SLICE_X40Y108        LUT6 (Prop_lut6_I5_O)        0.105     4.795 f  engine/codec/encoder/channels[0].channel/ddr_spatial_transport.skip/coefficient_decoders.reference_decoder/saved_symbol[7]_i_8/O
                         net (fo=21, routed)          0.259     5.054    engine/codec/encoder/channels[0].channel/ddr_spatial_transport.skip/coefficient_decoders.reference_decoder/saved_symbol[7]_i_8_n_0
    SLICE_X41Y109        LUT6 (Prop_lut6_I0_O)        0.105     5.159 r  engine/codec/encoder/channels[0].channel/ddr_spatial_transport.skip/coefficient_decoders.reference_decoder/saved_symbol[7]_i_3__0/O
                         net (fo=21, routed)          0.787     5.947    engine/codec/encoder/channels[0].channel/ddr_spatial_transport.skip/coefficient_decoders.reference_decoder/can_huffman
    SLICE_X48Y110        LUT2 (Prop_lut2_I1_O)        0.124     6.071 r  engine/codec/encoder/channels[0].channel/ddr_spatial_transport.skip/coefficient_decoders.reference_decoder/reservoir[37]_i_3__1/O
                         net (fo=48, routed)          0.397     6.468    engine/codec/encoder/channels[0].channel/ddr_spatial_transport.skip/coefficient_decoders.reference_decoder/next_reservoir1
    SLICE_X52Y109        LUT6 (Prop_lut6_I5_O)        0.267     6.735 r  engine/codec/encoder/channels[0].channel/ddr_spatial_transport.skip/coefficient_decoders.reference_decoder/reservoir[38]_i_2__1/O
                         net (fo=41, routed)          0.661     7.396    engine/codec/encoder/channels[0].channel/ddr_spatial_transport.skip/coefficient_decoders.reference_decoder/p_1_in_0[0]
    SLICE_X54Y106        LUT2 (Prop_lut2_I1_O)        0.105     7.501 r  engine/codec/encoder/channels[0].channel/ddr_spatial_transport.skip/coefficient_decoders.reference_decoder/bit_count[2]_i_6/O
                         net (fo=1, routed)           0.000     7.501    engine/codec/encoder/channels[0].channel/ddr_spatial_transport.skip/coefficient_decoders.reference_decoder/bit_count[2]_i_6_n_0
    SLICE_X54Y106        CARRY4 (Prop_carry4_S[0]_O[3])
                                                      0.505     8.006 r  engine/codec/encoder/channels[0].channel/ddr_spatial_transport.skip/coefficient_decoders.reference_decoder/bit_count_reg[2]_i_1__0/O[3]
                         net (fo=3, routed)           0.578     8.584    engine/codec/encoder/channels[0].channel/ddr_spatial_transport.skip/coefficient_decoders.reference_decoder/bit_count_reg[2]_i_1__0_n_4
    SLICE_X52Y105        LUT3 (Prop_lut3_I2_O)        0.250     8.834 r  engine/codec/encoder/channels[0].channel/ddr_spatial_transport.skip/coefficient_decoders.reference_decoder/bit_count[3]_i_1__0/O
                         net (fo=1, routed)           0.390     9.223    engine/codec/encoder/channels[0].channel/ddr_spatial_transport.skip/coefficient_decoders.reference_decoder/next_count[3]
    SLICE_X55Y106        FDRE                                         r  engine/codec/encoder/channels[0].channel/ddr_spatial_transport.skip/coefficient_decoders.reference_decoder/bit_count_reg[3]/D
  -------------------------------------------------------------------    -------------------

                         (clock core_raw rise edge)
                                                     10.000    10.000 r  
    R4                                                0.000    10.000 r  sys_clk (IN)
                         net (fo=0)                   0.000    10.000    sys_clk
    R4                   IBUF (Prop_ibuf_I_O)         1.366    11.366 r  sys_clk_IBUF_inst/O
                         net (fo=1, routed)           1.004    12.369    multiplied_clock.clock_generator/sys_clk_IBUF
    MMCME2_ADV_X1Y0      MMCME2_ADV (Prop_mmcme2_adv_CLKIN1_CLKOUT0)
                                                     -6.057     6.312 r  multiplied_clock.clock_generator/mmcm/CLKOUT0
                         net (fo=1, routed)           1.352     7.665    multiplied_clock.clock_generator/core_raw
    BUFGCTRL_X0Y2        BUFG (Prop_bufg_I_O)         0.077     7.742 r  multiplied_clock.clock_generator/core_buffer/O
                         net (fo=16620, routed)       1.402     9.144    engine/codec/encoder/channels[0].channel/ddr_spatial_transport.skip/coefficient_decoders.reference_decoder/core_clk
    SLICE_X55Y106        FDRE                                         r  engine/codec/encoder/channels[0].channel/ddr_spatial_transport.skip/coefficient_decoders.reference_decoder/bit_count_reg[3]/C
                         clock pessimism              0.410     9.553    
                         clock uncertainty           -0.047     9.506    
    SLICE_X55Y106        FDRE (Setup_fdre_C_D)       -0.047     9.459    engine/codec/encoder/channels[0].channel/ddr_spatial_transport.skip/coefficient_decoders.reference_decoder/bit_count_reg[3]
  -------------------------------------------------------------------
                         required time                          9.459    
                         arrival time                          -9.223    
  -------------------------------------------------------------------
                         slack                                  0.236    

Slack (MET) :             0.262ns  (required time - arrival time)
  Source:                 engine/codec/encoder/channels[0].channel/ddr_spatial_transport.skip/coefficient_decoders.reference_decoder/bit_count_reg[5]/C
                            (rising edge-triggered cell FDRE clocked by core_raw  {rise@0.000ns fall@5.000ns period=10.000ns})
  Destination:            engine/codec/encoder/channels[0].channel/ddr_spatial_transport.skip/coefficient_decoders.reference_decoder/error_reg/D
                            (rising edge-triggered cell FDRE clocked by core_raw  {rise@0.000ns fall@5.000ns period=10.000ns})
  Path Group:             core_raw
  Path Type:              Setup (Max at Slow Process Corner)
  Requirement:            10.000ns  (core_raw rise@10.000ns - core_raw rise@0.000ns)
  Data Path Delay:        9.673ns  (logic 2.243ns (23.187%)  route 7.430ns (76.813%))
  Logic Levels:           13  (LUT2=1 LUT4=1 LUT5=1 LUT6=9 MUXF7=1)
  Clock Path Skew:        -0.047ns (DCD - SCD + CPR)
    Destination Clock Delay (DCD):    -0.859ns = ( 9.141 - 10.000 ) 
    Source Clock Delay      (SCD):    -0.403ns
    Clock Pessimism Removal (CPR):    0.410ns
  Clock Uncertainty:      0.047ns  ((TSJ^2 + DJ^2)^1/2) / 2 + PE
    Total System Jitter     (TSJ):    0.071ns
    Discrete Jitter          (DJ):    0.063ns
    Phase Error              (PE):    0.000ns

    Location             Delay type                Incr(ns)  Path(ns)    Netlist Resource(s)
  -------------------------------------------------------------------    -------------------
                         (clock core_raw rise edge)
                                                      0.000     0.000 r  
    R4                                                0.000     0.000 r  sys_clk (IN)
                         net (fo=0)                   0.000     0.000    sys_clk
    R4                   IBUF (Prop_ibuf_I_O)         1.432     1.432 r  sys_clk_IBUF_inst/O
                         net (fo=1, routed)           1.065     2.497    multiplied_clock.clock_generator/sys_clk_IBUF
    MMCME2_ADV_X1Y0      MMCME2_ADV (Prop_mmcme2_adv_CLKIN1_CLKOUT0)
                                                     -5.921    -3.424 r  multiplied_clock.clock_generator/mmcm/CLKOUT0
                         net (fo=1, routed)           1.421    -2.004    multiplied_clock.clock_generator/core_raw
    BUFGCTRL_X0Y2        BUFG (Prop_bufg_I_O)         0.081    -1.923 r  multiplied_clock.clock_generator/core_buffer/O
                         net (fo=16620, routed)       1.520    -0.403    engine/codec/encoder/channels[0].channel/ddr_spatial_transport.skip/coefficient_decoders.reference_decoder/core_clk
    SLICE_X55Y105        FDRE                                         r  engine/codec/encoder/channels[0].channel/ddr_spatial_transport.skip/coefficient_decoders.reference_decoder/bit_count_reg[5]/C
  -------------------------------------------------------------------    -------------------
    SLICE_X55Y105        FDRE (Prop_fdre_C_Q)         0.348    -0.055 r  engine/codec/encoder/channels[0].channel/ddr_spatial_transport.skip/coefficient_decoders.reference_decoder/bit_count_reg[5]/Q
                         net (fo=30, routed)          0.779     0.724    engine/codec/encoder/channels[0].channel/ddr_spatial_transport.skip/coefficient_decoders.reference_decoder/bit_count[5]
    SLICE_X56Y105        LUT6 (Prop_lut6_I1_O)        0.242     0.966 f  engine/codec/encoder/channels[0].channel/ddr_spatial_transport.skip/coefficient_decoders.reference_decoder/reservoir[39]_i_51__0/O
                         net (fo=4, routed)           0.382     1.349    engine/codec/encoder/channels[0].channel/ddr_spatial_transport.skip/coefficient_decoders.reference_decoder/reservoir[39]_i_51__0_n_0
    SLICE_X56Y105        LUT6 (Prop_lut6_I5_O)        0.105     1.454 r  engine/codec/encoder/channels[0].channel/ddr_spatial_transport.skip/coefficient_decoders.reference_decoder/reservoir[39]_i_27__0/O
                         net (fo=8, routed)           1.119     2.573    engine/codec/encoder/channels[0].channel/ddr_spatial_transport.skip/coefficient_decoders.reference_decoder/reservoir[39]_i_27__0_n_0
    SLICE_X51Y106        LUT5 (Prop_lut5_I3_O)        0.108     2.681 f  engine/codec/encoder/channels[0].channel/ddr_spatial_transport.skip/coefficient_decoders.reference_decoder/saved_symbol[0]_i_18/O
                         net (fo=1, routed)           0.544     3.225    engine/codec/encoder/channels[0].channel/ddr_spatial_transport.skip/coefficient_decoders.reference_decoder/saved_symbol[0]_i_18_n_0
    SLICE_X51Y107        LUT6 (Prop_lut6_I1_O)        0.275     3.500 f  engine/codec/encoder/channels[0].channel/ddr_spatial_transport.skip/coefficient_decoders.reference_decoder/saved_symbol[0]_i_10/O
                         net (fo=1, routed)           0.505     4.005    engine/codec/encoder/channels[0].channel/ddr_spatial_transport.skip/coefficient_decoders.reference_decoder/saved_symbol[0]_i_10_n_0
    SLICE_X51Y107        LUT6 (Prop_lut6_I0_O)        0.105     4.110 r  engine/codec/encoder/channels[0].channel/ddr_spatial_transport.skip/coefficient_decoders.reference_decoder/saved_symbol[0]_i_5/O
                         net (fo=42, routed)          0.852     4.961    engine/codec/encoder/channels[0].channel/ddr_spatial_transport.skip/coefficient_decoders.reference_decoder/sel[0]
    SLICE_X48Y109        LUT6 (Prop_lut6_I3_O)        0.105     5.066 r  engine/codec/encoder/channels[0].channel/ddr_spatial_transport.skip/coefficient_decoders.reference_decoder/saved_symbol[5]_i_8/O
                         net (fo=1, routed)           0.000     5.066    engine/codec/encoder/channels[0].channel/ddr_spatial_transport.skip/coefficient_decoders.reference_decoder/saved_symbol[5]_i_8_n_0
    SLICE_X48Y109        MUXF7 (Prop_muxf7_I0_O)      0.178     5.244 r  engine/codec/encoder/channels[0].channel/ddr_spatial_transport.skip/coefficient_decoders.reference_decoder/saved_symbol_reg[5]_i_5/O
                         net (fo=1, routed)           0.352     5.596    engine/codec/encoder/channels[0].channel/ddr_spatial_transport.skip/coefficient_decoders.reference_decoder/saved_symbol_reg[5]_i_5_n_0
    SLICE_X48Y109        LUT6 (Prop_lut6_I4_O)        0.252     5.848 r  engine/codec/encoder/channels[0].channel/ddr_spatial_transport.skip/coefficient_decoders.reference_decoder/saved_symbol[5]_i_2/O
                         net (fo=4, routed)           0.466     6.314    engine/codec/encoder/channels[0].channel/ddr_spatial_transport.skip/coefficient_decoders.reference_decoder/symbol_value[5]
    SLICE_X51Y110        LUT2 (Prop_lut2_I0_O)        0.105     6.419 r  engine/codec/encoder/channels[0].channel/ddr_spatial_transport.skip/coefficient_decoders.reference_decoder/saved_symbol[5]_i_1__0/O
                         net (fo=5, routed)           0.681     7.100    engine/codec/encoder/channels[0].channel/ddr_spatial_transport.skip/coefficient_decoders.reference_decoder/saved_symbol[5]_i_1__0_n_0
    SLICE_X50Y110        LUT6 (Prop_lut6_I4_O)        0.105     7.205 r  engine/codec/encoder/channels[0].channel/ddr_spatial_transport.skip/coefficient_decoders.reference_decoder/saved_symbol[7]_i_10/O
                         net (fo=3, routed)           0.917     8.122    engine/codec/encoder/channels[0].channel/ddr_spatial_transport.skip/coefficient_decoders.reference_decoder/saved_symbol[7]_i_10_n_0
    SLICE_X52Y113        LUT6 (Prop_lut6_I3_O)        0.105     8.227 r  engine/codec/encoder/channels[0].channel/ddr_spatial_transport.skip/coefficient_decoders.reference_decoder/error_i_9__0/O
                         net (fo=1, routed)           0.467     8.694    engine/codec/encoder/channels[0].channel/ddr_spatial_transport.skip/coefficient_decoders.reference_decoder/error_i_9__0_n_0
    SLICE_X51Y113        LUT6 (Prop_lut6_I1_O)        0.105     8.799 r  engine/codec/encoder/channels[0].channel/ddr_spatial_transport.skip/coefficient_decoders.reference_decoder/error_i_3__0/O
                         net (fo=3, routed)           0.367     9.166    engine/codec/encoder/channels[0].channel/ddr_spatial_transport.skip/coefficient_decoders.reference_decoder/error0_out
    SLICE_X51Y112        LUT4 (Prop_lut4_I1_O)        0.105     9.271 r  engine/codec/encoder/channels[0].channel/ddr_spatial_transport.skip/coefficient_decoders.reference_decoder/error_i_1__0/O
                         net (fo=1, routed)           0.000     9.271    engine/codec/encoder/channels[0].channel/ddr_spatial_transport.skip/coefficient_decoders.reference_decoder/error_i_1__0_n_0
    SLICE_X51Y112        FDRE                                         r  engine/codec/encoder/channels[0].channel/ddr_spatial_transport.skip/coefficient_decoders.reference_decoder/error_reg/D
  -------------------------------------------------------------------    -------------------

                         (clock core_raw rise edge)
                                                     10.000    10.000 r  
    R4                                                0.000    10.000 r  sys_clk (IN)
                         net (fo=0)                   0.000    10.000    sys_clk
    R4                   IBUF (Prop_ibuf_I_O)         1.366    11.366 r  sys_clk_IBUF_inst/O
                         net (fo=1, routed)           1.004    12.369    multiplied_clock.clock_generator/sys_clk_IBUF
    MMCME2_ADV_X1Y0      MMCME2_ADV (Prop_mmcme2_adv_CLKIN1_CLKOUT0)
                                                     -6.057     6.312 r  multiplied_clock.clock_generator/mmcm/CLKOUT0
                         net (fo=1, routed)           1.352     7.665    multiplied_clock.clock_generator/core_raw
    BUFGCTRL_X0Y2        BUFG (Prop_bufg_I_O)         0.077     7.742 r  multiplied_clock.clock_generator/core_buffer/O
                         net (fo=16620, routed)       1.399     9.141    engine/codec/encoder/channels[0].channel/ddr_spatial_transport.skip/coefficient_decoders.reference_decoder/core_clk
    SLICE_X51Y112        FDRE                                         r  engine/codec/encoder/channels[0].channel/ddr_spatial_transport.skip/coefficient_decoders.reference_decoder/error_reg/C
                         clock pessimism              0.410     9.550    
                         clock uncertainty           -0.047     9.503    
    SLICE_X51Y112        FDRE (Setup_fdre_C_D)        0.030     9.533    engine/codec/encoder/channels[0].channel/ddr_spatial_transport.skip/coefficient_decoders.reference_decoder/error_reg
  -------------------------------------------------------------------
                         required time                          9.533    
                         arrival time                          -9.271    
  -------------------------------------------------------------------
                         slack                                  0.262    

Slack (MET) :             0.294ns  (required time - arrival time)
  Source:                 engine/codec/encoder/channels[0].channel/ddr_spatial_transport.skip/coefficient_decoders.reference_decoder/bit_count_reg[5]/C
                            (rising edge-triggered cell FDRE clocked by core_raw  {rise@0.000ns fall@5.000ns period=10.000ns})
  Destination:            engine/codec/encoder/channels[0].channel/ddr_spatial_transport.skip/coefficient_decoders.reference_decoder/active_reg/D
                            (rising edge-triggered cell FDRE clocked by core_raw  {rise@0.000ns fall@5.000ns period=10.000ns})
  Path Group:             core_raw
  Path Type:              Setup (Max at Slow Process Corner)
  Requirement:            10.000ns  (core_raw rise@10.000ns - core_raw rise@0.000ns)
  Data Path Delay:        9.640ns  (logic 2.243ns (23.267%)  route 7.397ns (76.733%))
  Logic Levels:           13  (LUT2=1 LUT5=2 LUT6=9 MUXF7=1)
  Clock Path Skew:        -0.048ns (DCD - SCD + CPR)
    Destination Clock Delay (DCD):    -0.860ns = ( 9.140 - 10.000 ) 
    Source Clock Delay      (SCD):    -0.403ns
    Clock Pessimism Removal (CPR):    0.410ns
  Clock Uncertainty:      0.047ns  ((TSJ^2 + DJ^2)^1/2) / 2 + PE
    Total System Jitter     (TSJ):    0.071ns
    Discrete Jitter          (DJ):    0.063ns
    Phase Error              (PE):    0.000ns

    Location             Delay type                Incr(ns)  Path(ns)    Netlist Resource(s)
  -------------------------------------------------------------------    -------------------
                         (clock core_raw rise edge)
                                                      0.000     0.000 r  
    R4                                                0.000     0.000 r  sys_clk (IN)
                         net (fo=0)                   0.000     0.000    sys_clk
    R4                   IBUF (Prop_ibuf_I_O)         1.432     1.432 r  sys_clk_IBUF_inst/O
                         net (fo=1, routed)           1.065     2.497    multiplied_clock.clock_generator/sys_clk_IBUF
    MMCME2_ADV_X1Y0      MMCME2_ADV (Prop_mmcme2_adv_CLKIN1_CLKOUT0)
                                                     -5.921    -3.424 r  multiplied_clock.clock_generator/mmcm/CLKOUT0
                         net (fo=1, routed)           1.421    -2.004    multiplied_clock.clock_generator/core_raw
    BUFGCTRL_X0Y2        BUFG (Prop_bufg_I_O)         0.081    -1.923 r  multiplied_clock.clock_generator/core_buffer/O
                         net (fo=16620, routed)       1.520    -0.403    engine/codec/encoder/channels[0].channel/ddr_spatial_transport.skip/coefficient_decoders.reference_decoder/core_clk
    SLICE_X55Y105        FDRE                                         r  engine/codec/encoder/channels[0].channel/ddr_spatial_transport.skip/coefficient_decoders.reference_decoder/bit_count_reg[5]/C
  -------------------------------------------------------------------    -------------------
    SLICE_X55Y105        FDRE (Prop_fdre_C_Q)         0.348    -0.055 r  engine/codec/encoder/channels[0].channel/ddr_spatial_transport.skip/coefficient_decoders.reference_decoder/bit_count_reg[5]/Q
                         net (fo=30, routed)          0.779     0.724    engine/codec/encoder/channels[0].channel/ddr_spatial_transport.skip/coefficient_decoders.reference_decoder/bit_count[5]
    SLICE_X56Y105        LUT6 (Prop_lut6_I1_O)        0.242     0.966 f  engine/codec/encoder/channels[0].channel/ddr_spatial_transport.skip/coefficient_decoders.reference_decoder/reservoir[39]_i_51__0/O
                         net (fo=4, routed)           0.382     1.349    engine/codec/encoder/channels[0].channel/ddr_spatial_transport.skip/coefficient_decoders.reference_decoder/reservoir[39]_i_51__0_n_0
    SLICE_X56Y105        LUT6 (Prop_lut6_I5_O)        0.105     1.454 r  engine/codec/encoder/channels[0].channel/ddr_spatial_transport.skip/coefficient_decoders.reference_decoder/reservoir[39]_i_27__0/O
                         net (fo=8, routed)           1.119     2.573    engine/codec/encoder/channels[0].channel/ddr_spatial_transport.skip/coefficient_decoders.reference_decoder/reservoir[39]_i_27__0_n_0
    SLICE_X51Y106        LUT5 (Prop_lut5_I3_O)        0.108     2.681 f  engine/codec/encoder/channels[0].channel/ddr_spatial_transport.skip/coefficient_decoders.reference_decoder/saved_symbol[0]_i_18/O
                         net (fo=1, routed)           0.544     3.225    engine/codec/encoder/channels[0].channel/ddr_spatial_transport.skip/coefficient_decoders.reference_decoder/saved_symbol[0]_i_18_n_0
    SLICE_X51Y107        LUT6 (Prop_lut6_I1_O)        0.275     3.500 f  engine/codec/encoder/channels[0].channel/ddr_spatial_transport.skip/coefficient_decoders.reference_decoder/saved_symbol[0]_i_10/O
                         net (fo=1, routed)           0.505     4.005    engine/codec/encoder/channels[0].channel/ddr_spatial_transport.skip/coefficient_decoders.reference_decoder/saved_symbol[0]_i_10_n_0
    SLICE_X51Y107        LUT6 (Prop_lut6_I0_O)        0.105     4.110 r  engine/codec/encoder/channels[0].channel/ddr_spatial_transport.skip/coefficient_decoders.reference_decoder/saved_symbol[0]_i_5/O
                         net (fo=42, routed)          0.852     4.961    engine/codec/encoder/channels[0].channel/ddr_spatial_transport.skip/coefficient_decoders.reference_decoder/sel[0]
    SLICE_X48Y109        LUT6 (Prop_lut6_I3_O)        0.105     5.066 f  engine/codec/encoder/channels[0].channel/ddr_spatial_transport.skip/coefficient_decoders.reference_decoder/saved_symbol[5]_i_8/O
                         net (fo=1, routed)           0.000     5.066    engine/codec/encoder/channels[0].channel/ddr_spatial_transport.skip/coefficient_decoders.reference_decoder/saved_symbol[5]_i_8_n_0
    SLICE_X48Y109        MUXF7 (Prop_muxf7_I0_O)      0.178     5.244 f  engine/codec/encoder/channels[0].channel/ddr_spatial_transport.skip/coefficient_decoders.reference_decoder/saved_symbol_reg[5]_i_5/O
                         net (fo=1, routed)           0.352     5.596    engine/codec/encoder/channels[0].channel/ddr_spatial_transport.skip/coefficient_decoders.reference_decoder/saved_symbol_reg[5]_i_5_n_0
    SLICE_X48Y109        LUT6 (Prop_lut6_I4_O)        0.252     5.848 f  engine/codec/encoder/channels[0].channel/ddr_spatial_transport.skip/coefficient_decoders.reference_decoder/saved_symbol[5]_i_2/O
                         net (fo=4, routed)           0.466     6.314    engine/codec/encoder/channels[0].channel/ddr_spatial_transport.skip/coefficient_decoders.reference_decoder/symbol_value[5]
    SLICE_X51Y110        LUT2 (Prop_lut2_I0_O)        0.105     6.419 f  engine/codec/encoder/channels[0].channel/ddr_spatial_transport.skip/coefficient_decoders.reference_decoder/saved_symbol[5]_i_1__0/O
                         net (fo=5, routed)           0.681     7.100    engine/codec/encoder/channels[0].channel/ddr_spatial_transport.skip/coefficient_decoders.reference_decoder/saved_symbol[5]_i_1__0_n_0
    SLICE_X50Y110        LUT6 (Prop_lut6_I4_O)        0.105     7.205 f  engine/codec/encoder/channels[0].channel/ddr_spatial_transport.skip/coefficient_decoders.reference_decoder/saved_symbol[7]_i_10/O
                         net (fo=3, routed)           0.917     8.122    engine/codec/encoder/channels[0].channel/ddr_spatial_transport.skip/coefficient_decoders.reference_decoder/saved_symbol[7]_i_10_n_0
    SLICE_X52Y113        LUT6 (Prop_lut6_I3_O)        0.105     8.227 f  engine/codec/encoder/channels[0].channel/ddr_spatial_transport.skip/coefficient_decoders.reference_decoder/error_i_9__0/O
                         net (fo=1, routed)           0.467     8.694    engine/codec/encoder/channels[0].channel/ddr_spatial_transport.skip/coefficient_decoders.reference_decoder/error_i_9__0_n_0
    SLICE_X51Y113        LUT6 (Prop_lut6_I1_O)        0.105     8.799 f  engine/codec/encoder/channels[0].channel/ddr_spatial_transport.skip/coefficient_decoders.reference_decoder/error_i_3__0/O
                         net (fo=3, routed)           0.334     9.133    engine/codec/encoder/channels[0].channel/ddr_spatial_transport.skip/coefficient_decoders.reference_decoder/error0_out
    SLICE_X51Y113        LUT5 (Prop_lut5_I0_O)        0.105     9.238 r  engine/codec/encoder/channels[0].channel/ddr_spatial_transport.skip/coefficient_decoders.reference_decoder/active_i_1__1/O
                         net (fo=1, routed)           0.000     9.238    engine/codec/encoder/channels[0].channel/ddr_spatial_transport.skip/coefficient_decoders.reference_decoder/active_i_1__1_n_0
    SLICE_X51Y113        FDRE                                         r  engine/codec/encoder/channels[0].channel/ddr_spatial_transport.skip/coefficient_decoders.reference_decoder/active_reg/D
  -------------------------------------------------------------------    -------------------

                         (clock core_raw rise edge)
                                                     10.000    10.000 r  
    R4                                                0.000    10.000 r  sys_clk (IN)
                         net (fo=0)                   0.000    10.000    sys_clk
    R4                   IBUF (Prop_ibuf_I_O)         1.366    11.366 r  sys_clk_IBUF_inst/O
                         net (fo=1, routed)           1.004    12.369    multiplied_clock.clock_generator/sys_clk_IBUF
    MMCME2_ADV_X1Y0      MMCME2_ADV (Prop_mmcme2_adv_CLKIN1_CLKOUT0)
                                                     -6.057     6.312 r  multiplied_clock.clock_generator/mmcm/CLKOUT0
                         net (fo=1, routed)           1.352     7.665    multiplied_clock.clock_generator/core_raw
    BUFGCTRL_X0Y2        BUFG (Prop_bufg_I_O)         0.077     7.742 r  multiplied_clock.clock_generator/core_buffer/O
                         net (fo=16620, routed)       1.398     9.140    engine/codec/encoder/channels[0].channel/ddr_spatial_transport.skip/coefficient_decoders.reference_decoder/core_clk
    SLICE_X51Y113        FDRE                                         r  engine/codec/encoder/channels[0].channel/ddr_spatial_transport.skip/coefficient_decoders.reference_decoder/active_reg/C
                         clock pessimism              0.410     9.549    
                         clock uncertainty           -0.047     9.502    
    SLICE_X51Y113        FDRE (Setup_fdre_C_D)        0.030     9.532    engine/codec/encoder/channels[0].channel/ddr_spatial_transport.skip/coefficient_decoders.reference_decoder/active_reg
  -------------------------------------------------------------------
                         required time                          9.532    
                         arrival time                          -9.238    
  -------------------------------------------------------------------
                         slack                                  0.294    

Slack (MET) :             0.309ns  (required time - arrival time)
  Source:                 cam_href
                            (input port clocked by cam_clk  {rise@0.000ns fall@6.625ns period=13.250ns})
  Destination:            real_camera.pin_href_reg/D
                            (falling edge-triggered cell FDRE clocked by clock_raw  {rise@-1.104ns fall@5.521ns period=13.250ns})
  Path Group:             clock_raw
  Path Type:              Setup (Max at Slow Process Corner)
  Requirement:            12.146ns  (clock_raw fall@18.771ns - cam_clk fall@6.625ns)
  Data Path Delay:        2.137ns  (logic 1.421ns (66.502%)  route 0.716ns (33.498%))
  Logic Levels:           1  (IBUF=1)
  Input Delay:            10.000ns
  Clock Path Skew:        0.748ns (DCD - SCD + CPR)
    Destination Clock Delay (DCD):    0.748ns = ( 19.518 - 18.771 ) 
    Source Clock Delay      (SCD):    0.000ns = ( 6.625 - 6.625 ) 
    Clock Pessimism Removal (CPR):    0.000ns
  Clock Uncertainty:      0.404ns  ((TSJ^2 + DJ^2)^1/2) / 2 + PE + UU
    Total System Jitter     (TSJ):    0.071ns
    Discrete Jitter          (DJ):    0.114ns
    Phase Error              (PE):    0.087ns
    User Uncertainty         (UU):    0.250ns

    Location             Delay type                Incr(ns)  Path(ns)    Netlist Resource(s)
  -------------------------------------------------------------------    -------------------
                         (clock cam_clk fall edge)    6.625     6.625 f  
                         input delay                 10.000    16.625    
    B15                                               0.000    16.625 r  cam_href (IN)
                         net (fo=0)                   0.000    16.625    cam_href
    B15                  IBUF (Prop_ibuf_I_O)         1.421    18.046 r  cam_href_IBUF_inst/O
                         net (fo=1, routed)           0.716    18.762    cam_href_IBUF
    SLICE_X0Y135         FDRE                                         r  real_camera.pin_href_reg/D
  -------------------------------------------------------------------    -------------------

                         (clock clock_raw fall edge)
                                                     18.771    18.771 f  
    F14                                               0.000    18.771 f  cam_pclk (IN)
                         net (fo=0)                   0.000    18.771    cam_pclk
    F14                  IBUF (Prop_ibuf_I_O)         1.327    20.097 f  cam_pclk_IBUF_inst/O
                         net (fo=1, routed)           2.581    22.678    real_camera.phase_clock.sampling_clock/pclk
    MMCME2_ADV_X0Y0      MMCME2_ADV (Prop_mmcme2_adv_CLKIN1_CLKOUT0)
                                                     -6.061    16.617 f  real_camera.phase_clock.sampling_clock/camera_mmcm/CLKOUT0
                         net (fo=1, routed)           1.357    17.975    real_camera.phase_clock.sampling_clock/clock_raw
    BUFGCTRL_X0Y3        BUFG (Prop_bufg_I_O)         0.077    18.052 f  real_camera.phase_clock.sampling_clock/sample_buffer/O
                         net (fo=496, routed)         1.467    19.518    real_camera.pclk
    SLICE_X0Y135         FDRE                                         r  real_camera.pin_href_reg/C  (IS_INVERTED)
                         clock pessimism              0.000    19.518    
                         clock uncertainty           -0.404    19.114    
    SLICE_X0Y135         FDRE (Setup_fdre_C_D)       -0.043    19.071    real_camera.pin_href_reg
  -------------------------------------------------------------------
                         required time                         19.071    
                         arrival time                         -18.762    
  -------------------------------------------------------------------
                         slack                                  0.309    

Slack (MET) :             0.311ns  (required time - arrival time)
  Source:                 cam_data[5]
                            (input port clocked by cam_clk  {rise@0.000ns fall@6.625ns period=13.250ns})
  Destination:            real_camera.pin_data_reg[5]/D
                            (falling edge-triggered cell FDRE clocked by clock_raw  {rise@-1.104ns fall@5.521ns period=13.250ns})
  Path Group:             clock_raw
  Path Type:              Setup (Max at Slow Process Corner)
  Requirement:            12.146ns  (clock_raw fall@18.771ns - cam_clk fall@6.625ns)
  Data Path Delay:        2.127ns  (logic 1.407ns (66.149%)  route 0.720ns (33.851%))
  Logic Levels:           1  (IBUF=1)
  Input Delay:            10.000ns
  Clock Path Skew:        0.752ns (DCD - SCD + CPR)
    Destination Clock Delay (DCD):    0.752ns = ( 19.522 - 18.771 ) 
    Source Clock Delay      (SCD):    0.000ns = ( 6.625 - 6.625 ) 
    Clock Pessimism Removal (CPR):    0.000ns
  Clock Uncertainty:      0.404ns  ((TSJ^2 + DJ^2)^1/2) / 2 + PE + UU
    Total System Jitter     (TSJ):    0.071ns
    Discrete Jitter          (DJ):    0.114ns
    Phase Error              (PE):    0.087ns
    User Uncertainty         (UU):    0.250ns

    Location             Delay type                Incr(ns)  Path(ns)    Netlist Resource(s)
  -------------------------------------------------------------------    -------------------
                         (clock cam_clk fall edge)    6.625     6.625 f  
                         input delay                 10.000    16.625    
    E14                                               0.000    16.625 r  cam_data[5] (IN)
                         net (fo=0)                   0.000    16.625    cam_data[5]
    E14                  IBUF (Prop_ibuf_I_O)         1.407    18.032 r  cam_data_IBUF[5]_inst/O
                         net (fo=1, routed)           0.720    18.752    cam_data_IBUF[5]
    SLICE_X1Y140         FDRE                                         r  real_camera.pin_data_reg[5]/D
  -------------------------------------------------------------------    -------------------

                         (clock clock_raw fall edge)
                                                     18.771    18.771 f  
    F14                                               0.000    18.771 f  cam_pclk (IN)
                         net (fo=0)                   0.000    18.771    cam_pclk
    F14                  IBUF (Prop_ibuf_I_O)         1.327    20.097 f  cam_pclk_IBUF_inst/O
                         net (fo=1, routed)           2.581    22.678    real_camera.phase_clock.sampling_clock/pclk
    MMCME2_ADV_X0Y0      MMCME2_ADV (Prop_mmcme2_adv_CLKIN1_CLKOUT0)
                                                     -6.061    16.617 f  real_camera.phase_clock.sampling_clock/camera_mmcm/CLKOUT0
                         net (fo=1, routed)           1.357    17.975    real_camera.phase_clock.sampling_clock/clock_raw
    BUFGCTRL_X0Y3        BUFG (Prop_bufg_I_O)         0.077    18.052 f  real_camera.phase_clock.sampling_clock/sample_buffer/O
                         net (fo=496, routed)         1.471    19.522    real_camera.pclk
    SLICE_X1Y140         FDRE                                         r  real_camera.pin_data_reg[5]/C  (IS_INVERTED)
                         clock pessimism              0.000    19.522    
                         clock uncertainty           -0.404    19.118    
    SLICE_X1Y140         FDRE (Setup_fdre_C_D)       -0.055    19.063    real_camera.pin_data_reg[5]
  -------------------------------------------------------------------
                         required time                         19.063    
                         arrival time                         -18.752    
  -------------------------------------------------------------------
                         slack                                  0.311    

Slack (MET) :             0.364ns  (required time - arrival time)
  Source:                 cam_data[7]
                            (input port clocked by cam_clk  {rise@0.000ns fall@6.625ns period=13.250ns})
  Destination:            real_camera.pin_data_reg[7]/D
                            (falling edge-triggered cell FDRE clocked by clock_raw  {rise@-1.104ns fall@5.521ns period=13.250ns})
  Path Group:             clock_raw
  Path Type:              Setup (Max at Slow Process Corner)
  Requirement:            12.146ns  (clock_raw fall@18.771ns - cam_clk fall@6.625ns)
  Data Path Delay:        2.119ns  (logic 1.395ns (65.866%)  route 0.723ns (34.134%))
  Logic Levels:           1  (IBUF=1)
  Input Delay:            10.000ns
  Clock Path Skew:        0.753ns (DCD - SCD + CPR)
    Destination Clock Delay (DCD):    0.753ns = ( 19.523 - 18.771 ) 
    Source Clock Delay      (SCD):    0.000ns = ( 6.625 - 6.625 ) 
    Clock Pessimism Removal (CPR):    0.000ns
  Clock Uncertainty:      0.404ns  ((TSJ^2 + DJ^2)^1/2) / 2 + PE + UU
    Total System Jitter     (TSJ):    0.071ns
    Discrete Jitter          (DJ):    0.114ns
    Phase Error              (PE):    0.087ns
    User Uncertainty         (UU):    0.250ns

    Location             Delay type                Incr(ns)  Path(ns)    Netlist Resource(s)
  -------------------------------------------------------------------    -------------------
                         (clock cam_clk fall edge)    6.625     6.625 f  
                         input delay                 10.000    16.625    
    F13                                               0.000    16.625 r  cam_data[7] (IN)
                         net (fo=0)                   0.000    16.625    cam_data[7]
    F13                  IBUF (Prop_ibuf_I_O)         1.395    18.020 r  cam_data_IBUF[7]_inst/O
                         net (fo=1, routed)           0.723    18.744    cam_data_IBUF[7]
    SLICE_X2Y147         FDRE                                         r  real_camera.pin_data_reg[7]/D
  -------------------------------------------------------------------    -------------------

                         (clock clock_raw fall edge)
                                                     18.771    18.771 f  
    F14                                               0.000    18.771 f  cam_pclk (IN)
                         net (fo=0)                   0.000    18.771    cam_pclk
    F14                  IBUF (Prop_ibuf_I_O)         1.327    20.097 f  cam_pclk_IBUF_inst/O
                         net (fo=1, routed)           2.581    22.678    real_camera.phase_clock.sampling_clock/pclk
    MMCME2_ADV_X0Y0      MMCME2_ADV (Prop_mmcme2_adv_CLKIN1_CLKOUT0)
                                                     -6.061    16.617 f  real_camera.phase_clock.sampling_clock/camera_mmcm/CLKOUT0
                         net (fo=1, routed)           1.357    17.975    real_camera.phase_clock.sampling_clock/clock_raw
    BUFGCTRL_X0Y3        BUFG (Prop_bufg_I_O)         0.077    18.052 f  real_camera.phase_clock.sampling_clock/sample_buffer/O
                         net (fo=496, routed)         1.472    19.523    real_camera.pclk
    SLICE_X2Y147         FDRE                                         r  real_camera.pin_data_reg[7]/C  (IS_INVERTED)
                         clock pessimism              0.000    19.523    
                         clock uncertainty           -0.404    19.119    
    SLICE_X2Y147         FDRE (Setup_fdre_C_D)       -0.011    19.108    real_camera.pin_data_reg[7]
  -------------------------------------------------------------------
                         required time                         19.108    
                         arrival time                         -18.744    
  -------------------------------------------------------------------
                         slack                                  0.364    

Slack (MET) :             0.386ns  (required time - arrival time)
  Source:                 engine/codec/encoder/channels[0].channel/ddr_spatial_transport.skip/coefficient_decoders.reference_decoder/bit_count_reg[5]/C
                            (rising edge-triggered cell FDRE clocked by core_raw  {rise@0.000ns fall@5.000ns period=10.000ns})
  Destination:            engine/codec/encoder/channels[0].channel/ddr_spatial_transport.skip/coefficient_decoders.reference_decoder/done_reg/D
                            (rising edge-triggered cell FDRE clocked by core_raw  {rise@0.000ns fall@5.000ns period=10.000ns})
  Path Group:             core_raw
  Path Type:              Setup (Max at Slow Process Corner)
  Requirement:            10.000ns  (core_raw rise@10.000ns - core_raw rise@0.000ns)
  Data Path Delay:        9.550ns  (logic 2.243ns (23.486%)  route 7.307ns (76.514%))
  Logic Levels:           13  (LUT2=1 LUT5=1 LUT6=10 MUXF7=1)
  Clock Path Skew:        -0.048ns (DCD - SCD + CPR)
    Destination Clock Delay (DCD):    -0.860ns = ( 9.140 - 10.000 ) 
    Source Clock Delay      (SCD):    -0.403ns
    Clock Pessimism Removal (CPR):    0.410ns
  Clock Uncertainty:      0.047ns  ((TSJ^2 + DJ^2)^1/2) / 2 + PE
    Total System Jitter     (TSJ):    0.071ns
    Discrete Jitter          (DJ):    0.063ns
    Phase Error              (PE):    0.000ns

    Location             Delay type                Incr(ns)  Path(ns)    Netlist Resource(s)
  -------------------------------------------------------------------    -------------------
                         (clock core_raw rise edge)
                                                      0.000     0.000 r  
    R4                                                0.000     0.000 r  sys_clk (IN)
                         net (fo=0)                   0.000     0.000    sys_clk
    R4                   IBUF (Prop_ibuf_I_O)         1.432     1.432 r  sys_clk_IBUF_inst/O
                         net (fo=1, routed)           1.065     2.497    multiplied_clock.clock_generator/sys_clk_IBUF
    MMCME2_ADV_X1Y0      MMCME2_ADV (Prop_mmcme2_adv_CLKIN1_CLKOUT0)
                                                     -5.921    -3.424 r  multiplied_clock.clock_generator/mmcm/CLKOUT0
                         net (fo=1, routed)           1.421    -2.004    multiplied_clock.clock_generator/core_raw
    BUFGCTRL_X0Y2        BUFG (Prop_bufg_I_O)         0.081    -1.923 r  multiplied_clock.clock_generator/core_buffer/O
                         net (fo=16620, routed)       1.520    -0.403    engine/codec/encoder/channels[0].channel/ddr_spatial_transport.skip/coefficient_decoders.reference_decoder/core_clk
    SLICE_X55Y105        FDRE                                         r  engine/codec/encoder/channels[0].channel/ddr_spatial_transport.skip/coefficient_decoders.reference_decoder/bit_count_reg[5]/C
  -------------------------------------------------------------------    -------------------
    SLICE_X55Y105        FDRE (Prop_fdre_C_Q)         0.348    -0.055 r  engine/codec/encoder/channels[0].channel/ddr_spatial_transport.skip/coefficient_decoders.reference_decoder/bit_count_reg[5]/Q
                         net (fo=30, routed)          0.779     0.724    engine/codec/encoder/channels[0].channel/ddr_spatial_transport.skip/coefficient_decoders.reference_decoder/bit_count[5]
    SLICE_X56Y105        LUT6 (Prop_lut6_I1_O)        0.242     0.966 f  engine/codec/encoder/channels[0].channel/ddr_spatial_transport.skip/coefficient_decoders.reference_decoder/reservoir[39]_i_51__0/O
                         net (fo=4, routed)           0.382     1.349    engine/codec/encoder/channels[0].channel/ddr_spatial_transport.skip/coefficient_decoders.reference_decoder/reservoir[39]_i_51__0_n_0
    SLICE_X56Y105        LUT6 (Prop_lut6_I5_O)        0.105     1.454 r  engine/codec/encoder/channels[0].channel/ddr_spatial_transport.skip/coefficient_decoders.reference_decoder/reservoir[39]_i_27__0/O
                         net (fo=8, routed)           1.119     2.573    engine/codec/encoder/channels[0].channel/ddr_spatial_transport.skip/coefficient_decoders.reference_decoder/reservoir[39]_i_27__0_n_0
    SLICE_X51Y106        LUT5 (Prop_lut5_I3_O)        0.108     2.681 f  engine/codec/encoder/channels[0].channel/ddr_spatial_transport.skip/coefficient_decoders.reference_decoder/saved_symbol[0]_i_18/O
                         net (fo=1, routed)           0.544     3.225    engine/codec/encoder/channels[0].channel/ddr_spatial_transport.skip/coefficient_decoders.reference_decoder/saved_symbol[0]_i_18_n_0
    SLICE_X51Y107        LUT6 (Prop_lut6_I1_O)        0.275     3.500 f  engine/codec/encoder/channels[0].channel/ddr_spatial_transport.skip/coefficient_decoders.reference_decoder/saved_symbol[0]_i_10/O
                         net (fo=1, routed)           0.505     4.005    engine/codec/encoder/channels[0].channel/ddr_spatial_transport.skip/coefficient_decoders.reference_decoder/saved_symbol[0]_i_10_n_0
    SLICE_X51Y107        LUT6 (Prop_lut6_I0_O)        0.105     4.110 r  engine/codec/encoder/channels[0].channel/ddr_spatial_transport.skip/coefficient_decoders.reference_decoder/saved_symbol[0]_i_5/O
                         net (fo=42, routed)          0.852     4.961    engine/codec/encoder/channels[0].channel/ddr_spatial_transport.skip/coefficient_decoders.reference_decoder/sel[0]
    SLICE_X48Y109        LUT6 (Prop_lut6_I3_O)        0.105     5.066 r  engine/codec/encoder/channels[0].channel/ddr_spatial_transport.skip/coefficient_decoders.reference_decoder/saved_symbol[5]_i_8/O
                         net (fo=1, routed)           0.000     5.066    engine/codec/encoder/channels[0].channel/ddr_spatial_transport.skip/coefficient_decoders.reference_decoder/saved_symbol[5]_i_8_n_0
    SLICE_X48Y109        MUXF7 (Prop_muxf7_I0_O)      0.178     5.244 r  engine/codec/encoder/channels[0].channel/ddr_spatial_transport.skip/coefficient_decoders.reference_decoder/saved_symbol_reg[5]_i_5/O
                         net (fo=1, routed)           0.352     5.596    engine/codec/encoder/channels[0].channel/ddr_spatial_transport.skip/coefficient_decoders.reference_decoder/saved_symbol_reg[5]_i_5_n_0
    SLICE_X48Y109        LUT6 (Prop_lut6_I4_O)        0.252     5.848 r  engine/codec/encoder/channels[0].channel/ddr_spatial_transport.skip/coefficient_decoders.reference_decoder/saved_symbol[5]_i_2/O
                         net (fo=4, routed)           0.466     6.314    engine/codec/encoder/channels[0].channel/ddr_spatial_transport.skip/coefficient_decoders.reference_decoder/symbol_value[5]
    SLICE_X51Y110        LUT2 (Prop_lut2_I0_O)        0.105     6.419 r  engine/codec/encoder/channels[0].channel/ddr_spatial_transport.skip/coefficient_decoders.reference_decoder/saved_symbol[5]_i_1__0/O
                         net (fo=5, routed)           0.681     7.100    engine/codec/encoder/channels[0].channel/ddr_spatial_transport.skip/coefficient_decoders.reference_decoder/saved_symbol[5]_i_1__0_n_0
    SLICE_X50Y110        LUT6 (Prop_lut6_I4_O)        0.105     7.205 r  engine/codec/encoder/channels[0].channel/ddr_spatial_transport.skip/coefficient_decoders.reference_decoder/saved_symbol[7]_i_10/O
                         net (fo=3, routed)           0.917     8.122    engine/codec/encoder/channels[0].channel/ddr_spatial_transport.skip/coefficient_decoders.reference_decoder/saved_symbol[7]_i_10_n_0
    SLICE_X52Y113        LUT6 (Prop_lut6_I3_O)        0.105     8.227 r  engine/codec/encoder/channels[0].channel/ddr_spatial_transport.skip/coefficient_decoders.reference_decoder/error_i_9__0/O
                         net (fo=1, routed)           0.467     8.694    engine/codec/encoder/channels[0].channel/ddr_spatial_transport.skip/coefficient_decoders.reference_decoder/error_i_9__0_n_0
    SLICE_X51Y113        LUT6 (Prop_lut6_I1_O)        0.105     8.799 r  engine/codec/encoder/channels[0].channel/ddr_spatial_transport.skip/coefficient_decoders.reference_decoder/error_i_3__0/O
                         net (fo=3, routed)           0.244     9.043    engine/codec/encoder/channels[0].channel/ddr_spatial_transport.skip/coefficient_decoders.reference_decoder/error0_out
    SLICE_X53Y113        LUT6 (Prop_lut6_I1_O)        0.105     9.148 r  engine/codec/encoder/channels[0].channel/ddr_spatial_transport.skip/coefficient_decoders.reference_decoder/done_i_1__0/O
                         net (fo=1, routed)           0.000     9.148    engine/codec/encoder/channels[0].channel/ddr_spatial_transport.skip/coefficient_decoders.reference_decoder/done_i_1__0_n_0
    SLICE_X53Y113        FDRE                                         r  engine/codec/encoder/channels[0].channel/ddr_spatial_transport.skip/coefficient_decoders.reference_decoder/done_reg/D
  -------------------------------------------------------------------    -------------------

                         (clock core_raw rise edge)
                                                     10.000    10.000 r  
    R4                                                0.000    10.000 r  sys_clk (IN)
                         net (fo=0)                   0.000    10.000    sys_clk
    R4                   IBUF (Prop_ibuf_I_O)         1.366    11.366 r  sys_clk_IBUF_inst/O
                         net (fo=1, routed)           1.004    12.369    multiplied_clock.clock_generator/sys_clk_IBUF
    MMCME2_ADV_X1Y0      MMCME2_ADV (Prop_mmcme2_adv_CLKIN1_CLKOUT0)
                                                     -6.057     6.312 r  multiplied_clock.clock_generator/mmcm/CLKOUT0
                         net (fo=1, routed)           1.352     7.665    multiplied_clock.clock_generator/core_raw
    BUFGCTRL_X0Y2        BUFG (Prop_bufg_I_O)         0.077     7.742 r  multiplied_clock.clock_generator/core_buffer/O
                         net (fo=16620, routed)       1.398     9.140    engine/codec/encoder/channels[0].channel/ddr_spatial_transport.skip/coefficient_decoders.reference_decoder/core_clk
    SLICE_X53Y113        FDRE                                         r  engine/codec/encoder/channels[0].channel/ddr_spatial_transport.skip/coefficient_decoders.reference_decoder/done_reg/C
                         clock pessimism              0.410     9.549    
                         clock uncertainty           -0.047     9.502    
    SLICE_X53Y113        FDRE (Setup_fdre_C_D)        0.032     9.534    engine/codec/encoder/channels[0].channel/ddr_spatial_transport.skip/coefficient_decoders.reference_decoder/done_reg
  -------------------------------------------------------------------
                         required time                          9.534    
                         arrival time                          -9.148    
  -------------------------------------------------------------------
                         slack                                  0.386    




