Copyright 1986-2020 Xilinx, Inc. All Rights Reserved.
-------------------------------------------------------------------------------------------------------------------------
| Tool Version : Vivado v.2020.1 (win64) Build 2902540 Wed May 27 19:54:49 MDT 2020
| Date         : Mon Sep 28 12:34:10 2026
| Host         : LAPTOP-JC5LPK9T running 64-bit major release  (build 9200)
| Command      : report_bus_skew -file F:/zju/dasanshangkecheng/HDL/mjpeg/reports/ddr3/full_20260928_122633/bus_skew.rpt
| Design       : davinci_mjpeg_ddr3_top
| Device       : 7a35t-fgg484
| Speed File   : -2  PRODUCTION 1.23 2018-06-13
-------------------------------------------------------------------------------------------------------------------------

Bus Skew Report

Table of Contents
-----------------
1. Bus Skew Report Summary
2. Bus Skew Report Per Constraint

1. Bus Skew Report Summary
--------------------------

Id  Position  From                            To                              Corner  Requirement(ns)  Actual(ns)  Slack(ns)
--  --------  ------------------------------  ------------------------------  ------  ---------------  ----------  ---------
1   27        [get_cells -hier -filter {IS_SEQUENTIAL == 1 && (NAME =~ *tx_fifo/wgray_reg* || NAME =~ *tx_fifo/wbin_reg*)}]
                                              [get_cells -hier -filter {IS_SEQUENTIAL == 1 && NAME =~ *tx_fifo/wgray_r1_reg*}]
                                                                              Slow             10.000       0.853      9.147
2   29        [get_cells -hier -filter {IS_SEQUENTIAL == 1 && (NAME =~ *tx_fifo/rgray_reg* || NAME =~ *tx_fifo/rbin_reg*)}]
                                              [get_cells -hier -filter {IS_SEQUENTIAL == 1 && NAME =~ *tx_fifo/rgray_w1_reg*}]
                                                                              Slow             16.667       1.091     15.576
3   31        [get_cells -hier -filter {IS_SEQUENTIAL == 1 && (NAME =~ *rx_fifo/wgray_reg* || NAME =~ *rx_fifo/wbin_reg*)}]
                                              [get_cells -hier -filter {IS_SEQUENTIAL == 1 && NAME =~ *rx_fifo/wgray_r1_reg*}]
                                                                              Slow             16.667       0.887     15.780
4   33        [get_cells -hier -filter {IS_SEQUENTIAL == 1 && (NAME =~ *rx_fifo/rgray_reg* || NAME =~ *rx_fifo/rbin_reg*)}]
                                              [get_cells -hier -filter {IS_SEQUENTIAL == 1 && NAME =~ *rx_fifo/rgray_w1_reg*}]
                                                                              Slow             10.000       0.985      9.015
5   40        [get_cells -hier -filter {IS_SEQUENTIAL == 1 && (NAME =~ *pixel_fifo/wgray_reg* || NAME =~ *pixel_fifo/wbin_reg*)}]
                                              [get_cells -hier -filter {IS_SEQUENTIAL == 1 && NAME =~ *pixel_fifo/wgray_r1_reg*}]
                                                                              Slow             13.250       1.007     12.243
6   42        [get_cells -hier -filter {IS_SEQUENTIAL == 1 && (NAME =~ *pixel_fifo/rgray_reg* || NAME =~ *pixel_fifo/rbin_reg*)}]
                                              [get_cells -hier -filter {IS_SEQUENTIAL == 1 && NAME =~ *pixel_fifo/rgray_w1_reg*}]
                                                                              Slow             10.000       1.172      8.828
7   44        [get_cells -hier -filter {IS_SEQUENTIAL == 1 && (NAME =~ *capture/*_gray_reg* || NAME =~ *capture/*_bin_reg*)}]
                                              [get_cells -hier -filter {IS_SEQUENTIAL == 1 && NAME =~ *capture/*_c1_reg*}]
                                                                              Slow             13.250       1.380     11.870
8   54        [get_cells -hier -quiet -filter {IS_SEQUENTIAL == 1 && (NAME =~ *memory/bridge/write_fifo/wr_gray_reg* || NAME =~ *memory/bridge/write_fifo/wr_binary_reg*)}]
                                              [get_cells -hier -quiet -filter {IS_SEQUENTIAL == 1 && NAME =~ *memory/bridge/write_fifo/wr_gray_sync1_reg*}]
                                                                              Slow             10.000       0.907      9.093
9   56        [get_cells -hier -quiet -filter {IS_SEQUENTIAL == 1 && (NAME =~ *memory/bridge/write_fifo/rd_gray_reg* || NAME =~ *memory/bridge/write_fifo/rd_binary_reg*)}]
                                              [get_cells -hier -quiet -filter {IS_SEQUENTIAL == 1 && NAME =~ *memory/bridge/write_fifo/rd_gray_sync1_reg*}]
                                                                              Slow             10.000       0.837      9.163
10  58        [get_cells -hier -quiet -filter {IS_SEQUENTIAL == 1 && (NAME =~ *memory/bridge/read_fifo/wr_gray_reg* || NAME =~ *memory/bridge/read_fifo/wr_binary_reg*)}]
                                              [get_cells -hier -quiet -filter {IS_SEQUENTIAL == 1 && NAME =~ *memory/bridge/read_fifo/wr_gray_sync1_reg*}]
                                                                              Slow             10.000       1.185      8.815
11  60        [get_cells -hier -quiet -filter {IS_SEQUENTIAL == 1 && (NAME =~ *memory/bridge/read_fifo/rd_gray_reg* || NAME =~ *memory/bridge/read_fifo/rd_binary_reg*)}]
                                              [get_cells -hier -quiet -filter {IS_SEQUENTIAL == 1 && NAME =~ *memory/bridge/read_fifo/rd_gray_sync1_reg*}]
                                                                              Slow             10.000       1.027      8.973


2. Bus Skew Report Per Constraint
---------------------------------

Id: 1
set_bus_skew -from [get_cells -hier -filter {IS_SEQUENTIAL == 1 && (NAME =~ *tx_fifo/wgray_reg* || NAME =~ *tx_fifo/wbin_reg*)}] -to [get_cells -hier -filter {IS_SEQUENTIAL == 1 && NAME =~ *tx_fifo/wgray_r1_reg*}] 10.000
Requirement: 10.000ns
Endpoints: 14

From Clock            To Clock              Endpoint Pin                    Reference Pin                   Corner  Actual(ns)  Slack(ns)
--------------------  --------------------  ------------------------------  ------------------------------  ------  ----------  ---------
core_raw              usb_clk               synchronous.tx_fifo/wgray_r1_reg[2]/D
                                                                            synchronous.tx_fifo/wgray_r1_reg[8]/D
                                                                                                            Slow         0.853      9.147


Slack (MET) :             9.147ns  (requirement - actual skew)
  Endpoint Source:        synchronous.tx_fifo/wgray_reg[2]/C
                            (rising edge-triggered cell FDCE clocked by core_raw)
  Endpoint Destination:   synchronous.tx_fifo/wgray_r1_reg[2]/D
                            (rising edge-triggered cell FDCE clocked by usb_clk)
  Reference Source:       synchronous.tx_fifo/wgray_reg[8]/C
                            (rising edge-triggered cell FDCE clocked by core_raw)
  Reference Destination:  synchronous.tx_fifo/wgray_r1_reg[8]/D
                            (rising edge-triggered cell FDCE clocked by usb_clk)
  Path Type:              Bus Skew (Max at Slow Process Corner)
  Requirement:            10.000ns
  Endpoint Relative Delay:   -3.830ns
  Reference Relative Delay:  -5.179ns
  Relative CRPR:              0.627ns
  Uncertainty:                0.131ns
  Actual Bus Skew:            0.853ns  (Endpoint Relative Delay - Reference Relative Delay - Relative CRPR + Uncertainty)

Endpoint path:
    Location             Delay type                Incr(ns)  Path(ns)    Netlist Resource(s)
  -------------------------------------------------------------------    -------------------
                         (clock core_raw rise edge)
                                                      0.000     0.000 r  
    R4                                                0.000     0.000 r  sys_clk (IN)
                         net (fo=0)                   0.000     0.000    sys_clk
    R4                   IBUF (Prop_ibuf_I_O)         1.432     1.432 r  sys_clk_IBUF_inst/O
                         net (fo=1, routed)           1.065     2.497    multiplied_clock.clock_generator/sys_clk_IBUF
    MMCME2_ADV_X1Y0      MMCME2_ADV (Prop_mmcme2_adv_CLKIN1_CLKOUT0)
                                                     -5.921    -3.424 r  multiplied_clock.clock_generator/mmcm/CLKOUT0
                         net (fo=1, routed)           1.421    -2.004    multiplied_clock.clock_generator/core_raw
    BUFGCTRL_X0Y2        BUFG (Prop_bufg_I_O)         0.081    -1.923 r  multiplied_clock.clock_generator/core_buffer/O
                         net (fo=16672, routed)       1.368    -0.555    synchronous.tx_fifo/core_clk
    SLICE_X43Y6          FDCE                                         r  synchronous.tx_fifo/wgray_reg[2]/C
  -------------------------------------------------------------------    -------------------
    SLICE_X43Y6          FDCE (Prop_fdce_C_Q)         0.348    -0.207 r  synchronous.tx_fifo/wgray_reg[2]/Q
                         net (fo=1, routed)           0.475     0.268    synchronous.tx_fifo/wgray_reg_n_0_[2]
    SLICE_X47Y6          FDCE                                         r  synchronous.tx_fifo/wgray_r1_reg[2]/D
  -------------------------------------------------------------------    -------------------

                         (clock usb_clk rise edge)    0.000     0.000 r  
    Y4                                                0.000     0.000 r  usb_clk_60m (IN)
                         net (fo=0)                   0.000     0.000    usb_clk_60m
    Y4                   IBUF (Prop_ibuf_I_O)         1.372     1.372 r  usb_clk_60m_IBUF_inst/O
                         net (fo=1, routed)           1.599     2.972    usb_clk_60m_IBUF
    BUFGCTRL_X0Y0        BUFG (Prop_bufg_I_O)         0.077     3.049 r  synchronous.usb_clock_buffer/O
                         net (fo=1013, routed)        1.260     4.308    synchronous.tx_fifo/synchronous.usb_clk
    SLICE_X47Y6          FDCE                                         r  synchronous.tx_fifo/wgray_r1_reg[2]/C
                         clock pessimism              0.000     4.308    
    SLICE_X47Y6          FDCE (Setup_fdce_C_D)       -0.210     4.098    synchronous.tx_fifo/wgray_r1_reg[2]
  -------------------------------------------------------------------
                         data arrival                           0.268    
                         clock arrival                          4.098    
  -------------------------------------------------------------------
                         relative delay                        -3.830    

Reference path:
    Location             Delay type                Incr(ns)  Path(ns)    Netlist Resource(s)
  -------------------------------------------------------------------    -------------------
                         (clock core_raw rise edge)
                                                      0.000     0.000 r  
    R4                                                0.000     0.000 r  sys_clk (IN)
                         net (fo=0)                   0.000     0.000    sys_clk
    R4                   IBUF (Prop_ibuf_I_O)         1.366     1.366 r  sys_clk_IBUF_inst/O
                         net (fo=1, routed)           1.004     2.369    multiplied_clock.clock_generator/sys_clk_IBUF
    MMCME2_ADV_X1Y0      MMCME2_ADV (Prop_mmcme2_adv_CLKIN1_CLKOUT0)
                                                     -6.057    -3.688 r  multiplied_clock.clock_generator/mmcm/CLKOUT0
                         net (fo=1, routed)           1.352    -2.335    multiplied_clock.clock_generator/core_raw
    BUFGCTRL_X0Y2        BUFG (Prop_bufg_I_O)         0.077    -2.258 r  multiplied_clock.clock_generator/core_buffer/O
                         net (fo=16672, routed)       1.263    -0.996    synchronous.tx_fifo/core_clk
    SLICE_X51Y6          FDCE                                         r  synchronous.tx_fifo/wgray_reg[8]/C
  -------------------------------------------------------------------    -------------------
    SLICE_X51Y6          FDCE (Prop_fdce_C_Q)         0.279    -0.717 r  synchronous.tx_fifo/wgray_reg[8]/Q
                         net (fo=1, routed)           0.199    -0.518    synchronous.tx_fifo/wgray_reg_n_0_[8]
    SLICE_X52Y6          FDCE                                         r  synchronous.tx_fifo/wgray_r1_reg[8]/D
  -------------------------------------------------------------------    -------------------

                         (clock usb_clk rise edge)    0.000     0.000 r  
    Y4                                                0.000     0.000 r  usb_clk_60m (IN)
                         net (fo=0)                   0.000     0.000    usb_clk_60m
    Y4                   IBUF (Prop_ibuf_I_O)         1.439     1.439 r  usb_clk_60m_IBUF_inst/O
                         net (fo=1, routed)           1.689     3.127    usb_clk_60m_IBUF
    BUFGCTRL_X0Y0        BUFG (Prop_bufg_I_O)         0.081     3.208 r  synchronous.usb_clock_buffer/O
                         net (fo=1013, routed)        1.373     4.581    synchronous.tx_fifo/synchronous.usb_clk
    SLICE_X52Y6          FDCE                                         r  synchronous.tx_fifo/wgray_r1_reg[8]/C
                         clock pessimism              0.000     4.581    
    SLICE_X52Y6          FDCE (Hold_fdce_C_D)         0.080     4.661    synchronous.tx_fifo/wgray_r1_reg[8]
  -------------------------------------------------------------------
                         data arrival                          -0.518    
                         clock arrival                          4.661    
  -------------------------------------------------------------------
                         relative delay                        -5.179    



Id: 2
set_bus_skew -from [get_cells -hier -filter {IS_SEQUENTIAL == 1 && (NAME =~ *tx_fifo/rgray_reg* || NAME =~ *tx_fifo/rbin_reg*)}] -to [get_cells -hier -filter {IS_SEQUENTIAL == 1 && NAME =~ *tx_fifo/rgray_w1_reg*}] 16.667
Requirement: 16.667ns
Endpoints: 14

From Clock            To Clock              Endpoint Pin                    Reference Pin                   Corner  Actual(ns)  Slack(ns)
--------------------  --------------------  ------------------------------  ------------------------------  ------  ----------  ---------
usb_clk               core_raw              synchronous.tx_fifo/rgray_w1_reg[12]/D
                                                                            synchronous.tx_fifo/rgray_w1_reg[10]/D
                                                                                                            Slow         1.091     15.576


Slack (MET) :             15.576ns  (requirement - actual skew)
  Endpoint Source:        synchronous.tx_fifo/rgray_reg[12]/C
                            (rising edge-triggered cell FDCE clocked by usb_clk)
  Endpoint Destination:   synchronous.tx_fifo/rgray_w1_reg[12]/D
                            (rising edge-triggered cell FDCE clocked by core_raw)
  Reference Source:       synchronous.tx_fifo/rgray_reg[10]/C
                            (rising edge-triggered cell FDCE clocked by usb_clk)
  Reference Destination:  synchronous.tx_fifo/rgray_w1_reg[10]/D
                            (rising edge-triggered cell FDCE clocked by core_raw)
  Path Type:              Bus Skew (Max at Slow Process Corner)
  Requirement:            16.667ns
  Endpoint Relative Delay:    6.765ns
  Reference Relative Delay:   5.178ns
  Relative CRPR:              0.627ns
  Uncertainty:                0.131ns
  Actual Bus Skew:            1.091ns  (Endpoint Relative Delay - Reference Relative Delay - Relative CRPR + Uncertainty)

Endpoint path:
    Location             Delay type                Incr(ns)  Path(ns)    Netlist Resource(s)
  -------------------------------------------------------------------    -------------------
                         (clock usb_clk rise edge)    0.000     0.000 r  
    Y4                                                0.000     0.000 r  usb_clk_60m (IN)
                         net (fo=0)                   0.000     0.000    usb_clk_60m
    Y4                   IBUF (Prop_ibuf_I_O)         1.439     1.439 r  usb_clk_60m_IBUF_inst/O
                         net (fo=1, routed)           1.689     3.127    usb_clk_60m_IBUF
    BUFGCTRL_X0Y0        BUFG (Prop_bufg_I_O)         0.081     3.208 r  synchronous.usb_clock_buffer/O
                         net (fo=1013, routed)        1.372     4.580    synchronous.tx_fifo/synchronous.usb_clk
    SLICE_X49Y9          FDCE                                         r  synchronous.tx_fifo/rgray_reg[12]/C
  -------------------------------------------------------------------    -------------------
    SLICE_X49Y9          FDCE (Prop_fdce_C_Q)         0.348     4.928 r  synchronous.tx_fifo/rgray_reg[12]/Q
                         net (fo=1, routed)           0.630     5.559    synchronous.tx_fifo/rgray_reg_n_0_[12]
    SLICE_X48Y9          FDCE                                         r  synchronous.tx_fifo/rgray_w1_reg[12]/D
  -------------------------------------------------------------------    -------------------

                         (clock core_raw rise edge)
                                                      0.000     0.000 r  
    R4                                                0.000     0.000 r  sys_clk (IN)
                         net (fo=0)                   0.000     0.000    sys_clk
    R4                   IBUF (Prop_ibuf_I_O)         1.366     1.366 r  sys_clk_IBUF_inst/O
                         net (fo=1, routed)           1.004     2.369    multiplied_clock.clock_generator/sys_clk_IBUF
    MMCME2_ADV_X1Y0      MMCME2_ADV (Prop_mmcme2_adv_CLKIN1_CLKOUT0)
                                                     -6.057    -3.688 r  multiplied_clock.clock_generator/mmcm/CLKOUT0
                         net (fo=1, routed)           1.352    -2.335    multiplied_clock.clock_generator/core_raw
    BUFGCTRL_X0Y2        BUFG (Prop_bufg_I_O)         0.077    -2.258 r  multiplied_clock.clock_generator/core_buffer/O
                         net (fo=16672, routed)       1.262    -0.997    synchronous.tx_fifo/core_clk
    SLICE_X48Y9          FDCE                                         r  synchronous.tx_fifo/rgray_w1_reg[12]/C
                         clock pessimism              0.000    -0.997    
    SLICE_X48Y9          FDCE (Setup_fdce_C_D)       -0.210    -1.207    synchronous.tx_fifo/rgray_w1_reg[12]
  -------------------------------------------------------------------
                         data arrival                           5.559    
                         clock arrival                         -1.207    
  -------------------------------------------------------------------
                         relative delay                         6.765    

Reference path:
    Location             Delay type                Incr(ns)  Path(ns)    Netlist Resource(s)
  -------------------------------------------------------------------    -------------------
                         (clock usb_clk rise edge)    0.000     0.000 r  
    Y4                                                0.000     0.000 r  usb_clk_60m (IN)
                         net (fo=0)                   0.000     0.000    usb_clk_60m
    Y4                   IBUF (Prop_ibuf_I_O)         1.372     1.372 r  usb_clk_60m_IBUF_inst/O
                         net (fo=1, routed)           1.599     2.972    usb_clk_60m_IBUF
    BUFGCTRL_X0Y0        BUFG (Prop_bufg_I_O)         0.077     3.049 r  synchronous.usb_clock_buffer/O
                         net (fo=1013, routed)        1.263     4.311    synchronous.tx_fifo/synchronous.usb_clk
    SLICE_X51Y7          FDCE                                         r  synchronous.tx_fifo/rgray_reg[10]/C
  -------------------------------------------------------------------    -------------------
    SLICE_X51Y7          FDCE (Prop_fdce_C_Q)         0.304     4.615 r  synchronous.tx_fifo/rgray_reg[10]/Q
                         net (fo=1, routed)           0.200     4.815    synchronous.tx_fifo/rgray_reg_n_0_[10]
    SLICE_X52Y7          FDCE                                         r  synchronous.tx_fifo/rgray_w1_reg[10]/D
  -------------------------------------------------------------------    -------------------

                         (clock core_raw rise edge)
                                                      0.000     0.000 r  
    R4                                                0.000     0.000 r  sys_clk (IN)
                         net (fo=0)                   0.000     0.000    sys_clk
    R4                   IBUF (Prop_ibuf_I_O)         1.432     1.432 r  sys_clk_IBUF_inst/O
                         net (fo=1, routed)           1.065     2.497    multiplied_clock.clock_generator/sys_clk_IBUF
    MMCME2_ADV_X1Y0      MMCME2_ADV (Prop_mmcme2_adv_CLKIN1_CLKOUT0)
                                                     -5.921    -3.424 r  multiplied_clock.clock_generator/mmcm/CLKOUT0
                         net (fo=1, routed)           1.421    -2.004    multiplied_clock.clock_generator/core_raw
    BUFGCTRL_X0Y2        BUFG (Prop_bufg_I_O)         0.081    -1.923 r  multiplied_clock.clock_generator/core_buffer/O
                         net (fo=16672, routed)       1.373    -0.550    synchronous.tx_fifo/core_clk
    SLICE_X52Y7          FDCE                                         r  synchronous.tx_fifo/rgray_w1_reg[10]/C
                         clock pessimism              0.000    -0.550    
    SLICE_X52Y7          FDCE (Hold_fdce_C_D)         0.187    -0.363    synchronous.tx_fifo/rgray_w1_reg[10]
  -------------------------------------------------------------------
                         data arrival                           4.815    
                         clock arrival                         -0.363    
  -------------------------------------------------------------------
                         relative delay                         5.178    



Id: 3
set_bus_skew -from [get_cells -hier -filter {IS_SEQUENTIAL == 1 && (NAME =~ *rx_fifo/wgray_reg* || NAME =~ *rx_fifo/wbin_reg*)}] -to [get_cells -hier -filter {IS_SEQUENTIAL == 1 && NAME =~ *rx_fifo/wgray_r1_reg*}] 16.667
Requirement: 16.667ns
Endpoints: 9

From Clock            To Clock              Endpoint Pin                    Reference Pin                   Corner  Actual(ns)  Slack(ns)
--------------------  --------------------  ------------------------------  ------------------------------  ------  ----------  ---------
usb_clk               core_raw              synchronous.rx_fifo/wgray_r1_reg[4]/D
                                                                            synchronous.rx_fifo/wgray_r1_reg[2]/D
                                                                                                            Slow         0.887     15.780


Slack (MET) :             15.780ns  (requirement - actual skew)
  Endpoint Source:        synchronous.rx_fifo/wgray_reg[4]/C
                            (rising edge-triggered cell FDCE clocked by usb_clk)
  Endpoint Destination:   synchronous.rx_fifo/wgray_r1_reg[4]/D
                            (rising edge-triggered cell FDCE clocked by core_raw)
  Reference Source:       synchronous.rx_fifo/wgray_reg[2]/C
                            (rising edge-triggered cell FDCE clocked by usb_clk)
  Reference Destination:  synchronous.rx_fifo/wgray_r1_reg[2]/D
                            (rising edge-triggered cell FDCE clocked by core_raw)
  Path Type:              Bus Skew (Max at Slow Process Corner)
  Requirement:            16.667ns
  Endpoint Relative Delay:    6.601ns
  Reference Relative Delay:   5.218ns
  Relative CRPR:              0.627ns
  Uncertainty:                0.131ns
  Actual Bus Skew:            0.887ns  (Endpoint Relative Delay - Reference Relative Delay - Relative CRPR + Uncertainty)

Endpoint path:
    Location             Delay type                Incr(ns)  Path(ns)    Netlist Resource(s)
  -------------------------------------------------------------------    -------------------
                         (clock usb_clk rise edge)    0.000     0.000 r  
    Y4                                                0.000     0.000 r  usb_clk_60m (IN)
                         net (fo=0)                   0.000     0.000    usb_clk_60m
    Y4                   IBUF (Prop_ibuf_I_O)         1.439     1.439 r  usb_clk_60m_IBUF_inst/O
                         net (fo=1, routed)           1.689     3.127    usb_clk_60m_IBUF
    BUFGCTRL_X0Y0        BUFG (Prop_bufg_I_O)         0.081     3.208 r  synchronous.usb_clock_buffer/O
                         net (fo=1013, routed)        1.440     4.648    synchronous.rx_fifo/synchronous.usb_clk
    SLICE_X62Y42         FDCE                                         r  synchronous.rx_fifo/wgray_reg[4]/C
  -------------------------------------------------------------------    -------------------
    SLICE_X62Y42         FDCE (Prop_fdce_C_Q)         0.348     4.996 r  synchronous.rx_fifo/wgray_reg[4]/Q
                         net (fo=1, routed)           0.465     5.461    synchronous.rx_fifo/wgray[4]
    SLICE_X63Y42         FDCE                                         r  synchronous.rx_fifo/wgray_r1_reg[4]/D
  -------------------------------------------------------------------    -------------------

                         (clock core_raw rise edge)
                                                      0.000     0.000 r  
    R4                                                0.000     0.000 r  sys_clk (IN)
                         net (fo=0)                   0.000     0.000    sys_clk
    R4                   IBUF (Prop_ibuf_I_O)         1.366     1.366 r  sys_clk_IBUF_inst/O
                         net (fo=1, routed)           1.004     2.369    multiplied_clock.clock_generator/sys_clk_IBUF
    MMCME2_ADV_X1Y0      MMCME2_ADV (Prop_mmcme2_adv_CLKIN1_CLKOUT0)
                                                     -6.057    -3.688 r  multiplied_clock.clock_generator/mmcm/CLKOUT0
                         net (fo=1, routed)           1.352    -2.335    multiplied_clock.clock_generator/core_raw
    BUFGCTRL_X0Y2        BUFG (Prop_bufg_I_O)         0.077    -2.258 r  multiplied_clock.clock_generator/core_buffer/O
                         net (fo=16672, routed)       1.331    -0.928    synchronous.rx_fifo/core_clk
    SLICE_X63Y42         FDCE                                         r  synchronous.rx_fifo/wgray_r1_reg[4]/C
                         clock pessimism              0.000    -0.928    
    SLICE_X63Y42         FDCE (Setup_fdce_C_D)       -0.212    -1.140    synchronous.rx_fifo/wgray_r1_reg[4]
  -------------------------------------------------------------------
                         data arrival                           5.461    
                         clock arrival                         -1.140    
  -------------------------------------------------------------------
                         relative delay                         6.601    

Reference path:
    Location             Delay type                Incr(ns)  Path(ns)    Netlist Resource(s)
  -------------------------------------------------------------------    -------------------
                         (clock usb_clk rise edge)    0.000     0.000 r  
    Y4                                                0.000     0.000 r  usb_clk_60m (IN)
                         net (fo=0)                   0.000     0.000    usb_clk_60m
    Y4                   IBUF (Prop_ibuf_I_O)         1.372     1.372 r  usb_clk_60m_IBUF_inst/O
                         net (fo=1, routed)           1.599     2.972    usb_clk_60m_IBUF
    BUFGCTRL_X0Y0        BUFG (Prop_bufg_I_O)         0.077     3.049 r  synchronous.usb_clock_buffer/O
                         net (fo=1013, routed)        1.329     4.377    synchronous.rx_fifo/synchronous.usb_clk
    SLICE_X61Y40         FDCE                                         r  synchronous.rx_fifo/wgray_reg[2]/C
  -------------------------------------------------------------------    -------------------
    SLICE_X61Y40         FDCE (Prop_fdce_C_Q)         0.304     4.681 r  synchronous.rx_fifo/wgray_reg[2]/Q
                         net (fo=1, routed)           0.189     4.870    synchronous.rx_fifo/wgray[2]
    SLICE_X59Y40         FDCE                                         r  synchronous.rx_fifo/wgray_r1_reg[2]/D
  -------------------------------------------------------------------    -------------------

                         (clock core_raw rise edge)
                                                      0.000     0.000 r  
    R4                                                0.000     0.000 r  sys_clk (IN)
                         net (fo=0)                   0.000     0.000    sys_clk
    R4                   IBUF (Prop_ibuf_I_O)         1.432     1.432 r  sys_clk_IBUF_inst/O
                         net (fo=1, routed)           1.065     2.497    multiplied_clock.clock_generator/sys_clk_IBUF
    MMCME2_ADV_X1Y0      MMCME2_ADV (Prop_mmcme2_adv_CLKIN1_CLKOUT0)
                                                     -5.921    -3.424 r  multiplied_clock.clock_generator/mmcm/CLKOUT0
                         net (fo=1, routed)           1.421    -2.004    multiplied_clock.clock_generator/core_raw
    BUFGCTRL_X0Y2        BUFG (Prop_bufg_I_O)         0.081    -1.923 r  multiplied_clock.clock_generator/core_buffer/O
                         net (fo=16672, routed)       1.437    -0.486    synchronous.rx_fifo/core_clk
    SLICE_X59Y40         FDCE                                         r  synchronous.rx_fifo/wgray_r1_reg[2]/C
                         clock pessimism              0.000    -0.486    
    SLICE_X59Y40         FDCE (Hold_fdce_C_D)         0.138    -0.348    synchronous.rx_fifo/wgray_r1_reg[2]
  -------------------------------------------------------------------
                         data arrival                           4.870    
                         clock arrival                         -0.348    
  -------------------------------------------------------------------
                         relative delay                         5.218    



Id: 4
set_bus_skew -from [get_cells -hier -filter {IS_SEQUENTIAL == 1 && (NAME =~ *rx_fifo/rgray_reg* || NAME =~ *rx_fifo/rbin_reg*)}] -to [get_cells -hier -filter {IS_SEQUENTIAL == 1 && NAME =~ *rx_fifo/rgray_w1_reg*}] 10.000
Requirement: 10.000ns
Endpoints: 9

From Clock            To Clock              Endpoint Pin                    Reference Pin                   Corner  Actual(ns)  Slack(ns)
--------------------  --------------------  ------------------------------  ------------------------------  ------  ----------  ---------
core_raw              usb_clk               synchronous.rx_fifo/rgray_w1_reg[8]/D
                                                                            synchronous.rx_fifo/rgray_w1_reg[0]/D
                                                                                                            Slow         0.985      9.015


Slack (MET) :             9.015ns  (requirement - actual skew)
  Endpoint Source:        synchronous.rx_fifo/rbin_reg[8]/C
                            (rising edge-triggered cell FDCE clocked by core_raw)
  Endpoint Destination:   synchronous.rx_fifo/rgray_w1_reg[8]/D
                            (rising edge-triggered cell FDCE clocked by usb_clk)
  Reference Source:       synchronous.rx_fifo/rgray_reg[0]/C
                            (rising edge-triggered cell FDCE clocked by core_raw)
  Reference Destination:  synchronous.rx_fifo/rgray_w1_reg[0]/D
                            (rising edge-triggered cell FDCE clocked by usb_clk)
  Path Type:              Bus Skew (Max at Slow Process Corner)
  Requirement:            10.000ns
  Endpoint Relative Delay:   -3.747ns
  Reference Relative Delay:  -5.258ns
  Relative CRPR:              0.657ns
  Uncertainty:                0.131ns
  Actual Bus Skew:            0.985ns  (Endpoint Relative Delay - Reference Relative Delay - Relative CRPR + Uncertainty)

Endpoint path:
    Location             Delay type                Incr(ns)  Path(ns)    Netlist Resource(s)
  -------------------------------------------------------------------    -------------------
                         (clock core_raw rise edge)
                                                      0.000     0.000 r  
    R4                                                0.000     0.000 r  sys_clk (IN)
                         net (fo=0)                   0.000     0.000    sys_clk
    R4                   IBUF (Prop_ibuf_I_O)         1.432     1.432 r  sys_clk_IBUF_inst/O
                         net (fo=1, routed)           1.065     2.497    multiplied_clock.clock_generator/sys_clk_IBUF
    MMCME2_ADV_X1Y0      MMCME2_ADV (Prop_mmcme2_adv_CLKIN1_CLKOUT0)
                                                     -5.921    -3.424 r  multiplied_clock.clock_generator/mmcm/CLKOUT0
                         net (fo=1, routed)           1.421    -2.004    multiplied_clock.clock_generator/core_raw
    BUFGCTRL_X0Y2        BUFG (Prop_bufg_I_O)         0.081    -1.923 r  multiplied_clock.clock_generator/core_buffer/O
                         net (fo=16672, routed)       1.438    -0.485    synchronous.rx_fifo/core_clk
    SLICE_X60Y42         FDCE                                         r  synchronous.rx_fifo/rbin_reg[8]/C
  -------------------------------------------------------------------    -------------------
    SLICE_X60Y42         FDCE (Prop_fdce_C_Q)         0.433    -0.052 r  synchronous.rx_fifo/rbin_reg[8]/Q
                         net (fo=4, routed)           0.651     0.599    synchronous.rx_fifo/rbin_reg[8]
    SLICE_X60Y41         FDCE                                         r  synchronous.rx_fifo/rgray_w1_reg[8]/D
  -------------------------------------------------------------------    -------------------

                         (clock usb_clk rise edge)    0.000     0.000 r  
    Y4                                                0.000     0.000 r  usb_clk_60m (IN)
                         net (fo=0)                   0.000     0.000    usb_clk_60m
    Y4                   IBUF (Prop_ibuf_I_O)         1.372     1.372 r  usb_clk_60m_IBUF_inst/O
                         net (fo=1, routed)           1.599     2.972    usb_clk_60m_IBUF
    BUFGCTRL_X0Y0        BUFG (Prop_bufg_I_O)         0.077     3.049 r  synchronous.usb_clock_buffer/O
                         net (fo=1013, routed)        1.329     4.377    synchronous.rx_fifo/synchronous.usb_clk
    SLICE_X60Y41         FDCE                                         r  synchronous.rx_fifo/rgray_w1_reg[8]/C
                         clock pessimism              0.000     4.377    
    SLICE_X60Y41         FDCE (Setup_fdce_C_D)       -0.031     4.346    synchronous.rx_fifo/rgray_w1_reg[8]
  -------------------------------------------------------------------
                         data arrival                           0.599    
                         clock arrival                          4.346    
  -------------------------------------------------------------------
                         relative delay                        -3.747    

Reference path:
    Location             Delay type                Incr(ns)  Path(ns)    Netlist Resource(s)
  -------------------------------------------------------------------    -------------------
                         (clock core_raw rise edge)
                                                      0.000     0.000 r  
    R4                                                0.000     0.000 r  sys_clk (IN)
                         net (fo=0)                   0.000     0.000    sys_clk
    R4                   IBUF (Prop_ibuf_I_O)         1.366     1.366 r  sys_clk_IBUF_inst/O
                         net (fo=1, routed)           1.004     2.369    multiplied_clock.clock_generator/sys_clk_IBUF
    MMCME2_ADV_X1Y0      MMCME2_ADV (Prop_mmcme2_adv_CLKIN1_CLKOUT0)
                                                     -6.057    -3.688 r  multiplied_clock.clock_generator/mmcm/CLKOUT0
                         net (fo=1, routed)           1.352    -2.335    multiplied_clock.clock_generator/core_raw
    BUFGCTRL_X0Y2        BUFG (Prop_bufg_I_O)         0.077    -2.258 r  multiplied_clock.clock_generator/core_buffer/O
                         net (fo=16672, routed)       1.329    -0.930    synchronous.rx_fifo/core_clk
    SLICE_X59Y40         FDCE                                         r  synchronous.rx_fifo/rgray_reg[0]/C
  -------------------------------------------------------------------    -------------------
    SLICE_X59Y40         FDCE (Prop_fdce_C_Q)         0.304    -0.626 r  synchronous.rx_fifo/rgray_reg[0]/Q
                         net (fo=1, routed)           0.200    -0.426    synchronous.rx_fifo/rgray[0]
    SLICE_X60Y40         FDCE                                         r  synchronous.rx_fifo/rgray_w1_reg[0]/D
  -------------------------------------------------------------------    -------------------

                         (clock usb_clk rise edge)    0.000     0.000 r  
    Y4                                                0.000     0.000 r  usb_clk_60m (IN)
                         net (fo=0)                   0.000     0.000    usb_clk_60m
    Y4                   IBUF (Prop_ibuf_I_O)         1.439     1.439 r  usb_clk_60m_IBUF_inst/O
                         net (fo=1, routed)           1.689     3.127    usb_clk_60m_IBUF
    BUFGCTRL_X0Y0        BUFG (Prop_bufg_I_O)         0.081     3.208 r  synchronous.usb_clock_buffer/O
                         net (fo=1013, routed)        1.437     4.645    synchronous.rx_fifo/synchronous.usb_clk
    SLICE_X60Y40         FDCE                                         r  synchronous.rx_fifo/rgray_w1_reg[0]/C
                         clock pessimism              0.000     4.645    
    SLICE_X60Y40         FDCE (Hold_fdce_C_D)         0.187     4.832    synchronous.rx_fifo/rgray_w1_reg[0]
  -------------------------------------------------------------------
                         data arrival                          -0.426    
                         clock arrival                          4.832    
  -------------------------------------------------------------------
                         relative delay                        -5.258    



Id: 5
set_bus_skew -from [get_cells -hier -filter {IS_SEQUENTIAL == 1 && (NAME =~ *pixel_fifo/wgray_reg* || NAME =~ *pixel_fifo/wbin_reg*)}] -to [get_cells -hier -filter {IS_SEQUENTIAL == 1 && NAME =~ *pixel_fifo/wgray_r1_reg*}] 13.250
Requirement: 13.250ns
Endpoints: 13

From Clock            To Clock              Endpoint Pin                    Reference Pin                   Corner  Actual(ns)  Slack(ns)
--------------------  --------------------  ------------------------------  ------------------------------  ------  ----------  ---------
clock_raw             core_raw              real_camera.capture/pixel_fifo/wgray_r1_reg[8]/D
                                                                            real_camera.capture/pixel_fifo/wgray_r1_reg[0]/D
                                                                                                            Slow         1.007     12.243


Slack (MET) :             12.243ns  (requirement - actual skew)
  Endpoint Source:        real_camera.capture/pixel_fifo/wgray_reg[8]/C
                            (falling edge-triggered cell FDCE clocked by clock_raw)
  Endpoint Destination:   real_camera.capture/pixel_fifo/wgray_r1_reg[8]/D
                            (rising edge-triggered cell FDCE clocked by core_raw)
  Reference Source:       real_camera.capture/pixel_fifo/wgray_reg[0]/C
                            (falling edge-triggered cell FDCE clocked by clock_raw)
  Reference Destination:  real_camera.capture/pixel_fifo/wgray_r1_reg[0]/D
                            (rising edge-triggered cell FDCE clocked by core_raw)
  Path Type:              Bus Skew (Max at Slow Process Corner)
  Requirement:            13.250ns
  Endpoint Relative Delay:    3.385ns
  Reference Relative Delay:   1.325ns
  Relative CRPR:              1.270ns
  Uncertainty:                0.217ns
  Actual Bus Skew:            1.007ns  (Endpoint Relative Delay - Reference Relative Delay - Relative CRPR + Uncertainty)

Endpoint path:
    Location             Delay type                Incr(ns)  Path(ns)    Netlist Resource(s)
  -------------------------------------------------------------------    -------------------
                         (clock clock_raw fall edge)
                                                      0.000     0.000 f  
    F14                                               0.000     0.000 f  cam_pclk (IN)
                         net (fo=0)                   0.000     0.000    cam_pclk
    F14                  IBUF (Prop_ibuf_I_O)         1.392     1.392 f  cam_pclk_IBUF_inst/O
                         net (fo=1, routed)           2.954     4.347    real_camera.phase_clock.sampling_clock/pclk
    MMCME2_ADV_X0Y0      MMCME2_ADV (Prop_mmcme2_adv_CLKIN1_CLKOUT0)
                                                     -5.924    -1.578 f  real_camera.phase_clock.sampling_clock/camera_mmcm/CLKOUT0
                         net (fo=1, routed)           1.425    -0.153    real_camera.phase_clock.sampling_clock/clock_raw
    BUFGCTRL_X0Y3        BUFG (Prop_bufg_I_O)         0.081    -0.072 f  real_camera.phase_clock.sampling_clock/sample_buffer/O
                         net (fo=496, routed)         1.414     1.342    real_camera.capture/pixel_fifo/sample_clk
    SLICE_X4Y81          FDCE                                         r  real_camera.capture/pixel_fifo/wgray_reg[8]/C  (IS_INVERTED)
  -------------------------------------------------------------------    -------------------
    SLICE_X4Y81          FDCE (Prop_fdce_C_Q)         0.384     1.726 r  real_camera.capture/pixel_fifo/wgray_reg[8]/Q
                         net (fo=1, routed)           0.568     2.294    real_camera.capture/pixel_fifo/wgray[8]
    SLICE_X11Y81         FDCE                                         r  real_camera.capture/pixel_fifo/wgray_r1_reg[8]/D
  -------------------------------------------------------------------    -------------------

                         (clock core_raw rise edge)
                                                      0.000     0.000 r  
    R4                                                0.000     0.000 r  sys_clk (IN)
                         net (fo=0)                   0.000     0.000    sys_clk
    R4                   IBUF (Prop_ibuf_I_O)         1.366     1.366 r  sys_clk_IBUF_inst/O
                         net (fo=1, routed)           1.004     2.369    multiplied_clock.clock_generator/sys_clk_IBUF
    MMCME2_ADV_X1Y0      MMCME2_ADV (Prop_mmcme2_adv_CLKIN1_CLKOUT0)
                                                     -6.057    -3.688 r  multiplied_clock.clock_generator/mmcm/CLKOUT0
                         net (fo=1, routed)           1.352    -2.335    multiplied_clock.clock_generator/core_raw
    BUFGCTRL_X0Y2        BUFG (Prop_bufg_I_O)         0.077    -2.258 r  multiplied_clock.clock_generator/core_buffer/O
                         net (fo=16672, routed)       1.240    -1.018    real_camera.capture/pixel_fifo/core_clk
    SLICE_X11Y81         FDCE                                         r  real_camera.capture/pixel_fifo/wgray_r1_reg[8]/C
                         clock pessimism              0.000    -1.018    
    SLICE_X11Y81         FDCE (Setup_fdce_C_D)       -0.073    -1.091    real_camera.capture/pixel_fifo/wgray_r1_reg[8]
  -------------------------------------------------------------------
                         data arrival                           2.294    
                         clock arrival                         -1.091    
  -------------------------------------------------------------------
                         relative delay                         3.385    

Reference path:
    Location             Delay type                Incr(ns)  Path(ns)    Netlist Resource(s)
  -------------------------------------------------------------------    -------------------
                         (clock clock_raw fall edge)
                                                      0.000     0.000 f  
    F14                                               0.000     0.000 f  cam_pclk (IN)
                         net (fo=0)                   0.000     0.000    cam_pclk
    F14                  IBUF (Prop_ibuf_I_O)         1.327     1.327 f  cam_pclk_IBUF_inst/O
                         net (fo=1, routed)           2.442     3.769    real_camera.phase_clock.sampling_clock/pclk
    MMCME2_ADV_X0Y0      MMCME2_ADV (Prop_mmcme2_adv_CLKIN1_CLKOUT0)
                                                     -6.061    -2.292 f  real_camera.phase_clock.sampling_clock/camera_mmcm/CLKOUT0
                         net (fo=1, routed)           1.357    -0.935    real_camera.phase_clock.sampling_clock/clock_raw
    BUFGCTRL_X0Y3        BUFG (Prop_bufg_I_O)         0.077    -0.858 f  real_camera.phase_clock.sampling_clock/sample_buffer/O
                         net (fo=496, routed)         1.307     0.449    real_camera.capture/pixel_fifo/sample_clk
    SLICE_X7Y81          FDCE                                         r  real_camera.capture/pixel_fifo/wgray_reg[0]/C  (IS_INVERTED)
  -------------------------------------------------------------------    -------------------
    SLICE_X7Y81          FDCE (Prop_fdce_C_Q)         0.308     0.757 r  real_camera.capture/pixel_fifo/wgray_reg[0]/Q
                         net (fo=1, routed)           0.195     0.952    real_camera.capture/pixel_fifo/wgray[0]
    SLICE_X7Y80          FDCE                                         r  real_camera.capture/pixel_fifo/wgray_r1_reg[0]/D
  -------------------------------------------------------------------    -------------------

                         (clock core_raw rise edge)
                                                      0.000     0.000 r  
    R4                                                0.000     0.000 r  sys_clk (IN)
                         net (fo=0)                   0.000     0.000    sys_clk
    R4                   IBUF (Prop_ibuf_I_O)         1.432     1.432 r  sys_clk_IBUF_inst/O
                         net (fo=1, routed)           1.065     2.497    multiplied_clock.clock_generator/sys_clk_IBUF
    MMCME2_ADV_X1Y0      MMCME2_ADV (Prop_mmcme2_adv_CLKIN1_CLKOUT0)
                                                     -5.921    -3.424 r  multiplied_clock.clock_generator/mmcm/CLKOUT0
                         net (fo=1, routed)           1.421    -2.004    multiplied_clock.clock_generator/core_raw
    BUFGCTRL_X0Y2        BUFG (Prop_bufg_I_O)         0.081    -1.923 r  multiplied_clock.clock_generator/core_buffer/O
                         net (fo=16672, routed)       1.413    -0.509    real_camera.capture/pixel_fifo/core_clk
    SLICE_X7Y80          FDCE                                         r  real_camera.capture/pixel_fifo/wgray_r1_reg[0]/C
                         clock pessimism              0.000    -0.509    
    SLICE_X7Y80          FDCE (Hold_fdce_C_D)         0.136    -0.373    real_camera.capture/pixel_fifo/wgray_r1_reg[0]
  -------------------------------------------------------------------
                         data arrival                           0.952    
                         clock arrival                         -0.373    
  -------------------------------------------------------------------
                         relative delay                         1.325    



Id: 6
set_bus_skew -from [get_cells -hier -filter {IS_SEQUENTIAL == 1 && (NAME =~ *pixel_fifo/rgray_reg* || NAME =~ *pixel_fifo/rbin_reg*)}] -to [get_cells -hier -filter {IS_SEQUENTIAL == 1 && NAME =~ *pixel_fifo/rgray_w1_reg*}] 10.000
Requirement: 10.000ns
Endpoints: 13

From Clock            To Clock              Endpoint Pin                    Reference Pin                   Corner  Actual(ns)  Slack(ns)
--------------------  --------------------  ------------------------------  ------------------------------  ------  ----------  ---------
core_raw              clock_raw             real_camera.capture/pixel_fifo/rgray_w1_reg[4]/D
                                                                            real_camera.capture/pixel_fifo/rgray_w1_reg[12]/D
                                                                                                            Slow         1.172      8.828


Slack (MET) :             8.828ns  (requirement - actual skew)
  Endpoint Source:        real_camera.capture/pixel_fifo/rgray_reg[4]/C
                            (rising edge-triggered cell FDCE clocked by core_raw)
  Endpoint Destination:   real_camera.capture/pixel_fifo/rgray_w1_reg[4]/D
                            (falling edge-triggered cell FDCE clocked by clock_raw)
  Reference Source:       real_camera.capture/pixel_fifo/rgray_reg[12]/C
                            (rising edge-triggered cell FDCE clocked by core_raw)
  Reference Destination:  real_camera.capture/pixel_fifo/rgray_w1_reg[12]/D
                            (falling edge-triggered cell FDCE clocked by clock_raw)
  Path Type:              Bus Skew (Max at Slow Process Corner)
  Requirement:            10.000ns
  Endpoint Relative Delay:    0.438ns
  Reference Relative Delay:  -1.771ns
  Relative CRPR:              1.254ns
  Uncertainty:                0.217ns
  Actual Bus Skew:            1.172ns  (Endpoint Relative Delay - Reference Relative Delay - Relative CRPR + Uncertainty)

Endpoint path:
    Location             Delay type                Incr(ns)  Path(ns)    Netlist Resource(s)
  -------------------------------------------------------------------    -------------------
                         (clock core_raw rise edge)
                                                      0.000     0.000 r  
    R4                                                0.000     0.000 r  sys_clk (IN)
                         net (fo=0)                   0.000     0.000    sys_clk
    R4                   IBUF (Prop_ibuf_I_O)         1.432     1.432 r  sys_clk_IBUF_inst/O
                         net (fo=1, routed)           1.065     2.497    multiplied_clock.clock_generator/sys_clk_IBUF
    MMCME2_ADV_X1Y0      MMCME2_ADV (Prop_mmcme2_adv_CLKIN1_CLKOUT0)
                                                     -5.921    -3.424 r  multiplied_clock.clock_generator/mmcm/CLKOUT0
                         net (fo=1, routed)           1.421    -2.004    multiplied_clock.clock_generator/core_raw
    BUFGCTRL_X0Y2        BUFG (Prop_bufg_I_O)         0.081    -1.923 r  multiplied_clock.clock_generator/core_buffer/O
                         net (fo=16672, routed)       1.346    -0.576    real_camera.capture/pixel_fifo/core_clk
    SLICE_X8Y79          FDCE                                         r  real_camera.capture/pixel_fifo/rgray_reg[4]/C
  -------------------------------------------------------------------    -------------------
    SLICE_X8Y79          FDCE (Prop_fdce_C_Q)         0.398    -0.178 r  real_camera.capture/pixel_fifo/rgray_reg[4]/Q
                         net (fo=1, routed)           0.870     0.691    real_camera.capture/pixel_fifo/rgray[4]
    SLICE_X3Y80          FDCE                                         r  real_camera.capture/pixel_fifo/rgray_w1_reg[4]/D
  -------------------------------------------------------------------    -------------------

                         (clock clock_raw fall edge)
                                                      0.000     0.000 f  
    F14                                               0.000     0.000 f  cam_pclk (IN)
                         net (fo=0)                   0.000     0.000    cam_pclk
    F14                  IBUF (Prop_ibuf_I_O)         1.327     1.327 f  cam_pclk_IBUF_inst/O
                         net (fo=1, routed)           2.442     3.769    real_camera.phase_clock.sampling_clock/pclk
    MMCME2_ADV_X0Y0      MMCME2_ADV (Prop_mmcme2_adv_CLKIN1_CLKOUT0)
                                                     -6.061    -2.292 f  real_camera.phase_clock.sampling_clock/camera_mmcm/CLKOUT0
                         net (fo=1, routed)           1.357    -0.935    real_camera.phase_clock.sampling_clock/clock_raw
    BUFGCTRL_X0Y3        BUFG (Prop_bufg_I_O)         0.077    -0.858 f  real_camera.phase_clock.sampling_clock/sample_buffer/O
                         net (fo=496, routed)         1.307     0.449    real_camera.capture/pixel_fifo/sample_clk
    SLICE_X3Y80          FDCE                                         r  real_camera.capture/pixel_fifo/rgray_w1_reg[4]/C  (IS_INVERTED)
                         clock pessimism              0.000     0.449    
    SLICE_X3Y80          FDCE (Setup_fdce_C_D)       -0.196     0.253    real_camera.capture/pixel_fifo/rgray_w1_reg[4]
  -------------------------------------------------------------------
                         data arrival                           0.691    
                         clock arrival                          0.253    
  -------------------------------------------------------------------
                         relative delay                         0.438    

Reference path:
    Location             Delay type                Incr(ns)  Path(ns)    Netlist Resource(s)
  -------------------------------------------------------------------    -------------------
                         (clock core_raw rise edge)
                                                      0.000     0.000 r  
    R4                                                0.000     0.000 r  sys_clk (IN)
                         net (fo=0)                   0.000     0.000    sys_clk
    R4                   IBUF (Prop_ibuf_I_O)         1.366     1.366 r  sys_clk_IBUF_inst/O
                         net (fo=1, routed)           1.004     2.369    multiplied_clock.clock_generator/sys_clk_IBUF
    MMCME2_ADV_X1Y0      MMCME2_ADV (Prop_mmcme2_adv_CLKIN1_CLKOUT0)
                                                     -6.057    -3.688 r  multiplied_clock.clock_generator/mmcm/CLKOUT0
                         net (fo=1, routed)           1.352    -2.335    multiplied_clock.clock_generator/core_raw
    BUFGCTRL_X0Y2        BUFG (Prop_bufg_I_O)         0.077    -2.258 r  multiplied_clock.clock_generator/core_buffer/O
                         net (fo=16672, routed)       1.240    -1.018    real_camera.capture/pixel_fifo/core_clk
    SLICE_X10Y81         FDCE                                         r  real_camera.capture/pixel_fifo/rgray_reg[12]/C
  -------------------------------------------------------------------    -------------------
    SLICE_X10Y81         FDCE (Prop_fdce_C_Q)         0.347    -0.671 r  real_camera.capture/pixel_fifo/rgray_reg[12]/Q
                         net (fo=1, routed)           0.383    -0.288    real_camera.capture/pixel_fifo/rgray[12]
    SLICE_X7Y81          FDCE                                         r  real_camera.capture/pixel_fifo/rgray_w1_reg[12]/D
  -------------------------------------------------------------------    -------------------

                         (clock clock_raw fall edge)
                                                      0.000     0.000 f  
    F14                                               0.000     0.000 f  cam_pclk (IN)
                         net (fo=0)                   0.000     0.000    cam_pclk
    F14                  IBUF (Prop_ibuf_I_O)         1.392     1.392 f  cam_pclk_IBUF_inst/O
                         net (fo=1, routed)           2.954     4.347    real_camera.phase_clock.sampling_clock/pclk
    MMCME2_ADV_X0Y0      MMCME2_ADV (Prop_mmcme2_adv_CLKIN1_CLKOUT0)
                                                     -5.924    -1.578 f  real_camera.phase_clock.sampling_clock/camera_mmcm/CLKOUT0
                         net (fo=1, routed)           1.425    -0.153    real_camera.phase_clock.sampling_clock/clock_raw
    BUFGCTRL_X0Y3        BUFG (Prop_bufg_I_O)         0.081    -0.072 f  real_camera.phase_clock.sampling_clock/sample_buffer/O
                         net (fo=496, routed)         1.414     1.342    real_camera.capture/pixel_fifo/sample_clk
    SLICE_X7Y81          FDCE                                         r  real_camera.capture/pixel_fifo/rgray_w1_reg[12]/C  (IS_INVERTED)
                         clock pessimism              0.000     1.342    
    SLICE_X7Y81          FDCE (Hold_fdce_C_D)         0.141     1.483    real_camera.capture/pixel_fifo/rgray_w1_reg[12]
  -------------------------------------------------------------------
                         data arrival                          -0.288    
                         clock arrival                          1.483    
  -------------------------------------------------------------------
                         relative delay                        -1.771    



Id: 7
set_bus_skew -from [get_cells -hier -filter {IS_SEQUENTIAL == 1 && (NAME =~ *capture/*_gray_reg* || NAME =~ *capture/*_bin_reg*)}] -to [get_cells -hier -filter {IS_SEQUENTIAL == 1 && NAME =~ *capture/*_c1_reg*}] 13.250
Requirement: 13.250ns
Endpoints: 192

From Clock            To Clock              Endpoint Pin                    Reference Pin                   Corner  Actual(ns)  Slack(ns)
--------------------  --------------------  ------------------------------  ------------------------------  ------  ----------  ---------
clock_raw             core_raw              real_camera.capture/received_c1_reg[22]/D
                                                                            real_camera.capture/frames_c1_reg[17]/D
                                                                                                            Slow         1.380     11.870


Slack (MET) :             11.870ns  (requirement - actual skew)
  Endpoint Source:        real_camera.capture/received_gray_reg[22]/C
                            (falling edge-triggered cell FDCE clocked by clock_raw)
  Endpoint Destination:   real_camera.capture/received_c1_reg[22]/D
                            (rising edge-triggered cell FDCE clocked by core_raw)
  Reference Source:       real_camera.capture/frames_gray_reg[17]/C
                            (falling edge-triggered cell FDCE clocked by clock_raw)
  Reference Destination:  real_camera.capture/frames_c1_reg[17]/D
                            (rising edge-triggered cell FDCE clocked by core_raw)
  Path Type:              Bus Skew (Max at Slow Process Corner)
  Requirement:            13.250ns
  Endpoint Relative Delay:    3.561ns
  Reference Relative Delay:   1.262ns
  Relative CRPR:              1.135ns
  Uncertainty:                0.217ns
  Actual Bus Skew:            1.380ns  (Endpoint Relative Delay - Reference Relative Delay - Relative CRPR + Uncertainty)

Endpoint path:
    Location             Delay type                Incr(ns)  Path(ns)    Netlist Resource(s)
  -------------------------------------------------------------------    -------------------
                         (clock clock_raw fall edge)
                                                      0.000     0.000 f  
    F14                                               0.000     0.000 f  cam_pclk (IN)
                         net (fo=0)                   0.000     0.000    cam_pclk
    F14                  IBUF (Prop_ibuf_I_O)         1.392     1.392 f  cam_pclk_IBUF_inst/O
                         net (fo=1, routed)           2.954     4.347    real_camera.phase_clock.sampling_clock/pclk
    MMCME2_ADV_X0Y0      MMCME2_ADV (Prop_mmcme2_adv_CLKIN1_CLKOUT0)
                                                     -5.924    -1.578 f  real_camera.phase_clock.sampling_clock/camera_mmcm/CLKOUT0
                         net (fo=1, routed)           1.425    -0.153    real_camera.phase_clock.sampling_clock/clock_raw
    BUFGCTRL_X0Y3        BUFG (Prop_bufg_I_O)         0.081    -0.072 f  real_camera.phase_clock.sampling_clock/sample_buffer/O
                         net (fo=496, routed)         1.425     1.353    real_camera.capture/sample_clk
    SLICE_X7Y94          FDCE                                         r  real_camera.capture/received_gray_reg[22]/C  (IS_INVERTED)
  -------------------------------------------------------------------    -------------------
    SLICE_X7Y94          FDCE (Prop_fdce_C_Q)         0.353     1.706 r  real_camera.capture/received_gray_reg[22]/Q
                         net (fo=1, routed)           0.635     2.341    real_camera.capture/received_gray[22]
    SLICE_X9Y99          FDCE                                         r  real_camera.capture/received_c1_reg[22]/D
  -------------------------------------------------------------------    -------------------

                         (clock core_raw rise edge)
                                                      0.000     0.000 r  
    R4                                                0.000     0.000 r  sys_clk (IN)
                         net (fo=0)                   0.000     0.000    sys_clk
    R4                   IBUF (Prop_ibuf_I_O)         1.366     1.366 r  sys_clk_IBUF_inst/O
                         net (fo=1, routed)           1.004     2.369    multiplied_clock.clock_generator/sys_clk_IBUF
    MMCME2_ADV_X1Y0      MMCME2_ADV (Prop_mmcme2_adv_CLKIN1_CLKOUT0)
                                                     -6.057    -3.688 r  multiplied_clock.clock_generator/mmcm/CLKOUT0
                         net (fo=1, routed)           1.352    -2.335    multiplied_clock.clock_generator/core_raw
    BUFGCTRL_X0Y2        BUFG (Prop_bufg_I_O)         0.077    -2.258 r  multiplied_clock.clock_generator/core_buffer/O
                         net (fo=16672, routed)       1.248    -1.010    real_camera.capture/core_clk
    SLICE_X9Y99          FDCE                                         r  real_camera.capture/received_c1_reg[22]/C
                         clock pessimism              0.000    -1.010    
    SLICE_X9Y99          FDCE (Setup_fdce_C_D)       -0.210    -1.220    real_camera.capture/received_c1_reg[22]
  -------------------------------------------------------------------
                         data arrival                           2.341    
                         clock arrival                         -1.220    
  -------------------------------------------------------------------
                         relative delay                         3.561    

Reference path:
    Location             Delay type                Incr(ns)  Path(ns)    Netlist Resource(s)
  -------------------------------------------------------------------    -------------------
                         (clock clock_raw fall edge)
                                                      0.000     0.000 f  
    F14                                               0.000     0.000 f  cam_pclk (IN)
                         net (fo=0)                   0.000     0.000    cam_pclk
    F14                  IBUF (Prop_ibuf_I_O)         1.327     1.327 f  cam_pclk_IBUF_inst/O
                         net (fo=1, routed)           2.442     3.769    real_camera.phase_clock.sampling_clock/pclk
    MMCME2_ADV_X0Y0      MMCME2_ADV (Prop_mmcme2_adv_CLKIN1_CLKOUT0)
                                                     -6.061    -2.292 f  real_camera.phase_clock.sampling_clock/camera_mmcm/CLKOUT0
                         net (fo=1, routed)           1.357    -0.935    real_camera.phase_clock.sampling_clock/clock_raw
    BUFGCTRL_X0Y3        BUFG (Prop_bufg_I_O)         0.077    -0.858 f  real_camera.phase_clock.sampling_clock/sample_buffer/O
                         net (fo=496, routed)         1.472     0.614    real_camera.capture/sample_clk
    SLICE_X3Y102         FDCE                                         r  real_camera.capture/frames_gray_reg[17]/C  (IS_INVERTED)
  -------------------------------------------------------------------    -------------------
    SLICE_X3Y102         FDCE (Prop_fdce_C_Q)         0.308     0.922 r  real_camera.capture/frames_gray_reg[17]/Q
                         net (fo=1, routed)           0.197     1.119    real_camera.capture/frames_gray[17]
    SLICE_X2Y101         FDCE                                         r  real_camera.capture/frames_c1_reg[17]/D
  -------------------------------------------------------------------    -------------------

                         (clock core_raw rise edge)
                                                      0.000     0.000 r  
    R4                                                0.000     0.000 r  sys_clk (IN)
                         net (fo=0)                   0.000     0.000    sys_clk
    R4                   IBUF (Prop_ibuf_I_O)         1.432     1.432 r  sys_clk_IBUF_inst/O
                         net (fo=1, routed)           1.065     2.497    multiplied_clock.clock_generator/sys_clk_IBUF
    MMCME2_ADV_X1Y0      MMCME2_ADV (Prop_mmcme2_adv_CLKIN1_CLKOUT0)
                                                     -5.921    -3.424 r  multiplied_clock.clock_generator/mmcm/CLKOUT0
                         net (fo=1, routed)           1.421    -2.004    multiplied_clock.clock_generator/core_raw
    BUFGCTRL_X0Y2        BUFG (Prop_bufg_I_O)         0.081    -1.923 r  multiplied_clock.clock_generator/core_buffer/O
                         net (fo=16672, routed)       1.590    -0.333    real_camera.capture/core_clk
    SLICE_X2Y101         FDCE                                         r  real_camera.capture/frames_c1_reg[17]/C
                         clock pessimism              0.000    -0.333    
    SLICE_X2Y101         FDCE (Hold_fdce_C_D)         0.189    -0.144    real_camera.capture/frames_c1_reg[17]
  -------------------------------------------------------------------
                         data arrival                           1.119    
                         clock arrival                         -0.144    
  -------------------------------------------------------------------
                         relative delay                         1.262    



Id: 8
set_bus_skew -from [get_cells -hier -quiet -filter {IS_SEQUENTIAL == 1 && (NAME =~ *memory/bridge/write_fifo/wr_gray_reg* || NAME =~ *memory/bridge/write_fifo/wr_binary_reg*)}] -to [get_cells -hier -quiet -filter {IS_SEQUENTIAL == 1 && NAME =~ *memory/bridge/write_fifo/wr_gray_sync1_reg*}] 10.000
Requirement: 10.000ns
Endpoints: 7

From Clock            To Clock              Endpoint Pin                    Reference Pin                   Corner  Actual(ns)  Slack(ns)
--------------------  --------------------  ------------------------------  ------------------------------  ------  ----------  ---------
core_raw              clk_pll_i_1           memory/bridge/write_fifo/wr_gray_sync1_reg[3]/D
                                                                            memory/bridge/write_fifo/wr_gray_sync1_reg[0]/D
                                                                                                            Slow         0.907      9.093


Slack (MET) :             9.093ns  (requirement - actual skew)
  Endpoint Source:        memory/bridge/write_fifo/wr_gray_reg[3]/C
                            (rising edge-triggered cell FDCE clocked by core_raw)
  Endpoint Destination:   memory/bridge/write_fifo/wr_gray_sync1_reg[3]/D
                            (rising edge-triggered cell FDCE clocked by clk_pll_i_1)
  Reference Source:       memory/bridge/write_fifo/wr_gray_reg[0]/C
                            (rising edge-triggered cell FDCE clocked by core_raw)
  Reference Destination:  memory/bridge/write_fifo/wr_gray_sync1_reg[0]/D
                            (rising edge-triggered cell FDCE clocked by clk_pll_i_1)
  Path Type:              Bus Skew (Max at Slow Process Corner)
  Requirement:            10.000ns
  Endpoint Relative Delay:   -0.618ns
  Reference Relative Delay:  -1.820ns
  Relative CRPR:              0.521ns
  Uncertainty:                0.225ns
  Actual Bus Skew:            0.907ns  (Endpoint Relative Delay - Reference Relative Delay - Relative CRPR + Uncertainty)

Endpoint path:
    Location             Delay type                Incr(ns)  Path(ns)    Netlist Resource(s)
  -------------------------------------------------------------------    -------------------
                         (clock core_raw rise edge)
                                                      0.000     0.000 r  
    R4                                                0.000     0.000 r  sys_clk (IN)
                         net (fo=0)                   0.000     0.000    sys_clk
    R4                   IBUF (Prop_ibuf_I_O)         1.432     1.432 r  sys_clk_IBUF_inst/O
                         net (fo=1, routed)           1.065     2.497    multiplied_clock.clock_generator/sys_clk_IBUF
    MMCME2_ADV_X1Y0      MMCME2_ADV (Prop_mmcme2_adv_CLKIN1_CLKOUT0)
                                                     -5.921    -3.424 r  multiplied_clock.clock_generator/mmcm/CLKOUT0
                         net (fo=1, routed)           1.421    -2.004    multiplied_clock.clock_generator/core_raw
    BUFGCTRL_X0Y2        BUFG (Prop_bufg_I_O)         0.081    -1.923 r  multiplied_clock.clock_generator/core_buffer/O
                         net (fo=16672, routed)       1.349    -0.573    memory/bridge/write_fifo/core_clk
    SLICE_X31Y86         FDCE                                         r  memory/bridge/write_fifo/wr_gray_reg[3]/C
  -------------------------------------------------------------------    -------------------
    SLICE_X31Y86         FDCE (Prop_fdce_C_Q)         0.348    -0.225 r  memory/bridge/write_fifo/wr_gray_reg[3]/Q
                         net (fo=2, routed)           0.401     0.175    memory/bridge/write_fifo/wr_gray[3]
    SLICE_X32Y87         FDCE                                         r  memory/bridge/write_fifo/wr_gray_sync1_reg[3]/D
  -------------------------------------------------------------------    -------------------

                         (clock clk_pll_i_1 rise edge)
                                                      0.000     0.000 r  
    R4                                                0.000     0.000 r  sys_clk (IN)
                         net (fo=0)                   0.000     0.000    sys_clk
    R4                   IBUF (Prop_ibuf_I_O)         1.366     1.366 r  sys_clk_IBUF_inst/O
                         net (fo=1, routed)           1.004     2.369    multiplied_clock.clock_generator/sys_clk_IBUF
    MMCME2_ADV_X1Y0      MMCME2_ADV (Prop_mmcme2_adv_CLKIN1_CLKOUT1)
                                                     -6.057    -3.688 r  multiplied_clock.clock_generator/mmcm/CLKOUT1
                         net (fo=1, routed)           1.352    -2.335    multiplied_clock.clock_generator/ddr_ref_raw
    BUFGCTRL_X0Y1        BUFG (Prop_bufg_I_O)         0.077    -2.258 r  multiplied_clock.clock_generator/ddr_ref_buffer/O
                         net (fo=63, routed)          1.290    -0.968    memory/controller/u_davinci_ddr3_mig_mig/u_ddr3_infrastructure/mmcm_clk
    PLLE2_ADV_X1Y1       PLLE2_ADV (Prop_plle2_adv_CLKIN1_CLKOUT3)
                                                      0.073    -0.895 r  memory/controller/u_davinci_ddr3_mig_mig/u_ddr3_infrastructure/plle2_i/CLKOUT3
                         net (fo=1, routed)           0.929     0.034    memory/controller/u_davinci_ddr3_mig_mig/u_ddr3_infrastructure/pll_clk3_out
    BUFHCE_X1Y12         BUFH (Prop_bufh_I_O)         0.069     0.103 r  memory/controller/u_davinci_ddr3_mig_mig/u_ddr3_infrastructure/u_bufh_pll_clk3/O
                         net (fo=1, routed)           0.664     0.767    memory/controller/u_davinci_ddr3_mig_mig/u_ddr3_infrastructure/pll_clk3
    MMCME2_ADV_X1Y1      MMCME2_ADV (Prop_mmcme2_adv_CLKIN1_CLKFBOUT)
                                                     -2.699    -1.932 r  memory/controller/u_davinci_ddr3_mig_mig/u_ddr3_infrastructure/gen_mmcm.mmcm_i/CLKFBOUT
                         net (fo=1, routed)           1.352    -0.579    memory/controller/u_davinci_ddr3_mig_mig/u_ddr3_infrastructure/clk_pll_i
    BUFGCTRL_X0Y16       BUFG (Prop_bufg_I_O)         0.077    -0.502 r  memory/controller/u_davinci_ddr3_mig_mig/u_ddr3_infrastructure/u_bufg_clkdiv0/O
                         net (fo=4851, routed)        1.239     0.737    memory/bridge/write_fifo/CLK
    SLICE_X32Y87         FDCE                                         r  memory/bridge/write_fifo/wr_gray_sync1_reg[3]/C
                         clock pessimism              0.263     1.000    
    SLICE_X32Y87         FDCE (Setup_fdce_C_D)       -0.207     0.793    memory/bridge/write_fifo/wr_gray_sync1_reg[3]
  -------------------------------------------------------------------
                         data arrival                           0.175    
                         clock arrival                          0.793    
  -------------------------------------------------------------------
                         relative delay                        -0.618    

Reference path:
    Location             Delay type                Incr(ns)  Path(ns)    Netlist Resource(s)
  -------------------------------------------------------------------    -------------------
                         (clock core_raw rise edge)
                                                      0.000     0.000 r  
    R4                                                0.000     0.000 r  sys_clk (IN)
                         net (fo=0)                   0.000     0.000    sys_clk
    R4                   IBUF (Prop_ibuf_I_O)         1.366     1.366 r  sys_clk_IBUF_inst/O
                         net (fo=1, routed)           1.004     2.369    multiplied_clock.clock_generator/sys_clk_IBUF
    MMCME2_ADV_X1Y0      MMCME2_ADV (Prop_mmcme2_adv_CLKIN1_CLKOUT0)
                                                     -6.057    -3.688 r  multiplied_clock.clock_generator/mmcm/CLKOUT0
                         net (fo=1, routed)           1.352    -2.335    multiplied_clock.clock_generator/core_raw
    BUFGCTRL_X0Y2        BUFG (Prop_bufg_I_O)         0.077    -2.258 r  multiplied_clock.clock_generator/core_buffer/O
                         net (fo=16672, routed)       1.238    -1.020    memory/bridge/write_fifo/core_clk
    SLICE_X31Y84         FDCE                                         r  memory/bridge/write_fifo/wr_gray_reg[0]/C
  -------------------------------------------------------------------    -------------------
    SLICE_X31Y84         FDCE (Prop_fdce_C_Q)         0.304    -0.716 r  memory/bridge/write_fifo/wr_gray_reg[0]/Q
                         net (fo=2, routed)           0.210    -0.506    memory/bridge/write_fifo/wr_gray[0]
    SLICE_X30Y85         FDCE                                         r  memory/bridge/write_fifo/wr_gray_sync1_reg[0]/D
  -------------------------------------------------------------------    -------------------

                         (clock clk_pll_i_1 rise edge)
                                                      0.000     0.000 r  
    R4                                                0.000     0.000 r  sys_clk (IN)
                         net (fo=0)                   0.000     0.000    sys_clk
    R4                   IBUF (Prop_ibuf_I_O)         1.432     1.432 r  sys_clk_IBUF_inst/O
                         net (fo=1, routed)           1.065     2.497    multiplied_clock.clock_generator/sys_clk_IBUF
    MMCME2_ADV_X1Y0      MMCME2_ADV (Prop_mmcme2_adv_CLKIN1_CLKOUT1)
                                                     -5.921    -3.424 r  multiplied_clock.clock_generator/mmcm/CLKOUT1
                         net (fo=1, routed)           1.421    -2.004    multiplied_clock.clock_generator/ddr_ref_raw
    BUFGCTRL_X0Y1        BUFG (Prop_bufg_I_O)         0.081    -1.923 r  multiplied_clock.clock_generator/ddr_ref_buffer/O
                         net (fo=63, routed)          1.394    -0.528    memory/controller/u_davinci_ddr3_mig_mig/u_ddr3_infrastructure/mmcm_clk
    PLLE2_ADV_X1Y1       PLLE2_ADV (Prop_plle2_adv_CLKIN1_CLKOUT3)
                                                      0.077    -0.451 r  memory/controller/u_davinci_ddr3_mig_mig/u_ddr3_infrastructure/plle2_i/CLKOUT3
                         net (fo=1, routed)           1.062     0.611    memory/controller/u_davinci_ddr3_mig_mig/u_ddr3_infrastructure/pll_clk3_out
    BUFHCE_X1Y12         BUFH (Prop_bufh_I_O)         0.106     0.717 r  memory/controller/u_davinci_ddr3_mig_mig/u_ddr3_infrastructure/u_bufh_pll_clk3/O
                         net (fo=1, routed)           0.702     1.419    memory/controller/u_davinci_ddr3_mig_mig/u_ddr3_infrastructure/pll_clk3
    MMCME2_ADV_X1Y1      MMCME2_ADV (Prop_mmcme2_adv_CLKIN1_CLKFBOUT)
                                                     -2.874    -1.455 r  memory/controller/u_davinci_ddr3_mig_mig/u_ddr3_infrastructure/gen_mmcm.mmcm_i/CLKFBOUT
                         net (fo=1, routed)           1.421    -0.035    memory/controller/u_davinci_ddr3_mig_mig/u_ddr3_infrastructure/clk_pll_i
    BUFGCTRL_X0Y16       BUFG (Prop_bufg_I_O)         0.081     0.046 r  memory/controller/u_davinci_ddr3_mig_mig/u_ddr3_infrastructure/u_bufg_clkdiv0/O
                         net (fo=4851, routed)        1.344     1.391    memory/bridge/write_fifo/CLK
    SLICE_X30Y85         FDCE                                         r  memory/bridge/write_fifo/wr_gray_sync1_reg[0]/C
                         clock pessimism             -0.263     1.127    
    SLICE_X30Y85         FDCE (Hold_fdce_C_D)         0.187     1.314    memory/bridge/write_fifo/wr_gray_sync1_reg[0]
  -------------------------------------------------------------------
                         data arrival                          -0.506    
                         clock arrival                          1.314    
  -------------------------------------------------------------------
                         relative delay                        -1.820    



Id: 9
set_bus_skew -from [get_cells -hier -quiet -filter {IS_SEQUENTIAL == 1 && (NAME =~ *memory/bridge/write_fifo/rd_gray_reg* || NAME =~ *memory/bridge/write_fifo/rd_binary_reg*)}] -to [get_cells -hier -quiet -filter {IS_SEQUENTIAL == 1 && NAME =~ *memory/bridge/write_fifo/rd_gray_sync1_reg*}] 10.000
Requirement: 10.000ns
Endpoints: 7

From Clock            To Clock              Endpoint Pin                    Reference Pin                   Corner  Actual(ns)  Slack(ns)
--------------------  --------------------  ------------------------------  ------------------------------  ------  ----------  ---------
clk_pll_i_1           core_raw              memory/bridge/write_fifo/rd_gray_sync1_reg[3]/D
                                                                            memory/bridge/write_fifo/rd_gray_sync1_reg[5]/D
                                                                                                            Slow         0.837      9.163


Slack (MET) :             9.163ns  (requirement - actual skew)
  Endpoint Source:        memory/bridge/write_fifo/rd_gray_reg[3]/C
                            (rising edge-triggered cell FDCE clocked by clk_pll_i_1)
  Endpoint Destination:   memory/bridge/write_fifo/rd_gray_sync1_reg[3]/D
                            (rising edge-triggered cell FDCE clocked by core_raw)
  Reference Source:       memory/bridge/write_fifo/rd_gray_reg[5]/C
                            (rising edge-triggered cell FDCE clocked by clk_pll_i_1)
  Reference Destination:  memory/bridge/write_fifo/rd_gray_sync1_reg[5]/D
                            (rising edge-triggered cell FDCE clocked by core_raw)
  Path Type:              Bus Skew (Max at Slow Process Corner)
  Requirement:            10.000ns
  Endpoint Relative Delay:    3.194ns
  Reference Relative Delay:   2.054ns
  Relative CRPR:              0.505ns
  Uncertainty:                0.201ns
  Actual Bus Skew:            0.837ns  (Endpoint Relative Delay - Reference Relative Delay - Relative CRPR + Uncertainty)

Endpoint path:
    Location             Delay type                Incr(ns)  Path(ns)    Netlist Resource(s)
  -------------------------------------------------------------------    -------------------
                         (clock clk_pll_i_1 rise edge)
                                                      0.000     0.000 r  
    R4                                                0.000     0.000 r  sys_clk (IN)
                         net (fo=0)                   0.000     0.000    sys_clk
    R4                   IBUF (Prop_ibuf_I_O)         1.432     1.432 r  sys_clk_IBUF_inst/O
                         net (fo=1, routed)           1.065     2.497    multiplied_clock.clock_generator/sys_clk_IBUF
    MMCME2_ADV_X1Y0      MMCME2_ADV (Prop_mmcme2_adv_CLKIN1_CLKOUT1)
                                                     -5.921    -3.424 r  multiplied_clock.clock_generator/mmcm/CLKOUT1
                         net (fo=1, routed)           1.421    -2.004    multiplied_clock.clock_generator/ddr_ref_raw
    BUFGCTRL_X0Y1        BUFG (Prop_bufg_I_O)         0.081    -1.923 r  multiplied_clock.clock_generator/ddr_ref_buffer/O
                         net (fo=63, routed)          1.394    -0.528    memory/controller/u_davinci_ddr3_mig_mig/u_ddr3_infrastructure/mmcm_clk
    PLLE2_ADV_X1Y1       PLLE2_ADV (Prop_plle2_adv_CLKIN1_CLKOUT3)
                                                      0.077    -0.451 r  memory/controller/u_davinci_ddr3_mig_mig/u_ddr3_infrastructure/plle2_i/CLKOUT3
                         net (fo=1, routed)           1.062     0.611    memory/controller/u_davinci_ddr3_mig_mig/u_ddr3_infrastructure/pll_clk3_out
    BUFHCE_X1Y12         BUFH (Prop_bufh_I_O)         0.106     0.717 r  memory/controller/u_davinci_ddr3_mig_mig/u_ddr3_infrastructure/u_bufh_pll_clk3/O
                         net (fo=1, routed)           0.702     1.419    memory/controller/u_davinci_ddr3_mig_mig/u_ddr3_infrastructure/pll_clk3
    MMCME2_ADV_X1Y1      MMCME2_ADV (Prop_mmcme2_adv_CLKIN1_CLKFBOUT)
                                                     -2.874    -1.455 r  memory/controller/u_davinci_ddr3_mig_mig/u_ddr3_infrastructure/gen_mmcm.mmcm_i/CLKFBOUT
                         net (fo=1, routed)           1.421    -0.035    memory/controller/u_davinci_ddr3_mig_mig/u_ddr3_infrastructure/clk_pll_i
    BUFGCTRL_X0Y16       BUFG (Prop_bufg_I_O)         0.081     0.046 r  memory/controller/u_davinci_ddr3_mig_mig/u_ddr3_infrastructure/u_bufg_clkdiv0/O
                         net (fo=4851, routed)        1.344     1.391    memory/bridge/write_fifo/CLK
    SLICE_X33Y85         FDCE                                         r  memory/bridge/write_fifo/rd_gray_reg[3]/C
  -------------------------------------------------------------------    -------------------
    SLICE_X33Y85         FDCE (Prop_fdce_C_Q)         0.379     1.770 r  memory/bridge/write_fifo/rd_gray_reg[3]/Q
                         net (fo=2, routed)           0.641     2.411    memory/bridge/write_fifo/rd_gray[3]
    SLICE_X30Y86         FDCE                                         r  memory/bridge/write_fifo/rd_gray_sync1_reg[3]/D
  -------------------------------------------------------------------    -------------------

                         (clock core_raw rise edge)
                                                      0.000     0.000 r  
    R4                                                0.000     0.000 r  sys_clk (IN)
                         net (fo=0)                   0.000     0.000    sys_clk
    R4                   IBUF (Prop_ibuf_I_O)         1.366     1.366 r  sys_clk_IBUF_inst/O
                         net (fo=1, routed)           1.004     2.369    multiplied_clock.clock_generator/sys_clk_IBUF
    MMCME2_ADV_X1Y0      MMCME2_ADV (Prop_mmcme2_adv_CLKIN1_CLKOUT0)
                                                     -6.057    -3.688 r  multiplied_clock.clock_generator/mmcm/CLKOUT0
                         net (fo=1, routed)           1.352    -2.335    multiplied_clock.clock_generator/core_raw
    BUFGCTRL_X0Y2        BUFG (Prop_bufg_I_O)         0.077    -2.258 r  multiplied_clock.clock_generator/core_buffer/O
                         net (fo=16672, routed)       1.240    -1.018    memory/bridge/write_fifo/core_clk
    SLICE_X30Y86         FDCE                                         r  memory/bridge/write_fifo/rd_gray_sync1_reg[3]/C
                         clock pessimism              0.263    -0.755    
    SLICE_X30Y86         FDCE (Setup_fdce_C_D)       -0.029    -0.784    memory/bridge/write_fifo/rd_gray_sync1_reg[3]
  -------------------------------------------------------------------
                         data arrival                           2.411    
                         clock arrival                         -0.784    
  -------------------------------------------------------------------
                         relative delay                         3.194    

Reference path:
    Location             Delay type                Incr(ns)  Path(ns)    Netlist Resource(s)
  -------------------------------------------------------------------    -------------------
                         (clock clk_pll_i_1 rise edge)
                                                      0.000     0.000 r  
    R4                                                0.000     0.000 r  sys_clk (IN)
                         net (fo=0)                   0.000     0.000    sys_clk
    R4                   IBUF (Prop_ibuf_I_O)         1.366     1.366 r  sys_clk_IBUF_inst/O
                         net (fo=1, routed)           1.004     2.369    multiplied_clock.clock_generator/sys_clk_IBUF
    MMCME2_ADV_X1Y0      MMCME2_ADV (Prop_mmcme2_adv_CLKIN1_CLKOUT1)
                                                     -6.057    -3.688 r  multiplied_clock.clock_generator/mmcm/CLKOUT1
                         net (fo=1, routed)           1.352    -2.335    multiplied_clock.clock_generator/ddr_ref_raw
    BUFGCTRL_X0Y1        BUFG (Prop_bufg_I_O)         0.077    -2.258 r  multiplied_clock.clock_generator/ddr_ref_buffer/O
                         net (fo=63, routed)          1.290    -0.968    memory/controller/u_davinci_ddr3_mig_mig/u_ddr3_infrastructure/mmcm_clk
    PLLE2_ADV_X1Y1       PLLE2_ADV (Prop_plle2_adv_CLKIN1_CLKOUT3)
                                                      0.073    -0.895 r  memory/controller/u_davinci_ddr3_mig_mig/u_ddr3_infrastructure/plle2_i/CLKOUT3
                         net (fo=1, routed)           0.929     0.034    memory/controller/u_davinci_ddr3_mig_mig/u_ddr3_infrastructure/pll_clk3_out
    BUFHCE_X1Y12         BUFH (Prop_bufh_I_O)         0.069     0.103 r  memory/controller/u_davinci_ddr3_mig_mig/u_ddr3_infrastructure/u_bufh_pll_clk3/O
                         net (fo=1, routed)           0.664     0.767    memory/controller/u_davinci_ddr3_mig_mig/u_ddr3_infrastructure/pll_clk3
    MMCME2_ADV_X1Y1      MMCME2_ADV (Prop_mmcme2_adv_CLKIN1_CLKFBOUT)
                                                     -2.699    -1.932 r  memory/controller/u_davinci_ddr3_mig_mig/u_ddr3_infrastructure/gen_mmcm.mmcm_i/CLKFBOUT
                         net (fo=1, routed)           1.352    -0.579    memory/controller/u_davinci_ddr3_mig_mig/u_ddr3_infrastructure/clk_pll_i
    BUFGCTRL_X0Y16       BUFG (Prop_bufg_I_O)         0.077    -0.502 r  memory/controller/u_davinci_ddr3_mig_mig/u_ddr3_infrastructure/u_bufg_clkdiv0/O
                         net (fo=4851, routed)        1.236     0.734    memory/bridge/write_fifo/CLK
    SLICE_X32Y84         FDCE                                         r  memory/bridge/write_fifo/rd_gray_reg[5]/C
  -------------------------------------------------------------------    -------------------
    SLICE_X32Y84         FDCE (Prop_fdce_C_Q)         0.304     1.038 r  memory/bridge/write_fifo/rd_gray_reg[5]/Q
                         net (fo=2, routed)           0.316     1.354    memory/bridge/write_fifo/rd_gray[5]
    SLICE_X29Y85         FDCE                                         r  memory/bridge/write_fifo/rd_gray_sync1_reg[5]/D
  -------------------------------------------------------------------    -------------------

                         (clock core_raw rise edge)
                                                      0.000     0.000 r  
    R4                                                0.000     0.000 r  sys_clk (IN)
                         net (fo=0)                   0.000     0.000    sys_clk
    R4                   IBUF (Prop_ibuf_I_O)         1.432     1.432 r  sys_clk_IBUF_inst/O
                         net (fo=1, routed)           1.065     2.497    multiplied_clock.clock_generator/sys_clk_IBUF
    MMCME2_ADV_X1Y0      MMCME2_ADV (Prop_mmcme2_adv_CLKIN1_CLKOUT0)
                                                     -5.921    -3.424 r  multiplied_clock.clock_generator/mmcm/CLKOUT0
                         net (fo=1, routed)           1.421    -2.004    multiplied_clock.clock_generator/core_raw
    BUFGCTRL_X0Y2        BUFG (Prop_bufg_I_O)         0.081    -1.923 r  multiplied_clock.clock_generator/core_buffer/O
                         net (fo=16672, routed)       1.348    -0.574    memory/bridge/write_fifo/core_clk
    SLICE_X29Y85         FDCE                                         r  memory/bridge/write_fifo/rd_gray_sync1_reg[5]/C
                         clock pessimism             -0.263    -0.838    
    SLICE_X29Y85         FDCE (Hold_fdce_C_D)         0.138    -0.700    memory/bridge/write_fifo/rd_gray_sync1_reg[5]
  -------------------------------------------------------------------
                         data arrival                           1.354    
                         clock arrival                         -0.700    
  -------------------------------------------------------------------
                         relative delay                         2.054    



Id: 10
set_bus_skew -from [get_cells -hier -quiet -filter {IS_SEQUENTIAL == 1 && (NAME =~ *memory/bridge/read_fifo/wr_gray_reg* || NAME =~ *memory/bridge/read_fifo/wr_binary_reg*)}] -to [get_cells -hier -quiet -filter {IS_SEQUENTIAL == 1 && NAME =~ *memory/bridge/read_fifo/wr_gray_sync1_reg*}] 10.000
Requirement: 10.000ns
Endpoints: 7

From Clock            To Clock              Endpoint Pin                    Reference Pin                   Corner  Actual(ns)  Slack(ns)
--------------------  --------------------  ------------------------------  ------------------------------  ------  ----------  ---------
clk_pll_i_1           core_raw              memory/bridge/read_fifo/wr_gray_sync1_reg[1]/D
                                                                            memory/bridge/read_fifo/wr_gray_sync1_reg[6]/D
                                                                                                            Slow         1.185      8.815


Slack (MET) :             8.815ns  (requirement - actual skew)
  Endpoint Source:        memory/bridge/read_fifo/wr_gray_reg[1]/C
                            (rising edge-triggered cell FDCE clocked by clk_pll_i_1)
  Endpoint Destination:   memory/bridge/read_fifo/wr_gray_sync1_reg[1]/D
                            (rising edge-triggered cell FDCE clocked by core_raw)
  Reference Source:       memory/bridge/read_fifo/wr_binary_reg[6]/C
                            (rising edge-triggered cell FDCE clocked by clk_pll_i_1)
  Reference Destination:  memory/bridge/read_fifo/wr_gray_sync1_reg[6]/D
                            (rising edge-triggered cell FDCE clocked by core_raw)
  Path Type:              Bus Skew (Max at Slow Process Corner)
  Requirement:            10.000ns
  Endpoint Relative Delay:    3.394ns
  Reference Relative Delay:   1.961ns
  Relative CRPR:              0.449ns
  Uncertainty:                0.201ns
  Actual Bus Skew:            1.185ns  (Endpoint Relative Delay - Reference Relative Delay - Relative CRPR + Uncertainty)

Endpoint path:
    Location             Delay type                Incr(ns)  Path(ns)    Netlist Resource(s)
  -------------------------------------------------------------------    -------------------
                         (clock clk_pll_i_1 rise edge)
                                                      0.000     0.000 r  
    R4                                                0.000     0.000 r  sys_clk (IN)
                         net (fo=0)                   0.000     0.000    sys_clk
    R4                   IBUF (Prop_ibuf_I_O)         1.432     1.432 r  sys_clk_IBUF_inst/O
                         net (fo=1, routed)           1.065     2.497    multiplied_clock.clock_generator/sys_clk_IBUF
    MMCME2_ADV_X1Y0      MMCME2_ADV (Prop_mmcme2_adv_CLKIN1_CLKOUT1)
                                                     -5.921    -3.424 r  multiplied_clock.clock_generator/mmcm/CLKOUT1
                         net (fo=1, routed)           1.421    -2.004    multiplied_clock.clock_generator/ddr_ref_raw
    BUFGCTRL_X0Y1        BUFG (Prop_bufg_I_O)         0.081    -1.923 r  multiplied_clock.clock_generator/ddr_ref_buffer/O
                         net (fo=63, routed)          1.394    -0.528    memory/controller/u_davinci_ddr3_mig_mig/u_ddr3_infrastructure/mmcm_clk
    PLLE2_ADV_X1Y1       PLLE2_ADV (Prop_plle2_adv_CLKIN1_CLKOUT3)
                                                      0.077    -0.451 r  memory/controller/u_davinci_ddr3_mig_mig/u_ddr3_infrastructure/plle2_i/CLKOUT3
                         net (fo=1, routed)           1.062     0.611    memory/controller/u_davinci_ddr3_mig_mig/u_ddr3_infrastructure/pll_clk3_out
    BUFHCE_X1Y12         BUFH (Prop_bufh_I_O)         0.106     0.717 r  memory/controller/u_davinci_ddr3_mig_mig/u_ddr3_infrastructure/u_bufh_pll_clk3/O
                         net (fo=1, routed)           0.702     1.419    memory/controller/u_davinci_ddr3_mig_mig/u_ddr3_infrastructure/pll_clk3
    MMCME2_ADV_X1Y1      MMCME2_ADV (Prop_mmcme2_adv_CLKIN1_CLKFBOUT)
                                                     -2.874    -1.455 r  memory/controller/u_davinci_ddr3_mig_mig/u_ddr3_infrastructure/gen_mmcm.mmcm_i/CLKFBOUT
                         net (fo=1, routed)           1.421    -0.035    memory/controller/u_davinci_ddr3_mig_mig/u_ddr3_infrastructure/clk_pll_i
    BUFGCTRL_X0Y16       BUFG (Prop_bufg_I_O)         0.081     0.046 r  memory/controller/u_davinci_ddr3_mig_mig/u_ddr3_infrastructure/u_bufg_clkdiv0/O
                         net (fo=4851, routed)        1.349     1.396    memory/bridge/read_fifo/CLK
    SLICE_X37Y91         FDCE                                         r  memory/bridge/read_fifo/wr_gray_reg[1]/C
  -------------------------------------------------------------------    -------------------
    SLICE_X37Y91         FDCE (Prop_fdce_C_Q)         0.379     1.775 r  memory/bridge/read_fifo/wr_gray_reg[1]/Q
                         net (fo=2, routed)           0.797     2.572    memory/bridge/read_fifo/wr_gray_reg_n_0_[1]
    SLICE_X31Y91         FDCE                                         r  memory/bridge/read_fifo/wr_gray_sync1_reg[1]/D
  -------------------------------------------------------------------    -------------------

                         (clock core_raw rise edge)
                                                      0.000     0.000 r  
    R4                                                0.000     0.000 r  sys_clk (IN)
                         net (fo=0)                   0.000     0.000    sys_clk
    R4                   IBUF (Prop_ibuf_I_O)         1.366     1.366 r  sys_clk_IBUF_inst/O
                         net (fo=1, routed)           1.004     2.369    multiplied_clock.clock_generator/sys_clk_IBUF
    MMCME2_ADV_X1Y0      MMCME2_ADV (Prop_mmcme2_adv_CLKIN1_CLKOUT0)
                                                     -6.057    -3.688 r  multiplied_clock.clock_generator/mmcm/CLKOUT0
                         net (fo=1, routed)           1.352    -2.335    multiplied_clock.clock_generator/core_raw
    BUFGCTRL_X0Y2        BUFG (Prop_bufg_I_O)         0.077    -2.258 r  multiplied_clock.clock_generator/core_buffer/O
                         net (fo=16672, routed)       1.243    -1.015    memory/bridge/read_fifo/core_clk
    SLICE_X31Y91         FDCE                                         r  memory/bridge/read_fifo/wr_gray_sync1_reg[1]/C
                         clock pessimism              0.263    -0.752    
    SLICE_X31Y91         FDCE (Setup_fdce_C_D)       -0.070    -0.822    memory/bridge/read_fifo/wr_gray_sync1_reg[1]
  -------------------------------------------------------------------
                         data arrival                           2.572    
                         clock arrival                         -0.822    
  -------------------------------------------------------------------
                         relative delay                         3.394    

Reference path:
    Location             Delay type                Incr(ns)  Path(ns)    Netlist Resource(s)
  -------------------------------------------------------------------    -------------------
                         (clock clk_pll_i_1 rise edge)
                                                      0.000     0.000 r  
    R4                                                0.000     0.000 r  sys_clk (IN)
                         net (fo=0)                   0.000     0.000    sys_clk
    R4                   IBUF (Prop_ibuf_I_O)         1.366     1.366 r  sys_clk_IBUF_inst/O
                         net (fo=1, routed)           1.004     2.369    multiplied_clock.clock_generator/sys_clk_IBUF
    MMCME2_ADV_X1Y0      MMCME2_ADV (Prop_mmcme2_adv_CLKIN1_CLKOUT1)
                                                     -6.057    -3.688 r  multiplied_clock.clock_generator/mmcm/CLKOUT1
                         net (fo=1, routed)           1.352    -2.335    multiplied_clock.clock_generator/ddr_ref_raw
    BUFGCTRL_X0Y1        BUFG (Prop_bufg_I_O)         0.077    -2.258 r  multiplied_clock.clock_generator/ddr_ref_buffer/O
                         net (fo=63, routed)          1.290    -0.968    memory/controller/u_davinci_ddr3_mig_mig/u_ddr3_infrastructure/mmcm_clk
    PLLE2_ADV_X1Y1       PLLE2_ADV (Prop_plle2_adv_CLKIN1_CLKOUT3)
                                                      0.073    -0.895 r  memory/controller/u_davinci_ddr3_mig_mig/u_ddr3_infrastructure/plle2_i/CLKOUT3
                         net (fo=1, routed)           0.929     0.034    memory/controller/u_davinci_ddr3_mig_mig/u_ddr3_infrastructure/pll_clk3_out
    BUFHCE_X1Y12         BUFH (Prop_bufh_I_O)         0.069     0.103 r  memory/controller/u_davinci_ddr3_mig_mig/u_ddr3_infrastructure/u_bufh_pll_clk3/O
                         net (fo=1, routed)           0.664     0.767    memory/controller/u_davinci_ddr3_mig_mig/u_ddr3_infrastructure/pll_clk3
    MMCME2_ADV_X1Y1      MMCME2_ADV (Prop_mmcme2_adv_CLKIN1_CLKFBOUT)
                                                     -2.699    -1.932 r  memory/controller/u_davinci_ddr3_mig_mig/u_ddr3_infrastructure/gen_mmcm.mmcm_i/CLKFBOUT
                         net (fo=1, routed)           1.352    -0.579    memory/controller/u_davinci_ddr3_mig_mig/u_ddr3_infrastructure/clk_pll_i
    BUFGCTRL_X0Y16       BUFG (Prop_bufg_I_O)         0.077    -0.502 r  memory/controller/u_davinci_ddr3_mig_mig/u_ddr3_infrastructure/u_bufg_clkdiv0/O
                         net (fo=4851, routed)        1.241     0.739    memory/bridge/read_fifo/CLK
    SLICE_X36Y91         FDCE                                         r  memory/bridge/read_fifo/wr_binary_reg[6]/C
  -------------------------------------------------------------------    -------------------
    SLICE_X36Y91         FDCE (Prop_fdce_C_Q)         0.304     1.043 r  memory/bridge/read_fifo/wr_binary_reg[6]/Q
                         net (fo=5, routed)           0.222     1.265    memory/bridge/read_fifo/wr_binary_reg_n_0_[6]
    SLICE_X36Y90         FDCE                                         r  memory/bridge/read_fifo/wr_gray_sync1_reg[6]/D
  -------------------------------------------------------------------    -------------------

                         (clock core_raw rise edge)
                                                      0.000     0.000 r  
    R4                                                0.000     0.000 r  sys_clk (IN)
                         net (fo=0)                   0.000     0.000    sys_clk
    R4                   IBUF (Prop_ibuf_I_O)         1.432     1.432 r  sys_clk_IBUF_inst/O
                         net (fo=1, routed)           1.065     2.497    multiplied_clock.clock_generator/sys_clk_IBUF
    MMCME2_ADV_X1Y0      MMCME2_ADV (Prop_mmcme2_adv_CLKIN1_CLKOUT0)
                                                     -5.921    -3.424 r  multiplied_clock.clock_generator/mmcm/CLKOUT0
                         net (fo=1, routed)           1.421    -2.004    multiplied_clock.clock_generator/core_raw
    BUFGCTRL_X0Y2        BUFG (Prop_bufg_I_O)         0.081    -1.923 r  multiplied_clock.clock_generator/core_buffer/O
                         net (fo=16672, routed)       1.352    -0.570    memory/bridge/read_fifo/core_clk
    SLICE_X36Y90         FDCE                                         r  memory/bridge/read_fifo/wr_gray_sync1_reg[6]/C
                         clock pessimism             -0.263    -0.834    
    SLICE_X36Y90         FDCE (Hold_fdce_C_D)         0.138    -0.696    memory/bridge/read_fifo/wr_gray_sync1_reg[6]
  -------------------------------------------------------------------
                         data arrival                           1.265    
                         clock arrival                         -0.696    
  -------------------------------------------------------------------
                         relative delay                         1.961    



Id: 11
set_bus_skew -from [get_cells -hier -quiet -filter {IS_SEQUENTIAL == 1 && (NAME =~ *memory/bridge/read_fifo/rd_gray_reg* || NAME =~ *memory/bridge/read_fifo/rd_binary_reg*)}] -to [get_cells -hier -quiet -filter {IS_SEQUENTIAL == 1 && NAME =~ *memory/bridge/read_fifo/rd_gray_sync1_reg*}] 10.000
Requirement: 10.000ns
Endpoints: 7

From Clock            To Clock              Endpoint Pin                    Reference Pin                   Corner  Actual(ns)  Slack(ns)
--------------------  --------------------  ------------------------------  ------------------------------  ------  ----------  ---------
core_raw              clk_pll_i_1           memory/bridge/read_fifo/rd_gray_sync1_reg[1]/D
                                                                            memory/bridge/read_fifo/rd_gray_sync1_reg[0]/D
                                                                                                            Slow         1.027      8.973


Slack (MET) :             8.973ns  (requirement - actual skew)
  Endpoint Source:        memory/bridge/read_fifo/rd_gray_reg[1]/C
                            (rising edge-triggered cell FDCE clocked by core_raw)
  Endpoint Destination:   memory/bridge/read_fifo/rd_gray_sync1_reg[1]/D
                            (rising edge-triggered cell FDCE clocked by clk_pll_i_1)
  Reference Source:       memory/bridge/read_fifo/rd_gray_reg[0]/C
                            (rising edge-triggered cell FDCE clocked by core_raw)
  Reference Destination:  memory/bridge/read_fifo/rd_gray_sync1_reg[0]/D
                            (rising edge-triggered cell FDCE clocked by clk_pll_i_1)
  Path Type:              Bus Skew (Max at Slow Process Corner)
  Requirement:            10.000ns
  Endpoint Relative Delay:   -0.447ns
  Reference Relative Delay:  -1.780ns
  Relative CRPR:              0.533ns
  Uncertainty:                0.225ns
  Actual Bus Skew:            1.027ns  (Endpoint Relative Delay - Reference Relative Delay - Relative CRPR + Uncertainty)

Endpoint path:
    Location             Delay type                Incr(ns)  Path(ns)    Netlist Resource(s)
  -------------------------------------------------------------------    -------------------
                         (clock core_raw rise edge)
                                                      0.000     0.000 r  
    R4                                                0.000     0.000 r  sys_clk (IN)
                         net (fo=0)                   0.000     0.000    sys_clk
    R4                   IBUF (Prop_ibuf_I_O)         1.432     1.432 r  sys_clk_IBUF_inst/O
                         net (fo=1, routed)           1.065     2.497    multiplied_clock.clock_generator/sys_clk_IBUF
    MMCME2_ADV_X1Y0      MMCME2_ADV (Prop_mmcme2_adv_CLKIN1_CLKOUT0)
                                                     -5.921    -3.424 r  multiplied_clock.clock_generator/mmcm/CLKOUT0
                         net (fo=1, routed)           1.421    -2.004    multiplied_clock.clock_generator/core_raw
    BUFGCTRL_X0Y2        BUFG (Prop_bufg_I_O)         0.081    -1.923 r  multiplied_clock.clock_generator/core_buffer/O
                         net (fo=16672, routed)       1.351    -0.571    memory/bridge/read_fifo/core_clk
    SLICE_X30Y89         FDCE                                         r  memory/bridge/read_fifo/rd_gray_reg[1]/C
  -------------------------------------------------------------------    -------------------
    SLICE_X30Y89         FDCE (Prop_fdce_C_Q)         0.433    -0.138 r  memory/bridge/read_fifo/rd_gray_reg[1]/Q
                         net (fo=2, routed)           0.618     0.480    memory/bridge/read_fifo/rd_gray_reg_n_0_[1]
    SLICE_X35Y90         FDCE                                         r  memory/bridge/read_fifo/rd_gray_sync1_reg[1]/D
  -------------------------------------------------------------------    -------------------

                         (clock clk_pll_i_1 rise edge)
                                                      0.000     0.000 r  
    R4                                                0.000     0.000 r  sys_clk (IN)
                         net (fo=0)                   0.000     0.000    sys_clk
    R4                   IBUF (Prop_ibuf_I_O)         1.366     1.366 r  sys_clk_IBUF_inst/O
                         net (fo=1, routed)           1.004     2.369    multiplied_clock.clock_generator/sys_clk_IBUF
    MMCME2_ADV_X1Y0      MMCME2_ADV (Prop_mmcme2_adv_CLKIN1_CLKOUT1)
                                                     -6.057    -3.688 r  multiplied_clock.clock_generator/mmcm/CLKOUT1
                         net (fo=1, routed)           1.352    -2.335    multiplied_clock.clock_generator/ddr_ref_raw
    BUFGCTRL_X0Y1        BUFG (Prop_bufg_I_O)         0.077    -2.258 r  multiplied_clock.clock_generator/ddr_ref_buffer/O
                         net (fo=63, routed)          1.290    -0.968    memory/controller/u_davinci_ddr3_mig_mig/u_ddr3_infrastructure/mmcm_clk
    PLLE2_ADV_X1Y1       PLLE2_ADV (Prop_plle2_adv_CLKIN1_CLKOUT3)
                                                      0.073    -0.895 r  memory/controller/u_davinci_ddr3_mig_mig/u_ddr3_infrastructure/plle2_i/CLKOUT3
                         net (fo=1, routed)           0.929     0.034    memory/controller/u_davinci_ddr3_mig_mig/u_ddr3_infrastructure/pll_clk3_out
    BUFHCE_X1Y12         BUFH (Prop_bufh_I_O)         0.069     0.103 r  memory/controller/u_davinci_ddr3_mig_mig/u_ddr3_infrastructure/u_bufh_pll_clk3/O
                         net (fo=1, routed)           0.664     0.767    memory/controller/u_davinci_ddr3_mig_mig/u_ddr3_infrastructure/pll_clk3
    MMCME2_ADV_X1Y1      MMCME2_ADV (Prop_mmcme2_adv_CLKIN1_CLKFBOUT)
                                                     -2.699    -1.932 r  memory/controller/u_davinci_ddr3_mig_mig/u_ddr3_infrastructure/gen_mmcm.mmcm_i/CLKFBOUT
                         net (fo=1, routed)           1.352    -0.579    memory/controller/u_davinci_ddr3_mig_mig/u_ddr3_infrastructure/clk_pll_i
    BUFGCTRL_X0Y16       BUFG (Prop_bufg_I_O)         0.077    -0.502 r  memory/controller/u_davinci_ddr3_mig_mig/u_ddr3_infrastructure/u_bufg_clkdiv0/O
                         net (fo=4851, routed)        1.238     0.736    memory/bridge/read_fifo/CLK
    SLICE_X35Y90         FDCE                                         r  memory/bridge/read_fifo/rd_gray_sync1_reg[1]/C
                         clock pessimism              0.263     0.999    
    SLICE_X35Y90         FDCE (Setup_fdce_C_D)       -0.073     0.926    memory/bridge/read_fifo/rd_gray_sync1_reg[1]
  -------------------------------------------------------------------
                         data arrival                           0.480    
                         clock arrival                          0.926    
  -------------------------------------------------------------------
                         relative delay                        -0.447    

Reference path:
    Location             Delay type                Incr(ns)  Path(ns)    Netlist Resource(s)
  -------------------------------------------------------------------    -------------------
                         (clock core_raw rise edge)
                                                      0.000     0.000 r  
    R4                                                0.000     0.000 r  sys_clk (IN)
                         net (fo=0)                   0.000     0.000    sys_clk
    R4                   IBUF (Prop_ibuf_I_O)         1.366     1.366 r  sys_clk_IBUF_inst/O
                         net (fo=1, routed)           1.004     2.369    multiplied_clock.clock_generator/sys_clk_IBUF
    MMCME2_ADV_X1Y0      MMCME2_ADV (Prop_mmcme2_adv_CLKIN1_CLKOUT0)
                                                     -6.057    -3.688 r  multiplied_clock.clock_generator/mmcm/CLKOUT0
                         net (fo=1, routed)           1.352    -2.335    multiplied_clock.clock_generator/core_raw
    BUFGCTRL_X0Y2        BUFG (Prop_bufg_I_O)         0.077    -2.258 r  multiplied_clock.clock_generator/core_buffer/O
                         net (fo=16672, routed)       1.239    -1.019    memory/bridge/read_fifo/core_clk
    SLICE_X35Y89         FDCE                                         r  memory/bridge/read_fifo/rd_gray_reg[0]/C
  -------------------------------------------------------------------    -------------------
    SLICE_X35Y89         FDCE (Prop_fdce_C_Q)         0.304    -0.715 r  memory/bridge/read_fifo/rd_gray_reg[0]/Q
                         net (fo=2, routed)           0.201    -0.514    memory/bridge/read_fifo/rd_gray_reg_n_0_[0]
    SLICE_X35Y90         FDCE                                         r  memory/bridge/read_fifo/rd_gray_sync1_reg[0]/D
  -------------------------------------------------------------------    -------------------

                         (clock clk_pll_i_1 rise edge)
                                                      0.000     0.000 r  
    R4                                                0.000     0.000 r  sys_clk (IN)
                         net (fo=0)                   0.000     0.000    sys_clk
    R4                   IBUF (Prop_ibuf_I_O)         1.432     1.432 r  sys_clk_IBUF_inst/O
                         net (fo=1, routed)           1.065     2.497    multiplied_clock.clock_generator/sys_clk_IBUF
    MMCME2_ADV_X1Y0      MMCME2_ADV (Prop_mmcme2_adv_CLKIN1_CLKOUT1)
                                                     -5.921    -3.424 r  multiplied_clock.clock_generator/mmcm/CLKOUT1
                         net (fo=1, routed)           1.421    -2.004    multiplied_clock.clock_generator/ddr_ref_raw
    BUFGCTRL_X0Y1        BUFG (Prop_bufg_I_O)         0.081    -1.923 r  multiplied_clock.clock_generator/ddr_ref_buffer/O
                         net (fo=63, routed)          1.394    -0.528    memory/controller/u_davinci_ddr3_mig_mig/u_ddr3_infrastructure/mmcm_clk
    PLLE2_ADV_X1Y1       PLLE2_ADV (Prop_plle2_adv_CLKIN1_CLKOUT3)
                                                      0.077    -0.451 r  memory/controller/u_davinci_ddr3_mig_mig/u_ddr3_infrastructure/plle2_i/CLKOUT3
                         net (fo=1, routed)           1.062     0.611    memory/controller/u_davinci_ddr3_mig_mig/u_ddr3_infrastructure/pll_clk3_out
    BUFHCE_X1Y12         BUFH (Prop_bufh_I_O)         0.106     0.717 r  memory/controller/u_davinci_ddr3_mig_mig/u_ddr3_infrastructure/u_bufh_pll_clk3/O
                         net (fo=1, routed)           0.702     1.419    memory/controller/u_davinci_ddr3_mig_mig/u_ddr3_infrastructure/pll_clk3
    MMCME2_ADV_X1Y1      MMCME2_ADV (Prop_mmcme2_adv_CLKIN1_CLKFBOUT)
                                                     -2.874    -1.455 r  memory/controller/u_davinci_ddr3_mig_mig/u_ddr3_infrastructure/gen_mmcm.mmcm_i/CLKFBOUT
                         net (fo=1, routed)           1.421    -0.035    memory/controller/u_davinci_ddr3_mig_mig/u_ddr3_infrastructure/clk_pll_i
    BUFGCTRL_X0Y16       BUFG (Prop_bufg_I_O)         0.081     0.046 r  memory/controller/u_davinci_ddr3_mig_mig/u_ddr3_infrastructure/u_bufg_clkdiv0/O
                         net (fo=4851, routed)        1.347     1.394    memory/bridge/read_fifo/CLK
    SLICE_X35Y90         FDCE                                         r  memory/bridge/read_fifo/rd_gray_sync1_reg[0]/C
                         clock pessimism             -0.263     1.130    
    SLICE_X35Y90         FDCE (Hold_fdce_C_D)         0.136     1.266    memory/bridge/read_fifo/rd_gray_sync1_reg[0]
  -------------------------------------------------------------------
                         data arrival                          -0.514    
                         clock arrival                          1.266    
  -------------------------------------------------------------------
                         relative delay                        -1.780    



