5000
a003
5206
a109
540c
a20f
5612
a315
5818
a41b
5a1e
a521
5c24
a627
5e2a
a72d
6030
a833
6236
a939
643c
aa3f
6642
ab45
6848
ac4b
6a4e
ad51
6c54
ae57
6e5a
af5d
7060
b063
7266
b169
746c
b26f
7672
b375
7878
b47b
7a7e
b581
7c84
b687
7e8a
b78d
8090
b893
8296
b999
849c
ba9f
86a2
bba5
88a8
bcab
8aae
bdb1
8cb4
beb7
8eba
bfbd
90c0
c0c3
92c6
c1c9
94cc
c2cf
96d2
c3d5
98d8
c4db
9ade
c5e1
9ce4
c6e7
9eea
c7ed
a0f0
c8f3
a2f6
c9f9
a4fc
caff
a602
cb05
a808
cc0b
aa0e
cd11
ac14
ce17
ae1a
cf1d
b020
d023
b226
d129
b42c
d22f
b632
d335
b838
d43b
ba3e
d541
bc44
d647
be4a
d74d
c050
d853
c256
d959
c45c
da5f
c662
db65
c868
dc6b
ca6e
dd71
cc74
de77
ce7a
df7d
d080
e083
d286
e189
d48c
e28f
d692
e395
d898
e49b
da9e
e5a1
dca4
e6a7
deaa
e7ad
e0b0
e8b3
e2b6
e9b9
e4bc
eabf
e6c2
ebc5
e8c8
eccb
eace
edd1
ecd4
eed7
eeda
efdd
f0e0
f0e3
f2e6
f1e9
f4ec
f2ef
f6f2
f3f5
f8f8
f4fb
fafe
f501
fc04
f607
fe0a
f70d
0010
f813
0216
f919
041c
fa1f
0622
fb25
0828
fc2b
0a2e
fd31
0c34
fe37
0e3a
ff3d
1040
0043
1246
0149
144c
024f
1652
0355
1858
045b
1a5e
0561
1c64
0667
1e6a
076d
2070
0873
2276
0979
247c
0a7f
2682
0b85
2888
0c8b
2a8e
0d91
2c94
0e97
2e9a
0f9d
30a0
10a3
32a6
11a9
34ac
12af
36b2
13b5
38b8
14bb
3abe
15c1
3cc4
16c7
3eca
17cd
40d0
18d3
42d6
19d9
44dc
1adf
46e2
1be5
48e8
1ceb
4aee
1df1
4cf4
1ef7
4efa
1ffd
5000
2003
5206
2109
540c
220f
5612
2315
5818
241b
5a1e
2521
5c24
2627
5e2a
272d
6030
2833
6236
2939
643c
2a3f
6642
2b45
6848
2c4b
6a4e
2d51
6c54
2e57
6e5a
2f5d
7060
3063
7266
3169
746c
326f
7672
3375
7878
347b
7a7e
3581
7c84
3687
7e8a
378d
8090
3893
8296
3999
849c
3a9f
86a2
3ba5
88a8
3cab
8aae
3db1
8cb4
3eb7
8eba
3fbd
90c0
40c3
92c6
41c9
94cc
42cf
96d2
43d5
98d8
44db
9ade
45e1
9ce4
46e7
9eea
47ed
a0f0
48f3
a2f6
49f9
a4fc
4aff
a602
4b05
a808
4c0b
aa0e
4d11
ac14
4e17
ae1a
4f1d
b020
5023
b226
5129
b42c
522f
b632
5335
b838
543b
ba3e
5541
bc44
5647
be4a
574d
c050
5853
c256
5959
c45c
5a5f
c662
5b65
c868
5c6b
ca6e
5d71
cc74
5e77
ce7a
5f7d
d080
6083
d286
6189
d48c
628f
d692
6395
d898
649b
da9e
65a1
dca4
66a7
deaa
67ad
e0b0
68b3
e2b6
69b9
e4bc
6abf
e6c2
6bc5
e8c8
6ccb
eace
6dd1
ecd4
6ed7
eeda
6fdd
f0e0
70e3
f2e6
71e9
f4ec
72ef
f6f2
73f5
f8f8
74fb
fafe
7501
fc04
7607
fe0a
770d
0010
7813
0216
7919
041c
7a1f
0622
7b25
0828
7c2b
0a2e
7d31
0c34
7e37
0e3a
7f3d
1040
8043
1246
8149
144c
824f
1652
8355
1858
845b
1a5e
8561
1c64
8667
1e6a
876d
2070
8873
2276
8979
247c
8a7f
2682
8b85
2888
8c8b
2a8e
8d91
2c94
8e97
2e9a
8f9d
30a0
90a3
32a6
91a9
34ac
92af
36b2
93b5
38b8
94bb
3abe
95c1
3cc4
96c7
3eca
97cd
40d0
98d3
42d6
99d9
44dc
9adf
46e2
9be5
48e8
9ceb
4aee
9df1
4cf4
9ef7
4efa
9ffd
5000
a003
5206
a109
540c
a20f
5612
a315
5818
a41b
5a1e
a521
5c24
a627
5e2a
a72d
6030
a833
6236
a939
643c
aa3f
6642
ab45
6848
ac4b
6a4e
ad51
6c54
ae57
6e5a
af5d
7060
b063
7266
b169
746c
b26f
7672
b375
7878
b47b
7a7e
b581
7c84
b687
7e8a
b78d
8090
b893
8296
b999
849c
ba9f
86a2
bba5
88a8
bcab
8aae
bdb1
8cb4
beb7
8eba
bfbd
90c0
c0c3
92c6
c1c9
94cc
c2cf
96d2
c3d5
98d8
c4db
9ade
c5e1
9ce4
c6e7
9eea
c7ed
a0f0
c8f3
a2f6
c9f9
a4fc
caff
a602
cb05
a808
cc0b
aa0e
cd11
ac14
ce17
ae1a
cf1d
b020
d023
b226
d129
b42c
d22f
b632
d335
b838
d43b
ba3e
d541
bc44
d647
be4a
d74d
c050
d853
c256
d959
c45c
da5f
c662
db65
c868
dc6b
ca6e
dd71
cc74
de77
ce7a
df7d
d080
e083
d286
e189
d48c
e28f
d692
e395
d898
e49b
da9e
e5a1
dca4
e6a7
deaa
e7ad
e0b0
e8b3
e2b6
e9b9
e4bc
eabf
e6c2
ebc5
e8c8
eccb
eace
edd1
ecd4
eed7
eeda
efdd
f0e0
f0e3
f2e6
f1e9
f4ec
f2ef
f6f2
f3f5
f8f8
f4fb
fafe
f501
fc04
f607
fe0a
f70d
0010
f813
0216
f919
041c
fa1f
0622
fb25
0828
fc2b
0a2e
fd31
0c34
fe37
0e3a
ff3d
1040
0043
1246
0149
144c
024f
1652
0355
1858
045b
1a5e
0561
1c64
0667
1e6a
076d
2070
0873
2276
0979
247c
0a7f
2682
0b85
2888
0c8b
2a8e
0d91
2c94
0e97
2e9a
0f9d
30a0
10a3
32a6
11a9
34ac
12af
36b2
13b5
38b8
14bb
3abe
15c1
3cc4
16c7
3eca
17cd
40d0
18d3
42d6
19d9
44dc
1adf
46e2
1be5
48e8
1ceb
4aee
1df1
4cf4
1ef7
4efa
1ffd
5000
2003
5206
2109
540c
220f
5612
2315
5818
241b
5a1e
2521
5c24
2627
5e2a
272d
6030
2833
6236
2939
643c
2a3f
6642
2b45
6848
2c4b
6a4e
2d51
6c54
2e57
6e5a
2f5d
7060
3063
7266
3169
746c
326f
7672
3375
7878
347b
7a7e
3581
7c84
3687
7e8a
378d
8090
3893
8296
3999
849c
3a9f
86a2
3ba5
88a8
3cab
8aae
3db1
8cb4
3eb7
8eba
3fbd
90c0
40c3
92c6
41c9
94cc
42cf
96d2
43d5
98d8
44db
9ade
45e1
9ce4
46e7
9eea
47ed
a0f0
48f3
a2f6
49f9
a4fc
4aff
a602
4b05
a808
4c0b
aa0e
4d11
ac14
4e17
ae1a
4f1d
b020
5023
b226
5129
b42c
522f
b632
5335
b838
543b
ba3e
5541
bc44
5647
be4a
574d
c050
5853
c256
5959
c45c
5a5f
c662
5b65
c868
5c6b
ca6e
5d71
cc74
5e77
ce7a
5f7d
d080
6083
d286
6189
d48c
628f
d692
6395
d898
649b
da9e
65a1
dca4
66a7
deaa
67ad
e0b0
68b3
e2b6
69b9
e4bc
6abf
e6c2
6bc5
e8c8
6ccb
eace
6dd1
ecd4
6ed7
eeda
6fdd
f0e0
70e3
f2e6
71e9
f4ec
72ef
f6f2
73f5
f8f8
74fb
fafe
7501
fc04
7607
fe0a
770d
0010
7813
0216
7919
041c
7a1f
0622
7b25
0828
7c2b
0a2e
7d31
0c34
7e37
0e3a
7f3d
1040
8043
1246
8149
144c
824f
1652
8355
1858
845b
1a5e
8561
1c64
8667
1e6a
876d
2070
8873
2276
8979
247c
8a7f
2682
8b85
2888
8c8b
2a8e
8d91
2c94
8e97
2e9a
8f9d
30a0
90a3
32a6
91a9
34ac
92af
36b2
93b5
38b8
94bb
3abe
95c1
3cc4
96c7
3eca
97cd
40d0
98d3
42d6
99d9
44dc
9adf
46e2
9be5
48e8
9ceb
4aee
9df1
4cf4
9ef7
4efa
9ffd
5000
a003
5206
a109
540c
a20f
5612
a315
5818
a41b
5a1e
a521
5c24
a627
5e2a
a72d
6030
a833
6236
a939
643c
aa3f
6642
ab45
6848
ac4b
6a4e
ad51
6c54
ae57
6e5a
af5d
7060
b063
7266
b169
746c
b26f
7672
b375
7878
b47b
7a7e
b581
7c84
b687
7e8a
b78d
8090
b893
8296
b999
849c
ba9f
86a2
bba5
88a8
bcab
8aae
bdb1
8cb4
beb7
8eba
bfbd
90c0
c0c3
92c6
c1c9
94cc
c2cf
96d2
c3d5
98d8
c4db
9ade
c5e1
9ce4
c6e7
9eea
c7ed
a0f0
c8f3
a2f6
c9f9
a4fc
caff
a602
cb05
a808
cc0b
aa0e
cd11
ac14
ce17
ae1a
cf1d
b020
d023
b226
d129
b42c
d22f
b632
d335
b838
d43b
ba3e
d541
bc44
d647
be4a
d74d
c050
d853
c256
d959
c45c
da5f
c662
db65
c868
dc6b
ca6e
dd71
cc74
de77
ce7a
df7d
d080
e083
d286
e189
d48c
e28f
d692
e395
d898
e49b
da9e
e5a1
dca4
e6a7
deaa
e7ad
e0b0
e8b3
e2b6
e9b9
e4bc
eabf
e6c2
ebc5
e8c8
eccb
eace
edd1
ecd4
eed7
eeda
efdd
f0e0
f0e3
f2e6
f1e9
f4ec
f2ef
f6f2
f3f5
f8f8
f4fb
fafe
f501
fc04
f607
fe0a
f70d
0010
f813
0216
f919
041c
fa1f
0622
fb25
0828
fc2b
0a2e
fd31
0c34
fe37
0e3a
ff3d
1040
0043
1246
0149
144c
024f
1652
0355
1858
045b
1a5e
0561
1c64
0667
1e6a
076d
2070
0873
2276
0979
247c
0a7f
2682
0b85
2888
0c8b
2a8e
0d91
2c94
0e97
2e9a
0f9d
30a0
10a3
32a6
11a9
34ac
12af
36b2
13b5
38b8
14bb
3abe
15c1
3cc4
16c7
3eca
17cd
40d0
18d3
42d6
19d9
44dc
1adf
46e2
1be5
48e8
1ceb
4aee
1df1
4cf4
1ef7
4efa
1ffd
5000
2003
5206
2109
540c
220f
5612
2315
5818
241b
5a1e
2521
5c24
2627
5e2a
272d
6030
2833
6236
2939
643c
2a3f
6642
2b45
6848
2c4b
6a4e
2d51
6c54
2e57
6e5a
2f5d
7060
3063
7266
3169
746c
326f
7672
3375
7878
347b
7a7e
3581
7c84
3687
7e8a
378d
8090
3893
8296
3999
849c
3a9f
86a2
3ba5
88a8
3cab
8aae
3db1
8cb4
3eb7
8eba
3fbd
90c0
40c3
92c6
41c9
94cc
42cf
96d2
43d5
98d8
44db
9ade
45e1
9ce4
46e7
9eea
47ed
a0f0
48f3
a2f6
49f9
a4fc
4aff
a602
4b05
a808
4c0b
aa0e
4d11
ac14
4e17
ae1a
4f1d
b020
5023
b226
5129
b42c
522f
b632
5335
b838
543b
ba3e
5541
bc44
5647
be4a
574d
c050
5853
c256
5959
c45c
5a5f
c662
5b65
c868
5c6b
ca6e
5d71
cc74
5e77
ce7a
5f7d
d080
6083
d286
6189
d48c
628f
d692
6395
d898
649b
da9e
65a1
dca4
66a7
deaa
67ad
e0b0
68b3
e2b6
69b9
e4bc
6abf
e6c2
6bc5
e8c8
6ccb
eace
6dd1
ecd4
6ed7
eeda
6fdd
f0e0
70e3
f2e6
71e9
f4ec
72ef
f6f2
73f5
f8f8
74fb
fafe
7501
fc04
7607
fe0a
770d
0010
7813
0216
7919
041c
7a1f
0622
7b25
0828
7c2b
0a2e
7d31
0c34
7e37
0e3a
7f3d
1040
8043
1246
8149
144c
824f
1652
8355
1858
845b
1a5e
8561
1c64
8667
1e6a
876d
2070
8873
2276
8979
247c
8a7f
2682
8b85
2888
8c8b
2a8e
8d91
2c94
8e97
2e9a
8f9d
30a0
90a3
32a6
91a9
34ac
92af
36b2
93b5
38b8
94bb
3abe
95c1
3cc4
96c7
3eca
97cd
40d0
98d3
42d6
99d9
44dc
9adf
46e2
9be5
48e8
9ceb
4aee
9df1
4cf4
9ef7
4efa
9ffd
5000
a003
5206
a109
540c
a20f
5612
a315
5818
a41b
5a1e
a521
5c24
a627
5e2a
a72d
6030
a833
6236
a939
643c
aa3f
6642
ab45
6848
ac4b
6a4e
ad51
6c54
ae57
6e5a
af5d
7060
b063
7266
b169
746c
b26f
7672
b375
7878
b47b
7a7e
b581
7c84
b687
7e8a
b78d
8090
b893
8296
b999
849c
ba9f
86a2
bba5
88a8
bcab
8aae
bdb1
8cb4
beb7
8eba
bfbd
90c0
c0c3
92c6
c1c9
94cc
c2cf
96d2
c3d5
98d8
c4db
9ade
c5e1
9ce4
c6e7
9eea
c7ed
a0f0
c8f3
a2f6
c9f9
a4fc
caff
a602
cb05
a808
cc0b
aa0e
cd11
ac14
ce17
ae1a
cf1d
b020
d023
b226
d129
b42c
d22f
b632
d335
b838
d43b
ba3e
d541
bc44
d647
be4a
d74d
c050
d853
c256
d959
c45c
da5f
c662
db65
c868
dc6b
ca6e
dd71
cc74
de77
ce7a
df7d
d080
e083
d286
e189
d48c
e28f
d692
e395
d898
e49b
da9e
e5a1
dca4
e6a7
deaa
e7ad
e0b0
e8b3
e2b6
e9b9
e4bc
eabf
e6c2
ebc5
e8c8
eccb
eace
edd1
ecd4
eed7
eeda
efdd
f0e0
f0e3
f2e6
f1e9
f4ec
f2ef
f6f2
f3f5
f8f8
f4fb
fafe
f501
fc04
f607
fe0a
f70d
0010
f813
0216
f919
041c
fa1f
0622
fb25
0828
fc2b
0a2e
fd31
0c34
fe37
0e3a
ff3d
1040
0043
1246
0149
144c
024f
1652
0355
1858
045b
1a5e
0561
1c64
0667
1e6a
076d
2070
0873
2276
0979
247c
0a7f
2682
0b85
2888
0c8b
2a8e
0d91
2c94
0e97
2e9a
0f9d
30a0
10a3
32a6
11a9
34ac
12af
36b2
13b5
38b8
14bb
3abe
15c1
3cc4
16c7
3eca
17cd
40d0
18d3
42d6
19d9
44dc
1adf
46e2
1be5
48e8
1ceb
4aee
1df1
4cf4
1ef7
4efa
1ffd
5000
2003
5206
2109
540c
220f
5612
2315
5818
241b
5a1e
2521
5c24
2627
5e2a
272d
6030
2833
6236
2939
643c
2a3f
6642
2b45
6848
2c4b
6a4e
2d51
6c54
2e57
6e5a
2f5d
7060
3063
7266
3169
746c
326f
7672
3375
7878
347b
7a7e
3581
7c84
3687
7e8a
378d
8090
3893
8296
3999
849c
3a9f
86a2
3ba5
88a8
3cab
8aae
3db1
8cb4
3eb7
8eba
3fbd
90c0
40c3
92c6
41c9
94cc
42cf
96d2
43d5
98d8
44db
9ade
45e1
9ce4
46e7
9eea
47ed
a0f0
48f3
a2f6
49f9
a4fc
4aff
a602
4b05
a808
4c0b
aa0e
4d11
ac14
4e17
ae1a
4f1d
b020
5023
b226
5129
b42c
522f
b632
5335
b838
543b
ba3e
5541
bc44
5647
be4a
574d
c050
5853
c256
5959
c45c
5a5f
c662
5b65
c868
5c6b
ca6e
5d71
cc74
5e77
ce7a
5f7d
5102
a305
5308
a40b
550e
a511
5714
a617
591a
a71d
5b20
a823
5d26
a929
5f2c
aa2f
6132
ab35
6338
ac3b
653e
ad41
6744
ae47
694a
af4d
6b50
b053
6d56
b159
6f5c
b25f
7162
b365
7368
b46b
756e
b571
7774
b677
797a
b77d
7b80
b883
7d86
b989
7f8c
ba8f
8192
bb95
8398
bc9b
859e
bda1
87a4
bea7
89aa
bfad
8bb0
c0b3
8db6
c1b9
8fbc
c2bf
91c2
c3c5
93c8
c4cb
95ce
c5d1
97d4
c6d7
99da
c7dd
9be0
c8e3
9de6
c9e9
9fec
caef
a1f2
cbf5
a3f8
ccfb
a5fe
cd01
a704
ce07
a90a
cf0d
ab10
d013
ad16
d119
af1c
d21f
b122
d325
b328
d42b
b52e
d531
b734
d637
b93a
d73d
bb40
d843
bd46
d949
bf4c
da4f
c152
db55
c358
dc5b
c55e
dd61
c764
de67
c96a
df6d
cb70
e073
cd76
e179
cf7c
e27f
d182
e385
d388
e48b
d58e
e591
d794
e697
d99a
e79d
dba0
e8a3
dda6
e9a9
dfac
eaaf
e1b2
ebb5
e3b8
ecbb
e5be
edc1
e7c4
eec7
e9ca
efcd
ebd0
f0d3
edd6
f1d9
efdc
f2df
f1e2
f3e5
f3e8
f4eb
f5ee
f5f1
f7f4
f6f7
f9fa
f7fd
fb00
f803
fd06
f909
ff0c
fa0f
0112
fb15
0318
fc1b
051e
fd21
0724
fe27
092a
ff2d
0b30
0033
0d36
0139
0f3c
023f
1142
0345
1348
044b
154e
0551
1754
0657
195a
075d
1b60
0863
1d66
0969
1f6c
0a6f
2172
0b75
2378
0c7b
257e
0d81
2784
0e87
298a
0f8d
2b90
1093
2d96
1199
2f9c
129f
31a2
13a5
33a8
14ab
35ae
15b1
37b4
16b7
39ba
17bd
3bc0
18c3
3dc6
19c9
3fcc
1acf
41d2
1bd5
43d8
1cdb
45de
1de1
47e4
1ee7
49ea
1fed
4bf0
20f3
4df6
21f9
4ffc
22ff
5102
2305
5308
240b
550e
2511
5714
2617
591a
271d
5b20
2823
5d26
2929
5f2c
2a2f
6132
2b35
6338
2c3b
653e
2d41
6744
2e47
694a
2f4d
6b50
3053
6d56
3159
6f5c
325f
7162
3365
7368
346b
756e
3571
7774
3677
797a
377d
7b80
3883
7d86
3989
7f8c
3a8f
8192
3b95
8398
3c9b
859e
3da1
87a4
3ea7
89aa
3fad
8bb0
40b3
8db6
41b9
8fbc
42bf
91c2
43c5
93c8
44cb
95ce
45d1
97d4
46d7
99da
47dd
9be0
48e3
9de6
49e9
9fec
4aef
a1f2
4bf5
a3f8
4cfb
a5fe
4d01
a704
4e07
a90a
4f0d
ab10
5013
ad16
5119
af1c
521f
b122
5325
b328
542b
b52e
5531
b734
5637
b93a
573d
bb40
5843
bd46
5949
bf4c
5a4f
c152
5b55
c358
5c5b
c55e
5d61
c764
5e67
c96a
5f6d
cb70
6073
cd76
6179
cf7c
627f
d182
6385
d388
648b
d58e
6591
d794
6697
d99a
679d
dba0
68a3
dda6
69a9
dfac
6aaf
e1b2
6bb5
e3b8
6cbb
e5be
6dc1
e7c4
6ec7
e9ca
6fcd
ebd0
70d3
edd6
71d9
efdc
72df
f1e2
73e5
f3e8
74eb
f5ee
75f1
f7f4
76f7
f9fa
77fd
fb00
7803
fd06
7909
ff0c
7a0f
0112
7b15
0318
7c1b
051e
7d21
0724
7e27
092a
7f2d
0b30
8033
0d36
8139
0f3c
823f
1142
8345
1348
844b
154e
8551
1754
8657
195a
875d
1b60
8863
1d66
8969
1f6c
8a6f
2172
8b75
2378
8c7b
257e
8d81
2784
8e87
298a
8f8d
2b90
9093
2d96
9199
2f9c
929f
31a2
93a5
33a8
94ab
35ae
95b1
37b4
96b7
39ba
97bd
3bc0
98c3
3dc6
99c9
3fcc
9acf
41d2
9bd5
43d8
9cdb
45de
9de1
47e4
9ee7
49ea
9fed
4bf0
a0f3
4df6
a1f9
4ffc
a2ff
5102
a305
5308
a40b
550e
a511
5714
a617
591a
a71d
5b20
a823
5d26
a929
5f2c
aa2f
6132
ab35
6338
ac3b
653e
ad41
6744
ae47
694a
af4d
6b50
b053
6d56
b159
6f5c
b25f
7162
b365
7368
b46b
756e
b571
7774
b677
797a
b77d
7b80
b883
7d86
b989
7f8c
ba8f
8192
bb95
8398
bc9b
859e
bda1
87a4
bea7
89aa
bfad
8bb0
c0b3
8db6
c1b9
8fbc
c2bf
91c2
c3c5
93c8
c4cb
95ce
c5d1
97d4
c6d7
99da
c7dd
9be0
c8e3
9de6
c9e9
9fec
caef
a1f2
cbf5
a3f8
ccfb
a5fe
cd01
a704
ce07
a90a
cf0d
ab10
d013
ad16
d119
af1c
d21f
b122
d325
b328
d42b
b52e
d531
b734
d637
b93a
d73d
bb40
d843
bd46
d949
bf4c
da4f
c152
db55
c358
dc5b
c55e
dd61
c764
de67
c96a
df6d
cb70
e073
cd76
e179
cf7c
e27f
d182
e385
d388
e48b
d58e
e591
d794
e697
d99a
e79d
dba0
e8a3
dda6
e9a9
dfac
eaaf
e1b2
ebb5
e3b8
ecbb
e5be
edc1
e7c4
eec7
e9ca
efcd
ebd0
f0d3
edd6
f1d9
efdc
f2df
f1e2
f3e5
f3e8
f4eb
f5ee
f5f1
f7f4
f6f7
f9fa
f7fd
fb00
f803
fd06
f909
ff0c
fa0f
0112
fb15
0318
fc1b
051e
fd21
0724
fe27
092a
ff2d
0b30
0033
0d36
0139
0f3c
023f
1142
0345
1348
044b
154e
0551
1754
0657
195a
075d
1b60
0863
1d66
0969
1f6c
0a6f
2172
0b75
2378
0c7b
257e
0d81
2784
0e87
298a
0f8d
2b90
1093
2d96
1199
2f9c
129f
31a2
13a5
33a8
14ab
35ae
15b1
37b4
16b7
39ba
17bd
3bc0
18c3
3dc6
19c9
3fcc
1acf
41d2
1bd5
43d8
1cdb
45de
1de1
47e4
1ee7
49ea
1fed
4bf0
20f3
4df6
21f9
4ffc
22ff
5102
2305
5308
240b
550e
2511
5714
2617
591a
271d
5b20
2823
5d26
2929
5f2c
2a2f
6132
2b35
6338
2c3b
653e
2d41
6744
2e47
694a
2f4d
6b50
3053
6d56
3159
6f5c
325f
7162
3365
7368
346b
756e
3571
7774
3677
797a
377d
7b80
3883
7d86
3989
7f8c
3a8f
8192
3b95
8398
3c9b
859e
3da1
87a4
3ea7
89aa
3fad
8bb0
40b3
8db6
41b9
8fbc
42bf
91c2
43c5
93c8
44cb
95ce
45d1
97d4
46d7
99da
47dd
9be0
48e3
9de6
49e9
9fec
4aef
a1f2
4bf5
a3f8
4cfb
a5fe
4d01
a704
4e07
a90a
4f0d
ab10
5013
ad16
5119
af1c
521f
b122
5325
b328
542b
b52e
5531
b734
5637
b93a
573d
bb40
5843
bd46
5949
bf4c
5a4f
c152
5b55
c358
5c5b
c55e
5d61
c764
5e67
c96a
5f6d
cb70
6073
cd76
6179
cf7c
627f
d182
6385
d388
648b
d58e
6591
d794
6697
d99a
679d
dba0
68a3
dda6
69a9
dfac
6aaf
e1b2
6bb5
e3b8
6cbb
e5be
6dc1
e7c4
6ec7
e9ca
6fcd
ebd0
70d3
edd6
71d9
efdc
72df
f1e2
73e5
f3e8
74eb
f5ee
75f1
f7f4
76f7
f9fa
77fd
fb00
7803
fd06
7909
ff0c
7a0f
0112
7b15
0318
7c1b
051e
7d21
0724
7e27
092a
7f2d
0b30
8033
0d36
8139
0f3c
823f
1142
8345
1348
844b
154e
8551
1754
8657
195a
875d
1b60
8863
1d66
8969
1f6c
8a6f
2172
8b75
2378
8c7b
257e
8d81
2784
8e87
298a
8f8d
2b90
9093
2d96
9199
2f9c
929f
31a2
93a5
33a8
94ab
35ae
95b1
37b4
96b7
39ba
97bd
3bc0
98c3
3dc6
99c9
3fcc
9acf
41d2
9bd5
43d8
9cdb
45de
9de1
47e4
9ee7
49ea
9fed
4bf0
a0f3
4df6
a1f9
4ffc
a2ff
5102
a305
5308
a40b
550e
a511
5714
a617
591a
a71d
5b20
a823
5d26
a929
5f2c
aa2f
6132
ab35
6338
ac3b
653e
ad41
6744
ae47
694a
af4d
6b50
b053
6d56
b159
6f5c
b25f
7162
b365
7368
b46b
756e
b571
7774
b677
797a
b77d
7b80
b883
7d86
b989
7f8c
ba8f
8192
bb95
8398
bc9b
859e
bda1
87a4
bea7
89aa
bfad
8bb0
c0b3
8db6
c1b9
8fbc
c2bf
91c2
c3c5
93c8
c4cb
95ce
c5d1
97d4
c6d7
99da
c7dd
9be0
c8e3
9de6
c9e9
9fec
caef
a1f2
cbf5
a3f8
ccfb
a5fe
cd01
a704
ce07
a90a
cf0d
ab10
d013
ad16
d119
af1c
d21f
b122
d325
b328
d42b
b52e
d531
b734
d637
b93a
d73d
bb40
d843
bd46
d949
bf4c
da4f
c152
db55
c358
dc5b
c55e
dd61
c764
de67
c96a
df6d
cb70
e073
cd76
e179
cf7c
e27f
d182
e385
d388
e48b
d58e
e591
d794
e697
d99a
e79d
dba0
e8a3
dda6
e9a9
dfac
eaaf
e1b2
ebb5
e3b8
ecbb
e5be
edc1
e7c4
eec7
e9ca
efcd
ebd0
f0d3
edd6
f1d9
efdc
f2df
f1e2
f3e5
f3e8
f4eb
f5ee
f5f1
f7f4
f6f7
f9fa
f7fd
fb00
f803
fd06
f909
ff0c
fa0f
0112
fb15
0318
fc1b
051e
fd21
0724
fe27
092a
ff2d
0b30
0033
0d36
0139
0f3c
023f
1142
0345
1348
044b
154e
0551
1754
0657
195a
075d
1b60
0863
1d66
0969
1f6c
0a6f
2172
0b75
2378
0c7b
257e
0d81
2784
0e87
298a
0f8d
2b90
1093
2d96
1199
2f9c
129f
31a2
13a5
33a8
14ab
35ae
15b1
37b4
16b7
39ba
17bd
3bc0
18c3
3dc6
19c9
3fcc
1acf
41d2
1bd5
43d8
1cdb
45de
1de1
47e4
1ee7
49ea
1fed
4bf0
20f3
4df6
21f9
4ffc
22ff
5102
2305
5308
240b
550e
2511
5714
2617
591a
271d
5b20
2823
5d26
2929
5f2c
2a2f
6132
2b35
6338
2c3b
653e
2d41
6744
2e47
694a
2f4d
6b50
3053
6d56
3159
6f5c
325f
7162
3365
7368
346b
756e
3571
7774
3677
797a
377d
7b80
3883
7d86
3989
7f8c
3a8f
8192
3b95
8398
3c9b
859e
3da1
87a4
3ea7
89aa
3fad
8bb0
40b3
8db6
41b9
8fbc
42bf
91c2
43c5
93c8
44cb
95ce
45d1
97d4
46d7
99da
47dd
9be0
48e3
9de6
49e9
9fec
4aef
a1f2
4bf5
a3f8
4cfb
a5fe
4d01
a704
4e07
a90a
4f0d
ab10
5013
ad16
5119
af1c
521f
b122
5325
b328
542b
b52e
5531
b734
5637
b93a
573d
bb40
5843
bd46
5949
bf4c
5a4f
c152
5b55
c358
5c5b
c55e
5d61
c764
5e67
c96a
5f6d
cb70
6073
cd76
6179
cf7c
627f
d182
6385
d388
648b
d58e
6591
d794
6697
d99a
679d
dba0
68a3
dda6
69a9
dfac
6aaf
e1b2
6bb5
e3b8
6cbb
e5be
6dc1
e7c4
6ec7
e9ca
6fcd
ebd0
70d3
edd6
71d9
efdc
72df
f1e2
73e5
f3e8
74eb
f5ee
75f1
f7f4
76f7
f9fa
77fd
fb00
7803
fd06
7909
ff0c
7a0f
0112
7b15
0318
7c1b
051e
7d21
0724
7e27
092a
7f2d
0b30
8033
0d36
8139
0f3c
823f
1142
8345
1348
844b
154e
8551
1754
8657
195a
875d
1b60
8863
1d66
8969
1f6c
8a6f
2172
8b75
2378
8c7b
257e
8d81
2784
8e87
298a
8f8d
2b90
9093
2d96
9199
2f9c
929f
31a2
93a5
33a8
94ab
35ae
95b1
37b4
96b7
39ba
97bd
3bc0
98c3
3dc6
99c9
3fcc
9acf
41d2
9bd5
43d8
9cdb
45de
9de1
47e4
9ee7
49ea
9fed
4bf0
a0f3
4df6
a1f9
4ffc
a2ff
5102
a305
5308
a40b
550e
a511
5714
a617
591a
a71d
5b20
a823
5d26
a929
5f2c
aa2f
6132
ab35
6338
ac3b
653e
ad41
6744
ae47
694a
af4d
6b50
b053
6d56
b159
6f5c
b25f
7162
b365
7368
b46b
756e
b571
7774
b677
797a
b77d
7b80
b883
7d86
b989
7f8c
ba8f
8192
bb95
8398
bc9b
859e
bda1
87a4
bea7
89aa
bfad
8bb0
c0b3
8db6
c1b9
8fbc
c2bf
91c2
c3c5
93c8
c4cb
95ce
c5d1
97d4
c6d7
99da
c7dd
9be0
c8e3
9de6
c9e9
9fec
caef
a1f2
cbf5
a3f8
ccfb
a5fe
cd01
a704
ce07
a90a
cf0d
ab10
d013
ad16
d119
af1c
d21f
b122
d325
b328
d42b
b52e
d531
b734
d637
b93a
d73d
bb40
d843
bd46
d949
bf4c
da4f
c152
db55
c358
dc5b
c55e
dd61
c764
de67
c96a
df6d
cb70
e073
cd76
e179
cf7c
e27f
d182
e385
d388
e48b
d58e
e591
d794
e697
d99a
e79d
dba0
e8a3
dda6
e9a9
dfac
eaaf
e1b2
ebb5
e3b8
ecbb
e5be
edc1
e7c4
eec7
e9ca
efcd
ebd0
f0d3
edd6
f1d9
efdc
f2df
f1e2
f3e5
f3e8
f4eb
f5ee
f5f1
f7f4
f6f7
f9fa
f7fd
fb00
f803
fd06
f909
ff0c
fa0f
0112
fb15
0318
fc1b
051e
fd21
0724
fe27
092a
ff2d
0b30
0033
0d36
0139
0f3c
023f
1142
0345
1348
044b
154e
0551
1754
0657
195a
075d
1b60
0863
1d66
0969
1f6c
0a6f
2172
0b75
2378
0c7b
257e
0d81
2784
0e87
298a
0f8d
2b90
1093
2d96
1199
2f9c
129f
31a2
13a5
33a8
14ab
35ae
15b1
37b4
16b7
39ba
17bd
3bc0
18c3
3dc6
19c9
3fcc
1acf
41d2
1bd5
43d8
1cdb
45de
1de1
47e4
1ee7
49ea
1fed
4bf0
20f3
4df6
21f9
4ffc
22ff
5102
2305
5308
240b
550e
2511
5714
2617
591a
271d
5b20
2823
5d26
2929
5f2c
2a2f
6132
2b35
6338
2c3b
653e
2d41
6744
2e47
694a
2f4d
6b50
3053
6d56
3159
6f5c
325f
7162
3365
7368
346b
756e
3571
7774
3677
797a
377d
7b80
3883
7d86
3989
7f8c
3a8f
8192
3b95
8398
3c9b
859e
3da1
87a4
3ea7
89aa
3fad
8bb0
40b3
8db6
41b9
8fbc
42bf
91c2
43c5
93c8
44cb
95ce
45d1
97d4
46d7
99da
47dd
9be0
48e3
9de6
49e9
9fec
4aef
a1f2
4bf5
a3f8
4cfb
a5fe
4d01
a704
4e07
a90a
4f0d
ab10
5013
ad16
5119
af1c
521f
b122
5325
b328
542b
b52e
5531
b734
5637
b93a
573d
bb40
5843
bd46
5949
bf4c
5a4f
c152
5b55
c358
5c5b
c55e
5d61
c764
5e67
c96a
5f6d
cb70
6073
cd76
6179
cf7c
627f
5204
a607
540a
a70d
5610
a813
5816
a919
5a1c
aa1f
5c22
ab25
5e28
ac2b
602e
ad31
6234
ae37
643a
af3d
6640
b043
6846
b149
6a4c
b24f
6c52
b355
6e58
b45b
705e
b561
7264
b667
746a
b76d
7670
b873
7876
b979
7a7c
ba7f
7c82
bb85
7e88
bc8b
808e
bd91
8294
be97
849a
bf9d
86a0
c0a3
88a6
c1a9
8aac
c2af
8cb2
c3b5
8eb8
c4bb
90be
c5c1
92c4
c6c7
94ca
c7cd
96d0
c8d3
98d6
c9d9
9adc
cadf
9ce2
cbe5
9ee8
cceb
a0ee
cdf1
a2f4
cef7
a4fa
cffd
a600
d003
a806
d109
aa0c
d20f
ac12
d315
ae18
d41b
b01e
d521
b224
d627
b42a
d72d
b630
d833
b836
d939
ba3c
da3f
bc42
db45
be48
dc4b
c04e
dd51
c254
de57
c45a
df5d
c660
e063
c866
e169
ca6c
e26f
cc72
e375
ce78
e47b
d07e
e581
d284
e687
d48a
e78d
d690
e893
d896
e999
da9c
ea9f
dca2
eba5
dea8
ecab
e0ae
edb1
e2b4
eeb7
e4ba
efbd
e6c0
f0c3
e8c6
f1c9
eacc
f2cf
ecd2
f3d5
eed8
f4db
f0de
f5e1
f2e4
f6e7
f4ea
f7ed
f6f0
f8f3
f8f6
f9f9
fafc
faff
fc02
fb05
fe08
fc0b
000e
fd11
0214
fe17
041a
ff1d
0620
0023
0826
0129
0a2c
022f
0c32
0335
0e38
043b
103e
0541
1244
0647
144a
074d
1650
0853
1856
0959
1a5c
0a5f
1c62
0b65
1e68
0c6b
206e
0d71
2274
0e77
247a
0f7d
2680
1083
2886
1189
2a8c
128f
2c92
1395
2e98
149b
309e
15a1
32a4
16a7
34aa
17ad
36b0
18b3
38b6
19b9
3abc
1abf
3cc2
1bc5
3ec8
1ccb
40ce
1dd1
42d4
1ed7
44da
1fdd
46e0
20e3
48e6
21e9
4aec
22ef
4cf2
23f5
4ef8
24fb
50fe
2501
5204
2607
540a
270d
5610
2813
5816
2919
5a1c
2a1f
5c22
2b25
5e28
2c2b
602e
2d31
6234
2e37
643a
2f3d
6640
3043
6846
3149
6a4c
324f
6c52
3355
6e58
345b
705e
3561
7264
3667
746a
376d
7670
3873
7876
3979
7a7c
3a7f
7c82
3b85
7e88
3c8b
808e
3d91
8294
3e97
849a
3f9d
86a0
40a3
88a6
41a9
8aac
42af
8cb2
43b5
8eb8
44bb
90be
45c1
92c4
46c7
94ca
47cd
96d0
48d3
98d6
49d9
9adc
4adf
9ce2
4be5
9ee8
4ceb
a0ee
4df1
a2f4
4ef7
a4fa
4ffd
a600
5003
a806
5109
aa0c
520f
ac12
5315
ae18
541b
b01e
5521
b224
5627
b42a
572d
b630
5833
b836
5939
ba3c
5a3f
bc42
5b45
be48
5c4b
c04e
5d51
c254
5e57
c45a
5f5d
c660
6063
c866
6169
ca6c
626f
cc72
6375
ce78
647b
d07e
6581
d284
6687
d48a
678d
d690
6893
d896
6999
da9c
6a9f
dca2
6ba5
dea8
6cab
e0ae
6db1
e2b4
6eb7
e4ba
6fbd
e6c0
70c3
e8c6
71c9
eacc
72cf
ecd2
73d5
eed8
74db
f0de
75e1
f2e4
76e7
f4ea
77ed
f6f0
78f3
f8f6
79f9
fafc
7aff
fc02
7b05
fe08
7c0b
000e
7d11
0214
7e17
041a
7f1d
0620
8023
0826
8129
0a2c
822f
0c32
8335
0e38
843b
103e
8541
1244
8647
144a
874d
1650
8853
1856
8959
1a5c
8a5f
1c62
8b65
1e68
8c6b
206e
8d71
2274
8e77
247a
8f7d
2680
9083
2886
9189
2a8c
928f
2c92
9395
2e98
949b
309e
95a1
32a4
96a7
34aa
97ad
36b0
98b3
38b6
99b9
3abc
9abf
3cc2
9bc5
3ec8
9ccb
40ce
9dd1
42d4
9ed7
44da
9fdd
46e0
a0e3
48e6
a1e9
4aec
a2ef
4cf2
a3f5
4ef8
a4fb
50fe
a501
5204
a607
540a
a70d
5610
a813
5816
a919
5a1c
aa1f
5c22
ab25
5e28
ac2b
602e
ad31
6234
ae37
643a
af3d
6640
b043
6846
b149
6a4c
b24f
6c52
b355
6e58
b45b
705e
b561
7264
b667
746a
b76d
7670
b873
7876
b979
7a7c
ba7f
7c82
bb85
7e88
bc8b
808e
bd91
8294
be97
849a
bf9d
86a0
c0a3
88a6
c1a9
8aac
c2af
8cb2
c3b5
8eb8
c4bb
90be
c5c1
92c4
c6c7
94ca
c7cd
96d0
c8d3
98d6
c9d9
9adc
cadf
9ce2
cbe5
9ee8
cceb
a0ee
cdf1
a2f4
cef7
a4fa
cffd
a600
d003
a806
d109
aa0c
d20f
ac12
d315
ae18
d41b
b01e
d521
b224
d627
b42a
d72d
b630
d833
b836
d939
ba3c
da3f
bc42
db45
be48
dc4b
c04e
dd51
c254
de57
c45a
df5d
c660
e063
c866
e169
ca6c
e26f
cc72
e375
ce78
e47b
d07e
e581
d284
e687
d48a
e78d
d690
e893
d896
e999
da9c
ea9f
dca2
eba5
dea8
ecab
e0ae
edb1
e2b4
eeb7
e4ba
efbd
e6c0
f0c3
e8c6
f1c9
eacc
f2cf
ecd2
f3d5
eed8
f4db
f0de
f5e1
f2e4
f6e7
f4ea
f7ed
f6f0
f8f3
f8f6
f9f9
fafc
faff
fc02
fb05
fe08
fc0b
000e
fd11
0214
fe17
041a
ff1d
0620
0023
0826
0129
0a2c
022f
0c32
0335
0e38
043b
103e
0541
1244
0647
144a
074d
1650
0853
1856
0959
1a5c
0a5f
1c62
0b65
1e68
0c6b
206e
0d71
2274
0e77
247a
0f7d
2680
1083
2886
1189
2a8c
128f
2c92
1395
2e98
149b
309e
15a1
32a4
16a7
34aa
17ad
36b0
18b3
38b6
19b9
3abc
1abf
3cc2
1bc5
3ec8
1ccb
40ce
1dd1
42d4
1ed7
44da
1fdd
46e0
20e3
48e6
21e9
4aec
22ef
4cf2
23f5
4ef8
24fb
50fe
2501
5204
2607
540a
270d
5610
2813
5816
2919
5a1c
2a1f
5c22
2b25
5e28
2c2b
602e
2d31
6234
2e37
643a
2f3d
6640
3043
6846
3149
6a4c
324f
6c52
3355
6e58
345b
705e
3561
7264
3667
746a
376d
7670
3873
7876
3979
7a7c
3a7f
7c82
3b85
7e88
3c8b
808e
3d91
8294
3e97
849a
3f9d
86a0
40a3
88a6
41a9
8aac
42af
8cb2
43b5
8eb8
44bb
90be
45c1
92c4
46c7
94ca
47cd
96d0
48d3
98d6
49d9
9adc
4adf
9ce2
4be5
9ee8
4ceb
a0ee
4df1
a2f4
4ef7
a4fa
4ffd
a600
5003
a806
5109
aa0c
520f
ac12
5315
ae18
541b
b01e
5521
b224
5627
b42a
572d
b630
5833
b836
5939
ba3c
5a3f
bc42
5b45
be48
5c4b
c04e
5d51
c254
5e57
c45a
5f5d
c660
6063
c866
6169
ca6c
626f
cc72
6375
ce78
647b
d07e
6581
d284
6687
d48a
678d
d690
6893
d896
6999
da9c
6a9f
dca2
6ba5
dea8
6cab
e0ae
6db1
e2b4
6eb7
e4ba
6fbd
e6c0
70c3
e8c6
71c9
eacc
72cf
ecd2
73d5
eed8
74db
f0de
75e1
f2e4
76e7
f4ea
77ed
f6f0
78f3
f8f6
79f9
fafc
7aff
fc02
7b05
fe08
7c0b
000e
7d11
0214
7e17
041a
7f1d
0620
8023
0826
8129
0a2c
822f
0c32
8335
0e38
843b
103e
8541
1244
8647
144a
874d
1650
8853
1856
8959
1a5c
8a5f
1c62
8b65
1e68
8c6b
206e
8d71
2274
8e77
247a
8f7d
2680
9083
2886
9189
2a8c
928f
2c92
9395
2e98
949b
309e
95a1
32a4
96a7
34aa
97ad
36b0
98b3
38b6
99b9
3abc
9abf
3cc2
9bc5
3ec8
9ccb
40ce
9dd1
42d4
9ed7
44da
9fdd
46e0
a0e3
48e6
a1e9
4aec
a2ef
4cf2
a3f5
4ef8
a4fb
50fe
a501
5204
a607
540a
a70d
5610
a813
5816
a919
5a1c
aa1f
5c22
ab25
5e28
ac2b
602e
ad31
6234
ae37
643a
af3d
6640
b043
6846
b149
6a4c
b24f
6c52
b355
6e58
b45b
705e
b561
7264
b667
746a
b76d
7670
b873
7876
b979
7a7c
ba7f
7c82
bb85
7e88
bc8b
808e
bd91
8294
be97
849a
bf9d
86a0
c0a3
88a6
c1a9
8aac
c2af
8cb2
c3b5
8eb8
c4bb
90be
c5c1
92c4
c6c7
94ca
c7cd
96d0
c8d3
98d6
c9d9
9adc
cadf
9ce2
cbe5
9ee8
cceb
a0ee
cdf1
a2f4
cef7
a4fa
cffd
a600
d003
a806
d109
aa0c
d20f
ac12
d315
ae18
d41b
b01e
d521
b224
d627
b42a
d72d
b630
d833
b836
d939
ba3c
da3f
bc42
db45
be48
dc4b
c04e
dd51
c254
de57
c45a
df5d
c660
e063
c866
e169
ca6c
e26f
cc72
e375
ce78
e47b
d07e
e581
d284
e687
d48a
e78d
d690
e893
d896
e999
da9c
ea9f
dca2
eba5
dea8
ecab
e0ae
edb1
e2b4
eeb7
e4ba
efbd
e6c0
f0c3
e8c6
f1c9
eacc
f2cf
ecd2
f3d5
eed8
f4db
f0de
f5e1
f2e4
f6e7
f4ea
f7ed
f6f0
f8f3
f8f6
f9f9
fafc
faff
fc02
fb05
fe08
fc0b
000e
fd11
0214
fe17
041a
ff1d
0620
0023
0826
0129
0a2c
022f
0c32
0335
0e38
043b
103e
0541
1244
0647
144a
074d
1650
0853
1856
0959
1a5c
0a5f
1c62
0b65
1e68
0c6b
206e
0d71
2274
0e77
247a
0f7d
2680
1083
2886
1189
2a8c
128f
2c92
1395
2e98
149b
309e
15a1
32a4
16a7
34aa
17ad
36b0
18b3
38b6
19b9
3abc
1abf
3cc2
1bc5
3ec8
1ccb
40ce
1dd1
42d4
1ed7
44da
1fdd
46e0
20e3
48e6
21e9
4aec
22ef
4cf2
23f5
4ef8
24fb
50fe
2501
5204
2607
540a
270d
5610
2813
5816
2919
5a1c
2a1f
5c22
2b25
5e28
2c2b
602e
2d31
6234
2e37
643a
2f3d
6640
3043
6846
3149
6a4c
324f
6c52
3355
6e58
345b
705e
3561
7264
3667
746a
376d
7670
3873
7876
3979
7a7c
3a7f
7c82
3b85
7e88
3c8b
808e
3d91
8294
3e97
849a
3f9d
86a0
40a3
88a6
41a9
8aac
42af
8cb2
43b5
8eb8
44bb
90be
45c1
92c4
46c7
94ca
47cd
96d0
48d3
98d6
49d9
9adc
4adf
9ce2
4be5
9ee8
4ceb
a0ee
4df1
a2f4
4ef7
a4fa
4ffd
a600
5003
a806
5109
aa0c
520f
ac12
5315
ae18
541b
b01e
5521
b224
5627
b42a
572d
b630
5833
b836
5939
ba3c
5a3f
bc42
5b45
be48
5c4b
c04e
5d51
c254
5e57
c45a
5f5d
c660
6063
c866
6169
ca6c
626f
cc72
6375
ce78
647b
d07e
6581
d284
6687
d48a
678d
d690
6893
d896
6999
da9c
6a9f
dca2
6ba5
dea8
6cab
e0ae
6db1
e2b4
6eb7
e4ba
6fbd
e6c0
70c3
e8c6
71c9
eacc
72cf
ecd2
73d5
eed8
74db
f0de
75e1
f2e4
76e7
f4ea
77ed
f6f0
78f3
f8f6
79f9
fafc
7aff
fc02
7b05
fe08
7c0b
000e
7d11
0214
7e17
041a
7f1d
0620
8023
0826
8129
0a2c
822f
0c32
8335
0e38
843b
103e
8541
1244
8647
144a
874d
1650
8853
1856
8959
1a5c
8a5f
1c62
8b65
1e68
8c6b
206e
8d71
2274
8e77
247a
8f7d
2680
9083
2886
9189
2a8c
928f
2c92
9395
2e98
949b
309e
95a1
32a4
96a7
34aa
97ad
36b0
98b3
38b6
99b9
3abc
9abf
3cc2
9bc5
3ec8
9ccb
40ce
9dd1
42d4
9ed7
44da
9fdd
46e0
a0e3
48e6
a1e9
4aec
a2ef
4cf2
a3f5
4ef8
a4fb
50fe
a501
5204
a607
540a
a70d
5610
a813
5816
a919
5a1c
aa1f
5c22
ab25
5e28
ac2b
602e
ad31
6234
ae37
643a
af3d
6640
b043
6846
b149
6a4c
b24f
6c52
b355
6e58
b45b
705e
b561
7264
b667
746a
b76d
7670
b873
7876
b979
7a7c
ba7f
7c82
bb85
7e88
bc8b
808e
bd91
8294
be97
849a
bf9d
86a0
c0a3
88a6
c1a9
8aac
c2af
8cb2
c3b5
8eb8
c4bb
90be
c5c1
92c4
c6c7
94ca
c7cd
96d0
c8d3
98d6
c9d9
9adc
cadf
9ce2
cbe5
9ee8
cceb
a0ee
cdf1
a2f4
cef7
a4fa
cffd
a600
d003
a806
d109
aa0c
d20f
ac12
d315
ae18
d41b
b01e
d521
b224
d627
b42a
d72d
b630
d833
b836
d939
ba3c
da3f
bc42
db45
be48
dc4b
c04e
dd51
c254
de57
c45a
df5d
c660
e063
c866
e169
ca6c
e26f
cc72
e375
ce78
e47b
d07e
e581
d284
e687
d48a
e78d
d690
e893
d896
e999
da9c
ea9f
dca2
eba5
dea8
ecab
e0ae
edb1
e2b4
eeb7
e4ba
efbd
e6c0
f0c3
e8c6
f1c9
eacc
f2cf
ecd2
f3d5
eed8
f4db
f0de
f5e1
f2e4
f6e7
f4ea
f7ed
f6f0
f8f3
f8f6
f9f9
fafc
faff
fc02
fb05
fe08
fc0b
000e
fd11
0214
fe17
041a
ff1d
0620
0023
0826
0129
0a2c
022f
0c32
0335
0e38
043b
103e
0541
1244
0647
144a
074d
1650
0853
1856
0959
1a5c
0a5f
1c62
0b65
1e68
0c6b
206e
0d71
2274
0e77
247a
0f7d
2680
1083
2886
1189
2a8c
128f
2c92
1395
2e98
149b
309e
15a1
32a4
16a7
34aa
17ad
36b0
18b3
38b6
19b9
3abc
1abf
3cc2
1bc5
3ec8
1ccb
40ce
1dd1
42d4
1ed7
44da
1fdd
46e0
20e3
48e6
21e9
4aec
22ef
4cf2
23f5
4ef8
24fb
50fe
2501
5204
2607
540a
270d
5610
2813
5816
2919
5a1c
2a1f
5c22
2b25
5e28
2c2b
602e
2d31
6234
2e37
643a
2f3d
6640
3043
6846
3149
6a4c
324f
6c52
3355
6e58
345b
705e
3561
7264
3667
746a
376d
7670
3873
7876
3979
7a7c
3a7f
7c82
3b85
7e88
3c8b
808e
3d91
8294
3e97
849a
3f9d
86a0
40a3
88a6
41a9
8aac
42af
8cb2
43b5
8eb8
44bb
90be
45c1
92c4
46c7
94ca
47cd
96d0
48d3
98d6
49d9
9adc
4adf
9ce2
4be5
9ee8
4ceb
a0ee
4df1
a2f4
4ef7
a4fa
4ffd
a600
5003
a806
5109
aa0c
520f
ac12
5315
ae18
541b
b01e
5521
b224
5627
b42a
572d
b630
5833
b836
5939
ba3c
5a3f
bc42
5b45
be48
5c4b
c04e
5d51
c254
5e57
c45a
5f5d
c660
6063
c866
6169
ca6c
626f
cc72
6375
ce78
647b
d07e
6581
5306
a909
550c
aa0f
5712
ab15
5918
ac1b
5b1e
ad21
5d24
ae27
5f2a
af2d
6130
b033
6336
b139
653c
b23f
6742
b345
6948
b44b
6b4e
b551
6d54
b657
6f5a
b75d
7160
b863
7366
b969
756c
ba6f
7772
bb75
7978
bc7b
7b7e
bd81
7d84
be87
7f8a
bf8d
8190
c093
8396
c199
859c
c29f
87a2
c3a5
89a8
c4ab
8bae
c5b1
8db4
c6b7
8fba
c7bd
91c0
c8c3
93c6
c9c9
95cc
cacf
97d2
cbd5
99d8
ccdb
9bde
cde1
9de4
cee7
9fea
cfed
a1f0
d0f3
a3f6
d1f9
a5fc
d2ff
a702
d305
a908
d40b
ab0e
d511
ad14
d617
af1a
d71d
b120
d823
b326
d929
b52c
da2f
b732
db35
b938
dc3b
bb3e
dd41
bd44
de47
bf4a
df4d
c150
e053
c356
e159
c55c
e25f
c762
e365
c968
e46b
cb6e
e571
cd74
e677
cf7a
e77d
d180
e883
d386
e989
d58c
ea8f
d792
eb95
d998
ec9b
db9e
eda1
dda4
eea7
dfaa
efad
e1b0
f0b3
e3b6
f1b9
e5bc
f2bf
e7c2
f3c5
e9c8
f4cb
ebce
f5d1
edd4
f6d7
efda
f7dd
f1e0
f8e3
f3e6
f9e9
f5ec
faef
f7f2
fbf5
f9f8
fcfb
fbfe
fd01
fd04
fe07
ff0a
ff0d
0110
0013
0316
0119
051c
021f
0722
0325
0928
042b
0b2e
0531
0d34
0637
0f3a
073d
1140
0843
1346
0949
154c
0a4f
1752
0b55
1958
0c5b
1b5e
0d61
1d64
0e67
1f6a
0f6d
2170
1073
2376
1179
257c
127f
2782
1385
2988
148b
2b8e
1591
2d94
1697
2f9a
179d
31a0
18a3
33a6
19a9
35ac
1aaf
37b2
1bb5
39b8
1cbb
3bbe
1dc1
3dc4
1ec7
3fca
1fcd
41d0
20d3
43d6
21d9
45dc
22df
47e2
23e5
49e8
24eb
4bee
25f1
4df4
26f7
4ffa
27fd
5100
2803
5306
2909
550c
2a0f
5712
2b15
5918
2c1b
5b1e
2d21
5d24
2e27
5f2a
2f2d
6130
3033
6336
3139
653c
323f
6742
3345
6948
344b
6b4e
3551
6d54
3657
6f5a
375d
7160
3863
7366
3969
756c
3a6f
7772
3b75
7978
3c7b
7b7e
3d81
7d84
3e87
7f8a
3f8d
8190
4093
8396
4199
859c
429f
87a2
43a5
89a8
44ab
8bae
45b1
8db4
46b7
8fba
47bd
91c0
48c3
93c6
49c9
95cc
4acf
97d2
4bd5
99d8
4cdb
9bde
4de1
9de4
4ee7
9fea
4fed
a1f0
50f3
a3f6
51f9
a5fc
52ff
a702
5305
a908
540b
ab0e
5511
ad14
5617
af1a
571d
b120
5823
b326
5929
b52c
5a2f
b732
5b35
b938
5c3b
bb3e
5d41
bd44
5e47
bf4a
5f4d
c150
6053
c356
6159
c55c
625f
c762
6365
c968
646b
cb6e
6571
cd74
6677
cf7a
677d
d180
6883
d386
6989
d58c
6a8f
d792
6b95
d998
6c9b
db9e
6da1
dda4
6ea7
dfaa
6fad
e1b0
70b3
e3b6
71b9
e5bc
72bf
e7c2
73c5
e9c8
74cb
ebce
75d1
edd4
76d7
efda
77dd
f1e0
78e3
f3e6
79e9
f5ec
7aef
f7f2
7bf5
f9f8
7cfb
fbfe
7d01
fd04
7e07
ff0a
7f0d
0110
8013
0316
8119
051c
821f
0722
8325
0928
842b
0b2e
8531
0d34
8637
0f3a
873d
1140
8843
1346
8949
154c
8a4f
1752
8b55
1958
8c5b
1b5e
8d61
1d64
8e67
1f6a
8f6d
2170
9073
2376
9179
257c
927f
2782
9385
2988
948b
2b8e
9591
2d94
9697
2f9a
979d
31a0
98a3
33a6
99a9
35ac
9aaf
37b2
9bb5
39b8
9cbb
3bbe
9dc1
3dc4
9ec7
3fca
9fcd
41d0
a0d3
43d6
a1d9
45dc
a2df
47e2
a3e5
49e8
a4eb
4bee
a5f1
4df4
a6f7
4ffa
a7fd
5100
a803
5306
a909
550c
aa0f
5712
ab15
5918
ac1b
5b1e
ad21
5d24
ae27
5f2a
af2d
6130
b033
6336
b139
653c
b23f
6742
b345
6948
b44b
6b4e
b551
6d54
b657
6f5a
b75d
7160
b863
7366
b969
756c
ba6f
7772
bb75
7978
bc7b
7b7e
bd81
7d84
be87
7f8a
bf8d
8190
c093
8396
c199
859c
c29f
87a2
c3a5
89a8
c4ab
8bae
c5b1
8db4
c6b7
8fba
c7bd
91c0
c8c3
93c6
c9c9
95cc
cacf
97d2
cbd5
99d8
ccdb
9bde
cde1
9de4
cee7
9fea
cfed
a1f0
d0f3
a3f6
d1f9
a5fc
d2ff
a702
d305
a908
d40b
ab0e
d511
ad14
d617
af1a
d71d
b120
d823
b326
d929
b52c
da2f
b732
db35
b938
dc3b
bb3e
dd41
bd44
de47
bf4a
df4d
c150
e053
c356
e159
c55c
e25f
c762
e365
c968
e46b
cb6e
e571
cd74
e677
cf7a
e77d
d180
e883
d386
e989
d58c
ea8f
d792
eb95
d998
ec9b
db9e
eda1
dda4
eea7
dfaa
efad
e1b0
f0b3
e3b6
f1b9
e5bc
f2bf
e7c2
f3c5
e9c8
f4cb
ebce
f5d1
edd4
f6d7
efda
f7dd
f1e0
f8e3
f3e6
f9e9
f5ec
faef
f7f2
fbf5
f9f8
fcfb
fbfe
fd01
fd04
fe07
ff0a
ff0d
0110
0013
0316
0119
051c
021f
0722
0325
0928
042b
0b2e
0531
0d34
0637
0f3a
073d
1140
0843
1346
0949
154c
0a4f
1752
0b55
1958
0c5b
1b5e
0d61
1d64
0e67
1f6a
0f6d
2170
1073
2376
1179
257c
127f
2782
1385
2988
148b
2b8e
1591
2d94
1697
2f9a
179d
31a0
18a3
33a6
19a9
35ac
1aaf
37b2
1bb5
39b8
1cbb
3bbe
1dc1
3dc4
1ec7
3fca
1fcd
41d0
20d3
43d6
21d9
45dc
22df
47e2
23e5
49e8
24eb
4bee
25f1
4df4
26f7
4ffa
27fd
5100
2803
5306
2909
550c
2a0f
5712
2b15
5918
2c1b
5b1e
2d21
5d24
2e27
5f2a
2f2d
6130
3033
6336
3139
653c
323f
6742
3345
6948
344b
6b4e
3551
6d54
3657
6f5a
375d
7160
3863
7366
3969
756c
3a6f
7772
3b75
7978
3c7b
7b7e
3d81
7d84
3e87
7f8a
3f8d
8190
4093
8396
4199
859c
429f
87a2
43a5
89a8
44ab
8bae
45b1
8db4
46b7
8fba
47bd
91c0
48c3
93c6
49c9
95cc
4acf
97d2
4bd5
99d8
4cdb
9bde
4de1
9de4
4ee7
9fea
4fed
a1f0
50f3
a3f6
51f9
a5fc
52ff
a702
5305
a908
540b
ab0e
5511
ad14
5617
af1a
571d
b120
5823
b326
5929
b52c
5a2f
b732
5b35
b938
5c3b
bb3e
5d41
bd44
5e47
bf4a
5f4d
c150
6053
c356
6159
c55c
625f
c762
6365
c968
646b
cb6e
6571
cd74
6677
cf7a
677d
d180
6883
d386
6989
d58c
6a8f
d792
6b95
d998
6c9b
db9e
6da1
dda4
6ea7
dfaa
6fad
e1b0
70b3
e3b6
71b9
e5bc
72bf
e7c2
73c5
e9c8
74cb
ebce
75d1
edd4
76d7
efda
77dd
f1e0
78e3
f3e6
79e9
f5ec
7aef
f7f2
7bf5
f9f8
7cfb
fbfe
7d01
fd04
7e07
ff0a
7f0d
0110
8013
0316
8119
051c
821f
0722
8325
0928
842b
0b2e
8531
0d34
8637
0f3a
873d
1140
8843
1346
8949
154c
8a4f
1752
8b55
1958
8c5b
1b5e
8d61
1d64
8e67
1f6a
8f6d
2170
9073
2376
9179
257c
927f
2782
9385
2988
948b
2b8e
9591
2d94
9697
2f9a
979d
31a0
98a3
33a6
99a9
35ac
9aaf
37b2
9bb5
39b8
9cbb
3bbe
9dc1
3dc4
9ec7
3fca
9fcd
41d0
a0d3
43d6
a1d9
45dc
a2df
47e2
a3e5
49e8
a4eb
4bee
a5f1
4df4
a6f7
4ffa
a7fd
5100
a803
5306
a909
550c
aa0f
5712
ab15
5918
ac1b
5b1e
ad21
5d24
ae27
5f2a
af2d
6130
b033
6336
b139
653c
b23f
6742
b345
6948
b44b
6b4e
b551
6d54
b657
6f5a
b75d
7160
b863
7366
b969
756c
ba6f
7772
bb75
7978
bc7b
7b7e
bd81
7d84
be87
7f8a
bf8d
8190
c093
8396
c199
859c
c29f
87a2
c3a5
89a8
c4ab
8bae
c5b1
8db4
c6b7
8fba
c7bd
91c0
c8c3
93c6
c9c9
95cc
cacf
97d2
cbd5
99d8
ccdb
9bde
cde1
9de4
cee7
9fea
cfed
a1f0
d0f3
a3f6
d1f9
a5fc
d2ff
a702
d305
a908
d40b
ab0e
d511
ad14
d617
af1a
d71d
b120
d823
b326
d929
b52c
da2f
b732
db35
b938
dc3b
bb3e
dd41
bd44
de47
bf4a
df4d
c150
e053
c356
e159
c55c
e25f
c762
e365
c968
e46b
cb6e
e571
cd74
e677
cf7a
e77d
d180
e883
d386
e989
d58c
ea8f
d792
eb95
d998
ec9b
db9e
eda1
dda4
eea7
dfaa
efad
e1b0
f0b3
e3b6
f1b9
e5bc
f2bf
e7c2
f3c5
e9c8
f4cb
ebce
f5d1
edd4
f6d7
efda
f7dd
f1e0
f8e3
f3e6
f9e9
f5ec
faef
f7f2
fbf5
f9f8
fcfb
fbfe
fd01
fd04
fe07
ff0a
ff0d
0110
0013
0316
0119
051c
021f
0722
0325
0928
042b
0b2e
0531
0d34
0637
0f3a
073d
1140
0843
1346
0949
154c
0a4f
1752
0b55
1958
0c5b
1b5e
0d61
1d64
0e67
1f6a
0f6d
2170
1073
2376
1179
257c
127f
2782
1385
2988
148b
2b8e
1591
2d94
1697
2f9a
179d
31a0
18a3
33a6
19a9
35ac
1aaf
37b2
1bb5
39b8
1cbb
3bbe
1dc1
3dc4
1ec7
3fca
1fcd
41d0
20d3
43d6
21d9
45dc
22df
47e2
23e5
49e8
24eb
4bee
25f1
4df4
26f7
4ffa
27fd
5100
2803
5306
2909
550c
2a0f
5712
2b15
5918
2c1b
5b1e
2d21
5d24
2e27
5f2a
2f2d
6130
3033
6336
3139
653c
323f
6742
3345
6948
344b
6b4e
3551
6d54
3657
6f5a
375d
7160
3863
7366
3969
756c
3a6f
7772
3b75
7978
3c7b
7b7e
3d81
7d84
3e87
7f8a
3f8d
8190
4093
8396
4199
859c
429f
87a2
43a5
89a8
44ab
8bae
45b1
8db4
46b7
8fba
47bd
91c0
48c3
93c6
49c9
95cc
4acf
97d2
4bd5
99d8
4cdb
9bde
4de1
9de4
4ee7
9fea
4fed
a1f0
50f3
a3f6
51f9
a5fc
52ff
a702
5305
a908
540b
ab0e
5511
ad14
5617
af1a
571d
b120
5823
b326
5929
b52c
5a2f
b732
5b35
b938
5c3b
bb3e
5d41
bd44
5e47
bf4a
5f4d
c150
6053
c356
6159
c55c
625f
c762
6365
c968
646b
cb6e
6571
cd74
6677
cf7a
677d
d180
6883
d386
6989
d58c
6a8f
d792
6b95
d998
6c9b
db9e
6da1
dda4
6ea7
dfaa
6fad
e1b0
70b3
e3b6
71b9
e5bc
72bf
e7c2
73c5
e9c8
74cb
ebce
75d1
edd4
76d7
efda
77dd
f1e0
78e3
f3e6
79e9
f5ec
7aef
f7f2
7bf5
f9f8
7cfb
fbfe
7d01
fd04
7e07
ff0a
7f0d
0110
8013
0316
8119
051c
821f
0722
8325
0928
842b
0b2e
8531
0d34
8637
0f3a
873d
1140
8843
1346
8949
154c
8a4f
1752
8b55
1958
8c5b
1b5e
8d61
1d64
8e67
1f6a
8f6d
2170
9073
2376
9179
257c
927f
2782
9385
2988
948b
2b8e
9591
2d94
9697
2f9a
979d
31a0
98a3
33a6
99a9
35ac
9aaf
37b2
9bb5
39b8
9cbb
3bbe
9dc1
3dc4
9ec7
3fca
9fcd
41d0
a0d3
43d6
a1d9
45dc
a2df
47e2
a3e5
49e8
a4eb
4bee
a5f1
4df4
a6f7
4ffa
a7fd
5100
a803
5306
a909
550c
aa0f
5712
ab15
5918
ac1b
5b1e
ad21
5d24
ae27
5f2a
af2d
6130
b033
6336
b139
653c
b23f
6742
b345
6948
b44b
6b4e
b551
6d54
b657
6f5a
b75d
7160
b863
7366
b969
756c
ba6f
7772
bb75
7978
bc7b
7b7e
bd81
7d84
be87
7f8a
bf8d
8190
c093
8396
c199
859c
c29f
87a2
c3a5
89a8
c4ab
8bae
c5b1
8db4
c6b7
8fba
c7bd
91c0
c8c3
93c6
c9c9
95cc
cacf
97d2
cbd5
99d8
ccdb
9bde
cde1
9de4
cee7
9fea
cfed
a1f0
d0f3
a3f6
d1f9
a5fc
d2ff
a702
d305
a908
d40b
ab0e
d511
ad14
d617
af1a
d71d
b120
d823
b326
d929
b52c
da2f
b732
db35
b938
dc3b
bb3e
dd41
bd44
de47
bf4a
df4d
c150
e053
c356
e159
c55c
e25f
c762
e365
c968
e46b
cb6e
e571
cd74
e677
cf7a
e77d
d180
e883
d386
e989
d58c
ea8f
d792
eb95
d998
ec9b
db9e
eda1
dda4
eea7
dfaa
efad
e1b0
f0b3
e3b6
f1b9
e5bc
f2bf
e7c2
f3c5
e9c8
f4cb
ebce
f5d1
edd4
f6d7
efda
f7dd
f1e0
f8e3
f3e6
f9e9
f5ec
faef
f7f2
fbf5
f9f8
fcfb
fbfe
fd01
fd04
fe07
ff0a
ff0d
0110
0013
0316
0119
051c
021f
0722
0325
0928
042b
0b2e
0531
0d34
0637
0f3a
073d
1140
0843
1346
0949
154c
0a4f
1752
0b55
1958
0c5b
1b5e
0d61
1d64
0e67
1f6a
0f6d
2170
1073
2376
1179
257c
127f
2782
1385
2988
148b
2b8e
1591
2d94
1697
2f9a
179d
31a0
18a3
33a6
19a9
35ac
1aaf
37b2
1bb5
39b8
1cbb
3bbe
1dc1
3dc4
1ec7
3fca
1fcd
41d0
20d3
43d6
21d9
45dc
22df
47e2
23e5
49e8
24eb
4bee
25f1
4df4
26f7
4ffa
27fd
5100
2803
5306
2909
550c
2a0f
5712
2b15
5918
2c1b
5b1e
2d21
5d24
2e27
5f2a
2f2d
6130
3033
6336
3139
653c
323f
6742
3345
6948
344b
6b4e
3551
6d54
3657
6f5a
375d
7160
3863
7366
3969
756c
3a6f
7772
3b75
7978
3c7b
7b7e
3d81
7d84
3e87
7f8a
3f8d
8190
4093
8396
4199
859c
429f
87a2
43a5
89a8
44ab
8bae
45b1
8db4
46b7
8fba
47bd
91c0
48c3
93c6
49c9
95cc
4acf
97d2
4bd5
99d8
4cdb
9bde
4de1
9de4
4ee7
9fea
4fed
a1f0
50f3
a3f6
51f9
a5fc
52ff
a702
5305
a908
540b
ab0e
5511
ad14
5617
af1a
571d
b120
5823
b326
5929
b52c
5a2f
b732
5b35
b938
5c3b
bb3e
5d41
bd44
5e47
bf4a
5f4d
c150
6053
c356
6159
c55c
625f
c762
6365
c968
646b
cb6e
6571
cd74
6677
cf7a
677d
d180
6883
5408
ac0b
560e
ad11
5814
ae17
5a1a
af1d
5c20
b023
5e26
b129
602c
b22f
6232
b335
6438
b43b
663e
b541
6844
b647
6a4a
b74d
6c50
b853
6e56
b959
705c
ba5f
7262
bb65
7468
bc6b
766e
bd71
7874
be77
7a7a
bf7d
7c80
c083
7e86
c189
808c
c28f
8292
c395
8498
c49b
869e
c5a1
88a4
c6a7
8aaa
c7ad
8cb0
c8b3
8eb6
c9b9
90bc
cabf
92c2
cbc5
94c8
cccb
96ce
cdd1
98d4
ced7
9ada
cfdd
9ce0
d0e3
9ee6
d1e9
a0ec
d2ef
a2f2
d3f5
a4f8
d4fb
a6fe
d501
a804
d607
aa0a
d70d
ac10
d813
ae16
d919
b01c
da1f
b222
db25
b428
dc2b
b62e
dd31
b834
de37
ba3a
df3d
bc40
e043
be46
e149
c04c
e24f
c252
e355
c458
e45b
c65e
e561
c864
e667
ca6a
e76d
cc70
e873
ce76
e979
d07c
ea7f
d282
eb85
d488
ec8b
d68e
ed91
d894
ee97
da9a
ef9d
dca0
f0a3
dea6
f1a9
e0ac
f2af
e2b2
f3b5
e4b8
f4bb
e6be
f5c1
e8c4
f6c7
eaca
f7cd
ecd0
f8d3
eed6
f9d9
f0dc
fadf
f2e2
fbe5
f4e8
fceb
f6ee
fdf1
f8f4
fef7
fafa
fffd
fc00
0003
fe06
0109
000c
020f
0212
0315
0418
041b
061e
0521
0824
0627
0a2a
072d
0c30
0833
0e36
0939
103c
0a3f
1242
0b45
1448
0c4b
164e
0d51
1854
0e57
1a5a
0f5d
1c60
1063
1e66
1169
206c
126f
2272
1375
2478
147b
267e
1581
2884
1687
2a8a
178d
2c90
1893
2e96
1999
309c
1a9f
32a2
1ba5
34a8
1cab
36ae
1db1
38b4
1eb7
3aba
1fbd
3cc0
20c3
3ec6
21c9
40cc
22cf
42d2
23d5
44d8
24db
46de
25e1
48e4
26e7
4aea
27ed
4cf0
28f3
4ef6
29f9
50fc
2aff
5202
2b05
5408
2c0b
560e
2d11
5814
2e17
5a1a
2f1d
5c20
3023
5e26
3129
602c
322f
6232
3335
6438
343b
663e
3541
6844
3647
6a4a
374d
6c50
3853
6e56
3959
705c
3a5f
7262
3b65
7468
3c6b
766e
3d71
7874
3e77
7a7a
3f7d
7c80
4083
7e86
4189
808c
428f
8292
4395
8498
449b
869e
45a1
88a4
46a7
8aaa
47ad
8cb0
48b3
8eb6
49b9
90bc
4abf
92c2
4bc5
94c8
4ccb
96ce
4dd1
98d4
4ed7
9ada
4fdd
9ce0
50e3
9ee6
51e9
a0ec
52ef
a2f2
53f5
a4f8
54fb
a6fe
5501
a804
5607
aa0a
570d
ac10
5813
ae16
5919
b01c
5a1f
b222
5b25
b428
5c2b
b62e
5d31
b834
5e37
ba3a
5f3d
bc40
6043
be46
6149
c04c
624f
c252
6355
c458
645b
c65e
6561
c864
6667
ca6a
676d
cc70
6873
ce76
6979
d07c
6a7f
d282
6b85
d488
6c8b
d68e
6d91
d894
6e97
da9a
6f9d
dca0
70a3
dea6
71a9
e0ac
72af
e2b2
73b5
e4b8
74bb
e6be
75c1
e8c4
76c7
eaca
77cd
ecd0
78d3
eed6
79d9
f0dc
7adf
f2e2
7be5
f4e8
7ceb
f6ee
7df1
f8f4
7ef7
fafa
7ffd
fc00
8003
fe06
8109
000c
820f
0212
8315
0418
841b
061e
8521
0824
8627
0a2a
872d
0c30
8833
0e36
8939
103c
8a3f
1242
8b45
1448
8c4b
164e
8d51
1854
8e57
1a5a
8f5d
1c60
9063
1e66
9169
206c
926f
2272
9375
2478
947b
267e
9581
2884
9687
2a8a
978d
2c90
9893
2e96
9999
309c
9a9f
32a2
9ba5
34a8
9cab
36ae
9db1
38b4
9eb7
3aba
9fbd
3cc0
a0c3
3ec6
a1c9
40cc
a2cf
42d2
a3d5
44d8
a4db
46de
a5e1
48e4
a6e7
4aea
a7ed
4cf0
a8f3
4ef6
a9f9
50fc
aaff
5202
ab05
5408
ac0b
560e
ad11
5814
ae17
5a1a
af1d
5c20
b023
5e26
b129
602c
b22f
6232
b335
6438
b43b
663e
b541
6844
b647
6a4a
b74d
6c50
b853
6e56
b959
705c
ba5f
7262
bb65
7468
bc6b
766e
bd71
7874
be77
7a7a
bf7d
7c80
c083
7e86
c189
808c
c28f
8292
c395
8498
c49b
869e
c5a1
88a4
c6a7
8aaa
c7ad
8cb0
c8b3
8eb6
c9b9
90bc
cabf
92c2
cbc5
94c8
cccb
96ce
cdd1
98d4
ced7
9ada
cfdd
9ce0
d0e3
9ee6
d1e9
a0ec
d2ef
a2f2
d3f5
a4f8
d4fb
a6fe
d501
a804
d607
aa0a
d70d
ac10
d813
ae16
d919
b01c
da1f
b222
db25
b428
dc2b
b62e
dd31
b834
de37
ba3a
df3d
bc40
e043
be46
e149
c04c
e24f
c252
e355
c458
e45b
c65e
e561
c864
e667
ca6a
e76d
cc70
e873
ce76
e979
d07c
ea7f
d282
eb85
d488
ec8b
d68e
ed91
d894
ee97
da9a
ef9d
dca0
f0a3
dea6
f1a9
e0ac
f2af
e2b2
f3b5
e4b8
f4bb
e6be
f5c1
e8c4
f6c7
eaca
f7cd
ecd0
f8d3
eed6
f9d9
f0dc
fadf
f2e2
fbe5
f4e8
fceb
f6ee
fdf1
f8f4
fef7
fafa
fffd
fc00
0003
fe06
0109
000c
020f
0212
0315
0418
041b
061e
0521
0824
0627
0a2a
072d
0c30
0833
0e36
0939
103c
0a3f
1242
0b45
1448
0c4b
164e
0d51
1854
0e57
1a5a
0f5d
1c60
1063
1e66
1169
206c
126f
2272
1375
2478
147b
267e
1581
2884
1687
2a8a
178d
2c90
1893
2e96
1999
309c
1a9f
32a2
1ba5
34a8
1cab
36ae
1db1
38b4
1eb7
3aba
1fbd
3cc0
20c3
3ec6
21c9
40cc
22cf
42d2
23d5
44d8
24db
46de
25e1
48e4
26e7
4aea
27ed
4cf0
28f3
4ef6
29f9
50fc
2aff
5202
2b05
5408
2c0b
560e
2d11
5814
2e17
5a1a
2f1d
5c20
3023
5e26
3129
602c
322f
6232
3335
6438
343b
663e
3541
6844
3647
6a4a
374d
6c50
3853
6e56
3959
705c
3a5f
7262
3b65
7468
3c6b
766e
3d71
7874
3e77
7a7a
3f7d
7c80
4083
7e86
4189
808c
428f
8292
4395
8498
449b
869e
45a1
88a4
46a7
8aaa
47ad
8cb0
48b3
8eb6
49b9
90bc
4abf
92c2
4bc5
94c8
4ccb
96ce
4dd1
98d4
4ed7
9ada
4fdd
9ce0
50e3
9ee6
51e9
a0ec
52ef
a2f2
53f5
a4f8
54fb
a6fe
5501
a804
5607
aa0a
570d
ac10
5813
ae16
5919
b01c
5a1f
b222
5b25
b428
5c2b
b62e
5d31
b834
5e37
ba3a
5f3d
bc40
6043
be46
6149
c04c
624f
c252
6355
c458
645b
c65e
6561
c864
6667
ca6a
676d
cc70
6873
ce76
6979
d07c
6a7f
d282
6b85
d488
6c8b
d68e
6d91
d894
6e97
da9a
6f9d
dca0
70a3
dea6
71a9
e0ac
72af
e2b2
73b5
e4b8
74bb
e6be
75c1
e8c4
76c7
eaca
77cd
ecd0
78d3
eed6
79d9
f0dc
7adf
f2e2
7be5
f4e8
7ceb
f6ee
7df1
f8f4
7ef7
fafa
7ffd
fc00
8003
fe06
8109
000c
820f
0212
8315
0418
841b
061e
8521
0824
8627
0a2a
872d
0c30
8833
0e36
8939
103c
8a3f
1242
8b45
1448
8c4b
164e
8d51
1854
8e57
1a5a
8f5d
1c60
9063
1e66
9169
206c
926f
2272
9375
2478
947b
267e
9581
2884
9687
2a8a
978d
2c90
9893
2e96
9999
309c
9a9f
32a2
9ba5
34a8
9cab
36ae
9db1
38b4
9eb7
3aba
9fbd
3cc0
a0c3
3ec6
a1c9
40cc
a2cf
42d2
a3d5
44d8
a4db
46de
a5e1
48e4
a6e7
4aea
a7ed
4cf0
a8f3
4ef6
a9f9
50fc
aaff
5202
ab05
5408
ac0b
560e
ad11
5814
ae17
5a1a
af1d
5c20
b023
5e26
b129
602c
b22f
6232
b335
6438
b43b
663e
b541
6844
b647
6a4a
b74d
6c50
b853
6e56
b959
705c
ba5f
7262
bb65
7468
bc6b
766e
bd71
7874
be77
7a7a
bf7d
7c80
c083
7e86
c189
808c
c28f
8292
c395
8498
c49b
869e
c5a1
88a4
c6a7
8aaa
c7ad
8cb0
c8b3
8eb6
c9b9
90bc
cabf
92c2
cbc5
94c8
cccb
96ce
cdd1
98d4
ced7
9ada
cfdd
9ce0
d0e3
9ee6
d1e9
a0ec
d2ef
a2f2
d3f5
a4f8
d4fb
a6fe
d501
a804
d607
aa0a
d70d
ac10
d813
ae16
d919
b01c
da1f
b222
db25
b428
dc2b
b62e
dd31
b834
de37
ba3a
df3d
bc40
e043
be46
e149
c04c
e24f
c252
e355
c458
e45b
c65e
e561
c864
e667
ca6a
e76d
cc70
e873
ce76
e979
d07c
ea7f
d282
eb85
d488
ec8b
d68e
ed91
d894
ee97
da9a
ef9d
dca0
f0a3
dea6
f1a9
e0ac
f2af
e2b2
f3b5
e4b8
f4bb
e6be
f5c1
e8c4
f6c7
eaca
f7cd
ecd0
f8d3
eed6
f9d9
f0dc
fadf
f2e2
fbe5
f4e8
fceb
f6ee
fdf1
f8f4
fef7
fafa
fffd
fc00
0003
fe06
0109
000c
020f
0212
0315
0418
041b
061e
0521
0824
0627
0a2a
072d
0c30
0833
0e36
0939
103c
0a3f
1242
0b45
1448
0c4b
164e
0d51
1854
0e57
1a5a
0f5d
1c60
1063
1e66
1169
206c
126f
2272
1375
2478
147b
267e
1581
2884
1687
2a8a
178d
2c90
1893
2e96
1999
309c
1a9f
32a2
1ba5
34a8
1cab
36ae
1db1
38b4
1eb7
3aba
1fbd
3cc0
20c3
3ec6
21c9
40cc
22cf
42d2
23d5
44d8
24db
46de
25e1
48e4
26e7
4aea
27ed
4cf0
28f3
4ef6
29f9
50fc
2aff
5202
2b05
5408
2c0b
560e
2d11
5814
2e17
5a1a
2f1d
5c20
3023
5e26
3129
602c
322f
6232
3335
6438
343b
663e
3541
6844
3647
6a4a
374d
6c50
3853
6e56
3959
705c
3a5f
7262
3b65
7468
3c6b
766e
3d71
7874
3e77
7a7a
3f7d
7c80
4083
7e86
4189
808c
428f
8292
4395
8498
449b
869e
45a1
88a4
46a7
8aaa
47ad
8cb0
48b3
8eb6
49b9
90bc
4abf
92c2
4bc5
94c8
4ccb
96ce
4dd1
98d4
4ed7
9ada
4fdd
9ce0
50e3
9ee6
51e9
a0ec
52ef
a2f2
53f5
a4f8
54fb
a6fe
5501
a804
5607
aa0a
570d
ac10
5813
ae16
5919
b01c
5a1f
b222
5b25
b428
5c2b
b62e
5d31
b834
5e37
ba3a
5f3d
bc40
6043
be46
6149
c04c
624f
c252
6355
c458
645b
c65e
6561
c864
6667
ca6a
676d
cc70
6873
ce76
6979
d07c
6a7f
d282
6b85
d488
6c8b
d68e
6d91
d894
6e97
da9a
6f9d
dca0
70a3
dea6
71a9
e0ac
72af
e2b2
73b5
e4b8
74bb
e6be
75c1
e8c4
76c7
eaca
77cd
ecd0
78d3
eed6
79d9
f0dc
7adf
f2e2
7be5
f4e8
7ceb
f6ee
7df1
f8f4
7ef7
fafa
7ffd
fc00
8003
fe06
8109
000c
820f
0212
8315
0418
841b
061e
8521
0824
8627
0a2a
872d
0c30
8833
0e36
8939
103c
8a3f
1242
8b45
1448
8c4b
164e
8d51
1854
8e57
1a5a
8f5d
1c60
9063
1e66
9169
206c
926f
2272
9375
2478
947b
267e
9581
2884
9687
2a8a
978d
2c90
9893
2e96
9999
309c
9a9f
32a2
9ba5
34a8
9cab
36ae
9db1
38b4
9eb7
3aba
9fbd
3cc0
a0c3
3ec6
a1c9
40cc
a2cf
42d2
a3d5
44d8
a4db
46de
a5e1
48e4
a6e7
4aea
a7ed
4cf0
a8f3
4ef6
a9f9
50fc
aaff
5202
ab05
5408
ac0b
560e
ad11
5814
ae17
5a1a
af1d
5c20
b023
5e26
b129
602c
b22f
6232
b335
6438
b43b
663e
b541
6844
b647
6a4a
b74d
6c50
b853
6e56
b959
705c
ba5f
7262
bb65
7468
bc6b
766e
bd71
7874
be77
7a7a
bf7d
7c80
c083
7e86
c189
808c
c28f
8292
c395
8498
c49b
869e
c5a1
88a4
c6a7
8aaa
c7ad
8cb0
c8b3
8eb6
c9b9
90bc
cabf
92c2
cbc5
94c8
cccb
96ce
cdd1
98d4
ced7
9ada
cfdd
9ce0
d0e3
9ee6
d1e9
a0ec
d2ef
a2f2
d3f5
a4f8
d4fb
a6fe
d501
a804
d607
aa0a
d70d
ac10
d813
ae16
d919
b01c
da1f
b222
db25
b428
dc2b
b62e
dd31
b834
de37
ba3a
df3d
bc40
e043
be46
e149
c04c
e24f
c252
e355
c458
e45b
c65e
e561
c864
e667
ca6a
e76d
cc70
e873
ce76
e979
d07c
ea7f
d282
eb85
d488
ec8b
d68e
ed91
d894
ee97
da9a
ef9d
dca0
f0a3
dea6
f1a9
e0ac
f2af
e2b2
f3b5
e4b8
f4bb
e6be
f5c1
e8c4
f6c7
eaca
f7cd
ecd0
f8d3
eed6
f9d9
f0dc
fadf
f2e2
fbe5
f4e8
fceb
f6ee
fdf1
f8f4
fef7
fafa
fffd
fc00
0003
fe06
0109
000c
020f
0212
0315
0418
041b
061e
0521
0824
0627
0a2a
072d
0c30
0833
0e36
0939
103c
0a3f
1242
0b45
1448
0c4b
164e
0d51
1854
0e57
1a5a
0f5d
1c60
1063
1e66
1169
206c
126f
2272
1375
2478
147b
267e
1581
2884
1687
2a8a
178d
2c90
1893
2e96
1999
309c
1a9f
32a2
1ba5
34a8
1cab
36ae
1db1
38b4
1eb7
3aba
1fbd
3cc0
20c3
3ec6
21c9
40cc
22cf
42d2
23d5
44d8
24db
46de
25e1
48e4
26e7
4aea
27ed
4cf0
28f3
4ef6
29f9
50fc
2aff
5202
2b05
5408
2c0b
560e
2d11
5814
2e17
5a1a
2f1d
5c20
3023
5e26
3129
602c
322f
6232
3335
6438
343b
663e
3541
6844
3647
6a4a
374d
6c50
3853
6e56
3959
705c
3a5f
7262
3b65
7468
3c6b
766e
3d71
7874
3e77
7a7a
3f7d
7c80
4083
7e86
4189
808c
428f
8292
4395
8498
449b
869e
45a1
88a4
46a7
8aaa
47ad
8cb0
48b3
8eb6
49b9
90bc
4abf
92c2
4bc5
94c8
4ccb
96ce
4dd1
98d4
4ed7
9ada
4fdd
9ce0
50e3
9ee6
51e9
a0ec
52ef
a2f2
53f5
a4f8
54fb
a6fe
5501
a804
5607
aa0a
570d
ac10
5813
ae16
5919
b01c
5a1f
b222
5b25
b428
5c2b
b62e
5d31
b834
5e37
ba3a
5f3d
bc40
6043
be46
6149
c04c
624f
c252
6355
c458
645b
c65e
6561
c864
6667
ca6a
676d
cc70
6873
ce76
6979
d07c
6a7f
d282
6b85
550a
af0d
5710
b013
5916
b119
5b1c
b21f
5d22
b325
5f28
b42b
612e
b531
6334
b637
653a
b73d
6740
b843
6946
b949
6b4c
ba4f
6d52
bb55
6f58
bc5b
715e
bd61
7364
be67
756a
bf6d
7770
c073
7976
c179
7b7c
c27f
7d82
c385
7f88
c48b
818e
c591
8394
c697
859a
c79d
87a0
c8a3
89a6
c9a9
8bac
caaf
8db2
cbb5
8fb8
ccbb
91be
cdc1
93c4
cec7
95ca
cfcd
97d0
d0d3
99d6
d1d9
9bdc
d2df
9de2
d3e5
9fe8
d4eb
a1ee
d5f1
a3f4
d6f7
a5fa
d7fd
a700
d803
a906
d909
ab0c
da0f
ad12
db15
af18
dc1b
b11e
dd21
b324
de27
b52a
df2d
b730
e033
b936
e139
bb3c
e23f
bd42
e345
bf48
e44b
c14e
e551
c354
e657
c55a
e75d
c760
e863
c966
e969
cb6c
ea6f
cd72
eb75
cf78
ec7b
d17e
ed81
d384
ee87
d58a
ef8d
d790
f093
d996
f199
db9c
f29f
dda2
f3a5
dfa8
f4ab
e1ae
f5b1
e3b4
f6b7
e5ba
f7bd
e7c0
f8c3
e9c6
f9c9
ebcc
facf
edd2
fbd5
efd8
fcdb
f1de
fde1
f3e4
fee7
f5ea
ffed
f7f0
00f3
f9f6
01f9
fbfc
02ff
fd02
0305
ff08
040b
010e
0511
0314
0617
051a
071d
0720
0823
0926
0929
0b2c
0a2f
0d32
0b35
0f38
0c3b
113e
0d41
1344
0e47
154a
0f4d
1750
1053
1956
1159
1b5c
125f
1d62
1365
1f68
146b
216e
1571
2374
1677
257a
177d
2780
1883
2986
1989
2b8c
1a8f
2d92
1b95
2f98
1c9b
319e
1da1
33a4
1ea7
35aa
1fad
37b0
20b3
39b6
21b9
3bbc
22bf
3dc2
23c5
3fc8
24cb
41ce
25d1
43d4
26d7
45da
27dd
47e0
28e3
49e6
29e9
4bec
2aef
4df2
2bf5
4ff8
2cfb
51fe
2d01
5304
2e07
550a
2f0d
5710
3013
5916
3119
5b1c
321f
5d22
3325
5f28
342b
612e
3531
6334
3637
653a
373d
6740
3843
6946
3949
6b4c
3a4f
6d52
3b55
6f58
3c5b
715e
3d61
7364
3e67
756a
3f6d
7770
4073
7976
4179
7b7c
427f
7d82
4385
7f88
448b
818e
4591
8394
4697
859a
479d
87a0
48a3
89a6
49a9
8bac
4aaf
8db2
4bb5
8fb8
4cbb
91be
4dc1
93c4
4ec7
95ca
4fcd
97d0
50d3
99d6
51d9
9bdc
52df
9de2
53e5
9fe8
54eb
a1ee
55f1
a3f4
56f7
a5fa
57fd
a700
5803
a906
5909
ab0c
5a0f
ad12
5b15
af18
5c1b
b11e
5d21
b324
5e27
b52a
5f2d
b730
6033
b936
6139
bb3c
623f
bd42
6345
bf48
644b
c14e
6551
c354
6657
c55a
675d
c760
6863
c966
6969
cb6c
6a6f
cd72
6b75
cf78
6c7b
d17e
6d81
d384
6e87
d58a
6f8d
d790
7093
d996
7199
db9c
729f
dda2
73a5
dfa8
74ab
e1ae
75b1
e3b4
76b7
e5ba
77bd
e7c0
78c3
e9c6
79c9
ebcc
7acf
edd2
7bd5
efd8
7cdb
f1de
7de1
f3e4
7ee7
f5ea
7fed
f7f0
80f3
f9f6
81f9
fbfc
82ff
fd02
8305
ff08
840b
010e
8511
0314
8617
051a
871d
0720
8823
0926
8929
0b2c
8a2f
0d32
8b35
0f38
8c3b
113e
8d41
1344
8e47
154a
8f4d
1750
9053
1956
9159
1b5c
925f
1d62
9365
1f68
946b
216e
9571
2374
9677
257a
977d
2780
9883
2986
9989
2b8c
9a8f
2d92
9b95
2f98
9c9b
319e
9da1
33a4
9ea7
35aa
9fad
37b0
a0b3
39b6
a1b9
3bbc
a2bf
3dc2
a3c5
3fc8
a4cb
41ce
a5d1
43d4
a6d7
45da
a7dd
47e0
a8e3
49e6
a9e9
4bec
aaef
4df2
abf5
4ff8
acfb
51fe
ad01
5304
ae07
550a
af0d
5710
b013
5916
b119
5b1c
b21f
5d22
b325
5f28
b42b
612e
b531
6334
b637
653a
b73d
6740
b843
6946
b949
6b4c
ba4f
6d52
bb55
6f58
bc5b
715e
bd61
7364
be67
756a
bf6d
7770
c073
7976
c179
7b7c
c27f
7d82
c385
7f88
c48b
818e
c591
8394
c697
859a
c79d
87a0
c8a3
89a6
c9a9
8bac
caaf
8db2
cbb5
8fb8
ccbb
91be
cdc1
93c4
cec7
95ca
cfcd
97d0
d0d3
99d6
d1d9
9bdc
d2df
9de2
d3e5
9fe8
d4eb
a1ee
d5f1
a3f4
d6f7
a5fa
d7fd
a700
d803
a906
d909
ab0c
da0f
ad12
db15
af18
dc1b
b11e
dd21
b324
de27
b52a
df2d
b730
e033
b936
e139
bb3c
e23f
bd42
e345
bf48
e44b
c14e
e551
c354
e657
c55a
e75d
c760
e863
c966
e969
cb6c
ea6f
cd72
eb75
cf78
ec7b
d17e
ed81
d384
ee87
d58a
ef8d
d790
f093
d996
f199
db9c
f29f
dda2
f3a5
dfa8
f4ab
e1ae
f5b1
e3b4
f6b7
e5ba
f7bd
e7c0
f8c3
e9c6
f9c9
ebcc
facf
edd2
fbd5
efd8
fcdb
f1de
fde1
f3e4
fee7
f5ea
ffed
f7f0
00f3
f9f6
01f9
fbfc
02ff
fd02
0305
ff08
040b
010e
0511
0314
0617
051a
071d
0720
0823
0926
0929
0b2c
0a2f
0d32
0b35
0f38
0c3b
113e
0d41
1344
0e47
154a
0f4d
1750
1053
1956
1159
1b5c
125f
1d62
1365
1f68
146b
216e
1571
2374
1677
257a
177d
2780
1883
2986
1989
2b8c
1a8f
2d92
1b95
2f98
1c9b
319e
1da1
33a4
1ea7
35aa
1fad
37b0
20b3
39b6
21b9
3bbc
22bf
3dc2
23c5
3fc8
24cb
41ce
25d1
43d4
26d7
45da
27dd
47e0
28e3
49e6
29e9
4bec
2aef
4df2
2bf5
4ff8
2cfb
51fe
2d01
5304
2e07
550a
2f0d
5710
3013
5916
3119
5b1c
321f
5d22
3325
5f28
342b
612e
3531
6334
3637
653a
373d
6740
3843
6946
3949
6b4c
3a4f
6d52
3b55
6f58
3c5b
715e
3d61
7364
3e67
756a
3f6d
7770
4073
7976
4179
7b7c
427f
7d82
4385
7f88
448b
818e
4591
8394
4697
859a
479d
87a0
48a3
89a6
49a9
8bac
4aaf
8db2
4bb5
8fb8
4cbb
91be
4dc1
93c4
4ec7
95ca
4fcd
97d0
50d3
99d6
51d9
9bdc
52df
9de2
53e5
9fe8
54eb
a1ee
55f1
a3f4
56f7
a5fa
57fd
a700
5803
a906
5909
ab0c
5a0f
ad12
5b15
af18
5c1b
b11e
5d21
b324
5e27
b52a
5f2d
b730
6033
b936
6139
bb3c
623f
bd42
6345
bf48
644b
c14e
6551
c354
6657
c55a
675d
c760
6863
c966
6969
cb6c
6a6f
cd72
6b75
cf78
6c7b
d17e
6d81
d384
6e87
d58a
6f8d
d790
7093
d996
7199
db9c
729f
dda2
73a5
dfa8
74ab
e1ae
75b1
e3b4
76b7
e5ba
77bd
e7c0
78c3
e9c6
79c9
ebcc
7acf
edd2
7bd5
efd8
7cdb
f1de
7de1
f3e4
7ee7
f5ea
7fed
f7f0
80f3
f9f6
81f9
fbfc
82ff
fd02
8305
ff08
840b
010e
8511
0314
8617
051a
871d
0720
8823
0926
8929
0b2c
8a2f
0d32
8b35
0f38
8c3b
113e
8d41
1344
8e47
154a
8f4d
1750
9053
1956
9159
1b5c
925f
1d62
9365
1f68
946b
216e
9571
2374
9677
257a
977d
2780
9883
2986
9989
2b8c
9a8f
2d92
9b95
2f98
9c9b
319e
9da1
33a4
9ea7
35aa
9fad
37b0
a0b3
39b6
a1b9
3bbc
a2bf
3dc2
a3c5
3fc8
a4cb
41ce
a5d1
43d4
a6d7
45da
a7dd
47e0
a8e3
49e6
a9e9
4bec
aaef
4df2
abf5
4ff8
acfb
51fe
ad01
5304
ae07
550a
af0d
5710
b013
5916
b119
5b1c
b21f
5d22
b325
5f28
b42b
612e
b531
6334
b637
653a
b73d
6740
b843
6946
b949
6b4c
ba4f
6d52
bb55
6f58
bc5b
715e
bd61
7364
be67
756a
bf6d
7770
c073
7976
c179
7b7c
c27f
7d82
c385
7f88
c48b
818e
c591
8394
c697
859a
c79d
87a0
c8a3
89a6
c9a9
8bac
caaf
8db2
cbb5
8fb8
ccbb
91be
cdc1
93c4
cec7
95ca
cfcd
97d0
d0d3
99d6
d1d9
9bdc
d2df
9de2
d3e5
9fe8
d4eb
a1ee
d5f1
a3f4
d6f7
a5fa
d7fd
a700
d803
a906
d909
ab0c
da0f
ad12
db15
af18
dc1b
b11e
dd21
b324
de27
b52a
df2d
b730
e033
b936
e139
bb3c
e23f
bd42
e345
bf48
e44b
c14e
e551
c354
e657
c55a
e75d
c760
e863
c966
e969
cb6c
ea6f
cd72
eb75
cf78
ec7b
d17e
ed81
d384
ee87
d58a
ef8d
d790
f093
d996
f199
db9c
f29f
dda2
f3a5
dfa8
f4ab
e1ae
f5b1
e3b4
f6b7
e5ba
f7bd
e7c0
f8c3
e9c6
f9c9
ebcc
facf
edd2
fbd5
efd8
fcdb
f1de
fde1
f3e4
fee7
f5ea
ffed
f7f0
00f3
f9f6
01f9
fbfc
02ff
fd02
0305
ff08
040b
010e
0511
0314
0617
051a
071d
0720
0823
0926
0929
0b2c
0a2f
0d32
0b35
0f38
0c3b
113e
0d41
1344
0e47
154a
0f4d
1750
1053
1956
1159
1b5c
125f
1d62
1365
1f68
146b
216e
1571
2374
1677
257a
177d
2780
1883
2986
1989
2b8c
1a8f
2d92
1b95
2f98
1c9b
319e
1da1
33a4
1ea7
35aa
1fad
37b0
20b3
39b6
21b9
3bbc
22bf
3dc2
23c5
3fc8
24cb
41ce
25d1
43d4
26d7
45da
27dd
47e0
28e3
49e6
29e9
4bec
2aef
4df2
2bf5
4ff8
2cfb
51fe
2d01
5304
2e07
550a
2f0d
5710
3013
5916
3119
5b1c
321f
5d22
3325
5f28
342b
612e
3531
6334
3637
653a
373d
6740
3843
6946
3949
6b4c
3a4f
6d52
3b55
6f58
3c5b
715e
3d61
7364
3e67
756a
3f6d
7770
4073
7976
4179
7b7c
427f
7d82
4385
7f88
448b
818e
4591
8394
4697
859a
479d
87a0
48a3
89a6
49a9
8bac
4aaf
8db2
4bb5
8fb8
4cbb
91be
4dc1
93c4
4ec7
95ca
4fcd
97d0
50d3
99d6
51d9
9bdc
52df
9de2
53e5
9fe8
54eb
a1ee
55f1
a3f4
56f7
a5fa
57fd
a700
5803
a906
5909
ab0c
5a0f
ad12
5b15
af18
5c1b
b11e
5d21
b324
5e27
b52a
5f2d
b730
6033
b936
6139
bb3c
623f
bd42
6345
bf48
644b
c14e
6551
c354
6657
c55a
675d
c760
6863
c966
6969
cb6c
6a6f
cd72
6b75
cf78
6c7b
d17e
6d81
d384
6e87
d58a
6f8d
d790
7093
d996
7199
db9c
729f
dda2
73a5
dfa8
74ab
e1ae
75b1
e3b4
76b7
e5ba
77bd
e7c0
78c3
e9c6
79c9
ebcc
7acf
edd2
7bd5
efd8
7cdb
f1de
7de1
f3e4
7ee7
f5ea
7fed
f7f0
80f3
f9f6
81f9
fbfc
82ff
fd02
8305
ff08
840b
010e
8511
0314
8617
051a
871d
0720
8823
0926
8929
0b2c
8a2f
0d32
8b35
0f38
8c3b
113e
8d41
1344
8e47
154a
8f4d
1750
9053
1956
9159
1b5c
925f
1d62
9365
1f68
946b
216e
9571
2374
9677
257a
977d
2780
9883
2986
9989
2b8c
9a8f
2d92
9b95
2f98
9c9b
319e
9da1
33a4
9ea7
35aa
9fad
37b0
a0b3
39b6
a1b9
3bbc
a2bf
3dc2
a3c5
3fc8
a4cb
41ce
a5d1
43d4
a6d7
45da
a7dd
47e0
a8e3
49e6
a9e9
4bec
aaef
4df2
abf5
4ff8
acfb
51fe
ad01
5304
ae07
550a
af0d
5710
b013
5916
b119
5b1c
b21f
5d22
b325
5f28
b42b
612e
b531
6334
b637
653a
b73d
6740
b843
6946
b949
6b4c
ba4f
6d52
bb55
6f58
bc5b
715e
bd61
7364
be67
756a
bf6d
7770
c073
7976
c179
7b7c
c27f
7d82
c385
7f88
c48b
818e
c591
8394
c697
859a
c79d
87a0
c8a3
89a6
c9a9
8bac
caaf
8db2
cbb5
8fb8
ccbb
91be
cdc1
93c4
cec7
95ca
cfcd
97d0
d0d3
99d6
d1d9
9bdc
d2df
9de2
d3e5
9fe8
d4eb
a1ee
d5f1
a3f4
d6f7
a5fa
d7fd
a700
d803
a906
d909
ab0c
da0f
ad12
db15
af18
dc1b
b11e
dd21
b324
de27
b52a
df2d
b730
e033
b936
e139
bb3c
e23f
bd42
e345
bf48
e44b
c14e
e551
c354
e657
c55a
e75d
c760
e863
c966
e969
cb6c
ea6f
cd72
eb75
cf78
ec7b
d17e
ed81
d384
ee87
d58a
ef8d
d790
f093
d996
f199
db9c
f29f
dda2
f3a5
dfa8
f4ab
e1ae
f5b1
e3b4
f6b7
e5ba
f7bd
e7c0
f8c3
e9c6
f9c9
ebcc
facf
edd2
fbd5
efd8
fcdb
f1de
fde1
f3e4
fee7
f5ea
ffed
f7f0
00f3
f9f6
01f9
fbfc
02ff
fd02
0305
ff08
040b
010e
0511
0314
0617
051a
071d
0720
0823
0926
0929
0b2c
0a2f
0d32
0b35
0f38
0c3b
113e
0d41
1344
0e47
154a
0f4d
1750
1053
1956
1159
1b5c
125f
1d62
1365
1f68
146b
216e
1571
2374
1677
257a
177d
2780
1883
2986
1989
2b8c
1a8f
2d92
1b95
2f98
1c9b
319e
1da1
33a4
1ea7
35aa
1fad
37b0
20b3
39b6
21b9
3bbc
22bf
3dc2
23c5
3fc8
24cb
41ce
25d1
43d4
26d7
45da
27dd
47e0
28e3
49e6
29e9
4bec
2aef
4df2
2bf5
4ff8
2cfb
51fe
2d01
5304
2e07
550a
2f0d
5710
3013
5916
3119
5b1c
321f
5d22
3325
5f28
342b
612e
3531
6334
3637
653a
373d
6740
3843
6946
3949
6b4c
3a4f
6d52
3b55
6f58
3c5b
715e
3d61
7364
3e67
756a
3f6d
7770
4073
7976
4179
7b7c
427f
7d82
4385
7f88
448b
818e
4591
8394
4697
859a
479d
87a0
48a3
89a6
49a9
8bac
4aaf
8db2
4bb5
8fb8
4cbb
91be
4dc1
93c4
4ec7
95ca
4fcd
97d0
50d3
99d6
51d9
9bdc
52df
9de2
53e5
9fe8
54eb
a1ee
55f1
a3f4
56f7
a5fa
57fd
a700
5803
a906
5909
ab0c
5a0f
ad12
5b15
af18
5c1b
b11e
5d21
b324
5e27
b52a
5f2d
b730
6033
b936
6139
bb3c
623f
bd42
6345
bf48
644b
c14e
6551
c354
6657
c55a
675d
c760
6863
c966
6969
cb6c
6a6f
cd72
6b75
cf78
6c7b
d17e
6d81
d384
6e87
560c
b20f
5812
b315
5a18
b41b
5c1e
b521
5e24
b627
602a
b72d
6230
b833
6436
b939
663c
ba3f
6842
bb45
6a48
bc4b
6c4e
bd51
6e54
be57
705a
bf5d
7260
c063
7466
c169
766c
c26f
7872
c375
7a78
c47b
7c7e
c581
7e84
c687
808a
c78d
8290
c893
8496
c999
869c
ca9f
88a2
cba5
8aa8
ccab
8cae
cdb1
8eb4
ceb7
90ba
cfbd
92c0
d0c3
94c6
d1c9
96cc
d2cf
98d2
d3d5
9ad8
d4db
9cde
d5e1
9ee4
d6e7
a0ea
d7ed
a2f0
d8f3
a4f6
d9f9
a6fc
daff
a802
db05
aa08
dc0b
ac0e
dd11
ae14
de17
b01a
df1d
b220
e023
b426
e129
b62c
e22f
b832
e335
ba38
e43b
bc3e
e541
be44
e647
c04a
e74d
c250
e853
c456
e959
c65c
ea5f
c862
eb65
ca68
ec6b
cc6e
ed71
ce74
ee77
d07a
ef7d
d280
f083
d486
f189
d68c
f28f
d892
f395
da98
f49b
dc9e
f5a1
dea4
f6a7
e0aa
f7ad
e2b0
f8b3
e4b6
f9b9
e6bc
fabf
e8c2
fbc5
eac8
fccb
ecce
fdd1
eed4
fed7
f0da
ffdd
f2e0
00e3
f4e6
01e9
f6ec
02ef
f8f2
03f5
faf8
04fb
fcfe
0501
fe04
0607
000a
070d
0210
0813
0416
0919
061c
0a1f
0822
0b25
0a28
0c2b
0c2e
0d31
0e34
0e37
103a
0f3d
1240
1043
1446
1149
164c
124f
1852
1355
1a58
145b
1c5e
1561
1e64
1667
206a
176d
2270
1873
2476
1979
267c
1a7f
2882
1b85
2a88
1c8b
2c8e
1d91
2e94
1e97
309a
1f9d
32a0
20a3
34a6
21a9
36ac
22af
38b2
23b5
3ab8
24bb
3cbe
25c1
3ec4
26c7
40ca
27cd
42d0
28d3
44d6
29d9
46dc
2adf
48e2
2be5
4ae8
2ceb
4cee
2df1
4ef4
2ef7
50fa
2ffd
5200
3003
5406
3109
560c
320f
5812
3315
5a18
341b
5c1e
3521
5e24
3627
602a
372d
6230
3833
6436
3939
663c
3a3f
6842
3b45
6a48
3c4b
6c4e
3d51
6e54
3e57
705a
3f5d
7260
4063
7466
4169
766c
426f
7872
4375
7a78
447b
7c7e
4581
7e84
4687
808a
478d
8290
4893
8496
4999
869c
4a9f
88a2
4ba5
8aa8
4cab
8cae
4db1
8eb4
4eb7
90ba
4fbd
92c0
50c3
94c6
51c9
96cc
52cf
98d2
53d5
9ad8
54db
9cde
55e1
9ee4
56e7
a0ea
57ed
a2f0
58f3
a4f6
59f9
a6fc
5aff
a802
5b05
aa08
5c0b
ac0e
5d11
ae14
5e17
b01a
5f1d
b220
6023
b426
6129
b62c
622f
b832
6335
ba38
643b
bc3e
6541
be44
6647
c04a
674d
c250
6853
c456
6959
c65c
6a5f
c862
6b65
ca68
6c6b
cc6e
6d71
ce74
6e77
d07a
6f7d
d280
7083
d486
7189
d68c
728f
d892
7395
da98
749b
dc9e
75a1
dea4
76a7
e0aa
77ad
e2b0
78b3
e4b6
79b9
e6bc
7abf
e8c2
7bc5
eac8
7ccb
ecce
7dd1
eed4
7ed7
f0da
7fdd
f2e0
80e3
f4e6
81e9
f6ec
82ef
f8f2
83f5
faf8
84fb
fcfe
8501
fe04
8607
000a
870d
0210
8813
0416
8919
061c
8a1f
0822
8b25
0a28
8c2b
0c2e
8d31
0e34
8e37
103a
8f3d
1240
9043
1446
9149
164c
924f
1852
9355
1a58
945b
1c5e
9561
1e64
9667
206a
976d
2270
9873
2476
9979
267c
9a7f
2882
9b85
2a88
9c8b
2c8e
9d91
2e94
9e97
309a
9f9d
32a0
a0a3
34a6
a1a9
36ac
a2af
38b2
a3b5
3ab8
a4bb
3cbe
a5c1
3ec4
a6c7
40ca
a7cd
42d0
a8d3
44d6
a9d9
46dc
aadf
48e2
abe5
4ae8
aceb
4cee
adf1
4ef4
aef7
50fa
affd
5200
b003
5406
b109
560c
b20f
5812
b315
5a18
b41b
5c1e
b521
5e24
b627
602a
b72d
6230
b833
6436
b939
663c
ba3f
6842
bb45
6a48
bc4b
6c4e
bd51
6e54
be57
705a
bf5d
7260
c063
7466
c169
766c
c26f
7872
c375
7a78
c47b
7c7e
c581
7e84
c687
808a
c78d
8290
c893
8496
c999
869c
ca9f
88a2
cba5
8aa8
ccab
8cae
cdb1
8eb4
ceb7
90ba
cfbd
92c0
d0c3
94c6
d1c9
96cc
d2cf
98d2
d3d5
9ad8
d4db
9cde
d5e1
9ee4
d6e7
a0ea
d7ed
a2f0
d8f3
a4f6
d9f9
a6fc
daff
a802
db05
aa08
dc0b
ac0e
dd11
ae14
de17
b01a
df1d
b220
e023
b426
e129
b62c
e22f
b832
e335
ba38
e43b
bc3e
e541
be44
e647
c04a
e74d
c250
e853
c456
e959
c65c
ea5f
c862
eb65
ca68
ec6b
cc6e
ed71
ce74
ee77
d07a
ef7d
d280
f083
d486
f189
d68c
f28f
d892
f395
da98
f49b
dc9e
f5a1
dea4
f6a7
e0aa
f7ad
e2b0
f8b3
e4b6
f9b9
e6bc
fabf
e8c2
fbc5
eac8
fccb
ecce
fdd1
eed4
fed7
f0da
ffdd
f2e0
00e3
f4e6
01e9
f6ec
02ef
f8f2
03f5
faf8
04fb
fcfe
0501
fe04
0607
000a
070d
0210
0813
0416
0919
061c
0a1f
0822
0b25
0a28
0c2b
0c2e
0d31
0e34
0e37
103a
0f3d
1240
1043
1446
1149
164c
124f
1852
1355
1a58
145b
1c5e
1561
1e64
1667
206a
176d
2270
1873
2476
1979
267c
1a7f
2882
1b85
2a88
1c8b
2c8e
1d91
2e94
1e97
309a
1f9d
32a0
20a3
34a6
21a9
36ac
22af
38b2
23b5
3ab8
24bb
3cbe
25c1
3ec4
26c7
40ca
27cd
42d0
28d3
44d6
29d9
46dc
2adf
48e2
2be5
4ae8
2ceb
4cee
2df1
4ef4
2ef7
50fa
2ffd
5200
3003
5406
3109
560c
320f
5812
3315
5a18
341b
5c1e
3521
5e24
3627
602a
372d
6230
3833
6436
3939
663c
3a3f
6842
3b45
6a48
3c4b
6c4e
3d51
6e54
3e57
705a
3f5d
7260
4063
7466
4169
766c
426f
7872
4375
7a78
447b
7c7e
4581
7e84
4687
808a
478d
8290
4893
8496
4999
869c
4a9f
88a2
4ba5
8aa8
4cab
8cae
4db1
8eb4
4eb7
90ba
4fbd
92c0
50c3
94c6
51c9
96cc
52cf
98d2
53d5
9ad8
54db
9cde
55e1
9ee4
56e7
a0ea
57ed
a2f0
58f3
a4f6
59f9
a6fc
5aff
a802
5b05
aa08
5c0b
ac0e
5d11
ae14
5e17
b01a
5f1d
b220
6023
b426
6129
b62c
622f
b832
6335
ba38
643b
bc3e
6541
be44
6647
c04a
674d
c250
6853
c456
6959
c65c
6a5f
c862
6b65
ca68
6c6b
cc6e
6d71
ce74
6e77
d07a
6f7d
d280
7083
d486
7189
d68c
728f
d892
7395
da98
749b
dc9e
75a1
dea4
76a7
e0aa
77ad
e2b0
78b3
e4b6
79b9
e6bc
7abf
e8c2
7bc5
eac8
7ccb
ecce
7dd1
eed4
7ed7
f0da
7fdd
f2e0
80e3
f4e6
81e9
f6ec
82ef
f8f2
83f5
faf8
84fb
fcfe
8501
fe04
8607
000a
870d
0210
8813
0416
8919
061c
8a1f
0822
8b25
0a28
8c2b
0c2e
8d31
0e34
8e37
103a
8f3d
1240
9043
1446
9149
164c
924f
1852
9355
1a58
945b
1c5e
9561
1e64
9667
206a
976d
2270
9873
2476
9979
267c
9a7f
2882
9b85
2a88
9c8b
2c8e
9d91
2e94
9e97
309a
9f9d
32a0
a0a3
34a6
a1a9
36ac
a2af
38b2
a3b5
3ab8
a4bb
3cbe
a5c1
3ec4
a6c7
40ca
a7cd
42d0
a8d3
44d6
a9d9
46dc
aadf
48e2
abe5
4ae8
aceb
4cee
adf1
4ef4
aef7
50fa
affd
5200
b003
5406
b109
560c
b20f
5812
b315
5a18
b41b
5c1e
b521
5e24
b627
602a
b72d
6230
b833
6436
b939
663c
ba3f
6842
bb45
6a48
bc4b
6c4e
bd51
6e54
be57
705a
bf5d
7260
c063
7466
c169
766c
c26f
7872
c375
7a78
c47b
7c7e
c581
7e84
c687
808a
c78d
8290
c893
8496
c999
869c
ca9f
88a2
cba5
8aa8
ccab
8cae
cdb1
8eb4
ceb7
90ba
cfbd
92c0
d0c3
94c6
d1c9
96cc
d2cf
98d2
d3d5
9ad8
d4db
9cde
d5e1
9ee4
d6e7
a0ea
d7ed
a2f0
d8f3
a4f6
d9f9
a6fc
daff
a802
db05
aa08
dc0b
ac0e
dd11
ae14
de17
b01a
df1d
b220
e023
b426
e129
b62c
e22f
b832
e335
ba38
e43b
bc3e
e541
be44
e647
c04a
e74d
c250
e853
c456
e959
c65c
ea5f
c862
eb65
ca68
ec6b
cc6e
ed71
ce74
ee77
d07a
ef7d
d280
f083
d486
f189
d68c
f28f
d892
f395
da98
f49b
dc9e
f5a1
dea4
f6a7
e0aa
f7ad
e2b0
f8b3
e4b6
f9b9
e6bc
fabf
e8c2
fbc5
eac8
fccb
ecce
fdd1
eed4
fed7
f0da
ffdd
f2e0
00e3
f4e6
01e9
f6ec
02ef
f8f2
03f5
faf8
04fb
fcfe
0501
fe04
0607
000a
070d
0210
0813
0416
0919
061c
0a1f
0822
0b25
0a28
0c2b
0c2e
0d31
0e34
0e37
103a
0f3d
1240
1043
1446
1149
164c
124f
1852
1355
1a58
145b
1c5e
1561
1e64
1667
206a
176d
2270
1873
2476
1979
267c
1a7f
2882
1b85
2a88
1c8b
2c8e
1d91
2e94
1e97
309a
1f9d
32a0
20a3
34a6
21a9
36ac
22af
38b2
23b5
3ab8
24bb
3cbe
25c1
3ec4
26c7
40ca
27cd
42d0
28d3
44d6
29d9
46dc
2adf
48e2
2be5
4ae8
2ceb
4cee
2df1
4ef4
2ef7
50fa
2ffd
5200
3003
5406
3109
560c
320f
5812
3315
5a18
341b
5c1e
3521
5e24
3627
602a
372d
6230
3833
6436
3939
663c
3a3f
6842
3b45
6a48
3c4b
6c4e
3d51
6e54
3e57
705a
3f5d
7260
4063
7466
4169
766c
426f
7872
4375
7a78
447b
7c7e
4581
7e84
4687
808a
478d
8290
4893
8496
4999
869c
4a9f
88a2
4ba5
8aa8
4cab
8cae
4db1
8eb4
4eb7
90ba
4fbd
92c0
50c3
94c6
51c9
96cc
52cf
98d2
53d5
9ad8
54db
9cde
55e1
9ee4
56e7
a0ea
57ed
a2f0
58f3
a4f6
59f9
a6fc
5aff
a802
5b05
aa08
5c0b
ac0e
5d11
ae14
5e17
b01a
5f1d
b220
6023
b426
6129
b62c
622f
b832
6335
ba38
643b
bc3e
6541
be44
6647
c04a
674d
c250
6853
c456
6959
c65c
6a5f
c862
6b65
ca68
6c6b
cc6e
6d71
ce74
6e77
d07a
6f7d
d280
7083
d486
7189
d68c
728f
d892
7395
da98
749b
dc9e
75a1
dea4
76a7
e0aa
77ad
e2b0
78b3
e4b6
79b9
e6bc
7abf
e8c2
7bc5
eac8
7ccb
ecce
7dd1
eed4
7ed7
f0da
7fdd
f2e0
80e3
f4e6
81e9
f6ec
82ef
f8f2
83f5
faf8
84fb
fcfe
8501
fe04
8607
000a
870d
0210
8813
0416
8919
061c
8a1f
0822
8b25
0a28
8c2b
0c2e
8d31
0e34
8e37
103a
8f3d
1240
9043
1446
9149
164c
924f
1852
9355
1a58
945b
1c5e
9561
1e64
9667
206a
976d
2270
9873
2476
9979
267c
9a7f
2882
9b85
2a88
9c8b
2c8e
9d91
2e94
9e97
309a
9f9d
32a0
a0a3
34a6
a1a9
36ac
a2af
38b2
a3b5
3ab8
a4bb
3cbe
a5c1
3ec4
a6c7
40ca
a7cd
42d0
a8d3
44d6
a9d9
46dc
aadf
48e2
abe5
4ae8
aceb
4cee
adf1
4ef4
aef7
50fa
affd
5200
b003
5406
b109
560c
b20f
5812
b315
5a18
b41b
5c1e
b521
5e24
b627
602a
b72d
6230
b833
6436
b939
663c
ba3f
6842
bb45
6a48
bc4b
6c4e
bd51
6e54
be57
705a
bf5d
7260
c063
7466
c169
766c
c26f
7872
c375
7a78
c47b
7c7e
c581
7e84
c687
808a
c78d
8290
c893
8496
c999
869c
ca9f
88a2
cba5
8aa8
ccab
8cae
cdb1
8eb4
ceb7
90ba
cfbd
92c0
d0c3
94c6
d1c9
96cc
d2cf
98d2
d3d5
9ad8
d4db
9cde
d5e1
9ee4
d6e7
a0ea
d7ed
a2f0
d8f3
a4f6
d9f9
a6fc
daff
a802
db05
aa08
dc0b
ac0e
dd11
ae14
de17
b01a
df1d
b220
e023
b426
e129
b62c
e22f
b832
e335
ba38
e43b
bc3e
e541
be44
e647
c04a
e74d
c250
e853
c456
e959
c65c
ea5f
c862
eb65
ca68
ec6b
cc6e
ed71
ce74
ee77
d07a
ef7d
d280
f083
d486
f189
d68c
f28f
d892
f395
da98
f49b
dc9e
f5a1
dea4
f6a7
e0aa
f7ad
e2b0
f8b3
e4b6
f9b9
e6bc
fabf
e8c2
fbc5
eac8
fccb
ecce
fdd1
eed4
fed7
f0da
ffdd
f2e0
00e3
f4e6
01e9
f6ec
02ef
f8f2
03f5
faf8
04fb
fcfe
0501
fe04
0607
000a
070d
0210
0813
0416
0919
061c
0a1f
0822
0b25
0a28
0c2b
0c2e
0d31
0e34
0e37
103a
0f3d
1240
1043
1446
1149
164c
124f
1852
1355
1a58
145b
1c5e
1561
1e64
1667
206a
176d
2270
1873
2476
1979
267c
1a7f
2882
1b85
2a88
1c8b
2c8e
1d91
2e94
1e97
309a
1f9d
32a0
20a3
34a6
21a9
36ac
22af
38b2
23b5
3ab8
24bb
3cbe
25c1
3ec4
26c7
40ca
27cd
42d0
28d3
44d6
29d9
46dc
2adf
48e2
2be5
4ae8
2ceb
4cee
2df1
4ef4
2ef7
50fa
2ffd
5200
3003
5406
3109
560c
320f
5812
3315
5a18
341b
5c1e
3521
5e24
3627
602a
372d
6230
3833
6436
3939
663c
3a3f
6842
3b45
6a48
3c4b
6c4e
3d51
6e54
3e57
705a
3f5d
7260
4063
7466
4169
766c
426f
7872
4375
7a78
447b
7c7e
4581
7e84
4687
808a
478d
8290
4893
8496
4999
869c
4a9f
88a2
4ba5
8aa8
4cab
8cae
4db1
8eb4
4eb7
90ba
4fbd
92c0
50c3
94c6
51c9
96cc
52cf
98d2
53d5
9ad8
54db
9cde
55e1
9ee4
56e7
a0ea
57ed
a2f0
58f3
a4f6
59f9
a6fc
5aff
a802
5b05
aa08
5c0b
ac0e
5d11
ae14
5e17
b01a
5f1d
b220
6023
b426
6129
b62c
622f
b832
6335
ba38
643b
bc3e
6541
be44
6647
c04a
674d
c250
6853
c456
6959
c65c
6a5f
c862
6b65
ca68
6c6b
cc6e
6d71
ce74
6e77
d07a
6f7d
d280
7083
d486
7189
570e
b511
5914
b617
5b1a
b71d
5d20
b823
5f26
b929
612c
ba2f
6332
bb35
6538
bc3b
673e
bd41
6944
be47
6b4a
bf4d
6d50
c053
6f56
c159
715c
c25f
7362
c365
7568
c46b
776e
c571
7974
c677
7b7a
c77d
7d80
c883
7f86
c989
818c
ca8f
8392
cb95
8598
cc9b
879e
cda1
89a4
cea7
8baa
cfad
8db0
d0b3
8fb6
d1b9
91bc
d2bf
93c2
d3c5
95c8
d4cb
97ce
d5d1
99d4
d6d7
9bda
d7dd
9de0
d8e3
9fe6
d9e9
a1ec
daef
a3f2
dbf5
a5f8
dcfb
a7fe
dd01
a904
de07
ab0a
df0d
ad10
e013
af16
e119
b11c
e21f
b322
e325
b528
e42b
b72e
e531
b934
e637
bb3a
e73d
bd40
e843
bf46
e949
c14c
ea4f
c352
eb55
c558
ec5b
c75e
ed61
c964
ee67
cb6a
ef6d
cd70
f073
cf76
f179
d17c
f27f
d382
f385
d588
f48b
d78e
f591
d994
f697
db9a
f79d
dda0
f8a3
dfa6
f9a9
e1ac
faaf
e3b2
fbb5
e5b8
fcbb
e7be
fdc1
e9c4
fec7
ebca
ffcd
edd0
00d3
efd6
01d9
f1dc
02df
f3e2
03e5
f5e8
04eb
f7ee
05f1
f9f4
06f7
fbfa
07fd
fd00
0803
ff06
0909
010c
0a0f
0312
0b15
0518
0c1b
071e
0d21
0924
0e27
0b2a
0f2d
0d30
1033
0f36
1139
113c
123f
1342
1345
1548
144b
174e
1551
1954
1657
1b5a
175d
1d60
1863
1f66
1969
216c
1a6f
2372
1b75
2578
1c7b
277e
1d81
2984
1e87
2b8a
1f8d
2d90
2093
2f96
2199
319c
229f
33a2
23a5
35a8
24ab
37ae
25b1
39b4
26b7
3bba
27bd
3dc0
28c3
3fc6
29c9
41cc
2acf
43d2
2bd5
45d8
2cdb
47de
2de1
49e4
2ee7
4bea
2fed
4df0
30f3
4ff6
31f9
51fc
32ff
5302
3305
5508
340b
570e
3511
5914
3617
5b1a
371d
5d20
3823
5f26
3929
612c
3a2f
6332
3b35
6538
3c3b
673e
3d41
6944
3e47
6b4a
3f4d
6d50
4053
6f56
4159
715c
425f
7362
4365
7568
446b
776e
4571
7974
4677
7b7a
477d
7d80
4883
7f86
4989
818c
4a8f
8392
4b95
8598
4c9b
879e
4da1
89a4
4ea7
8baa
4fad
8db0
50b3
8fb6
51b9
91bc
52bf
93c2
53c5
95c8
54cb
97ce
55d1
99d4
56d7
9bda
57dd
9de0
58e3
9fe6
59e9
a1ec
5aef
a3f2
5bf5
a5f8
5cfb
a7fe
5d01
a904
5e07
ab0a
5f0d
ad10
6013
af16
6119
b11c
621f
b322
6325
b528
642b
b72e
6531
b934
6637
bb3a
673d
bd40
6843
bf46
6949
c14c
6a4f
c352
6b55
c558
6c5b
c75e
6d61
c964
6e67
cb6a
6f6d
cd70
7073
cf76
7179
d17c
727f
d382
7385
d588
748b
d78e
7591
d994
7697
db9a
779d
dda0
78a3
dfa6
79a9
e1ac
7aaf
e3b2
7bb5
e5b8
7cbb
e7be
7dc1
e9c4
7ec7
ebca
7fcd
edd0
80d3
efd6
81d9
f1dc
82df
f3e2
83e5
f5e8
84eb
f7ee
85f1
f9f4
86f7
fbfa
87fd
fd00
8803
ff06
8909
010c
8a0f
0312
8b15
0518
8c1b
071e
8d21
0924
8e27
0b2a
8f2d
0d30
9033
0f36
9139
113c
923f
1342
9345
1548
944b
174e
9551
1954
9657
1b5a
975d
1d60
9863
1f66
9969
216c
9a6f
2372
9b75
2578
9c7b
277e
9d81
2984
9e87
2b8a
9f8d
2d90
a093
2f96
a199
319c
a29f
33a2
a3a5
35a8
a4ab
37ae
a5b1
39b4
a6b7
3bba
a7bd
3dc0
a8c3
3fc6
a9c9
41cc
aacf
43d2
abd5
45d8
acdb
47de
ade1
49e4
aee7
4bea
afed
4df0
b0f3
4ff6
b1f9
51fc
b2ff
5302
b305
5508
b40b
570e
b511
5914
b617
5b1a
b71d
5d20
b823
5f26
b929
612c
ba2f
6332
bb35
6538
bc3b
673e
bd41
6944
be47
6b4a
bf4d
6d50
c053
6f56
c159
715c
c25f
7362
c365
7568
c46b
776e
c571
7974
c677
7b7a
c77d
7d80
c883
7f86
c989
818c
ca8f
8392
cb95
8598
cc9b
879e
cda1
89a4
cea7
8baa
cfad
8db0
d0b3
8fb6
d1b9
91bc
d2bf
93c2
d3c5
95c8
d4cb
97ce
d5d1
99d4
d6d7
9bda
d7dd
9de0
d8e3
9fe6
d9e9
a1ec
daef
a3f2
dbf5
a5f8
dcfb
a7fe
dd01
a904
de07
ab0a
df0d
ad10
e013
af16
e119
b11c
e21f
b322
e325
b528
e42b
b72e
e531
b934
e637
bb3a
e73d
bd40
e843
bf46
e949
c14c
ea4f
c352
eb55
c558
ec5b
c75e
ed61
c964
ee67
cb6a
ef6d
cd70
f073
cf76
f179
d17c
f27f
d382
f385
d588
f48b
d78e
f591
d994
f697
db9a
f79d
dda0
f8a3
dfa6
f9a9
e1ac
faaf
e3b2
fbb5
e5b8
fcbb
e7be
fdc1
e9c4
fec7
ebca
ffcd
edd0
00d3
efd6
01d9
f1dc
02df
f3e2
03e5
f5e8
04eb
f7ee
05f1
f9f4
06f7
fbfa
07fd
fd00
0803
ff06
0909
010c
0a0f
0312
0b15
0518
0c1b
071e
0d21
0924
0e27
0b2a
0f2d
0d30
1033
0f36
1139
113c
123f
1342
1345
1548
144b
174e
1551
1954
1657
1b5a
175d
1d60
1863
1f66
1969
216c
1a6f
2372
1b75
2578
1c7b
277e
1d81
2984
1e87
2b8a
1f8d
2d90
2093
2f96
2199
319c
229f
33a2
23a5
35a8
24ab
37ae
25b1
39b4
26b7
3bba
27bd
3dc0
28c3
3fc6
29c9
41cc
2acf
43d2
2bd5
45d8
2cdb
47de
2de1
49e4
2ee7
4bea
2fed
4df0
30f3
4ff6
31f9
51fc
32ff
5302
3305
5508
340b
570e
3511
5914
3617
5b1a
371d
5d20
3823
5f26
3929
612c
3a2f
6332
3b35
6538
3c3b
673e
3d41
6944
3e47
6b4a
3f4d
6d50
4053
6f56
4159
715c
425f
7362
4365
7568
446b
776e
4571
7974
4677
7b7a
477d
7d80
4883
7f86
4989
818c
4a8f
8392
4b95
8598
4c9b
879e
4da1
89a4
4ea7
8baa
4fad
8db0
50b3
8fb6
51b9
91bc
52bf
93c2
53c5
95c8
54cb
97ce
55d1
99d4
56d7
9bda
57dd
9de0
58e3
9fe6
59e9
a1ec
5aef
a3f2
5bf5
a5f8
5cfb
a7fe
5d01
a904
5e07
ab0a
5f0d
ad10
6013
af16
6119
b11c
621f
b322
6325
b528
642b
b72e
6531
b934
6637
bb3a
673d
bd40
6843
bf46
6949
c14c
6a4f
c352
6b55
c558
6c5b
c75e
6d61
c964
6e67
cb6a
6f6d
cd70
7073
cf76
7179
d17c
727f
d382
7385
d588
748b
d78e
7591
d994
7697
db9a
779d
dda0
78a3
dfa6
79a9
e1ac
7aaf
e3b2
7bb5
e5b8
7cbb
e7be
7dc1
e9c4
7ec7
ebca
7fcd
edd0
80d3
efd6
81d9
f1dc
82df
f3e2
83e5
f5e8
84eb
f7ee
85f1
f9f4
86f7
fbfa
87fd
fd00
8803
ff06
8909
010c
8a0f
0312
8b15
0518
8c1b
071e
8d21
0924
8e27
0b2a
8f2d
0d30
9033
0f36
9139
113c
923f
1342
9345
1548
944b
174e
9551
1954
9657
1b5a
975d
1d60
9863
1f66
9969
216c
9a6f
2372
9b75
2578
9c7b
277e
9d81
2984
9e87
2b8a
9f8d
2d90
a093
2f96
a199
319c
a29f
33a2
a3a5
35a8
a4ab
37ae
a5b1
39b4
a6b7
3bba
a7bd
3dc0
a8c3
3fc6
a9c9
41cc
aacf
43d2
abd5
45d8
acdb
47de
ade1
49e4
aee7
4bea
afed
4df0
b0f3
4ff6
b1f9
51fc
b2ff
5302
b305
5508
b40b
570e
b511
5914
b617
5b1a
b71d
5d20
b823
5f26
b929
612c
ba2f
6332
bb35
6538
bc3b
673e
bd41
6944
be47
6b4a
bf4d
6d50
c053
6f56
c159
715c
c25f
7362
c365
7568
c46b
776e
c571
7974
c677
7b7a
c77d
7d80
c883
7f86
c989
818c
ca8f
8392
cb95
8598
cc9b
879e
cda1
89a4
cea7
8baa
cfad
8db0
d0b3
8fb6
d1b9
91bc
d2bf
93c2
d3c5
95c8
d4cb
97ce
d5d1
99d4
d6d7
9bda
d7dd
9de0
d8e3
9fe6
d9e9
a1ec
daef
a3f2
dbf5
a5f8
dcfb
a7fe
dd01
a904
de07
ab0a
df0d
ad10
e013
af16
e119
b11c
e21f
b322
e325
b528
e42b
b72e
e531
b934
e637
bb3a
e73d
bd40
e843
bf46
e949
c14c
ea4f
c352
eb55
c558
ec5b
c75e
ed61
c964
ee67
cb6a
ef6d
cd70
f073
cf76
f179
d17c
f27f
d382
f385
d588
f48b
d78e
f591
d994
f697
db9a
f79d
dda0
f8a3
dfa6
f9a9
e1ac
faaf
e3b2
fbb5
e5b8
fcbb
e7be
fdc1
e9c4
fec7
ebca
ffcd
edd0
00d3
efd6
01d9
f1dc
02df
f3e2
03e5
f5e8
04eb
f7ee
05f1
f9f4
06f7
fbfa
07fd
fd00
0803
ff06
0909
010c
0a0f
0312
0b15
0518
0c1b
071e
0d21
0924
0e27
0b2a
0f2d
0d30
1033
0f36
1139
113c
123f
1342
1345
1548
144b
174e
1551
1954
1657
1b5a
175d
1d60
1863
1f66
1969
216c
1a6f
2372
1b75
2578
1c7b
277e
1d81
2984
1e87
2b8a
1f8d
2d90
2093
2f96
2199
319c
229f
33a2
23a5
35a8
24ab
37ae
25b1
39b4
26b7
3bba
27bd
3dc0
28c3
3fc6
29c9
41cc
2acf
43d2
2bd5
45d8
2cdb
47de
2de1
49e4
2ee7
4bea
2fed
4df0
30f3
4ff6
31f9
51fc
32ff
5302
3305
5508
340b
570e
3511
5914
3617
5b1a
371d
5d20
3823
5f26
3929
612c
3a2f
6332
3b35
6538
3c3b
673e
3d41
6944
3e47
6b4a
3f4d
6d50
4053
6f56
4159
715c
425f
7362
4365
7568
446b
776e
4571
7974
4677
7b7a
477d
7d80
4883
7f86
4989
818c
4a8f
8392
4b95
8598
4c9b
879e
4da1
89a4
4ea7
8baa
4fad
8db0
50b3
8fb6
51b9
91bc
52bf
93c2
53c5
95c8
54cb
97ce
55d1
99d4
56d7
9bda
57dd
9de0
58e3
9fe6
59e9
a1ec
5aef
a3f2
5bf5
a5f8
5cfb
a7fe
5d01
a904
5e07
ab0a
5f0d
ad10
6013
af16
6119
b11c
621f
b322
6325
b528
642b
b72e
6531
b934
6637
bb3a
673d
bd40
6843
bf46
6949
c14c
6a4f
c352
6b55
c558
6c5b
c75e
6d61
c964
6e67
cb6a
6f6d
cd70
7073
cf76
7179
d17c
727f
d382
7385
d588
748b
d78e
7591
d994
7697
db9a
779d
dda0
78a3
dfa6
79a9
e1ac
7aaf
e3b2
7bb5
e5b8
7cbb
e7be
7dc1
e9c4
7ec7
ebca
7fcd
edd0
80d3
efd6
81d9
f1dc
82df
f3e2
83e5
f5e8
84eb
f7ee
85f1
f9f4
86f7
fbfa
87fd
fd00
8803
ff06
8909
010c
8a0f
0312
8b15
0518
8c1b
071e
8d21
0924
8e27
0b2a
8f2d
0d30
9033
0f36
9139
113c
923f
1342
9345
1548
944b
174e
9551
1954
9657
1b5a
975d
1d60
9863
1f66
9969
216c
9a6f
2372
9b75
2578
9c7b
277e
9d81
2984
9e87
2b8a
9f8d
2d90
a093
2f96
a199
319c
a29f
33a2
a3a5
35a8
a4ab
37ae
a5b1
39b4
a6b7
3bba
a7bd
3dc0
a8c3
3fc6
a9c9
41cc
aacf
43d2
abd5
45d8
acdb
47de
ade1
49e4
aee7
4bea
afed
4df0
b0f3
4ff6
b1f9
51fc
b2ff
5302
b305
5508
b40b
570e
b511
5914
b617
5b1a
b71d
5d20
b823
5f26
b929
612c
ba2f
6332
bb35
6538
bc3b
673e
bd41
6944
be47
6b4a
bf4d
6d50
c053
6f56
c159
715c
c25f
7362
c365
7568
c46b
776e
c571
7974
c677
7b7a
c77d
7d80
c883
7f86
c989
818c
ca8f
8392
cb95
8598
cc9b
879e
cda1
89a4
cea7
8baa
cfad
8db0
d0b3
8fb6
d1b9
91bc
d2bf
93c2
d3c5
95c8
d4cb
97ce
d5d1
99d4
d6d7
9bda
d7dd
9de0
d8e3
9fe6
d9e9
a1ec
daef
a3f2
dbf5
a5f8
dcfb
a7fe
dd01
a904
de07
ab0a
df0d
ad10
e013
af16
e119
b11c
e21f
b322
e325
b528
e42b
b72e
e531
b934
e637
bb3a
e73d
bd40
e843
bf46
e949
c14c
ea4f
c352
eb55
c558
ec5b
c75e
ed61
c964
ee67
cb6a
ef6d
cd70
f073
cf76
f179
d17c
f27f
d382
f385
d588
f48b
d78e
f591
d994
f697
db9a
f79d
dda0
f8a3
dfa6
f9a9
e1ac
faaf
e3b2
fbb5
e5b8
fcbb
e7be
fdc1
e9c4
fec7
ebca
ffcd
edd0
00d3
efd6
01d9
f1dc
02df
f3e2
03e5
f5e8
04eb
f7ee
05f1
f9f4
06f7
fbfa
07fd
fd00
0803
ff06
0909
010c
0a0f
0312
0b15
0518
0c1b
071e
0d21
0924
0e27
0b2a
0f2d
0d30
1033
0f36
1139
113c
123f
1342
1345
1548
144b
174e
1551
1954
1657
1b5a
175d
1d60
1863
1f66
1969
216c
1a6f
2372
1b75
2578
1c7b
277e
1d81
2984
1e87
2b8a
1f8d
2d90
2093
2f96
2199
319c
229f
33a2
23a5
35a8
24ab
37ae
25b1
39b4
26b7
3bba
27bd
3dc0
28c3
3fc6
29c9
41cc
2acf
43d2
2bd5
45d8
2cdb
47de
2de1
49e4
2ee7
4bea
2fed
4df0
30f3
4ff6
31f9
51fc
32ff
5302
3305
5508
340b
570e
3511
5914
3617
5b1a
371d
5d20
3823
5f26
3929
612c
3a2f
6332
3b35
6538
3c3b
673e
3d41
6944
3e47
6b4a
3f4d
6d50
4053
6f56
4159
715c
425f
7362
4365
7568
446b
776e
4571
7974
4677
7b7a
477d
7d80
4883
7f86
4989
818c
4a8f
8392
4b95
8598
4c9b
879e
4da1
89a4
4ea7
8baa
4fad
8db0
50b3
8fb6
51b9
91bc
52bf
93c2
53c5
95c8
54cb
97ce
55d1
99d4
56d7
9bda
57dd
9de0
58e3
9fe6
59e9
a1ec
5aef
a3f2
5bf5
a5f8
5cfb
a7fe
5d01
a904
5e07
ab0a
5f0d
ad10
6013
af16
6119
b11c
621f
b322
6325
b528
642b
b72e
6531
b934
6637
bb3a
673d
bd40
6843
bf46
6949
c14c
6a4f
c352
6b55
c558
6c5b
c75e
6d61
c964
6e67
cb6a
6f6d
cd70
7073
cf76
7179
d17c
727f
d382
7385
d588
748b
5810
b813
5a16
b919
5c1c
ba1f
5e22
bb25
6028
bc2b
622e
bd31
6434
be37
663a
bf3d
6840
c043
6a46
c149
6c4c
c24f
6e52
c355
7058
c45b
725e
c561
7464
c667
766a
c76d
7870
c873
7a76
c979
7c7c
ca7f
7e82
cb85
8088
cc8b
828e
cd91
8494
ce97
869a
cf9d
88a0
d0a3
8aa6
d1a9
8cac
d2af
8eb2
d3b5
90b8
d4bb
92be
d5c1
94c4
d6c7
96ca
d7cd
98d0
d8d3
9ad6
d9d9
9cdc
dadf
9ee2
dbe5
a0e8
dceb
a2ee
ddf1
a4f4
def7
a6fa
dffd
a800
e003
aa06
e109
ac0c
e20f
ae12
e315
b018
e41b
b21e
e521
b424
e627
b62a
e72d
b830
e833
ba36
e939
bc3c
ea3f
be42
eb45
c048
ec4b
c24e
ed51
c454
ee57
c65a
ef5d
c860
f063
ca66
f169
cc6c
f26f
ce72
f375
d078
f47b
d27e
f581
d484
f687
d68a
f78d
d890
f893
da96
f999
dc9c
fa9f
dea2
fba5
e0a8
fcab
e2ae
fdb1
e4b4
feb7
e6ba
ffbd
e8c0
00c3
eac6
01c9
eccc
02cf
eed2
03d5
f0d8
04db
f2de
05e1
f4e4
06e7
f6ea
07ed
f8f0
08f3
faf6
09f9
fcfc
0aff
fe02
0b05
0008
0c0b
020e
0d11
0414
0e17
061a
0f1d
0820
1023
0a26
1129
0c2c
122f
0e32
1335
1038
143b
123e
1541
1444
1647
164a
174d
1850
1853
1a56
1959
1c5c
1a5f
1e62
1b65
2068
1c6b
226e
1d71
2474
1e77
267a
1f7d
2880
2083
2a86
2189
2c8c
228f
2e92
2395
3098
249b
329e
25a1
34a4
26a7
36aa
27ad
38b0
28b3
3ab6
29b9
3cbc
2abf
3ec2
2bc5
40c8
2ccb
42ce
2dd1
44d4
2ed7
46da
2fdd
48e0
30e3
4ae6
31e9
4cec
32ef
4ef2
33f5
50f8
34fb
52fe
3501
5404
3607
560a
370d
5810
3813
5a16
3919
5c1c
3a1f
5e22
3b25
6028
3c2b
622e
3d31
6434
3e37
663a
3f3d
6840
4043
6a46
4149
6c4c
424f
6e52
4355
7058
445b
725e
4561
7464
4667
766a
476d
7870
4873
7a76
4979
7c7c
4a7f
7e82
4b85
8088
4c8b
828e
4d91
8494
4e97
869a
4f9d
88a0
50a3
8aa6
51a9
8cac
52af
8eb2
53b5
90b8
54bb
92be
55c1
94c4
56c7
96ca
57cd
98d0
58d3
9ad6
59d9
9cdc
5adf
9ee2
5be5
a0e8
5ceb
a2ee
5df1
a4f4
5ef7
a6fa
5ffd
a800
6003
aa06
6109
ac0c
620f
ae12
6315
b018
641b
b21e
6521
b424
6627
b62a
672d
b830
6833
ba36
6939
bc3c
6a3f
be42
6b45
c048
6c4b
c24e
6d51
c454
6e57
c65a
6f5d
c860
7063
ca66
7169
cc6c
726f
ce72
7375
d078
747b
d27e
7581
d484
7687
d68a
778d
d890
7893
da96
7999
dc9c
7a9f
dea2
7ba5
e0a8
7cab
e2ae
7db1
e4b4
7eb7
e6ba
7fbd
e8c0
80c3
eac6
81c9
eccc
82cf
eed2
83d5
f0d8
84db
f2de
85e1
f4e4
86e7
f6ea
87ed
f8f0
88f3
faf6
89f9
fcfc
8aff
fe02
8b05
0008
8c0b
020e
8d11
0414
8e17
061a
8f1d
0820
9023
0a26
9129
0c2c
922f
0e32
9335
1038
943b
123e
9541
1444
9647
164a
974d
1850
9853
1a56
9959
1c5c
9a5f
1e62
9b65
2068
9c6b
226e
9d71
2474
9e77
267a
9f7d
2880
a083
2a86
a189
2c8c
a28f
2e92
a395
3098
a49b
329e
a5a1
34a4
a6a7
36aa
a7ad
38b0
a8b3
3ab6
a9b9
3cbc
aabf
3ec2
abc5
40c8
accb
42ce
add1
44d4
aed7
46da
afdd
48e0
b0e3
4ae6
b1e9
4cec
b2ef
4ef2
b3f5
50f8
b4fb
52fe
b501
5404
b607
560a
b70d
5810
b813
5a16
b919
5c1c
ba1f
5e22
bb25
6028
bc2b
622e
bd31
6434
be37
663a
bf3d
6840
c043
6a46
c149
6c4c
c24f
6e52
c355
7058
c45b
725e
c561
7464
c667
766a
c76d
7870
c873
7a76
c979
7c7c
ca7f
7e82
cb85
8088
cc8b
828e
cd91
8494
ce97
869a
cf9d
88a0
d0a3
8aa6
d1a9
8cac
d2af
8eb2
d3b5
90b8
d4bb
92be
d5c1
94c4
d6c7
96ca
d7cd
98d0
d8d3
9ad6
d9d9
9cdc
dadf
9ee2
dbe5
a0e8
dceb
a2ee
ddf1
a4f4
def7
a6fa
dffd
a800
e003
aa06
e109
ac0c
e20f
ae12
e315
b018
e41b
b21e
e521
b424
e627
b62a
e72d
b830
e833
ba36
e939
bc3c
ea3f
be42
eb45
c048
ec4b
c24e
ed51
c454
ee57
c65a
ef5d
c860
f063
ca66
f169
cc6c
f26f
ce72
f375
d078
f47b
d27e
f581
d484
f687
d68a
f78d
d890
f893
da96
f999
dc9c
fa9f
dea2
fba5
e0a8
fcab
e2ae
fdb1
e4b4
feb7
e6ba
ffbd
e8c0
00c3
eac6
01c9
eccc
02cf
eed2
03d5
f0d8
04db
f2de
05e1
f4e4
06e7
f6ea
07ed
f8f0
08f3
faf6
09f9
fcfc
0aff
fe02
0b05
0008
0c0b
020e
0d11
0414
0e17
061a
0f1d
0820
1023
0a26
1129
0c2c
122f
0e32
1335
1038
143b
123e
1541
1444
1647
164a
174d
1850
1853
1a56
1959
1c5c
1a5f
1e62
1b65
2068
1c6b
226e
1d71
2474
1e77
267a
1f7d
2880
2083
2a86
2189
2c8c
228f
2e92
2395
3098
249b
329e
25a1
34a4
26a7
36aa
27ad
38b0
28b3
3ab6
29b9
3cbc
2abf
3ec2
2bc5
40c8
2ccb
42ce
2dd1
44d4
2ed7
46da
2fdd
48e0
30e3
4ae6
31e9
4cec
32ef
4ef2
33f5
50f8
34fb
52fe
3501
5404
3607
560a
370d
5810
3813
5a16
3919
5c1c
3a1f
5e22
3b25
6028
3c2b
622e
3d31
6434
3e37
663a
3f3d
6840
4043
6a46
4149
6c4c
424f
6e52
4355
7058
445b
725e
4561
7464
4667
766a
476d
7870
4873
7a76
4979
7c7c
4a7f
7e82
4b85
8088
4c8b
828e
4d91
8494
4e97
869a
4f9d
88a0
50a3
8aa6
51a9
8cac
52af
8eb2
53b5
90b8
54bb
92be
55c1
94c4
56c7
96ca
57cd
98d0
58d3
9ad6
59d9
9cdc
5adf
9ee2
5be5
a0e8
5ceb
a2ee
5df1
a4f4
5ef7
a6fa
5ffd
a800
6003
aa06
6109
ac0c
620f
ae12
6315
b018
641b
b21e
6521
b424
6627
b62a
672d
b830
6833
ba36
6939
bc3c
6a3f
be42
6b45
c048
6c4b
c24e
6d51
c454
6e57
c65a
6f5d
c860
7063
ca66
7169
cc6c
726f
ce72
7375
d078
747b
d27e
7581
d484
7687
d68a
778d
d890
7893
da96
7999
dc9c
7a9f
dea2
7ba5
e0a8
7cab
e2ae
7db1
e4b4
7eb7
e6ba
7fbd
e8c0
80c3
eac6
81c9
eccc
82cf
eed2
83d5
f0d8
84db
f2de
85e1
f4e4
86e7
f6ea
87ed
f8f0
88f3
faf6
89f9
fcfc
8aff
fe02
8b05
0008
8c0b
020e
8d11
0414
8e17
061a
8f1d
0820
9023
0a26
9129
0c2c
922f
0e32
9335
1038
943b
123e
9541
1444
9647
164a
974d
1850
9853
1a56
9959
1c5c
9a5f
1e62
9b65
2068
9c6b
226e
9d71
2474
9e77
267a
9f7d
2880
a083
2a86
a189
2c8c
a28f
2e92
a395
3098
a49b
329e
a5a1
34a4
a6a7
36aa
a7ad
38b0
a8b3
3ab6
a9b9
3cbc
aabf
3ec2
abc5
40c8
accb
42ce
add1
44d4
aed7
46da
afdd
48e0
b0e3
4ae6
b1e9
4cec
b2ef
4ef2
b3f5
50f8
b4fb
52fe
b501
5404
b607
560a
b70d
5810
b813
5a16
b919
5c1c
ba1f
5e22
bb25
6028
bc2b
622e
bd31
6434
be37
663a
bf3d
6840
c043
6a46
c149
6c4c
c24f
6e52
c355
7058
c45b
725e
c561
7464
c667
766a
c76d
7870
c873
7a76
c979
7c7c
ca7f
7e82
cb85
8088
cc8b
828e
cd91
8494
ce97
869a
cf9d
88a0
d0a3
8aa6
d1a9
8cac
d2af
8eb2
d3b5
90b8
d4bb
92be
d5c1
94c4
d6c7
96ca
d7cd
98d0
d8d3
9ad6
d9d9
9cdc
dadf
9ee2
dbe5
a0e8
dceb
a2ee
ddf1
a4f4
def7
a6fa
dffd
a800
e003
aa06
e109
ac0c
e20f
ae12
e315
b018
e41b
b21e
e521
b424
e627
b62a
e72d
b830
e833
ba36
e939
bc3c
ea3f
be42
eb45
c048
ec4b
c24e
ed51
c454
ee57
c65a
ef5d
c860
f063
ca66
f169
cc6c
f26f
ce72
f375
d078
f47b
d27e
f581
d484
f687
d68a
f78d
d890
f893
da96
f999
dc9c
fa9f
dea2
fba5
e0a8
fcab
e2ae
fdb1
e4b4
feb7
e6ba
ffbd
e8c0
00c3
eac6
01c9
eccc
02cf
eed2
03d5
f0d8
04db
f2de
05e1
f4e4
06e7
f6ea
07ed
f8f0
08f3
faf6
09f9
fcfc
0aff
fe02
0b05
0008
0c0b
020e
0d11
0414
0e17
061a
0f1d
0820
1023
0a26
1129
0c2c
122f
0e32
1335
1038
143b
123e
1541
1444
1647
164a
174d
1850
1853
1a56
1959
1c5c
1a5f
1e62
1b65
2068
1c6b
226e
1d71
2474
1e77
267a
1f7d
2880
2083
2a86
2189
2c8c
228f
2e92
2395
3098
249b
329e
25a1
34a4
26a7
36aa
27ad
38b0
28b3
3ab6
29b9
3cbc
2abf
3ec2
2bc5
40c8
2ccb
42ce
2dd1
44d4
2ed7
46da
2fdd
48e0
30e3
4ae6
31e9
4cec
32ef
4ef2
33f5
50f8
34fb
52fe
3501
5404
3607
560a
370d
5810
3813
5a16
3919
5c1c
3a1f
5e22
3b25
6028
3c2b
622e
3d31
6434
3e37
663a
3f3d
6840
4043
6a46
4149
6c4c
424f
6e52
4355
7058
445b
725e
4561
7464
4667
766a
476d
7870
4873
7a76
4979
7c7c
4a7f
7e82
4b85
8088
4c8b
828e
4d91
8494
4e97
869a
4f9d
88a0
50a3
8aa6
51a9
8cac
52af
8eb2
53b5
90b8
54bb
92be
55c1
94c4
56c7
96ca
57cd
98d0
58d3
9ad6
59d9
9cdc
5adf
9ee2
5be5
a0e8
5ceb
a2ee
5df1
a4f4
5ef7
a6fa
5ffd
a800
6003
aa06
6109
ac0c
620f
ae12
6315
b018
641b
b21e
6521
b424
6627
b62a
672d
b830
6833
ba36
6939
bc3c
6a3f
be42
6b45
c048
6c4b
c24e
6d51
c454
6e57
c65a
6f5d
c860
7063
ca66
7169
cc6c
726f
ce72
7375
d078
747b
d27e
7581
d484
7687
d68a
778d
d890
7893
da96
7999
dc9c
7a9f
dea2
7ba5
e0a8
7cab
e2ae
7db1
e4b4
7eb7
e6ba
7fbd
e8c0
80c3
eac6
81c9
eccc
82cf
eed2
83d5
f0d8
84db
f2de
85e1
f4e4
86e7
f6ea
87ed
f8f0
88f3
faf6
89f9
fcfc
8aff
fe02
8b05
0008
8c0b
020e
8d11
0414
8e17
061a
8f1d
0820
9023
0a26
9129
0c2c
922f
0e32
9335
1038
943b
123e
9541
1444
9647
164a
974d
1850
9853
1a56
9959
1c5c
9a5f
1e62
9b65
2068
9c6b
226e
9d71
2474
9e77
267a
9f7d
2880
a083
2a86
a189
2c8c
a28f
2e92
a395
3098
a49b
329e
a5a1
34a4
a6a7
36aa
a7ad
38b0
a8b3
3ab6
a9b9
3cbc
aabf
3ec2
abc5
40c8
accb
42ce
add1
44d4
aed7
46da
afdd
48e0
b0e3
4ae6
b1e9
4cec
b2ef
4ef2
b3f5
50f8
b4fb
52fe
b501
5404
b607
560a
b70d
5810
b813
5a16
b919
5c1c
ba1f
5e22
bb25
6028
bc2b
622e
bd31
6434
be37
663a
bf3d
6840
c043
6a46
c149
6c4c
c24f
6e52
c355
7058
c45b
725e
c561
7464
c667
766a
c76d
7870
c873
7a76
c979
7c7c
ca7f
7e82
cb85
8088
cc8b
828e
cd91
8494
ce97
869a
cf9d
88a0
d0a3
8aa6
d1a9
8cac
d2af
8eb2
d3b5
90b8
d4bb
92be
d5c1
94c4
d6c7
96ca
d7cd
98d0
d8d3
9ad6
d9d9
9cdc
dadf
9ee2
dbe5
a0e8
dceb
a2ee
ddf1
a4f4
def7
a6fa
dffd
a800
e003
aa06
e109
ac0c
e20f
ae12
e315
b018
e41b
b21e
e521
b424
e627
b62a
e72d
b830
e833
ba36
e939
bc3c
ea3f
be42
eb45
c048
ec4b
c24e
ed51
c454
ee57
c65a
ef5d
c860
f063
ca66
f169
cc6c
f26f
ce72
f375
d078
f47b
d27e
f581
d484
f687
d68a
f78d
d890
f893
da96
f999
dc9c
fa9f
dea2
fba5
e0a8
fcab
e2ae
fdb1
e4b4
feb7
e6ba
ffbd
e8c0
00c3
eac6
01c9
eccc
02cf
eed2
03d5
f0d8
04db
f2de
05e1
f4e4
06e7
f6ea
07ed
f8f0
08f3
faf6
09f9
fcfc
0aff
fe02
0b05
0008
0c0b
020e
0d11
0414
0e17
061a
0f1d
0820
1023
0a26
1129
0c2c
122f
0e32
1335
1038
143b
123e
1541
1444
1647
164a
174d
1850
1853
1a56
1959
1c5c
1a5f
1e62
1b65
2068
1c6b
226e
1d71
2474
1e77
267a
1f7d
2880
2083
2a86
2189
2c8c
228f
2e92
2395
3098
249b
329e
25a1
34a4
26a7
36aa
27ad
38b0
28b3
3ab6
29b9
3cbc
2abf
3ec2
2bc5
40c8
2ccb
42ce
2dd1
44d4
2ed7
46da
2fdd
48e0
30e3
4ae6
31e9
4cec
32ef
4ef2
33f5
50f8
34fb
52fe
3501
5404
3607
560a
370d
5810
3813
5a16
3919
5c1c
3a1f
5e22
3b25
6028
3c2b
622e
3d31
6434
3e37
663a
3f3d
6840
4043
6a46
4149
6c4c
424f
6e52
4355
7058
445b
725e
4561
7464
4667
766a
476d
7870
4873
7a76
4979
7c7c
4a7f
7e82
4b85
8088
4c8b
828e
4d91
8494
4e97
869a
4f9d
88a0
50a3
8aa6
51a9
8cac
52af
8eb2
53b5
90b8
54bb
92be
55c1
94c4
56c7
96ca
57cd
98d0
58d3
9ad6
59d9
9cdc
5adf
9ee2
5be5
a0e8
5ceb
a2ee
5df1
a4f4
5ef7
a6fa
5ffd
a800
6003
aa06
6109
ac0c
620f
ae12
6315
b018
641b
b21e
6521
b424
6627
b62a
672d
b830
6833
ba36
6939
bc3c
6a3f
be42
6b45
c048
6c4b
c24e
6d51
c454
6e57
c65a
6f5d
c860
7063
ca66
7169
cc6c
726f
ce72
7375
d078
747b
d27e
7581
d484
7687
d68a
778d
5912
bb15
5b18
bc1b
5d1e
bd21
5f24
be27
612a
bf2d
6330
c033
6536
c139
673c
c23f
6942
c345
6b48
c44b
6d4e
c551
6f54
c657
715a
c75d
7360
c863
7566
c969
776c
ca6f
7972
cb75
7b78
cc7b
7d7e
cd81
7f84
ce87
818a
cf8d
8390
d093
8596
d199
879c
d29f
89a2
d3a5
8ba8
d4ab
8dae
d5b1
8fb4
d6b7
91ba
d7bd
93c0
d8c3
95c6
d9c9
97cc
dacf
99d2
dbd5
9bd8
dcdb
9dde
dde1
9fe4
dee7
a1ea
dfed
a3f0
e0f3
a5f6
e1f9
a7fc
e2ff
a902
e305
ab08
e40b
ad0e
e511
af14
e617
b11a
e71d
b320
e823
b526
e929
b72c
ea2f
b932
eb35
bb38
ec3b
bd3e
ed41
bf44
ee47
c14a
ef4d
c350
f053
c556
f159
c75c
f25f
c962
f365
cb68
f46b
cd6e
f571
cf74
f677
d17a
f77d
d380
f883
d586
f989
d78c
fa8f
d992
fb95
db98
fc9b
dd9e
fda1
dfa4
fea7
e1aa
ffad
e3b0
00b3
e5b6
01b9
e7bc
02bf
e9c2
03c5
ebc8
04cb
edce
05d1
efd4
06d7
f1da
07dd
f3e0
08e3
f5e6
09e9
f7ec
0aef
f9f2
0bf5
fbf8
0cfb
fdfe
0d01
ff04
0e07
010a
0f0d
0310
1013
0516
1119
071c
121f
0922
1325
0b28
142b
0d2e
1531
0f34
1637
113a
173d
1340
1843
1546
1949
174c
1a4f
1952
1b55
1b58
1c5b
1d5e
1d61
1f64
1e67
216a
1f6d
2370
2073
2576
2179
277c
227f
2982
2385
2b88
248b
2d8e
2591
2f94
2697
319a
279d
33a0
28a3
35a6
29a9
37ac
2aaf
39b2
2bb5
3bb8
2cbb
3dbe
2dc1
3fc4
2ec7
41ca
2fcd
43d0
30d3
45d6
31d9
47dc
32df
49e2
33e5
4be8
34eb
4dee
35f1
4ff4
36f7
51fa
37fd
5300
3803
5506
3909
570c
3a0f
5912
3b15
5b18
3c1b
5d1e
3d21
5f24
3e27
612a
3f2d
6330
4033
6536
4139
673c
423f
6942
4345
6b48
444b
6d4e
4551
6f54
4657
715a
475d
7360
4863
7566
4969
776c
4a6f
7972
4b75
7b78
4c7b
7d7e
4d81
7f84
4e87
818a
4f8d
8390
5093
8596
5199
879c
529f
89a2
53a5
8ba8
54ab
8dae
55b1
8fb4
56b7
91ba
57bd
93c0
58c3
95c6
59c9
97cc
5acf
99d2
5bd5
9bd8
5cdb
9dde
5de1
9fe4
5ee7
a1ea
5fed
a3f0
60f3
a5f6
61f9
a7fc
62ff
a902
6305
ab08
640b
ad0e
6511
af14
6617
b11a
671d
b320
6823
b526
6929
b72c
6a2f
b932
6b35
bb38
6c3b
bd3e
6d41
bf44
6e47
c14a
6f4d
c350
7053
c556
7159
c75c
725f
c962
7365
cb68
746b
cd6e
7571
cf74
7677
d17a
777d
d380
7883
d586
7989
d78c
7a8f
d992
7b95
db98
7c9b
dd9e
7da1
dfa4
7ea7
e1aa
7fad
e3b0
80b3
e5b6
81b9
e7bc
82bf
e9c2
83c5
ebc8
84cb
edce
85d1
efd4
86d7
f1da
87dd
f3e0
88e3
f5e6
89e9
f7ec
8aef
f9f2
8bf5
fbf8
8cfb
fdfe
8d01
ff04
8e07
010a
8f0d
0310
9013
0516
9119
071c
921f
0922
9325
0b28
942b
0d2e
9531
0f34
9637
113a
973d
1340
9843
1546
9949
174c
9a4f
1952
9b55
1b58
9c5b
1d5e
9d61
1f64
9e67
216a
9f6d
2370
a073
2576
a179
277c
a27f
2982
a385
2b88
a48b
2d8e
a591
2f94
a697
319a
a79d
33a0
a8a3
35a6
a9a9
37ac
aaaf
39b2
abb5
3bb8
acbb
3dbe
adc1
3fc4
aec7
41ca
afcd
43d0
b0d3
45d6
b1d9
47dc
b2df
49e2
b3e5
4be8
b4eb
4dee
b5f1
4ff4
b6f7
51fa
b7fd
5300
b803
5506
b909
570c
ba0f
5912
bb15
5b18
bc1b
5d1e
bd21
5f24
be27
612a
bf2d
6330
c033
6536
c139
673c
c23f
6942
c345
6b48
c44b
6d4e
c551
6f54
c657
715a
c75d
7360
c863
7566
c969
776c
ca6f
7972
cb75
7b78
cc7b
7d7e
cd81
7f84
ce87
818a
cf8d
8390
d093
8596
d199
879c
d29f
89a2
d3a5
8ba8
d4ab
8dae
d5b1
8fb4
d6b7
91ba
d7bd
93c0
d8c3
95c6
d9c9
97cc
dacf
99d2
dbd5
9bd8
dcdb
9dde
dde1
9fe4
dee7
a1ea
dfed
a3f0
e0f3
a5f6
e1f9
a7fc
e2ff
a902
e305
ab08
e40b
ad0e
e511
af14
e617
b11a
e71d
b320
e823
b526
e929
b72c
ea2f
b932
eb35
bb38
ec3b
bd3e
ed41
bf44
ee47
c14a
ef4d
c350
f053
c556
f159
c75c
f25f
c962
f365
cb68
f46b
cd6e
f571
cf74
f677
d17a
f77d
d380
f883
d586
f989
d78c
fa8f
d992
fb95
db98
fc9b
dd9e
fda1
dfa4
fea7
e1aa
ffad
e3b0
00b3
e5b6
01b9
e7bc
02bf
e9c2
03c5
ebc8
04cb
edce
05d1
efd4
06d7
f1da
07dd
f3e0
08e3
f5e6
09e9
f7ec
0aef
f9f2
0bf5
fbf8
0cfb
fdfe
0d01
ff04
0e07
010a
0f0d
0310
1013
0516
1119
071c
121f
0922
1325
0b28
142b
0d2e
1531
0f34
1637
113a
173d
1340
1843
1546
1949
174c
1a4f
1952
1b55
1b58
1c5b
1d5e
1d61
1f64
1e67
216a
1f6d
2370
2073
2576
2179
277c
227f
2982
2385
2b88
248b
2d8e
2591
2f94
2697
319a
279d
33a0
28a3
35a6
29a9
37ac
2aaf
39b2
2bb5
3bb8
2cbb
3dbe
2dc1
3fc4
2ec7
41ca
2fcd
43d0
30d3
45d6
31d9
47dc
32df
49e2
33e5
4be8
34eb
4dee
35f1
4ff4
36f7
51fa
37fd
5300
3803
5506
3909
570c
3a0f
5912
3b15
5b18
3c1b
5d1e
3d21
5f24
3e27
612a
3f2d
6330
4033
6536
4139
673c
423f
6942
4345
6b48
444b
6d4e
4551
6f54
4657
715a
475d
7360
4863
7566
4969
776c
4a6f
7972
4b75
7b78
4c7b
7d7e
4d81
7f84
4e87
818a
4f8d
8390
5093
8596
5199
879c
529f
89a2
53a5
8ba8
54ab
8dae
55b1
8fb4
56b7
91ba
57bd
93c0
58c3
95c6
59c9
97cc
5acf
99d2
5bd5
9bd8
5cdb
9dde
5de1
9fe4
5ee7
a1ea
5fed
a3f0
60f3
a5f6
61f9
a7fc
62ff
a902
6305
ab08
640b
ad0e
6511
af14
6617
b11a
671d
b320
6823
b526
6929
b72c
6a2f
b932
6b35
bb38
6c3b
bd3e
6d41
bf44
6e47
c14a
6f4d
c350
7053
c556
7159
c75c
725f
c962
7365
cb68
746b
cd6e
7571
cf74
7677
d17a
777d
d380
7883
d586
7989
d78c
7a8f
d992
7b95
db98
7c9b
dd9e
7da1
dfa4
7ea7
e1aa
7fad
e3b0
80b3
e5b6
81b9
e7bc
82bf
e9c2
83c5
ebc8
84cb
edce
85d1
efd4
86d7
f1da
87dd
f3e0
88e3
f5e6
89e9
f7ec
8aef
f9f2
8bf5
fbf8
8cfb
fdfe
8d01
ff04
8e07
010a
8f0d
0310
9013
0516
9119
071c
921f
0922
9325
0b28
942b
0d2e
9531
0f34
9637
113a
973d
1340
9843
1546
9949
174c
9a4f
1952
9b55
1b58
9c5b
1d5e
9d61
1f64
9e67
216a
9f6d
2370
a073
2576
a179
277c
a27f
2982
a385
2b88
a48b
2d8e
a591
2f94
a697
319a
a79d
33a0
a8a3
35a6
a9a9
37ac
aaaf
39b2
abb5
3bb8
acbb
3dbe
adc1
3fc4
aec7
41ca
afcd
43d0
b0d3
45d6
b1d9
47dc
b2df
49e2
b3e5
4be8
b4eb
4dee
b5f1
4ff4
b6f7
51fa
b7fd
5300
b803
5506
b909
570c
ba0f
5912
bb15
5b18
bc1b
5d1e
bd21
5f24
be27
612a
bf2d
6330
c033
6536
c139
673c
c23f
6942
c345
6b48
c44b
6d4e
c551
6f54
c657
715a
c75d
7360
c863
7566
c969
776c
ca6f
7972
cb75
7b78
cc7b
7d7e
cd81
7f84
ce87
818a
cf8d
8390
d093
8596
d199
879c
d29f
89a2
d3a5
8ba8
d4ab
8dae
d5b1
8fb4
d6b7
91ba
d7bd
93c0
d8c3
95c6
d9c9
97cc
dacf
99d2
dbd5
9bd8
dcdb
9dde
dde1
9fe4
dee7
a1ea
dfed
a3f0
e0f3
a5f6
e1f9
a7fc
e2ff
a902
e305
ab08
e40b
ad0e
e511
af14
e617
b11a
e71d
b320
e823
b526
e929
b72c
ea2f
b932
eb35
bb38
ec3b
bd3e
ed41
bf44
ee47
c14a
ef4d
c350
f053
c556
f159
c75c
f25f
c962
f365
cb68
f46b
cd6e
f571
cf74
f677
d17a
f77d
d380
f883
d586
f989
d78c
fa8f
d992
fb95
db98
fc9b
dd9e
fda1
dfa4
fea7
e1aa
ffad
e3b0
00b3
e5b6
01b9
e7bc
02bf
e9c2
03c5
ebc8
04cb
edce
05d1
efd4
06d7
f1da
07dd
f3e0
08e3
f5e6
09e9
f7ec
0aef
f9f2
0bf5
fbf8
0cfb
fdfe
0d01
ff04
0e07
010a
0f0d
0310
1013
0516
1119
071c
121f
0922
1325
0b28
142b
0d2e
1531
0f34
1637
113a
173d
1340
1843
1546
1949
174c
1a4f
1952
1b55
1b58
1c5b
1d5e
1d61
1f64
1e67
216a
1f6d
2370
2073
2576
2179
277c
227f
2982
2385
2b88
248b
2d8e
2591
2f94
2697
319a
279d
33a0
28a3
35a6
29a9
37ac
2aaf
39b2
2bb5
3bb8
2cbb
3dbe
2dc1
3fc4
2ec7
41ca
2fcd
43d0
30d3
45d6
31d9
47dc
32df
49e2
33e5
4be8
34eb
4dee
35f1
4ff4
36f7
51fa
37fd
5300
3803
5506
3909
570c
3a0f
5912
3b15
5b18
3c1b
5d1e
3d21
5f24
3e27
612a
3f2d
6330
4033
6536
4139
673c
423f
6942
4345
6b48
444b
6d4e
4551
6f54
4657
715a
475d
7360
4863
7566
4969
776c
4a6f
7972
4b75
7b78
4c7b
7d7e
4d81
7f84
4e87
818a
4f8d
8390
5093
8596
5199
879c
529f
89a2
53a5
8ba8
54ab
8dae
55b1
8fb4
56b7
91ba
57bd
93c0
58c3
95c6
59c9
97cc
5acf
99d2
5bd5
9bd8
5cdb
9dde
5de1
9fe4
5ee7
a1ea
5fed
a3f0
60f3
a5f6
61f9
a7fc
62ff
a902
6305
ab08
640b
ad0e
6511
af14
6617
b11a
671d
b320
6823
b526
6929
b72c
6a2f
b932
6b35
bb38
6c3b
bd3e
6d41
bf44
6e47
c14a
6f4d
c350
7053
c556
7159
c75c
725f
c962
7365
cb68
746b
cd6e
7571
cf74
7677
d17a
777d
d380
7883
d586
7989
d78c
7a8f
d992
7b95
db98
7c9b
dd9e
7da1
dfa4
7ea7
e1aa
7fad
e3b0
80b3
e5b6
81b9
e7bc
82bf
e9c2
83c5
ebc8
84cb
edce
85d1
efd4
86d7
f1da
87dd
f3e0
88e3
f5e6
89e9
f7ec
8aef
f9f2
8bf5
fbf8
8cfb
fdfe
8d01
ff04
8e07
010a
8f0d
0310
9013
0516
9119
071c
921f
0922
9325
0b28
942b
0d2e
9531
0f34
9637
113a
973d
1340
9843
1546
9949
174c
9a4f
1952
9b55
1b58
9c5b
1d5e
9d61
1f64
9e67
216a
9f6d
2370
a073
2576
a179
277c
a27f
2982
a385
2b88
a48b
2d8e
a591
2f94
a697
319a
a79d
33a0
a8a3
35a6
a9a9
37ac
aaaf
39b2
abb5
3bb8
acbb
3dbe
adc1
3fc4
aec7
41ca
afcd
43d0
b0d3
45d6
b1d9
47dc
b2df
49e2
b3e5
4be8
b4eb
4dee
b5f1
4ff4
b6f7
51fa
b7fd
5300
b803
5506
b909
570c
ba0f
5912
bb15
5b18
bc1b
5d1e
bd21
5f24
be27
612a
bf2d
6330
c033
6536
c139
673c
c23f
6942
c345
6b48
c44b
6d4e
c551
6f54
c657
715a
c75d
7360
c863
7566
c969
776c
ca6f
7972
cb75
7b78
cc7b
7d7e
cd81
7f84
ce87
818a
cf8d
8390
d093
8596
d199
879c
d29f
89a2
d3a5
8ba8
d4ab
8dae
d5b1
8fb4
d6b7
91ba
d7bd
93c0
d8c3
95c6
d9c9
97cc
dacf
99d2
dbd5
9bd8
dcdb
9dde
dde1
9fe4
dee7
a1ea
dfed
a3f0
e0f3
a5f6
e1f9
a7fc
e2ff
a902
e305
ab08
e40b
ad0e
e511
af14
e617
b11a
e71d
b320
e823
b526
e929
b72c
ea2f
b932
eb35
bb38
ec3b
bd3e
ed41
bf44
ee47
c14a
ef4d
c350
f053
c556
f159
c75c
f25f
c962
f365
cb68
f46b
cd6e
f571
cf74
f677
d17a
f77d
d380
f883
d586
f989
d78c
fa8f
d992
fb95
db98
fc9b
dd9e
fda1
dfa4
fea7
e1aa
ffad
e3b0
00b3
e5b6
01b9
e7bc
02bf
e9c2
03c5
ebc8
04cb
edce
05d1
efd4
06d7
f1da
07dd
f3e0
08e3
f5e6
09e9
f7ec
0aef
f9f2
0bf5
fbf8
0cfb
fdfe
0d01
ff04
0e07
010a
0f0d
0310
1013
0516
1119
071c
121f
0922
1325
0b28
142b
0d2e
1531
0f34
1637
113a
173d
1340
1843
1546
1949
174c
1a4f
1952
1b55
1b58
1c5b
1d5e
1d61
1f64
1e67
216a
1f6d
2370
2073
2576
2179
277c
227f
2982
2385
2b88
248b
2d8e
2591
2f94
2697
319a
279d
33a0
28a3
35a6
29a9
37ac
2aaf
39b2
2bb5
3bb8
2cbb
3dbe
2dc1
3fc4
2ec7
41ca
2fcd
43d0
30d3
45d6
31d9
47dc
32df
49e2
33e5
4be8
34eb
4dee
35f1
4ff4
36f7
51fa
37fd
5300
3803
5506
3909
570c
3a0f
5912
3b15
5b18
3c1b
5d1e
3d21
5f24
3e27
612a
3f2d
6330
4033
6536
4139
673c
423f
6942
4345
6b48
444b
6d4e
4551
6f54
4657
715a
475d
7360
4863
7566
4969
776c
4a6f
7972
4b75
7b78
4c7b
7d7e
4d81
7f84
4e87
818a
4f8d
8390
5093
8596
5199
879c
529f
89a2
53a5
8ba8
54ab
8dae
55b1
8fb4
56b7
91ba
57bd
93c0
58c3
95c6
59c9
97cc
5acf
99d2
5bd5
9bd8
5cdb
9dde
5de1
9fe4
5ee7
a1ea
5fed
a3f0
60f3
a5f6
61f9
a7fc
62ff
a902
6305
ab08
640b
ad0e
6511
af14
6617
b11a
671d
b320
6823
b526
6929
b72c
6a2f
b932
6b35
bb38
6c3b
bd3e
6d41
bf44
6e47
c14a
6f4d
c350
7053
c556
7159
c75c
725f
c962
7365
cb68
746b
cd6e
7571
cf74
7677
d17a
777d
d380
7883
d586
7989
d78c
7a8f
5a14
be17
5c1a
bf1d
5e20
c023
6026
c129
622c
c22f
6432
c335
6638
c43b
683e
c541
6a44
c647
6c4a
c74d
6e50
c853
7056
c959
725c
ca5f
7462
cb65
7668
cc6b
786e
cd71
7a74
ce77
7c7a
cf7d
7e80
d083
8086
d189
828c
d28f
8492
d395
8698
d49b
889e
d5a1
8aa4
d6a7
8caa
d7ad
8eb0
d8b3
90b6
d9b9
92bc
dabf
94c2
dbc5
96c8
dccb
98ce
ddd1
9ad4
ded7
9cda
dfdd
9ee0
e0e3
a0e6
e1e9
a2ec
e2ef
a4f2
e3f5
a6f8
e4fb
a8fe
e501
aa04
e607
ac0a
e70d
ae10
e813
b016
e919
b21c
ea1f
b422
eb25
b628
ec2b
b82e
ed31
ba34
ee37
bc3a
ef3d
be40
f043
c046
f149
c24c
f24f
c452
f355
c658
f45b
c85e
f561
ca64
f667
cc6a
f76d
ce70
f873
d076
f979
d27c
fa7f
d482
fb85
d688
fc8b
d88e
fd91
da94
fe97
dc9a
ff9d
dea0
00a3
e0a6
01a9
e2ac
02af
e4b2
03b5
e6b8
04bb
e8be
05c1
eac4
06c7
ecca
07cd
eed0
08d3
f0d6
09d9
f2dc
0adf
f4e2
0be5
f6e8
0ceb
f8ee
0df1
faf4
0ef7
fcfa
0ffd
fe00
1003
0006
1109
020c
120f
0412
1315
0618
141b
081e
1521
0a24
1627
0c2a
172d
0e30
1833
1036
1939
123c
1a3f
1442
1b45
1648
1c4b
184e
1d51
1a54
1e57
1c5a
1f5d
1e60
2063
2066
2169
226c
226f
2472
2375
2678
247b
287e
2581
2a84
2687
2c8a
278d
2e90
2893
3096
2999
329c
2a9f
34a2
2ba5
36a8
2cab
38ae
2db1
3ab4
2eb7
3cba
2fbd
3ec0
30c3
40c6
31c9
42cc
32cf
44d2
33d5
46d8
34db
48de
35e1
4ae4
36e7
4cea
37ed
4ef0
38f3
50f6
39f9
52fc
3aff
5402
3b05
5608
3c0b
580e
3d11
5a14
3e17
5c1a
3f1d
5e20
4023
6026
4129
622c
422f
6432
4335
6638
443b
683e
4541
6a44
4647
6c4a
474d
6e50
4853
7056
4959
725c
4a5f
7462
4b65
7668
4c6b
786e
4d71
7a74
4e77
7c7a
4f7d
7e80
5083
8086
5189
828c
528f
8492
5395
8698
549b
889e
55a1
8aa4
56a7
8caa
57ad
8eb0
58b3
90b6
59b9
92bc
5abf
94c2
5bc5
96c8
5ccb
98ce
5dd1
9ad4
5ed7
9cda
5fdd
9ee0
60e3
a0e6
61e9
a2ec
62ef
a4f2
63f5
a6f8
64fb
a8fe
6501
aa04
6607
ac0a
670d
ae10
6813
b016
6919
b21c
6a1f
b422
6b25
b628
6c2b
b82e
6d31
ba34
6e37
bc3a
6f3d
be40
7043
c046
7149
c24c
724f
c452
7355
c658
745b
c85e
7561
ca64
7667
cc6a
776d
ce70
7873
d076
7979
d27c
7a7f
d482
7b85
d688
7c8b
d88e
7d91
da94
7e97
dc9a
7f9d
dea0
80a3
e0a6
81a9
e2ac
82af
e4b2
83b5
e6b8
84bb
e8be
85c1
eac4
86c7
ecca
87cd
eed0
88d3
f0d6
89d9
f2dc
8adf
f4e2
8be5
f6e8
8ceb
f8ee
8df1
faf4
8ef7
fcfa
8ffd
fe00
9003
0006
9109
020c
920f
0412
9315
0618
941b
081e
9521
0a24
9627
0c2a
972d
0e30
9833
1036
9939
123c
9a3f
1442
9b45
1648
9c4b
184e
9d51
1a54
9e57
1c5a
9f5d
1e60
a063
2066
a169
226c
a26f
2472
a375
2678
a47b
287e
a581
2a84
a687
2c8a
a78d
2e90
a893
3096
a999
329c
aa9f
34a2
aba5
36a8
acab
38ae
adb1
3ab4
aeb7
3cba
afbd
3ec0
b0c3
40c6
b1c9
42cc
b2cf
44d2
b3d5
46d8
b4db
48de
b5e1
4ae4
b6e7
4cea
b7ed
4ef0
b8f3
50f6
b9f9
52fc
baff
5402
bb05
5608
bc0b
580e
bd11
5a14
be17
5c1a
bf1d
5e20
c023
6026
c129
622c
c22f
6432
c335
6638
c43b
683e
c541
6a44
c647
6c4a
c74d
6e50
c853
7056
c959
725c
ca5f
7462
cb65
7668
cc6b
786e
cd71
7a74
ce77
7c7a
cf7d
7e80
d083
8086
d189
828c
d28f
8492
d395
8698
d49b
889e
d5a1
8aa4
d6a7
8caa
d7ad
8eb0
d8b3
90b6
d9b9
92bc
dabf
94c2
dbc5
96c8
dccb
98ce
ddd1
9ad4
ded7
9cda
dfdd
9ee0
e0e3
a0e6
e1e9
a2ec
e2ef
a4f2
e3f5
a6f8
e4fb
a8fe
e501
aa04
e607
ac0a
e70d
ae10
e813
b016
e919
b21c
ea1f
b422
eb25
b628
ec2b
b82e
ed31
ba34
ee37
bc3a
ef3d
be40
f043
c046
f149
c24c
f24f
c452
f355
c658
f45b
c85e
f561
ca64
f667
cc6a
f76d
ce70
f873
d076
f979
d27c
fa7f
d482
fb85
d688
fc8b
d88e
fd91
da94
fe97
dc9a
ff9d
dea0
00a3
e0a6
01a9
e2ac
02af
e4b2
03b5
e6b8
04bb
e8be
05c1
eac4
06c7
ecca
07cd
eed0
08d3
f0d6
09d9
f2dc
0adf
f4e2
0be5
f6e8
0ceb
f8ee
0df1
faf4
0ef7
fcfa
0ffd
fe00
1003
0006
1109
020c
120f
0412
1315
0618
141b
081e
1521
0a24
1627
0c2a
172d
0e30
1833
1036
1939
123c
1a3f
1442
1b45
1648
1c4b
184e
1d51
1a54
1e57
1c5a
1f5d
1e60
2063
2066
2169
226c
226f
2472
2375
2678
247b
287e
2581
2a84
2687
2c8a
278d
2e90
2893
3096
2999
329c
2a9f
34a2
2ba5
36a8
2cab
38ae
2db1
3ab4
2eb7
3cba
2fbd
3ec0
30c3
40c6
31c9
42cc
32cf
44d2
33d5
46d8
34db
48de
35e1
4ae4
36e7
4cea
37ed
4ef0
38f3
50f6
39f9
52fc
3aff
5402
3b05
5608
3c0b
580e
3d11
5a14
3e17
5c1a
3f1d
5e20
4023
6026
4129
622c
422f
6432
4335
6638
443b
683e
4541
6a44
4647
6c4a
474d
6e50
4853
7056
4959
725c
4a5f
7462
4b65
7668
4c6b
786e
4d71
7a74
4e77
7c7a
4f7d
7e80
5083
8086
5189
828c
528f
8492
5395
8698
549b
889e
55a1
8aa4
56a7
8caa
57ad
8eb0
58b3
90b6
59b9
92bc
5abf
94c2
5bc5
96c8
5ccb
98ce
5dd1
9ad4
5ed7
9cda
5fdd
9ee0
60e3
a0e6
61e9
a2ec
62ef
a4f2
63f5
a6f8
64fb
a8fe
6501
aa04
6607
ac0a
670d
ae10
6813
b016
6919
b21c
6a1f
b422
6b25
b628
6c2b
b82e
6d31
ba34
6e37
bc3a
6f3d
be40
7043
c046
7149
c24c
724f
c452
7355
c658
745b
c85e
7561
ca64
7667
cc6a
776d
ce70
7873
d076
7979
d27c
7a7f
d482
7b85
d688
7c8b
d88e
7d91
da94
7e97
dc9a
7f9d
dea0
80a3
e0a6
81a9
e2ac
82af
e4b2
83b5
e6b8
84bb
e8be
85c1
eac4
86c7
ecca
87cd
eed0
88d3
f0d6
89d9
f2dc
8adf
f4e2
8be5
f6e8
8ceb
f8ee
8df1
faf4
8ef7
fcfa
8ffd
fe00
9003
0006
9109
020c
920f
0412
9315
0618
941b
081e
9521
0a24
9627
0c2a
972d
0e30
9833
1036
9939
123c
9a3f
1442
9b45
1648
9c4b
184e
9d51
1a54
9e57
1c5a
9f5d
1e60
a063
2066
a169
226c
a26f
2472
a375
2678
a47b
287e
a581
2a84
a687
2c8a
a78d
2e90
a893
3096
a999
329c
aa9f
34a2
aba5
36a8
acab
38ae
adb1
3ab4
aeb7
3cba
afbd
3ec0
b0c3
40c6
b1c9
42cc
b2cf
44d2
b3d5
46d8
b4db
48de
b5e1
4ae4
b6e7
4cea
b7ed
4ef0
b8f3
50f6
b9f9
52fc
baff
5402
bb05
5608
bc0b
580e
bd11
5a14
be17
5c1a
bf1d
5e20
c023
6026
c129
622c
c22f
6432
c335
6638
c43b
683e
c541
6a44
c647
6c4a
c74d
6e50
c853
7056
c959
725c
ca5f
7462
cb65
7668
cc6b
786e
cd71
7a74
ce77
7c7a
cf7d
7e80
d083
8086
d189
828c
d28f
8492
d395
8698
d49b
889e
d5a1
8aa4
d6a7
8caa
d7ad
8eb0
d8b3
90b6
d9b9
92bc
dabf
94c2
dbc5
96c8
dccb
98ce
ddd1
9ad4
ded7
9cda
dfdd
9ee0
e0e3
a0e6
e1e9
a2ec
e2ef
a4f2
e3f5
a6f8
e4fb
a8fe
e501
aa04
e607
ac0a
e70d
ae10
e813
b016
e919
b21c
ea1f
b422
eb25
b628
ec2b
b82e
ed31
ba34
ee37
bc3a
ef3d
be40
f043
c046
f149
c24c
f24f
c452
f355
c658
f45b
c85e
f561
ca64
f667
cc6a
f76d
ce70
f873
d076
f979
d27c
fa7f
d482
fb85
d688
fc8b
d88e
fd91
da94
fe97
dc9a
ff9d
dea0
00a3
e0a6
01a9
e2ac
02af
e4b2
03b5
e6b8
04bb
e8be
05c1
eac4
06c7
ecca
07cd
eed0
08d3
f0d6
09d9
f2dc
0adf
f4e2
0be5
f6e8
0ceb
f8ee
0df1
faf4
0ef7
fcfa
0ffd
fe00
1003
0006
1109
020c
120f
0412
1315
0618
141b
081e
1521
0a24
1627
0c2a
172d
0e30
1833
1036
1939
123c
1a3f
1442
1b45
1648
1c4b
184e
1d51
1a54
1e57
1c5a
1f5d
1e60
2063
2066
2169
226c
226f
2472
2375
2678
247b
287e
2581
2a84
2687
2c8a
278d
2e90
2893
3096
2999
329c
2a9f
34a2
2ba5
36a8
2cab
38ae
2db1
3ab4
2eb7
3cba
2fbd
3ec0
30c3
40c6
31c9
42cc
32cf
44d2
33d5
46d8
34db
48de
35e1
4ae4
36e7
4cea
37ed
4ef0
38f3
50f6
39f9
52fc
3aff
5402
3b05
5608
3c0b
580e
3d11
5a14
3e17
5c1a
3f1d
5e20
4023
6026
4129
622c
422f
6432
4335
6638
443b
683e
4541
6a44
4647
6c4a
474d
6e50
4853
7056
4959
725c
4a5f
7462
4b65
7668
4c6b
786e
4d71
7a74
4e77
7c7a
4f7d
7e80
5083
8086
5189
828c
528f
8492
5395
8698
549b
889e
55a1
8aa4
56a7
8caa
57ad
8eb0
58b3
90b6
59b9
92bc
5abf
94c2
5bc5
96c8
5ccb
98ce
5dd1
9ad4
5ed7
9cda
5fdd
9ee0
60e3
a0e6
61e9
a2ec
62ef
a4f2
63f5
a6f8
64fb
a8fe
6501
aa04
6607
ac0a
670d
ae10
6813
b016
6919
b21c
6a1f
b422
6b25
b628
6c2b
b82e
6d31
ba34
6e37
bc3a
6f3d
be40
7043
c046
7149
c24c
724f
c452
7355
c658
745b
c85e
7561
ca64
7667
cc6a
776d
ce70
7873
d076
7979
d27c
7a7f
d482
7b85
d688
7c8b
d88e
7d91
da94
7e97
dc9a
7f9d
dea0
80a3
e0a6
81a9
e2ac
82af
e4b2
83b5
e6b8
84bb
e8be
85c1
eac4
86c7
ecca
87cd
eed0
88d3
f0d6
89d9
f2dc
8adf
f4e2
8be5
f6e8
8ceb
f8ee
8df1
faf4
8ef7
fcfa
8ffd
fe00
9003
0006
9109
020c
920f
0412
9315
0618
941b
081e
9521
0a24
9627
0c2a
972d
0e30
9833
1036
9939
123c
9a3f
1442
9b45
1648
9c4b
184e
9d51
1a54
9e57
1c5a
9f5d
1e60
a063
2066
a169
226c
a26f
2472
a375
2678
a47b
287e
a581
2a84
a687
2c8a
a78d
2e90
a893
3096
a999
329c
aa9f
34a2
aba5
36a8
acab
38ae
adb1
3ab4
aeb7
3cba
afbd
3ec0
b0c3
40c6
b1c9
42cc
b2cf
44d2
b3d5
46d8
b4db
48de
b5e1
4ae4
b6e7
4cea
b7ed
4ef0
b8f3
50f6
b9f9
52fc
baff
5402
bb05
5608
bc0b
580e
bd11
5a14
be17
5c1a
bf1d
5e20
c023
6026
c129
622c
c22f
6432
c335
6638
c43b
683e
c541
6a44
c647
6c4a
c74d
6e50
c853
7056
c959
725c
ca5f
7462
cb65
7668
cc6b
786e
cd71
7a74
ce77
7c7a
cf7d
7e80
d083
8086
d189
828c
d28f
8492
d395
8698
d49b
889e
d5a1
8aa4
d6a7
8caa
d7ad
8eb0
d8b3
90b6
d9b9
92bc
dabf
94c2
dbc5
96c8
dccb
98ce
ddd1
9ad4
ded7
9cda
dfdd
9ee0
e0e3
a0e6
e1e9
a2ec
e2ef
a4f2
e3f5
a6f8
e4fb
a8fe
e501
aa04
e607
ac0a
e70d
ae10
e813
b016
e919
b21c
ea1f
b422
eb25
b628
ec2b
b82e
ed31
ba34
ee37
bc3a
ef3d
be40
f043
c046
f149
c24c
f24f
c452
f355
c658
f45b
c85e
f561
ca64
f667
cc6a
f76d
ce70
f873
d076
f979
d27c
fa7f
d482
fb85
d688
fc8b
d88e
fd91
da94
fe97
dc9a
ff9d
dea0
00a3
e0a6
01a9
e2ac
02af
e4b2
03b5
e6b8
04bb
e8be
05c1
eac4
06c7
ecca
07cd
eed0
08d3
f0d6
09d9
f2dc
0adf
f4e2
0be5
f6e8
0ceb
f8ee
0df1
faf4
0ef7
fcfa
0ffd
fe00
1003
0006
1109
020c
120f
0412
1315
0618
141b
081e
1521
0a24
1627
0c2a
172d
0e30
1833
1036
1939
123c
1a3f
1442
1b45
1648
1c4b
184e
1d51
1a54
1e57
1c5a
1f5d
1e60
2063
2066
2169
226c
226f
2472
2375
2678
247b
287e
2581
2a84
2687
2c8a
278d
2e90
2893
3096
2999
329c
2a9f
34a2
2ba5
36a8
2cab
38ae
2db1
3ab4
2eb7
3cba
2fbd
3ec0
30c3
40c6
31c9
42cc
32cf
44d2
33d5
46d8
34db
48de
35e1
4ae4
36e7
4cea
37ed
4ef0
38f3
50f6
39f9
52fc
3aff
5402
3b05
5608
3c0b
580e
3d11
5a14
3e17
5c1a
3f1d
5e20
4023
6026
4129
622c
422f
6432
4335
6638
443b
683e
4541
6a44
4647
6c4a
474d
6e50
4853
7056
4959
725c
4a5f
7462
4b65
7668
4c6b
786e
4d71
7a74
4e77
7c7a
4f7d
7e80
5083
8086
5189
828c
528f
8492
5395
8698
549b
889e
55a1
8aa4
56a7
8caa
57ad
8eb0
58b3
90b6
59b9
92bc
5abf
94c2
5bc5
96c8
5ccb
98ce
5dd1
9ad4
5ed7
9cda
5fdd
9ee0
60e3
a0e6
61e9
a2ec
62ef
a4f2
63f5
a6f8
64fb
a8fe
6501
aa04
6607
ac0a
670d
ae10
6813
b016
6919
b21c
6a1f
b422
6b25
b628
6c2b
b82e
6d31
ba34
6e37
bc3a
6f3d
be40
7043
c046
7149
c24c
724f
c452
7355
c658
745b
c85e
7561
ca64
7667
cc6a
776d
ce70
7873
d076
7979
d27c
7a7f
d482
7b85
d688
7c8b
d88e
7d91
5b16
c119
5d1c
c21f
5f22
c325
6128
c42b
632e
c531
6534
c637
673a
c73d
6940
c843
6b46
c949
6d4c
ca4f
6f52
cb55
7158
cc5b
735e
cd61
7564
ce67
776a
cf6d
7970
d073
7b76
d179
7d7c
d27f
7f82
d385
8188
d48b
838e
d591
8594
d697
879a
d79d
89a0
d8a3
8ba6
d9a9
8dac
daaf
8fb2
dbb5
91b8
dcbb
93be
ddc1
95c4
dec7
97ca
dfcd
99d0
e0d3
9bd6
e1d9
9ddc
e2df
9fe2
e3e5
a1e8
e4eb
a3ee
e5f1
a5f4
e6f7
a7fa
e7fd
a900
e803
ab06
e909
ad0c
ea0f
af12
eb15
b118
ec1b
b31e
ed21
b524
ee27
b72a
ef2d
b930
f033
bb36
f139
bd3c
f23f
bf42
f345
c148
f44b
c34e
f551
c554
f657
c75a
f75d
c960
f863
cb66
f969
cd6c
fa6f
cf72
fb75
d178
fc7b
d37e
fd81
d584
fe87
d78a
ff8d
d990
0093
db96
0199
dd9c
029f
dfa2
03a5
e1a8
04ab
e3ae
05b1
e5b4
06b7
e7ba
07bd
e9c0
08c3
ebc6
09c9
edcc
0acf
efd2
0bd5
f1d8
0cdb
f3de
0de1
f5e4
0ee7
f7ea
0fed
f9f0
10f3
fbf6
11f9
fdfc
12ff
ff02
1305
0108
140b
030e
1511
0514
1617
071a
171d
0920
1823
0b26
1929
0d2c
1a2f
0f32
1b35
1138
1c3b
133e
1d41
1544
1e47
174a
1f4d
1950
2053
1b56
2159
1d5c
225f
1f62
2365
2168
246b
236e
2571
2574
2677
277a
277d
2980
2883
2b86
2989
2d8c
2a8f
2f92
2b95
3198
2c9b
339e
2da1
35a4
2ea7
37aa
2fad
39b0
30b3
3bb6
31b9
3dbc
32bf
3fc2
33c5
41c8
34cb
43ce
35d1
45d4
36d7
47da
37dd
49e0
38e3
4be6
39e9
4dec
3aef
4ff2
3bf5
51f8
3cfb
53fe
3d01
5504
3e07
570a
3f0d
5910
4013
5b16
4119
5d1c
421f
5f22
4325
6128
442b
632e
4531
6534
4637
673a
473d
6940
4843
6b46
4949
6d4c
4a4f
6f52
4b55
7158
4c5b
735e
4d61
7564
4e67
776a
4f6d
7970
5073
7b76
5179
7d7c
527f
7f82
5385
8188
548b
838e
5591
8594
5697
879a
579d
89a0
58a3
8ba6
59a9
8dac
5aaf
8fb2
5bb5
91b8
5cbb
93be
5dc1
95c4
5ec7
97ca
5fcd
99d0
60d3
9bd6
61d9
9ddc
62df
9fe2
63e5
a1e8
64eb
a3ee
65f1
a5f4
66f7
a7fa
67fd
a900
6803
ab06
6909
ad0c
6a0f
af12
6b15
b118
6c1b
b31e
6d21
b524
6e27
b72a
6f2d
b930
7033
bb36
7139
bd3c
723f
bf42
7345
c148
744b
c34e
7551
c554
7657
c75a
775d
c960
7863
cb66
7969
cd6c
7a6f
cf72
7b75
d178
7c7b
d37e
7d81
d584
7e87
d78a
7f8d
d990
8093
db96
8199
dd9c
829f
dfa2
83a5
e1a8
84ab
e3ae
85b1
e5b4
86b7
e7ba
87bd
e9c0
88c3
ebc6
89c9
edcc
8acf
efd2
8bd5
f1d8
8cdb
f3de
8de1
f5e4
8ee7
f7ea
8fed
f9f0
90f3
fbf6
91f9
fdfc
92ff
ff02
9305
0108
940b
030e
9511
0514
9617
071a
971d
0920
9823
0b26
9929
0d2c
9a2f
0f32
9b35
1138
9c3b
133e
9d41
1544
9e47
174a
9f4d
1950
a053
1b56
a159
1d5c
a25f
1f62
a365
2168
a46b
236e
a571
2574
a677
277a
a77d
2980
a883
2b86
a989
2d8c
aa8f
2f92
ab95
3198
ac9b
339e
ada1
35a4
aea7
37aa
afad
39b0
b0b3
3bb6
b1b9
3dbc
b2bf
3fc2
b3c5
41c8
b4cb
43ce
b5d1
45d4
b6d7
47da
b7dd
49e0
b8e3
4be6
b9e9
4dec
baef
4ff2
bbf5
51f8
bcfb
53fe
bd01
5504
be07
570a
bf0d
5910
c013
5b16
c119
5d1c
c21f
5f22
c325
6128
c42b
632e
c531
6534
c637
673a
c73d
6940
c843
6b46
c949
6d4c
ca4f
6f52
cb55
7158
cc5b
735e
cd61
7564
ce67
776a
cf6d
7970
d073
7b76
d179
7d7c
d27f
7f82
d385
8188
d48b
838e
d591
8594
d697
879a
d79d
89a0
d8a3
8ba6
d9a9
8dac
daaf
8fb2
dbb5
91b8
dcbb
93be
ddc1
95c4
dec7
97ca
dfcd
99d0
e0d3
9bd6
e1d9
9ddc
e2df
9fe2
e3e5
a1e8
e4eb
a3ee
e5f1
a5f4
e6f7
a7fa
e7fd
a900
e803
ab06
e909
ad0c
ea0f
af12
eb15
b118
ec1b
b31e
ed21
b524
ee27
b72a
ef2d
b930
f033
bb36
f139
bd3c
f23f
bf42
f345
c148
f44b
c34e
f551
c554
f657
c75a
f75d
c960
f863
cb66
f969
cd6c
fa6f
cf72
fb75
d178
fc7b
d37e
fd81
d584
fe87
d78a
ff8d
d990
0093
db96
0199
dd9c
029f
dfa2
03a5
e1a8
04ab
e3ae
05b1
e5b4
06b7
e7ba
07bd
e9c0
08c3
ebc6
09c9
edcc
0acf
efd2
0bd5
f1d8
0cdb
f3de
0de1
f5e4
0ee7
f7ea
0fed
f9f0
10f3
fbf6
11f9
fdfc
12ff
ff02
1305
0108
140b
030e
1511
0514
1617
071a
171d
0920
1823
0b26
1929
0d2c
1a2f
0f32
1b35
1138
1c3b
133e
1d41
1544
1e47
174a
1f4d
1950
2053
1b56
2159
1d5c
225f
1f62
2365
2168
246b
236e
2571
2574
2677
277a
277d
2980
2883
2b86
2989
2d8c
2a8f
2f92
2b95
3198
2c9b
339e
2da1
35a4
2ea7
37aa
2fad
39b0
30b3
3bb6
31b9
3dbc
32bf
3fc2
33c5
41c8
34cb
43ce
35d1
45d4
36d7
47da
37dd
49e0
38e3
4be6
39e9
4dec
3aef
4ff2
3bf5
51f8
3cfb
53fe
3d01
5504
3e07
570a
3f0d
5910
4013
5b16
4119
5d1c
421f
5f22
4325
6128
442b
632e
4531
6534
4637
673a
473d
6940
4843
6b46
4949
6d4c
4a4f
6f52
4b55
7158
4c5b
735e
4d61
7564
4e67
776a
4f6d
7970
5073
7b76
5179
7d7c
527f
7f82
5385
8188
548b
838e
5591
8594
5697
879a
579d
89a0
58a3
8ba6
59a9
8dac
5aaf
8fb2
5bb5
91b8
5cbb
93be
5dc1
95c4
5ec7
97ca
5fcd
99d0
60d3
9bd6
61d9
9ddc
62df
9fe2
63e5
a1e8
64eb
a3ee
65f1
a5f4
66f7
a7fa
67fd
a900
6803
ab06
6909
ad0c
6a0f
af12
6b15
b118
6c1b
b31e
6d21
b524
6e27
b72a
6f2d
b930
7033
bb36
7139
bd3c
723f
bf42
7345
c148
744b
c34e
7551
c554
7657
c75a
775d
c960
7863
cb66
7969
cd6c
7a6f
cf72
7b75
d178
7c7b
d37e
7d81
d584
7e87
d78a
7f8d
d990
8093
db96
8199
dd9c
829f
dfa2
83a5
e1a8
84ab
e3ae
85b1
e5b4
86b7
e7ba
87bd
e9c0
88c3
ebc6
89c9
edcc
8acf
efd2
8bd5
f1d8
8cdb
f3de
8de1
f5e4
8ee7
f7ea
8fed
f9f0
90f3
fbf6
91f9
fdfc
92ff
ff02
9305
0108
940b
030e
9511
0514
9617
071a
971d
0920
9823
0b26
9929
0d2c
9a2f
0f32
9b35
1138
9c3b
133e
9d41
1544
9e47
174a
9f4d
1950
a053
1b56
a159
1d5c
a25f
1f62
a365
2168
a46b
236e
a571
2574
a677
277a
a77d
2980
a883
2b86
a989
2d8c
aa8f
2f92
ab95
3198
ac9b
339e
ada1
35a4
aea7
37aa
afad
39b0
b0b3
3bb6
b1b9
3dbc
b2bf
3fc2
b3c5
41c8
b4cb
43ce
b5d1
45d4
b6d7
47da
b7dd
49e0
b8e3
4be6
b9e9
4dec
baef
4ff2
bbf5
51f8
bcfb
53fe
bd01
5504
be07
570a
bf0d
5910
c013
5b16
c119
5d1c
c21f
5f22
c325
6128
c42b
632e
c531
6534
c637
673a
c73d
6940
c843
6b46
c949
6d4c
ca4f
6f52
cb55
7158
cc5b
735e
cd61
7564
ce67
776a
cf6d
7970
d073
7b76
d179
7d7c
d27f
7f82
d385
8188
d48b
838e
d591
8594
d697
879a
d79d
89a0
d8a3
8ba6
d9a9
8dac
daaf
8fb2
dbb5
91b8
dcbb
93be
ddc1
95c4
dec7
97ca
dfcd
99d0
e0d3
9bd6
e1d9
9ddc
e2df
9fe2
e3e5
a1e8
e4eb
a3ee
e5f1
a5f4
e6f7
a7fa
e7fd
a900
e803
ab06
e909
ad0c
ea0f
af12
eb15
b118
ec1b
b31e
ed21
b524
ee27
b72a
ef2d
b930
f033
bb36
f139
bd3c
f23f
bf42
f345
c148
f44b
c34e
f551
c554
f657
c75a
f75d
c960
f863
cb66
f969
cd6c
fa6f
cf72
fb75
d178
fc7b
d37e
fd81
d584
fe87
d78a
ff8d
d990
0093
db96
0199
dd9c
029f
dfa2
03a5
e1a8
04ab
e3ae
05b1
e5b4
06b7
e7ba
07bd
e9c0
08c3
ebc6
09c9
edcc
0acf
efd2
0bd5
f1d8
0cdb
f3de
0de1
f5e4
0ee7
f7ea
0fed
f9f0
10f3
fbf6
11f9
fdfc
12ff
ff02
1305
0108
140b
030e
1511
0514
1617
071a
171d
0920
1823
0b26
1929
0d2c
1a2f
0f32
1b35
1138
1c3b
133e
1d41
1544
1e47
174a
1f4d
1950
2053
1b56
2159
1d5c
225f
1f62
2365
2168
246b
236e
2571
2574
2677
277a
277d
2980
2883
2b86
2989
2d8c
2a8f
2f92
2b95
3198
2c9b
339e
2da1
35a4
2ea7
37aa
2fad
39b0
30b3
3bb6
31b9
3dbc
32bf
3fc2
33c5
41c8
34cb
43ce
35d1
45d4
36d7
47da
37dd
49e0
38e3
4be6
39e9
4dec
3aef
4ff2
3bf5
51f8
3cfb
53fe
3d01
5504
3e07
570a
3f0d
5910
4013
5b16
4119
5d1c
421f
5f22
4325
6128
442b
632e
4531
6534
4637
673a
473d
6940
4843
6b46
4949
6d4c
4a4f
6f52
4b55
7158
4c5b
735e
4d61
7564
4e67
776a
4f6d
7970
5073
7b76
5179
7d7c
527f
7f82
5385
8188
548b
838e
5591
8594
5697
879a
579d
89a0
58a3
8ba6
59a9
8dac
5aaf
8fb2
5bb5
91b8
5cbb
93be
5dc1
95c4
5ec7
97ca
5fcd
99d0
60d3
9bd6
61d9
9ddc
62df
9fe2
63e5
a1e8
64eb
a3ee
65f1
a5f4
66f7
a7fa
67fd
a900
6803
ab06
6909
ad0c
6a0f
af12
6b15
b118
6c1b
b31e
6d21
b524
6e27
b72a
6f2d
b930
7033
bb36
7139
bd3c
723f
bf42
7345
c148
744b
c34e
7551
c554
7657
c75a
775d
c960
7863
cb66
7969
cd6c
7a6f
cf72
7b75
d178
7c7b
d37e
7d81
d584
7e87
d78a
7f8d
d990
8093
db96
8199
dd9c
829f
dfa2
83a5
e1a8
84ab
e3ae
85b1
e5b4
86b7
e7ba
87bd
e9c0
88c3
ebc6
89c9
edcc
8acf
efd2
8bd5
f1d8
8cdb
f3de
8de1
f5e4
8ee7
f7ea
8fed
f9f0
90f3
fbf6
91f9
fdfc
92ff
ff02
9305
0108
940b
030e
9511
0514
9617
071a
971d
0920
9823
0b26
9929
0d2c
9a2f
0f32
9b35
1138
9c3b
133e
9d41
1544
9e47
174a
9f4d
1950
a053
1b56
a159
1d5c
a25f
1f62
a365
2168
a46b
236e
a571
2574
a677
277a
a77d
2980
a883
2b86
a989
2d8c
aa8f
2f92
ab95
3198
ac9b
339e
ada1
35a4
aea7
37aa
afad
39b0
b0b3
3bb6
b1b9
3dbc
b2bf
3fc2
b3c5
41c8
b4cb
43ce
b5d1
45d4
b6d7
47da
b7dd
49e0
b8e3
4be6
b9e9
4dec
baef
4ff2
bbf5
51f8
bcfb
53fe
bd01
5504
be07
570a
bf0d
5910
c013
5b16
c119
5d1c
c21f
5f22
c325
6128
c42b
632e
c531
6534
c637
673a
c73d
6940
c843
6b46
c949
6d4c
ca4f
6f52
cb55
7158
cc5b
735e
cd61
7564
ce67
776a
cf6d
7970
d073
7b76
d179
7d7c
d27f
7f82
d385
8188
d48b
838e
d591
8594
d697
879a
d79d
89a0
d8a3
8ba6
d9a9
8dac
daaf
8fb2
dbb5
91b8
dcbb
93be
ddc1
95c4
dec7
97ca
dfcd
99d0
e0d3
9bd6
e1d9
9ddc
e2df
9fe2
e3e5
a1e8
e4eb
a3ee
e5f1
a5f4
e6f7
a7fa
e7fd
a900
e803
ab06
e909
ad0c
ea0f
af12
eb15
b118
ec1b
b31e
ed21
b524
ee27
b72a
ef2d
b930
f033
bb36
f139
bd3c
f23f
bf42
f345
c148
f44b
c34e
f551
c554
f657
c75a
f75d
c960
f863
cb66
f969
cd6c
fa6f
cf72
fb75
d178
fc7b
d37e
fd81
d584
fe87
d78a
ff8d
d990
0093
db96
0199
dd9c
029f
dfa2
03a5
e1a8
04ab
e3ae
05b1
e5b4
06b7
e7ba
07bd
e9c0
08c3
ebc6
09c9
edcc
0acf
efd2
0bd5
f1d8
0cdb
f3de
0de1
f5e4
0ee7
f7ea
0fed
f9f0
10f3
fbf6
11f9
fdfc
12ff
ff02
1305
0108
140b
030e
1511
0514
1617
071a
171d
0920
1823
0b26
1929
0d2c
1a2f
0f32
1b35
1138
1c3b
133e
1d41
1544
1e47
174a
1f4d
1950
2053
1b56
2159
1d5c
225f
1f62
2365
2168
246b
236e
2571
2574
2677
277a
277d
2980
2883
2b86
2989
2d8c
2a8f
2f92
2b95
3198
2c9b
339e
2da1
35a4
2ea7
37aa
2fad
39b0
30b3
3bb6
31b9
3dbc
32bf
3fc2
33c5
41c8
34cb
43ce
35d1
45d4
36d7
47da
37dd
49e0
38e3
4be6
39e9
4dec
3aef
4ff2
3bf5
51f8
3cfb
53fe
3d01
5504
3e07
570a
3f0d
5910
4013
5b16
4119
5d1c
421f
5f22
4325
6128
442b
632e
4531
6534
4637
673a
473d
6940
4843
6b46
4949
6d4c
4a4f
6f52
4b55
7158
4c5b
735e
4d61
7564
4e67
776a
4f6d
7970
5073
7b76
5179
7d7c
527f
7f82
5385
8188
548b
838e
5591
8594
5697
879a
579d
89a0
58a3
8ba6
59a9
8dac
5aaf
8fb2
5bb5
91b8
5cbb
93be
5dc1
95c4
5ec7
97ca
5fcd
99d0
60d3
9bd6
61d9
9ddc
62df
9fe2
63e5
a1e8
64eb
a3ee
65f1
a5f4
66f7
a7fa
67fd
a900
6803
ab06
6909
ad0c
6a0f
af12
6b15
b118
6c1b
b31e
6d21
b524
6e27
b72a
6f2d
b930
7033
bb36
7139
bd3c
723f
bf42
7345
c148
744b
c34e
7551
c554
7657
c75a
775d
c960
7863
cb66
7969
cd6c
7a6f
cf72
7b75
d178
7c7b
d37e
7d81
d584
7e87
d78a
7f8d
d990
8093
5c18
c41b
5e1e
c521
6024
c627
622a
c72d
6430
c833
6636
c939
683c
ca3f
6a42
cb45
6c48
cc4b
6e4e
cd51
7054
ce57
725a
cf5d
7460
d063
7666
d169
786c
d26f
7a72
d375
7c78
d47b
7e7e
d581
8084
d687
828a
d78d
8490
d893
8696
d999
889c
da9f
8aa2
dba5
8ca8
dcab
8eae
ddb1
90b4
deb7
92ba
dfbd
94c0
e0c3
96c6
e1c9
98cc
e2cf
9ad2
e3d5
9cd8
e4db
9ede
e5e1
a0e4
e6e7
a2ea
e7ed
a4f0
e8f3
a6f6
e9f9
a8fc
eaff
aa02
eb05
ac08
ec0b
ae0e
ed11
b014
ee17
b21a
ef1d
b420
f023
b626
f129
b82c
f22f
ba32
f335
bc38
f43b
be3e
f541
c044
f647
c24a
f74d
c450
f853
c656
f959
c85c
fa5f
ca62
fb65
cc68
fc6b
ce6e
fd71
d074
fe77
d27a
ff7d
d480
0083
d686
0189
d88c
028f
da92
0395
dc98
049b
de9e
05a1
e0a4
06a7
e2aa
07ad
e4b0
08b3
e6b6
09b9
e8bc
0abf
eac2
0bc5
ecc8
0ccb
eece
0dd1
f0d4
0ed7
f2da
0fdd
f4e0
10e3
f6e6
11e9
f8ec
12ef
faf2
13f5
fcf8
14fb
fefe
1501
0004
1607
020a
170d
0410
1813
0616
1919
081c
1a1f
0a22
1b25
0c28
1c2b
0e2e
1d31
1034
1e37
123a
1f3d
1440
2043
1646
2149
184c
224f
1a52
2355
1c58
245b
1e5e
2561
2064
2667
226a
276d
2470
2873
2676
2979
287c
2a7f
2a82
2b85
2c88
2c8b
2e8e
2d91
3094
2e97
329a
2f9d
34a0
30a3
36a6
31a9
38ac
32af
3ab2
33b5
3cb8
34bb
3ebe
35c1
40c4
36c7
42ca
37cd
44d0
38d3
46d6
39d9
48dc
3adf
4ae2
3be5
4ce8
3ceb
4eee
3df1
50f4
3ef7
52fa
3ffd
5400
4003
5606
4109
580c
420f
5a12
4315
5c18
441b
5e1e
4521
6024
4627
622a
472d
6430
4833
6636
4939
683c
4a3f
6a42
4b45
6c48
4c4b
6e4e
4d51
7054
4e57
725a
4f5d
7460
5063
7666
5169
786c
526f
7a72
5375
7c78
547b
7e7e
5581
8084
5687
828a
578d
8490
5893
8696
5999
889c
5a9f
8aa2
5ba5
8ca8
5cab
8eae
5db1
90b4
5eb7
92ba
5fbd
94c0
60c3
96c6
61c9
98cc
62cf
9ad2
63d5
9cd8
64db
9ede
65e1
a0e4
66e7
a2ea
67ed
a4f0
68f3
a6f6
69f9
a8fc
6aff
aa02
6b05
ac08
6c0b
ae0e
6d11
b014
6e17
b21a
6f1d
b420
7023
b626
7129
b82c
722f
ba32
7335
bc38
743b
be3e
7541
c044
7647
c24a
774d
c450
7853
c656
7959
c85c
7a5f
ca62
7b65
cc68
7c6b
ce6e
7d71
d074
7e77
d27a
7f7d
d480
8083
d686
8189
d88c
828f
da92
8395
dc98
849b
de9e
85a1
e0a4
86a7
e2aa
87ad
e4b0
88b3
e6b6
89b9
e8bc
8abf
eac2
8bc5
ecc8
8ccb
eece
8dd1
f0d4
8ed7
f2da
8fdd
f4e0
90e3
f6e6
91e9
f8ec
92ef
faf2
93f5
fcf8
94fb
fefe
9501
0004
9607
020a
970d
0410
9813
0616
9919
081c
9a1f
0a22
9b25
0c28
9c2b
0e2e
9d31
1034
9e37
123a
9f3d
1440
a043
1646
a149
184c
a24f
1a52
a355
1c58
a45b
1e5e
a561
2064
a667
226a
a76d
2470
a873
2676
a979
287c
aa7f
2a82
ab85
2c88
ac8b
2e8e
ad91
3094
ae97
329a
af9d
34a0
b0a3
36a6
b1a9
38ac
b2af
3ab2
b3b5
3cb8
b4bb
3ebe
b5c1
40c4
b6c7
42ca
b7cd
44d0
b8d3
46d6
b9d9
48dc
badf
4ae2
bbe5
4ce8
bceb
4eee
bdf1
50f4
bef7
52fa
bffd
5400
c003
5606
c109
580c
c20f
5a12
c315
5c18
c41b
5e1e
c521
6024
c627
622a
c72d
6430
c833
6636
c939
683c
ca3f
6a42
cb45
6c48
cc4b
6e4e
cd51
7054
ce57
725a
cf5d
7460
d063
7666
d169
786c
d26f
7a72
d375
7c78
d47b
7e7e
d581
8084
d687
828a
d78d
8490
d893
8696
d999
889c
da9f
8aa2
dba5
8ca8
dcab
8eae
ddb1
90b4
deb7
92ba
dfbd
94c0
e0c3
96c6
e1c9
98cc
e2cf
9ad2
e3d5
9cd8
e4db
9ede
e5e1
a0e4
e6e7
a2ea
e7ed
a4f0
e8f3
a6f6
e9f9
a8fc
eaff
aa02
eb05
ac08
ec0b
ae0e
ed11
b014
ee17
b21a
ef1d
b420
f023
b626
f129
b82c
f22f
ba32
f335
bc38
f43b
be3e
f541
c044
f647
c24a
f74d
c450
f853
c656
f959
c85c
fa5f
ca62
fb65
cc68
fc6b
ce6e
fd71
d074
fe77
d27a
ff7d
d480
0083
d686
0189
d88c
028f
da92
0395
dc98
049b
de9e
05a1
e0a4
06a7
e2aa
07ad
e4b0
08b3
e6b6
09b9
e8bc
0abf
eac2
0bc5
ecc8
0ccb
eece
0dd1
f0d4
0ed7
f2da
0fdd
f4e0
10e3
f6e6
11e9
f8ec
12ef
faf2
13f5
fcf8
14fb
fefe
1501
0004
1607
020a
170d
0410
1813
0616
1919
081c
1a1f
0a22
1b25
0c28
1c2b
0e2e
1d31
1034
1e37
123a
1f3d
1440
2043
1646
2149
184c
224f
1a52
2355
1c58
245b
1e5e
2561
2064
2667
226a
276d
2470
2873
2676
2979
287c
2a7f
2a82
2b85
2c88
2c8b
2e8e
2d91
3094
2e97
329a
2f9d
34a0
30a3
36a6
31a9
38ac
32af
3ab2
33b5
3cb8
34bb
3ebe
35c1
40c4
36c7
42ca
37cd
44d0
38d3
46d6
39d9
48dc
3adf
4ae2
3be5
4ce8
3ceb
4eee
3df1
50f4
3ef7
52fa
3ffd
5400
4003
5606
4109
580c
420f
5a12
4315
5c18
441b
5e1e
4521
6024
4627
622a
472d
6430
4833
6636
4939
683c
4a3f
6a42
4b45
6c48
4c4b
6e4e
4d51
7054
4e57
725a
4f5d
7460
5063
7666
5169
786c
526f
7a72
5375
7c78
547b
7e7e
5581
8084
5687
828a
578d
8490
5893
8696
5999
889c
5a9f
8aa2
5ba5
8ca8
5cab
8eae
5db1
90b4
5eb7
92ba
5fbd
94c0
60c3
96c6
61c9
98cc
62cf
9ad2
63d5
9cd8
64db
9ede
65e1
a0e4
66e7
a2ea
67ed
a4f0
68f3
a6f6
69f9
a8fc
6aff
aa02
6b05
ac08
6c0b
ae0e
6d11
b014
6e17
b21a
6f1d
b420
7023
b626
7129
b82c
722f
ba32
7335
bc38
743b
be3e
7541
c044
7647
c24a
774d
c450
7853
c656
7959
c85c
7a5f
ca62
7b65
cc68
7c6b
ce6e
7d71
d074
7e77
d27a
7f7d
d480
8083
d686
8189
d88c
828f
da92
8395
dc98
849b
de9e
85a1
e0a4
86a7
e2aa
87ad
e4b0
88b3
e6b6
89b9
e8bc
8abf
eac2
8bc5
ecc8
8ccb
eece
8dd1
f0d4
8ed7
f2da
8fdd
f4e0
90e3
f6e6
91e9
f8ec
92ef
faf2
93f5
fcf8
94fb
fefe
9501
0004
9607
020a
970d
0410
9813
0616
9919
081c
9a1f
0a22
9b25
0c28
9c2b
0e2e
9d31
1034
9e37
123a
9f3d
1440
a043
1646
a149
184c
a24f
1a52
a355
1c58
a45b
1e5e
a561
2064
a667
226a
a76d
2470
a873
2676
a979
287c
aa7f
2a82
ab85
2c88
ac8b
2e8e
ad91
3094
ae97
329a
af9d
34a0
b0a3
36a6
b1a9
38ac
b2af
3ab2
b3b5
3cb8
b4bb
3ebe
b5c1
40c4
b6c7
42ca
b7cd
44d0
b8d3
46d6
b9d9
48dc
badf
4ae2
bbe5
4ce8
bceb
4eee
bdf1
50f4
bef7
52fa
bffd
5400
c003
5606
c109
580c
c20f
5a12
c315
5c18
c41b
5e1e
c521
6024
c627
622a
c72d
6430
c833
6636
c939
683c
ca3f
6a42
cb45
6c48
cc4b
6e4e
cd51
7054
ce57
725a
cf5d
7460
d063
7666
d169
786c
d26f
7a72
d375
7c78
d47b
7e7e
d581
8084
d687
828a
d78d
8490
d893
8696
d999
889c
da9f
8aa2
dba5
8ca8
dcab
8eae
ddb1
90b4
deb7
92ba
dfbd
94c0
e0c3
96c6
e1c9
98cc
e2cf
9ad2
e3d5
9cd8
e4db
9ede
e5e1
a0e4
e6e7
a2ea
e7ed
a4f0
e8f3
a6f6
e9f9
a8fc
eaff
aa02
eb05
ac08
ec0b
ae0e
ed11
b014
ee17
b21a
ef1d
b420
f023
b626
f129
b82c
f22f
ba32
f335
bc38
f43b
be3e
f541
c044
f647
c24a
f74d
c450
f853
c656
f959
c85c
fa5f
ca62
fb65
cc68
fc6b
ce6e
fd71
d074
fe77
d27a
ff7d
d480
0083
d686
0189
d88c
028f
da92
0395
dc98
049b
de9e
05a1
e0a4
06a7
e2aa
07ad
e4b0
08b3
e6b6
09b9
e8bc
0abf
eac2
0bc5
ecc8
0ccb
eece
0dd1
f0d4
0ed7
f2da
0fdd
f4e0
10e3
f6e6
11e9
f8ec
12ef
faf2
13f5
fcf8
14fb
fefe
1501
0004
1607
020a
170d
0410
1813
0616
1919
081c
1a1f
0a22
1b25
0c28
1c2b
0e2e
1d31
1034
1e37
123a
1f3d
1440
2043
1646
2149
184c
224f
1a52
2355
1c58
245b
1e5e
2561
2064
2667
226a
276d
2470
2873
2676
2979
287c
2a7f
2a82
2b85
2c88
2c8b
2e8e
2d91
3094
2e97
329a
2f9d
34a0
30a3
36a6
31a9
38ac
32af
3ab2
33b5
3cb8
34bb
3ebe
35c1
40c4
36c7
42ca
37cd
44d0
38d3
46d6
39d9
48dc
3adf
4ae2
3be5
4ce8
3ceb
4eee
3df1
50f4
3ef7
52fa
3ffd
5400
4003
5606
4109
580c
420f
5a12
4315
5c18
441b
5e1e
4521
6024
4627
622a
472d
6430
4833
6636
4939
683c
4a3f
6a42
4b45
6c48
4c4b
6e4e
4d51
7054
4e57
725a
4f5d
7460
5063
7666
5169
786c
526f
7a72
5375
7c78
547b
7e7e
5581
8084
5687
828a
578d
8490
5893
8696
5999
889c
5a9f
8aa2
5ba5
8ca8
5cab
8eae
5db1
90b4
5eb7
92ba
5fbd
94c0
60c3
96c6
61c9
98cc
62cf
9ad2
63d5
9cd8
64db
9ede
65e1
a0e4
66e7
a2ea
67ed
a4f0
68f3
a6f6
69f9
a8fc
6aff
aa02
6b05
ac08
6c0b
ae0e
6d11
b014
6e17
b21a
6f1d
b420
7023
b626
7129
b82c
722f
ba32
7335
bc38
743b
be3e
7541
c044
7647
c24a
774d
c450
7853
c656
7959
c85c
7a5f
ca62
7b65
cc68
7c6b
ce6e
7d71
d074
7e77
d27a
7f7d
d480
8083
d686
8189
d88c
828f
da92
8395
dc98
849b
de9e
85a1
e0a4
86a7
e2aa
87ad
e4b0
88b3
e6b6
89b9
e8bc
8abf
eac2
8bc5
ecc8
8ccb
eece
8dd1
f0d4
8ed7
f2da
8fdd
f4e0
90e3
f6e6
91e9
f8ec
92ef
faf2
93f5
fcf8
94fb
fefe
9501
0004
9607
020a
970d
0410
9813
0616
9919
081c
9a1f
0a22
9b25
0c28
9c2b
0e2e
9d31
1034
9e37
123a
9f3d
1440
a043
1646
a149
184c
a24f
1a52
a355
1c58
a45b
1e5e
a561
2064
a667
226a
a76d
2470
a873
2676
a979
287c
aa7f
2a82
ab85
2c88
ac8b
2e8e
ad91
3094
ae97
329a
af9d
34a0
b0a3
36a6
b1a9
38ac
b2af
3ab2
b3b5
3cb8
b4bb
3ebe
b5c1
40c4
b6c7
42ca
b7cd
44d0
b8d3
46d6
b9d9
48dc
badf
4ae2
bbe5
4ce8
bceb
4eee
bdf1
50f4
bef7
52fa
bffd
5400
c003
5606
c109
580c
c20f
5a12
c315
5c18
c41b
5e1e
c521
6024
c627
622a
c72d
6430
c833
6636
c939
683c
ca3f
6a42
cb45
6c48
cc4b
6e4e
cd51
7054
ce57
725a
cf5d
7460
d063
7666
d169
786c
d26f
7a72
d375
7c78
d47b
7e7e
d581
8084
d687
828a
d78d
8490
d893
8696
d999
889c
da9f
8aa2
dba5
8ca8
dcab
8eae
ddb1
90b4
deb7
92ba
dfbd
94c0
e0c3
96c6
e1c9
98cc
e2cf
9ad2
e3d5
9cd8
e4db
9ede
e5e1
a0e4
e6e7
a2ea
e7ed
a4f0
e8f3
a6f6
e9f9
a8fc
eaff
aa02
eb05
ac08
ec0b
ae0e
ed11
b014
ee17
b21a
ef1d
b420
f023
b626
f129
b82c
f22f
ba32
f335
bc38
f43b
be3e
f541
c044
f647
c24a
f74d
c450
f853
c656
f959
c85c
fa5f
ca62
fb65
cc68
fc6b
ce6e
fd71
d074
fe77
d27a
ff7d
d480
0083
d686
0189
d88c
028f
da92
0395
dc98
049b
de9e
05a1
e0a4
06a7
e2aa
07ad
e4b0
08b3
e6b6
09b9
e8bc
0abf
eac2
0bc5
ecc8
0ccb
eece
0dd1
f0d4
0ed7
f2da
0fdd
f4e0
10e3
f6e6
11e9
f8ec
12ef
faf2
13f5
fcf8
14fb
fefe
1501
0004
1607
020a
170d
0410
1813
0616
1919
081c
1a1f
0a22
1b25
0c28
1c2b
0e2e
1d31
1034
1e37
123a
1f3d
1440
2043
1646
2149
184c
224f
1a52
2355
1c58
245b
1e5e
2561
2064
2667
226a
276d
2470
2873
2676
2979
287c
2a7f
2a82
2b85
2c88
2c8b
2e8e
2d91
3094
2e97
329a
2f9d
34a0
30a3
36a6
31a9
38ac
32af
3ab2
33b5
3cb8
34bb
3ebe
35c1
40c4
36c7
42ca
37cd
44d0
38d3
46d6
39d9
48dc
3adf
4ae2
3be5
4ce8
3ceb
4eee
3df1
50f4
3ef7
52fa
3ffd
5400
4003
5606
4109
580c
420f
5a12
4315
5c18
441b
5e1e
4521
6024
4627
622a
472d
6430
4833
6636
4939
683c
4a3f
6a42
4b45
6c48
4c4b
6e4e
4d51
7054
4e57
725a
4f5d
7460
5063
7666
5169
786c
526f
7a72
5375
7c78
547b
7e7e
5581
8084
5687
828a
578d
8490
5893
8696
5999
889c
5a9f
8aa2
5ba5
8ca8
5cab
8eae
5db1
90b4
5eb7
92ba
5fbd
94c0
60c3
96c6
61c9
98cc
62cf
9ad2
63d5
9cd8
64db
9ede
65e1
a0e4
66e7
a2ea
67ed
a4f0
68f3
a6f6
69f9
a8fc
6aff
aa02
6b05
ac08
6c0b
ae0e
6d11
b014
6e17
b21a
6f1d
b420
7023
b626
7129
b82c
722f
ba32
7335
bc38
743b
be3e
7541
c044
7647
c24a
774d
c450
7853
c656
7959
c85c
7a5f
ca62
7b65
cc68
7c6b
ce6e
7d71
d074
7e77
d27a
7f7d
d480
8083
d686
8189
d88c
828f
da92
8395
5d1a
c71d
5f20
c823
6126
c929
632c
ca2f
6532
cb35
6738
cc3b
693e
cd41
6b44
ce47
6d4a
cf4d
6f50
d053
7156
d159
735c
d25f
7562
d365
7768
d46b
796e
d571
7b74
d677
7d7a
d77d
7f80
d883
8186
d989
838c
da8f
8592
db95
8798
dc9b
899e
dda1
8ba4
dea7
8daa
dfad
8fb0
e0b3
91b6
e1b9
93bc
e2bf
95c2
e3c5
97c8
e4cb
99ce
e5d1
9bd4
e6d7
9dda
e7dd
9fe0
e8e3
a1e6
e9e9
a3ec
eaef
a5f2
ebf5
a7f8
ecfb
a9fe
ed01
ab04
ee07
ad0a
ef0d
af10
f013
b116
f119
b31c
f21f
b522
f325
b728
f42b
b92e
f531
bb34
f637
bd3a
f73d
bf40
f843
c146
f949
c34c
fa4f
c552
fb55
c758
fc5b
c95e
fd61
cb64
fe67
cd6a
ff6d
cf70
0073
d176
0179
d37c
027f
d582
0385
d788
048b
d98e
0591
db94
0697
dd9a
079d
dfa0
08a3
e1a6
09a9
e3ac
0aaf
e5b2
0bb5
e7b8
0cbb
e9be
0dc1
ebc4
0ec7
edca
0fcd
efd0
10d3
f1d6
11d9
f3dc
12df
f5e2
13e5
f7e8
14eb
f9ee
15f1
fbf4
16f7
fdfa
17fd
ff00
1803
0106
1909
030c
1a0f
0512
1b15
0718
1c1b
091e
1d21
0b24
1e27
0d2a
1f2d
0f30
2033
1136
2139
133c
223f
1542
2345
1748
244b
194e
2551
1b54
2657
1d5a
275d
1f60
2863
2166
2969
236c
2a6f
2572
2b75
2778
2c7b
297e
2d81
2b84
2e87
2d8a
2f8d
2f90
3093
3196
3199
339c
329f
35a2
33a5
37a8
34ab
39ae
35b1
3bb4
36b7
3dba
37bd
3fc0
38c3
41c6
39c9
43cc
3acf
45d2
3bd5
47d8
3cdb
49de
3de1
4be4
3ee7
4dea
3fed
4ff0
40f3
51f6
41f9
53fc
42ff
5502
4305
5708
440b
590e
4511
5b14
4617
5d1a
471d
5f20
4823
6126
4929
632c
4a2f
6532
4b35
6738
4c3b
693e
4d41
6b44
4e47
6d4a
4f4d
6f50
5053
7156
5159
735c
525f
7562
5365
7768
546b
796e
5571
7b74
5677
7d7a
577d
7f80
5883
8186
5989
838c
5a8f
8592
5b95
8798
5c9b
899e
5da1
8ba4
5ea7
8daa
5fad
8fb0
60b3
91b6
61b9
93bc
62bf
95c2
63c5
97c8
64cb
99ce
65d1
9bd4
66d7
9dda
67dd
9fe0
68e3
a1e6
69e9
a3ec
6aef
a5f2
6bf5
a7f8
6cfb
a9fe
6d01
ab04
6e07
ad0a
6f0d
af10
7013
b116
7119
b31c
721f
b522
7325
b728
742b
b92e
7531
bb34
7637
bd3a
773d
bf40
7843
c146
7949
c34c
7a4f
c552
7b55
c758
7c5b
c95e
7d61
cb64
7e67
cd6a
7f6d
cf70
8073
d176
8179
d37c
827f
d582
8385
d788
848b
d98e
8591
db94
8697
dd9a
879d
dfa0
88a3
e1a6
89a9
e3ac
8aaf
e5b2
8bb5
e7b8
8cbb
e9be
8dc1
ebc4
8ec7
edca
8fcd
efd0
90d3
f1d6
91d9
f3dc
92df
f5e2
93e5
f7e8
94eb
f9ee
95f1
fbf4
96f7
fdfa
97fd
ff00
9803
0106
9909
030c
9a0f
0512
9b15
0718
9c1b
091e
9d21
0b24
9e27
0d2a
9f2d
0f30
a033
1136
a139
133c
a23f
1542
a345
1748
a44b
194e
a551
1b54
a657
1d5a
a75d
1f60
a863
2166
a969
236c
aa6f
2572
ab75
2778
ac7b
297e
ad81
2b84
ae87
2d8a
af8d
2f90
b093
3196
b199
339c
b29f
35a2
b3a5
37a8
b4ab
39ae
b5b1
3bb4
b6b7
3dba
b7bd
3fc0
b8c3
41c6
b9c9
43cc
bacf
45d2
bbd5
47d8
bcdb
49de
bde1
4be4
bee7
4dea
bfed
4ff0
c0f3
51f6
c1f9
53fc
c2ff
5502
c305
5708
c40b
590e
c511
5b14
c617
5d1a
c71d
5f20
c823
6126
c929
632c
ca2f
6532
cb35
6738
cc3b
693e
cd41
6b44
ce47
6d4a
cf4d
6f50
d053
7156
d159
735c
d25f
7562
d365
7768
d46b
796e
d571
7b74
d677
7d7a
d77d
7f80
d883
8186
d989
838c
da8f
8592
db95
8798
dc9b
899e
dda1
8ba4
dea7
8daa
dfad
8fb0
e0b3
91b6
e1b9
93bc
e2bf
95c2
e3c5
97c8
e4cb
99ce
e5d1
9bd4
e6d7
9dda
e7dd
9fe0
e8e3
a1e6
e9e9
a3ec
eaef
a5f2
ebf5
a7f8
ecfb
a9fe
ed01
ab04
ee07
ad0a
ef0d
af10
f013
b116
f119
b31c
f21f
b522
f325
b728
f42b
b92e
f531
bb34
f637
bd3a
f73d
bf40
f843
c146
f949
c34c
fa4f
c552
fb55
c758
fc5b
c95e
fd61
cb64
fe67
cd6a
ff6d
cf70
0073
d176
0179
d37c
027f
d582
0385
d788
048b
d98e
0591
db94
0697
dd9a
079d
dfa0
08a3
e1a6
09a9
e3ac
0aaf
e5b2
0bb5
e7b8
0cbb
e9be
0dc1
ebc4
0ec7
edca
0fcd
efd0
10d3
f1d6
11d9
f3dc
12df
f5e2
13e5
f7e8
14eb
f9ee
15f1
fbf4
16f7
fdfa
17fd
ff00
1803
0106
1909
030c
1a0f
0512
1b15
0718
1c1b
091e
1d21
0b24
1e27
0d2a
1f2d
0f30
2033
1136
2139
133c
223f
1542
2345
1748
244b
194e
2551
1b54
2657
1d5a
275d
1f60
2863
2166
2969
236c
2a6f
2572
2b75
2778
2c7b
297e
2d81
2b84
2e87
2d8a
2f8d
2f90
3093
3196
3199
339c
329f
35a2
33a5
37a8
34ab
39ae
35b1
3bb4
36b7
3dba
37bd
3fc0
38c3
41c6
39c9
43cc
3acf
45d2
3bd5
47d8
3cdb
49de
3de1
4be4
3ee7
4dea
3fed
4ff0
40f3
51f6
41f9
53fc
42ff
5502
4305
5708
440b
590e
4511
5b14
4617
5d1a
471d
5f20
4823
6126
4929
632c
4a2f
6532
4b35
6738
4c3b
693e
4d41
6b44
4e47
6d4a
4f4d
6f50
5053
7156
5159
735c
525f
7562
5365
7768
546b
796e
5571
7b74
5677
7d7a
577d
7f80
5883
8186
5989
838c
5a8f
8592
5b95
8798
5c9b
899e
5da1
8ba4
5ea7
8daa
5fad
8fb0
60b3
91b6
61b9
93bc
62bf
95c2
63c5
97c8
64cb
99ce
65d1
9bd4
66d7
9dda
67dd
9fe0
68e3
a1e6
69e9
a3ec
6aef
a5f2
6bf5
a7f8
6cfb
a9fe
6d01
ab04
6e07
ad0a
6f0d
af10
7013
b116
7119
b31c
721f
b522
7325
b728
742b
b92e
7531
bb34
7637
bd3a
773d
bf40
7843
c146
7949
c34c
7a4f
c552
7b55
c758
7c5b
c95e
7d61
cb64
7e67
cd6a
7f6d
cf70
8073
d176
8179
d37c
827f
d582
8385
d788
848b
d98e
8591
db94
8697
dd9a
879d
dfa0
88a3
e1a6
89a9
e3ac
8aaf
e5b2
8bb5
e7b8
8cbb
e9be
8dc1
ebc4
8ec7
edca
8fcd
efd0
90d3
f1d6
91d9
f3dc
92df
f5e2
93e5
f7e8
94eb
f9ee
95f1
fbf4
96f7
fdfa
97fd
ff00
9803
0106
9909
030c
9a0f
0512
9b15
0718
9c1b
091e
9d21
0b24
9e27
0d2a
9f2d
0f30
a033
1136
a139
133c
a23f
1542
a345
1748
a44b
194e
a551
1b54
a657
1d5a
a75d
1f60
a863
2166
a969
236c
aa6f
2572
ab75
2778
ac7b
297e
ad81
2b84
ae87
2d8a
af8d
2f90
b093
3196
b199
339c
b29f
35a2
b3a5
37a8
b4ab
39ae
b5b1
3bb4
b6b7
3dba
b7bd
3fc0
b8c3
41c6
b9c9
43cc
bacf
45d2
bbd5
47d8
bcdb
49de
bde1
4be4
bee7
4dea
bfed
4ff0
c0f3
51f6
c1f9
53fc
c2ff
5502
c305
5708
c40b
590e
c511
5b14
c617
5d1a
c71d
5f20
c823
6126
c929
632c
ca2f
6532
cb35
6738
cc3b
693e
cd41
6b44
ce47
6d4a
cf4d
6f50
d053
7156
d159
735c
d25f
7562
d365
7768
d46b
796e
d571
7b74
d677
7d7a
d77d
7f80
d883
8186
d989
838c
da8f
8592
db95
8798
dc9b
899e
dda1
8ba4
dea7
8daa
dfad
8fb0
e0b3
91b6
e1b9
93bc
e2bf
95c2
e3c5
97c8
e4cb
99ce
e5d1
9bd4
e6d7
9dda
e7dd
9fe0
e8e3
a1e6
e9e9
a3ec
eaef
a5f2
ebf5
a7f8
ecfb
a9fe
ed01
ab04
ee07
ad0a
ef0d
af10
f013
b116
f119
b31c
f21f
b522
f325
b728
f42b
b92e
f531
bb34
f637
bd3a
f73d
bf40
f843
c146
f949
c34c
fa4f
c552
fb55
c758
fc5b
c95e
fd61
cb64
fe67
cd6a
ff6d
cf70
0073
d176
0179
d37c
027f
d582
0385
d788
048b
d98e
0591
db94
0697
dd9a
079d
dfa0
08a3
e1a6
09a9
e3ac
0aaf
e5b2
0bb5
e7b8
0cbb
e9be
0dc1
ebc4
0ec7
edca
0fcd
efd0
10d3
f1d6
11d9
f3dc
12df
f5e2
13e5
f7e8
14eb
f9ee
15f1
fbf4
16f7
fdfa
17fd
ff00
1803
0106
1909
030c
1a0f
0512
1b15
0718
1c1b
091e
1d21
0b24
1e27
0d2a
1f2d
0f30
2033
1136
2139
133c
223f
1542
2345
1748
244b
194e
2551
1b54
2657
1d5a
275d
1f60
2863
2166
2969
236c
2a6f
2572
2b75
2778
2c7b
297e
2d81
2b84
2e87
2d8a
2f8d
2f90
3093
3196
3199
339c
329f
35a2
33a5
37a8
34ab
39ae
35b1
3bb4
36b7
3dba
37bd
3fc0
38c3
41c6
39c9
43cc
3acf
45d2
3bd5
47d8
3cdb
49de
3de1
4be4
3ee7
4dea
3fed
4ff0
40f3
51f6
41f9
53fc
42ff
5502
4305
5708
440b
590e
4511
5b14
4617
5d1a
471d
5f20
4823
6126
4929
632c
4a2f
6532
4b35
6738
4c3b
693e
4d41
6b44
4e47
6d4a
4f4d
6f50
5053
7156
5159
735c
525f
7562
5365
7768
546b
796e
5571
7b74
5677
7d7a
577d
7f80
5883
8186
5989
838c
5a8f
8592
5b95
8798
5c9b
899e
5da1
8ba4
5ea7
8daa
5fad
8fb0
60b3
91b6
61b9
93bc
62bf
95c2
63c5
97c8
64cb
99ce
65d1
9bd4
66d7
9dda
67dd
9fe0
68e3
a1e6
69e9
a3ec
6aef
a5f2
6bf5
a7f8
6cfb
a9fe
6d01
ab04
6e07
ad0a
6f0d
af10
7013
b116
7119
b31c
721f
b522
7325
b728
742b
b92e
7531
bb34
7637
bd3a
773d
bf40
7843
c146
7949
c34c
7a4f
c552
7b55
c758
7c5b
c95e
7d61
cb64
7e67
cd6a
7f6d
cf70
8073
d176
8179
d37c
827f
d582
8385
d788
848b
d98e
8591
db94
8697
dd9a
879d
dfa0
88a3
e1a6
89a9
e3ac
8aaf
e5b2
8bb5
e7b8
8cbb
e9be
8dc1
ebc4
8ec7
edca
8fcd
efd0
90d3
f1d6
91d9
f3dc
92df
f5e2
93e5
f7e8
94eb
f9ee
95f1
fbf4
96f7
fdfa
97fd
ff00
9803
0106
9909
030c
9a0f
0512
9b15
0718
9c1b
091e
9d21
0b24
9e27
0d2a
9f2d
0f30
a033
1136
a139
133c
a23f
1542
a345
1748
a44b
194e
a551
1b54
a657
1d5a
a75d
1f60
a863
2166
a969
236c
aa6f
2572
ab75
2778
ac7b
297e
ad81
2b84
ae87
2d8a
af8d
2f90
b093
3196
b199
339c
b29f
35a2
b3a5
37a8
b4ab
39ae
b5b1
3bb4
b6b7
3dba
b7bd
3fc0
b8c3
41c6
b9c9
43cc
bacf
45d2
bbd5
47d8
bcdb
49de
bde1
4be4
bee7
4dea
bfed
4ff0
c0f3
51f6
c1f9
53fc
c2ff
5502
c305
5708
c40b
590e
c511
5b14
c617
5d1a
c71d
5f20
c823
6126
c929
632c
ca2f
6532
cb35
6738
cc3b
693e
cd41
6b44
ce47
6d4a
cf4d
6f50
d053
7156
d159
735c
d25f
7562
d365
7768
d46b
796e
d571
7b74
d677
7d7a
d77d
7f80
d883
8186
d989
838c
da8f
8592
db95
8798
dc9b
899e
dda1
8ba4
dea7
8daa
dfad
8fb0
e0b3
91b6
e1b9
93bc
e2bf
95c2
e3c5
97c8
e4cb
99ce
e5d1
9bd4
e6d7
9dda
e7dd
9fe0
e8e3
a1e6
e9e9
a3ec
eaef
a5f2
ebf5
a7f8
ecfb
a9fe
ed01
ab04
ee07
ad0a
ef0d
af10
f013
b116
f119
b31c
f21f
b522
f325
b728
f42b
b92e
f531
bb34
f637
bd3a
f73d
bf40
f843
c146
f949
c34c
fa4f
c552
fb55
c758
fc5b
c95e
fd61
cb64
fe67
cd6a
ff6d
cf70
0073
d176
0179
d37c
027f
d582
0385
d788
048b
d98e
0591
db94
0697
dd9a
079d
dfa0
08a3
e1a6
09a9
e3ac
0aaf
e5b2
0bb5
e7b8
0cbb
e9be
0dc1
ebc4
0ec7
edca
0fcd
efd0
10d3
f1d6
11d9
f3dc
12df
f5e2
13e5
f7e8
14eb
f9ee
15f1
fbf4
16f7
fdfa
17fd
ff00
1803
0106
1909
030c
1a0f
0512
1b15
0718
1c1b
091e
1d21
0b24
1e27
0d2a
1f2d
0f30
2033
1136
2139
133c
223f
1542
2345
1748
244b
194e
2551
1b54
2657
1d5a
275d
1f60
2863
2166
2969
236c
2a6f
2572
2b75
2778
2c7b
297e
2d81
2b84
2e87
2d8a
2f8d
2f90
3093
3196
3199
339c
329f
35a2
33a5
37a8
34ab
39ae
35b1
3bb4
36b7
3dba
37bd
3fc0
38c3
41c6
39c9
43cc
3acf
45d2
3bd5
47d8
3cdb
49de
3de1
4be4
3ee7
4dea
3fed
4ff0
40f3
51f6
41f9
53fc
42ff
5502
4305
5708
440b
590e
4511
5b14
4617
5d1a
471d
5f20
4823
6126
4929
632c
4a2f
6532
4b35
6738
4c3b
693e
4d41
6b44
4e47
6d4a
4f4d
6f50
5053
7156
5159
735c
525f
7562
5365
7768
546b
796e
5571
7b74
5677
7d7a
577d
7f80
5883
8186
5989
838c
5a8f
8592
5b95
8798
5c9b
899e
5da1
8ba4
5ea7
8daa
5fad
8fb0
60b3
91b6
61b9
93bc
62bf
95c2
63c5
97c8
64cb
99ce
65d1
9bd4
66d7
9dda
67dd
9fe0
68e3
a1e6
69e9
a3ec
6aef
a5f2
6bf5
a7f8
6cfb
a9fe
6d01
ab04
6e07
ad0a
6f0d
af10
7013
b116
7119
b31c
721f
b522
7325
b728
742b
b92e
7531
bb34
7637
bd3a
773d
bf40
7843
c146
7949
c34c
7a4f
c552
7b55
c758
7c5b
c95e
7d61
cb64
7e67
cd6a
7f6d
cf70
8073
d176
8179
d37c
827f
d582
8385
d788
848b
d98e
8591
db94
8697
5e1c
ca1f
6022
cb25
6228
cc2b
642e
cd31
6634
ce37
683a
cf3d
6a40
d043
6c46
d149
6e4c
d24f
7052
d355
7258
d45b
745e
d561
7664
d667
786a
d76d
7a70
d873
7c76
d979
7e7c
da7f
8082
db85
8288
dc8b
848e
dd91
8694
de97
889a
df9d
8aa0
e0a3
8ca6
e1a9
8eac
e2af
90b2
e3b5
92b8
e4bb
94be
e5c1
96c4
e6c7
98ca
e7cd
9ad0
e8d3
9cd6
e9d9
9edc
eadf
a0e2
ebe5
a2e8
eceb
a4ee
edf1
a6f4
eef7
a8fa
effd
aa00
f003
ac06
f109
ae0c
f20f
b012
f315
b218
f41b
b41e
f521
b624
f627
b82a
f72d
ba30
f833
bc36
f939
be3c
fa3f
c042
fb45
c248
fc4b
c44e
fd51
c654
fe57
c85a
ff5d
ca60
0063
cc66
0169
ce6c
026f
d072
0375
d278
047b
d47e
0581
d684
0687
d88a
078d
da90
0893
dc96
0999
de9c
0a9f
e0a2
0ba5
e2a8
0cab
e4ae
0db1
e6b4
0eb7
e8ba
0fbd
eac0
10c3
ecc6
11c9
eecc
12cf
f0d2
13d5
f2d8
14db
f4de
15e1
f6e4
16e7
f8ea
17ed
faf0
18f3
fcf6
19f9
fefc
1aff
0002
1b05
0208
1c0b
040e
1d11
0614
1e17
081a
1f1d
0a20
2023
0c26
2129
0e2c
222f
1032
2335
1238
243b
143e
2541
1644
2647
184a
274d
1a50
2853
1c56
2959
1e5c
2a5f
2062
2b65
2268
2c6b
246e
2d71
2674
2e77
287a
2f7d
2a80
3083
2c86
3189
2e8c
328f
3092
3395
3298
349b
349e
35a1
36a4
36a7
38aa
37ad
3ab0
38b3
3cb6
39b9
3ebc
3abf
40c2
3bc5
42c8
3ccb
44ce
3dd1
46d4
3ed7
48da
3fdd
4ae0
40e3
4ce6
41e9
4eec
42ef
50f2
43f5
52f8
44fb
54fe
4501
5604
4607
580a
470d
5a10
4813
5c16
4919
5e1c
4a1f
6022
4b25
6228
4c2b
642e
4d31
6634
4e37
683a
4f3d
6a40
5043
6c46
5149
6e4c
524f
7052
5355
7258
545b
745e
5561
7664
5667
786a
576d
7a70
5873
7c76
5979
7e7c
5a7f
8082
5b85
8288
5c8b
848e
5d91
8694
5e97
889a
5f9d
8aa0
60a3
8ca6
61a9
8eac
62af
90b2
63b5
92b8
64bb
94be
65c1
96c4
66c7
98ca
67cd
9ad0
68d3
9cd6
69d9
9edc
6adf
a0e2
6be5
a2e8
6ceb
a4ee
6df1
a6f4
6ef7
a8fa
6ffd
aa00
7003
ac06
7109
ae0c
720f
b012
7315
b218
741b
b41e
7521
b624
7627
b82a
772d
ba30
7833
bc36
7939
be3c
7a3f
c042
7b45
c248
7c4b
c44e
7d51
c654
7e57
c85a
7f5d
ca60
8063
cc66
8169
ce6c
826f
d072
8375
d278
847b
d47e
8581
d684
8687
d88a
878d
da90
8893
dc96
8999
de9c
8a9f
e0a2
8ba5
e2a8
8cab
e4ae
8db1
e6b4
8eb7
e8ba
8fbd
eac0
90c3
ecc6
91c9
eecc
92cf
f0d2
93d5
f2d8
94db
f4de
95e1
f6e4
96e7
f8ea
97ed
faf0
98f3
fcf6
99f9
fefc
9aff
0002
9b05
0208
9c0b
040e
9d11
0614
9e17
081a
9f1d
0a20
a023
0c26
a129
0e2c
a22f
1032
a335
1238
a43b
143e
a541
1644
a647
184a
a74d
1a50
a853
1c56
a959
1e5c
aa5f
2062
ab65
2268
ac6b
246e
ad71
2674
ae77
287a
af7d
2a80
b083
2c86
b189
2e8c
b28f
3092
b395
3298
b49b
349e
b5a1
36a4
b6a7
38aa
b7ad
3ab0
b8b3
3cb6
b9b9
3ebc
babf
40c2
bbc5
42c8
bccb
44ce
bdd1
46d4
bed7
48da
bfdd
4ae0
c0e3
4ce6
c1e9
4eec
c2ef
50f2
c3f5
52f8
c4fb
54fe
c501
5604
c607
580a
c70d
5a10
c813
5c16
c919
5e1c
ca1f
6022
cb25
6228
cc2b
642e
cd31
6634
ce37
683a
cf3d
6a40
d043
6c46
d149
6e4c
d24f
7052
d355
7258
d45b
745e
d561
7664
d667
786a
d76d
7a70
d873
7c76
d979
7e7c
da7f
8082
db85
8288
dc8b
848e
dd91
8694
de97
889a
df9d
8aa0
e0a3
8ca6
e1a9
8eac
e2af
90b2
e3b5
92b8
e4bb
94be
e5c1
96c4
e6c7
98ca
e7cd
9ad0
e8d3
9cd6
e9d9
9edc
eadf
a0e2
ebe5
a2e8
eceb
a4ee
edf1
a6f4
eef7
a8fa
effd
aa00
f003
ac06
f109
ae0c
f20f
b012
f315
b218
f41b
b41e
f521
b624
f627
b82a
f72d
ba30
f833
bc36
f939
be3c
fa3f
c042
fb45
c248
fc4b
c44e
fd51
c654
fe57
c85a
ff5d
ca60
0063
cc66
0169
ce6c
026f
d072
0375
d278
047b
d47e
0581
d684
0687
d88a
078d
da90
0893
dc96
0999
de9c
0a9f
e0a2
0ba5
e2a8
0cab
e4ae
0db1
e6b4
0eb7
e8ba
0fbd
eac0
10c3
ecc6
11c9
eecc
12cf
f0d2
13d5
f2d8
14db
f4de
15e1
f6e4
16e7
f8ea
17ed
faf0
18f3
fcf6
19f9
fefc
1aff
0002
1b05
0208
1c0b
040e
1d11
0614
1e17
081a
1f1d
0a20
2023
0c26
2129
0e2c
222f
1032
2335
1238
243b
143e
2541
1644
2647
184a
274d
1a50
2853
1c56
2959
1e5c
2a5f
2062
2b65
2268
2c6b
246e
2d71
2674
2e77
287a
2f7d
2a80
3083
2c86
3189
2e8c
328f
3092
3395
3298
349b
349e
35a1
36a4
36a7
38aa
37ad
3ab0
38b3
3cb6
39b9
3ebc
3abf
40c2
3bc5
42c8
3ccb
44ce
3dd1
46d4
3ed7
48da
3fdd
4ae0
40e3
4ce6
41e9
4eec
42ef
50f2
43f5
52f8
44fb
54fe
4501
5604
4607
580a
470d
5a10
4813
5c16
4919
5e1c
4a1f
6022
4b25
6228
4c2b
642e
4d31
6634
4e37
683a
4f3d
6a40
5043
6c46
5149
6e4c
524f
7052
5355
7258
545b
745e
5561
7664
5667
786a
576d
7a70
5873
7c76
5979
7e7c
5a7f
8082
5b85
8288
5c8b
848e
5d91
8694
5e97
889a
5f9d
8aa0
60a3
8ca6
61a9
8eac
62af
90b2
63b5
92b8
64bb
94be
65c1
96c4
66c7
98ca
67cd
9ad0
68d3
9cd6
69d9
9edc
6adf
a0e2
6be5
a2e8
6ceb
a4ee
6df1
a6f4
6ef7
a8fa
6ffd
aa00
7003
ac06
7109
ae0c
720f
b012
7315
b218
741b
b41e
7521
b624
7627
b82a
772d
ba30
7833
bc36
7939
be3c
7a3f
c042
7b45
c248
7c4b
c44e
7d51
c654
7e57
c85a
7f5d
ca60
8063
cc66
8169
ce6c
826f
d072
8375
d278
847b
d47e
8581
d684
8687
d88a
878d
da90
8893
dc96
8999
de9c
8a9f
e0a2
8ba5
e2a8
8cab
e4ae
8db1
e6b4
8eb7
e8ba
8fbd
eac0
90c3
ecc6
91c9
eecc
92cf
f0d2
93d5
f2d8
94db
f4de
95e1
f6e4
96e7
f8ea
97ed
faf0
98f3
fcf6
99f9
fefc
9aff
0002
9b05
0208
9c0b
040e
9d11
0614
9e17
081a
9f1d
0a20
a023
0c26
a129
0e2c
a22f
1032
a335
1238
a43b
143e
a541
1644
a647
184a
a74d
1a50
a853
1c56
a959
1e5c
aa5f
2062
ab65
2268
ac6b
246e
ad71
2674
ae77
287a
af7d
2a80
b083
2c86
b189
2e8c
b28f
3092
b395
3298
b49b
349e
b5a1
36a4
b6a7
38aa
b7ad
3ab0
b8b3
3cb6
b9b9
3ebc
babf
40c2
bbc5
42c8
bccb
44ce
bdd1
46d4
bed7
48da
bfdd
4ae0
c0e3
4ce6
c1e9
4eec
c2ef
50f2
c3f5
52f8
c4fb
54fe
c501
5604
c607
580a
c70d
5a10
c813
5c16
c919
5e1c
ca1f
6022
cb25
6228
cc2b
642e
cd31
6634
ce37
683a
cf3d
6a40
d043
6c46
d149
6e4c
d24f
7052
d355
7258
d45b
745e
d561
7664
d667
786a
d76d
7a70
d873
7c76
d979
7e7c
da7f
8082
db85
8288
dc8b
848e
dd91
8694
de97
889a
df9d
8aa0
e0a3
8ca6
e1a9
8eac
e2af
90b2
e3b5
92b8
e4bb
94be
e5c1
96c4
e6c7
98ca
e7cd
9ad0
e8d3
9cd6
e9d9
9edc
eadf
a0e2
ebe5
a2e8
eceb
a4ee
edf1
a6f4
eef7
a8fa
effd
aa00
f003
ac06
f109
ae0c
f20f
b012
f315
b218
f41b
b41e
f521
b624
f627
b82a
f72d
ba30
f833
bc36
f939
be3c
fa3f
c042
fb45
c248
fc4b
c44e
fd51
c654
fe57
c85a
ff5d
ca60
0063
cc66
0169
ce6c
026f
d072
0375
d278
047b
d47e
0581
d684
0687
d88a
078d
da90
0893
dc96
0999
de9c
0a9f
e0a2
0ba5
e2a8
0cab
e4ae
0db1
e6b4
0eb7
e8ba
0fbd
eac0
10c3
ecc6
11c9
eecc
12cf
f0d2
13d5
f2d8
14db
f4de
15e1
f6e4
16e7
f8ea
17ed
faf0
18f3
fcf6
19f9
fefc
1aff
0002
1b05
0208
1c0b
040e
1d11
0614
1e17
081a
1f1d
0a20
2023
0c26
2129
0e2c
222f
1032
2335
1238
243b
143e
2541
1644
2647
184a
274d
1a50
2853
1c56
2959
1e5c
2a5f
2062
2b65
2268
2c6b
246e
2d71
2674
2e77
287a
2f7d
2a80
3083
2c86
3189
2e8c
328f
3092
3395
3298
349b
349e
35a1
36a4
36a7
38aa
37ad
3ab0
38b3
3cb6
39b9
3ebc
3abf
40c2
3bc5
42c8
3ccb
44ce
3dd1
46d4
3ed7
48da
3fdd
4ae0
40e3
4ce6
41e9
4eec
42ef
50f2
43f5
52f8
44fb
54fe
4501
5604
4607
580a
470d
5a10
4813
5c16
4919
5e1c
4a1f
6022
4b25
6228
4c2b
642e
4d31
6634
4e37
683a
4f3d
6a40
5043
6c46
5149
6e4c
524f
7052
5355
7258
545b
745e
5561
7664
5667
786a
576d
7a70
5873
7c76
5979
7e7c
5a7f
8082
5b85
8288
5c8b
848e
5d91
8694
5e97
889a
5f9d
8aa0
60a3
8ca6
61a9
8eac
62af
90b2
63b5
92b8
64bb
94be
65c1
96c4
66c7
98ca
67cd
9ad0
68d3
9cd6
69d9
9edc
6adf
a0e2
6be5
a2e8
6ceb
a4ee
6df1
a6f4
6ef7
a8fa
6ffd
aa00
7003
ac06
7109
ae0c
720f
b012
7315
b218
741b
b41e
7521
b624
7627
b82a
772d
ba30
7833
bc36
7939
be3c
7a3f
c042
7b45
c248
7c4b
c44e
7d51
c654
7e57
c85a
7f5d
ca60
8063
cc66
8169
ce6c
826f
d072
8375
d278
847b
d47e
8581
d684
8687
d88a
878d
da90
8893
dc96
8999
de9c
8a9f
e0a2
8ba5
e2a8
8cab
e4ae
8db1
e6b4
8eb7
e8ba
8fbd
eac0
90c3
ecc6
91c9
eecc
92cf
f0d2
93d5
f2d8
94db
f4de
95e1
f6e4
96e7
f8ea
97ed
faf0
98f3
fcf6
99f9
fefc
9aff
0002
9b05
0208
9c0b
040e
9d11
0614
9e17
081a
9f1d
0a20
a023
0c26
a129
0e2c
a22f
1032
a335
1238
a43b
143e
a541
1644
a647
184a
a74d
1a50
a853
1c56
a959
1e5c
aa5f
2062
ab65
2268
ac6b
246e
ad71
2674
ae77
287a
af7d
2a80
b083
2c86
b189
2e8c
b28f
3092
b395
3298
b49b
349e
b5a1
36a4
b6a7
38aa
b7ad
3ab0
b8b3
3cb6
b9b9
3ebc
babf
40c2
bbc5
42c8
bccb
44ce
bdd1
46d4
bed7
48da
bfdd
4ae0
c0e3
4ce6
c1e9
4eec
c2ef
50f2
c3f5
52f8
c4fb
54fe
c501
5604
c607
580a
c70d
5a10
c813
5c16
c919
5e1c
ca1f
6022
cb25
6228
cc2b
642e
cd31
6634
ce37
683a
cf3d
6a40
d043
6c46
d149
6e4c
d24f
7052
d355
7258
d45b
745e
d561
7664
d667
786a
d76d
7a70
d873
7c76
d979
7e7c
da7f
8082
db85
8288
dc8b
848e
dd91
8694
de97
889a
df9d
8aa0
e0a3
8ca6
e1a9
8eac
e2af
90b2
e3b5
92b8
e4bb
94be
e5c1
96c4
e6c7
98ca
e7cd
9ad0
e8d3
9cd6
e9d9
9edc
eadf
a0e2
ebe5
a2e8
eceb
a4ee
edf1
a6f4
eef7
a8fa
effd
aa00
f003
ac06
f109
ae0c
f20f
b012
f315
b218
f41b
b41e
f521
b624
f627
b82a
f72d
ba30
f833
bc36
f939
be3c
fa3f
c042
fb45
c248
fc4b
c44e
fd51
c654
fe57
c85a
ff5d
ca60
0063
cc66
0169
ce6c
026f
d072
0375
d278
047b
d47e
0581
d684
0687
d88a
078d
da90
0893
dc96
0999
de9c
0a9f
e0a2
0ba5
e2a8
0cab
e4ae
0db1
e6b4
0eb7
e8ba
0fbd
eac0
10c3
ecc6
11c9
eecc
12cf
f0d2
13d5
f2d8
14db
f4de
15e1
f6e4
16e7
f8ea
17ed
faf0
18f3
fcf6
19f9
fefc
1aff
0002
1b05
0208
1c0b
040e
1d11
0614
1e17
081a
1f1d
0a20
2023
0c26
2129
0e2c
222f
1032
2335
1238
243b
143e
2541
1644
2647
184a
274d
1a50
2853
1c56
2959
1e5c
2a5f
2062
2b65
2268
2c6b
246e
2d71
2674
2e77
287a
2f7d
2a80
3083
2c86
3189
2e8c
328f
3092
3395
3298
349b
349e
35a1
36a4
36a7
38aa
37ad
3ab0
38b3
3cb6
39b9
3ebc
3abf
40c2
3bc5
42c8
3ccb
44ce
3dd1
46d4
3ed7
48da
3fdd
4ae0
40e3
4ce6
41e9
4eec
42ef
50f2
43f5
52f8
44fb
54fe
4501
5604
4607
580a
470d
5a10
4813
5c16
4919
5e1c
4a1f
6022
4b25
6228
4c2b
642e
4d31
6634
4e37
683a
4f3d
6a40
5043
6c46
5149
6e4c
524f
7052
5355
7258
545b
745e
5561
7664
5667
786a
576d
7a70
5873
7c76
5979
7e7c
5a7f
8082
5b85
8288
5c8b
848e
5d91
8694
5e97
889a
5f9d
8aa0
60a3
8ca6
61a9
8eac
62af
90b2
63b5
92b8
64bb
94be
65c1
96c4
66c7
98ca
67cd
9ad0
68d3
9cd6
69d9
9edc
6adf
a0e2
6be5
a2e8
6ceb
a4ee
6df1
a6f4
6ef7
a8fa
6ffd
aa00
7003
ac06
7109
ae0c
720f
b012
7315
b218
741b
b41e
7521
b624
7627
b82a
772d
ba30
7833
bc36
7939
be3c
7a3f
c042
7b45
c248
7c4b
c44e
7d51
c654
7e57
c85a
7f5d
ca60
8063
cc66
8169
ce6c
826f
d072
8375
d278
847b
d47e
8581
d684
8687
d88a
878d
da90
8893
dc96
8999
5f1e
cd21
6124
ce27
632a
cf2d
6530
d033
6736
d139
693c
d23f
6b42
d345
6d48
d44b
6f4e
d551
7154
d657
735a
d75d
7560
d863
7766
d969
796c
da6f
7b72
db75
7d78
dc7b
7f7e
dd81
8184
de87
838a
df8d
8590
e093
8796
e199
899c
e29f
8ba2
e3a5
8da8
e4ab
8fae
e5b1
91b4
e6b7
93ba
e7bd
95c0
e8c3
97c6
e9c9
99cc
eacf
9bd2
ebd5
9dd8
ecdb
9fde
ede1
a1e4
eee7
a3ea
efed
a5f0
f0f3
a7f6
f1f9
a9fc
f2ff
ab02
f305
ad08
f40b
af0e
f511
b114
f617
b31a
f71d
b520
f823
b726
f929
b92c
fa2f
bb32
fb35
bd38
fc3b
bf3e
fd41
c144
fe47
c34a
ff4d
c550
0053
c756
0159
c95c
025f
cb62
0365
cd68
046b
cf6e
0571
d174
0677
d37a
077d
d580
0883
d786
0989
d98c
0a8f
db92
0b95
dd98
0c9b
df9e
0da1
e1a4
0ea7
e3aa
0fad
e5b0
10b3
e7b6
11b9
e9bc
12bf
ebc2
13c5
edc8
14cb
efce
15d1
f1d4
16d7
f3da
17dd
f5e0
18e3
f7e6
19e9
f9ec
1aef
fbf2
1bf5
fdf8
1cfb
fffe
1d01
0104
1e07
030a
1f0d
0510
2013
0716
2119
091c
221f
0b22
2325
0d28
242b
0f2e
2531
1134
2637
133a
273d
1540
2843
1746
2949
194c
2a4f
1b52
2b55
1d58
2c5b
1f5e
2d61
2164
2e67
236a
2f6d
2570
3073
2776
3179
297c
327f
2b82
3385
2d88
348b
2f8e
3591
3194
3697
339a
379d
35a0
38a3
37a6
39a9
39ac
3aaf
3bb2
3bb5
3db8
3cbb
3fbe
3dc1
41c4
3ec7
43ca
3fcd
45d0
40d3
47d6
41d9
49dc
42df
4be2
43e5
4de8
44eb
4fee
45f1
51f4
46f7
53fa
47fd
5500
4803
5706
4909
590c
4a0f
5b12
4b15
5d18
4c1b
5f1e
4d21
6124
4e27
632a
4f2d
6530
5033
6736
5139
693c
523f
6b42
5345
6d48
544b
6f4e
5551
7154
5657
735a
575d
7560
5863
7766
5969
796c
5a6f
7b72
5b75
7d78
5c7b
7f7e
5d81
8184
5e87
838a
5f8d
8590
6093
8796
6199
899c
629f
8ba2
63a5
8da8
64ab
8fae
65b1
91b4
66b7
93ba
67bd
95c0
68c3
97c6
69c9
99cc
6acf
9bd2
6bd5
9dd8
6cdb
9fde
6de1
a1e4
6ee7
a3ea
6fed
a5f0
70f3
a7f6
71f9
a9fc
72ff
ab02
7305
ad08
740b
af0e
7511
b114
7617
b31a
771d
b520
7823
b726
7929
b92c
7a2f
bb32
7b35
bd38
7c3b
bf3e
7d41
c144
7e47
c34a
7f4d
c550
8053
c756
8159
c95c
825f
cb62
8365
cd68
846b
cf6e
8571
d174
8677
d37a
877d
d580
8883
d786
8989
d98c
8a8f
db92
8b95
dd98
8c9b
df9e
8da1
e1a4
8ea7
e3aa
8fad
e5b0
90b3
e7b6
91b9
e9bc
92bf
ebc2
93c5
edc8
94cb
efce
95d1
f1d4
96d7
f3da
97dd
f5e0
98e3
f7e6
99e9
f9ec
9aef
fbf2
9bf5
fdf8
9cfb
fffe
9d01
0104
9e07
030a
9f0d
0510
a013
0716
a119
091c
a21f
0b22
a325
0d28
a42b
0f2e
a531
1134
a637
133a
a73d
1540
a843
1746
a949
194c
aa4f
1b52
ab55
1d58
ac5b
1f5e
ad61
2164
ae67
236a
af6d
2570
b073
2776
b179
297c
b27f
2b82
b385
2d88
b48b
2f8e
b591
3194
b697
339a
b79d
35a0
b8a3
37a6
b9a9
39ac
baaf
3bb2
bbb5
3db8
bcbb
3fbe
bdc1
41c4
bec7
43ca
bfcd
45d0
c0d3
47d6
c1d9
49dc
c2df
4be2
c3e5
4de8
c4eb
4fee
c5f1
51f4
c6f7
53fa
c7fd
5500
c803
5706
c909
590c
ca0f
5b12
cb15
5d18
cc1b
5f1e
cd21
6124
ce27
632a
cf2d
6530
d033
6736
d139
693c
d23f
6b42
d345
6d48
d44b
6f4e
d551
7154
d657
735a
d75d
7560
d863
7766
d969
796c
da6f
7b72
db75
7d78
dc7b
7f7e
dd81
8184
de87
838a
df8d
8590
e093
8796
e199
899c
e29f
8ba2
e3a5
8da8
e4ab
8fae
e5b1
91b4
e6b7
93ba
e7bd
95c0
e8c3
97c6
e9c9
99cc
eacf
9bd2
ebd5
9dd8
ecdb
9fde
ede1
a1e4
eee7
a3ea
efed
a5f0
f0f3
a7f6
f1f9
a9fc
f2ff
ab02
f305
ad08
f40b
af0e
f511
b114
f617
b31a
f71d
b520
f823
b726
f929
b92c
fa2f
bb32
fb35
bd38
fc3b
bf3e
fd41
c144
fe47
c34a
ff4d
c550
0053
c756
0159
c95c
025f
cb62
0365
cd68
046b
cf6e
0571
d174
0677
d37a
077d
d580
0883
d786
0989
d98c
0a8f
db92
0b95
dd98
0c9b
df9e
0da1
e1a4
0ea7
e3aa
0fad
e5b0
10b3
e7b6
11b9
e9bc
12bf
ebc2
13c5
edc8
14cb
efce
15d1
f1d4
16d7
f3da
17dd
f5e0
18e3
f7e6
19e9
f9ec
1aef
fbf2
1bf5
fdf8
1cfb
fffe
1d01
0104
1e07
030a
1f0d
0510
2013
0716
2119
091c
221f
0b22
2325
0d28
242b
0f2e
2531
1134
2637
133a
273d
1540
2843
1746
2949
194c
2a4f
1b52
2b55
1d58
2c5b
1f5e
2d61
2164
2e67
236a
2f6d
2570
3073
2776
3179
297c
327f
2b82
3385
2d88
348b
2f8e
3591
3194
3697
339a
379d
35a0
38a3
37a6
39a9
39ac
3aaf
3bb2
3bb5
3db8
3cbb
3fbe
3dc1
41c4
3ec7
43ca
3fcd
45d0
40d3
47d6
41d9
49dc
42df
4be2
43e5
4de8
44eb
4fee
45f1
51f4
46f7
53fa
47fd
5500
4803
5706
4909
590c
4a0f
5b12
4b15
5d18
4c1b
5f1e
4d21
6124
4e27
632a
4f2d
6530
5033
6736
5139
693c
523f
6b42
5345
6d48
544b
6f4e
5551
7154
5657
735a
575d
7560
5863
7766
5969
796c
5a6f
7b72
5b75
7d78
5c7b
7f7e
5d81
8184
5e87
838a
5f8d
8590
6093
8796
6199
899c
629f
8ba2
63a5
8da8
64ab
8fae
65b1
91b4
66b7
93ba
67bd
95c0
68c3
97c6
69c9
99cc
6acf
9bd2
6bd5
9dd8
6cdb
9fde
6de1
a1e4
6ee7
a3ea
6fed
a5f0
70f3
a7f6
71f9
a9fc
72ff
ab02
7305
ad08
740b
af0e
7511
b114
7617
b31a
771d
b520
7823
b726
7929
b92c
7a2f
bb32
7b35
bd38
7c3b
bf3e
7d41
c144
7e47
c34a
7f4d
c550
8053
c756
8159
c95c
825f
cb62
8365
cd68
846b
cf6e
8571
d174
8677
d37a
877d
d580
8883
d786
8989
d98c
8a8f
db92
8b95
dd98
8c9b
df9e
8da1
e1a4
8ea7
e3aa
8fad
e5b0
90b3
e7b6
91b9
e9bc
92bf
ebc2
93c5
edc8
94cb
efce
95d1
f1d4
96d7
f3da
97dd
f5e0
98e3
f7e6
99e9
f9ec
9aef
fbf2
9bf5
fdf8
9cfb
fffe
9d01
0104
9e07
030a
9f0d
0510
a013
0716
a119
091c
a21f
0b22
a325
0d28
a42b
0f2e
a531
1134
a637
133a
a73d
1540
a843
1746
a949
194c
aa4f
1b52
ab55
1d58
ac5b
1f5e
ad61
2164
ae67
236a
af6d
2570
b073
2776
b179
297c
b27f
2b82
b385
2d88
b48b
2f8e
b591
3194
b697
339a
b79d
35a0
b8a3
37a6
b9a9
39ac
baaf
3bb2
bbb5
3db8
bcbb
3fbe
bdc1
41c4
bec7
43ca
bfcd
45d0
c0d3
47d6
c1d9
49dc
c2df
4be2
c3e5
4de8
c4eb
4fee
c5f1
51f4
c6f7
53fa
c7fd
5500
c803
5706
c909
590c
ca0f
5b12
cb15
5d18
cc1b
5f1e
cd21
6124
ce27
632a
cf2d
6530
d033
6736
d139
693c
d23f
6b42
d345
6d48
d44b
6f4e
d551
7154
d657
735a
d75d
7560
d863
7766
d969
796c
da6f
7b72
db75
7d78
dc7b
7f7e
dd81
8184
de87
838a
df8d
8590
e093
8796
e199
899c
e29f
8ba2
e3a5
8da8
e4ab
8fae
e5b1
91b4
e6b7
93ba
e7bd
95c0
e8c3
97c6
e9c9
99cc
eacf
9bd2
ebd5
9dd8
ecdb
9fde
ede1
a1e4
eee7
a3ea
efed
a5f0
f0f3
a7f6
f1f9
a9fc
f2ff
ab02
f305
ad08
f40b
af0e
f511
b114
f617
b31a
f71d
b520
f823
b726
f929
b92c
fa2f
bb32
fb35
bd38
fc3b
bf3e
fd41
c144
fe47
c34a
ff4d
c550
0053
c756
0159
c95c
025f
cb62
0365
cd68
046b
cf6e
0571
d174
0677
d37a
077d
d580
0883
d786
0989
d98c
0a8f
db92
0b95
dd98
0c9b
df9e
0da1
e1a4
0ea7
e3aa
0fad
e5b0
10b3
e7b6
11b9
e9bc
12bf
ebc2
13c5
edc8
14cb
efce
15d1
f1d4
16d7
f3da
17dd
f5e0
18e3
f7e6
19e9
f9ec
1aef
fbf2
1bf5
fdf8
1cfb
fffe
1d01
0104
1e07
030a
1f0d
0510
2013
0716
2119
091c
221f
0b22
2325
0d28
242b
0f2e
2531
1134
2637
133a
273d
1540
2843
1746
2949
194c
2a4f
1b52
2b55
1d58
2c5b
1f5e
2d61
2164
2e67
236a
2f6d
2570
3073
2776
3179
297c
327f
2b82
3385
2d88
348b
2f8e
3591
3194
3697
339a
379d
35a0
38a3
37a6
39a9
39ac
3aaf
3bb2
3bb5
3db8
3cbb
3fbe
3dc1
41c4
3ec7
43ca
3fcd
45d0
40d3
47d6
41d9
49dc
42df
4be2
43e5
4de8
44eb
4fee
45f1
51f4
46f7
53fa
47fd
5500
4803
5706
4909
590c
4a0f
5b12
4b15
5d18
4c1b
5f1e
4d21
6124
4e27
632a
4f2d
6530
5033
6736
5139
693c
523f
6b42
5345
6d48
544b
6f4e
5551
7154
5657
735a
575d
7560
5863
7766
5969
796c
5a6f
7b72
5b75
7d78
5c7b
7f7e
5d81
8184
5e87
838a
5f8d
8590
6093
8796
6199
899c
629f
8ba2
63a5
8da8
64ab
8fae
65b1
91b4
66b7
93ba
67bd
95c0
68c3
97c6
69c9
99cc
6acf
9bd2
6bd5
9dd8
6cdb
9fde
6de1
a1e4
6ee7
a3ea
6fed
a5f0
70f3
a7f6
71f9
a9fc
72ff
ab02
7305
ad08
740b
af0e
7511
b114
7617
b31a
771d
b520
7823
b726
7929
b92c
7a2f
bb32
7b35
bd38
7c3b
bf3e
7d41
c144
7e47
c34a
7f4d
c550
8053
c756
8159
c95c
825f
cb62
8365
cd68
846b
cf6e
8571
d174
8677
d37a
877d
d580
8883
d786
8989
d98c
8a8f
db92
8b95
dd98
8c9b
df9e
8da1
e1a4
8ea7
e3aa
8fad
e5b0
90b3
e7b6
91b9
e9bc
92bf
ebc2
93c5
edc8
94cb
efce
95d1
f1d4
96d7
f3da
97dd
f5e0
98e3
f7e6
99e9
f9ec
9aef
fbf2
9bf5
fdf8
9cfb
fffe
9d01
0104
9e07
030a
9f0d
0510
a013
0716
a119
091c
a21f
0b22
a325
0d28
a42b
0f2e
a531
1134
a637
133a
a73d
1540
a843
1746
a949
194c
aa4f
1b52
ab55
1d58
ac5b
1f5e
ad61
2164
ae67
236a
af6d
2570
b073
2776
b179
297c
b27f
2b82
b385
2d88
b48b
2f8e
b591
3194
b697
339a
b79d
35a0
b8a3
37a6
b9a9
39ac
baaf
3bb2
bbb5
3db8
bcbb
3fbe
bdc1
41c4
bec7
43ca
bfcd
45d0
c0d3
47d6
c1d9
49dc
c2df
4be2
c3e5
4de8
c4eb
4fee
c5f1
51f4
c6f7
53fa
c7fd
5500
c803
5706
c909
590c
ca0f
5b12
cb15
5d18
cc1b
5f1e
cd21
6124
ce27
632a
cf2d
6530
d033
6736
d139
693c
d23f
6b42
d345
6d48
d44b
6f4e
d551
7154
d657
735a
d75d
7560
d863
7766
d969
796c
da6f
7b72
db75
7d78
dc7b
7f7e
dd81
8184
de87
838a
df8d
8590
e093
8796
e199
899c
e29f
8ba2
e3a5
8da8
e4ab
8fae
e5b1
91b4
e6b7
93ba
e7bd
95c0
e8c3
97c6
e9c9
99cc
eacf
9bd2
ebd5
9dd8
ecdb
9fde
ede1
a1e4
eee7
a3ea
efed
a5f0
f0f3
a7f6
f1f9
a9fc
f2ff
ab02
f305
ad08
f40b
af0e
f511
b114
f617
b31a
f71d
b520
f823
b726
f929
b92c
fa2f
bb32
fb35
bd38
fc3b
bf3e
fd41
c144
fe47
c34a
ff4d
c550
0053
c756
0159
c95c
025f
cb62
0365
cd68
046b
cf6e
0571
d174
0677
d37a
077d
d580
0883
d786
0989
d98c
0a8f
db92
0b95
dd98
0c9b
df9e
0da1
e1a4
0ea7
e3aa
0fad
e5b0
10b3
e7b6
11b9
e9bc
12bf
ebc2
13c5
edc8
14cb
efce
15d1
f1d4
16d7
f3da
17dd
f5e0
18e3
f7e6
19e9
f9ec
1aef
fbf2
1bf5
fdf8
1cfb
fffe
1d01
0104
1e07
030a
1f0d
0510
2013
0716
2119
091c
221f
0b22
2325
0d28
242b
0f2e
2531
1134
2637
133a
273d
1540
2843
1746
2949
194c
2a4f
1b52
2b55
1d58
2c5b
1f5e
2d61
2164
2e67
236a
2f6d
2570
3073
2776
3179
297c
327f
2b82
3385
2d88
348b
2f8e
3591
3194
3697
339a
379d
35a0
38a3
37a6
39a9
39ac
3aaf
3bb2
3bb5
3db8
3cbb
3fbe
3dc1
41c4
3ec7
43ca
3fcd
45d0
40d3
47d6
41d9
49dc
42df
4be2
43e5
4de8
44eb
4fee
45f1
51f4
46f7
53fa
47fd
5500
4803
5706
4909
590c
4a0f
5b12
4b15
5d18
4c1b
5f1e
4d21
6124
4e27
632a
4f2d
6530
5033
6736
5139
693c
523f
6b42
5345
6d48
544b
6f4e
5551
7154
5657
735a
575d
7560
5863
7766
5969
796c
5a6f
7b72
5b75
7d78
5c7b
7f7e
5d81
8184
5e87
838a
5f8d
8590
6093
8796
6199
899c
629f
8ba2
63a5
8da8
64ab
8fae
65b1
91b4
66b7
93ba
67bd
95c0
68c3
97c6
69c9
99cc
6acf
9bd2
6bd5
9dd8
6cdb
9fde
6de1
a1e4
6ee7
a3ea
6fed
a5f0
70f3
a7f6
71f9
a9fc
72ff
ab02
7305
ad08
740b
af0e
7511
b114
7617
b31a
771d
b520
7823
b726
7929
b92c
7a2f
bb32
7b35
bd38
7c3b
bf3e
7d41
c144
7e47
c34a
7f4d
c550
8053
c756
8159
c95c
825f
cb62
8365
cd68
846b
cf6e
8571
d174
8677
d37a
877d
d580
8883
d786
8989
d98c
8a8f
db92
8b95
dd98
8c9b
