Copyright 1986-2020 Xilinx, Inc. All Rights Reserved.
------------------------------------------------------------------------------------------------------------------------------------
| Tool Version : Vivado v.2020.1 (win64) Build 2902540 Wed May 27 19:54:49 MDT 2020
| Date         : Mon Sep 28 00:09:29 2026
| Host         : LAPTOP-JC5LPK9T running 64-bit major release  (build 9200)
| Command      : report_timing_summary -file F:/zju/dasanshangkecheng/HDL/mjpeg/reports/ddr3/full_20260928_000109/timing_routed.rpt
| Design       : davinci_mjpeg_ddr3_top
| Device       : 7a35t-fgg484
| Speed File   : -2  PRODUCTION 1.23 2018-06-13
------------------------------------------------------------------------------------------------------------------------------------

Timing Summary Report

------------------------------------------------------------------------------------------------
| Timer Settings
| --------------
------------------------------------------------------------------------------------------------

  Enable Multi Corner Analysis               :  Yes
  Enable Pessimism Removal                   :  Yes
  Pessimism Removal Resolution               :  Nearest Common Node
  Enable Input Delay Default Clock           :  No
  Enable Preset / Clear Arcs                 :  No
  Disable Flight Delays                      :  No
  Ignore I/O Paths                           :  No
  Timing Early Launch at Borrowing Latches   :  No
  Borrow Time for Max Delay Exceptions       :  Yes
  Merge Timing Exceptions                    :  Yes

  Corner  Analyze    Analyze    
  Name    Max Paths  Min Paths  
  ------  ---------  ---------  
  Slow    Yes        Yes        
  Fast    Yes        Yes        



check_timing report

Table of Contents
-----------------
1. checking no_clock (0)
2. checking constant_clock (0)
3. checking pulse_width_clock (0)
4. checking unconstrained_internal_endpoints (0)
5. checking no_input_delay (5)
6. checking no_output_delay (22)
7. checking multiple_clock (0)
8. checking generated_clocks (0)
9. checking loops (0)
10. checking partial_input_delay (0)
11. checking partial_output_delay (0)
12. checking latch_loops (0)

1. checking no_clock (0)
------------------------
 There are 0 register/latch pins with no clock.


2. checking constant_clock (0)
------------------------------
 There are 0 register/latch pins with constant_clock.


3. checking pulse_width_clock (0)
---------------------------------
 There are 0 register/latch pins which need pulse_width check


4. checking unconstrained_internal_endpoints (0)
------------------------------------------------
 There are 0 pins that are not constrained for maximum delay.

 There are 0 pins that are not constrained for maximum delay due to constant clock.


5. checking no_input_delay (5)
------------------------------
 There are 0 input ports with no input delay specified.

 There are 5 input ports with no input delay but user has a false path constraint. (MEDIUM)


6. checking no_output_delay (22)
--------------------------------
 There is 1 port with no output delay specified. (HIGH)

 There are 21 ports with no output delay but user has a false path constraint (MEDIUM)

 There are 0 ports with no output delay but with a timing clock defined on it or propagating through it


7. checking multiple_clock (0)
------------------------------
 There are 0 register/latch pins with multiple clocks.


8. checking generated_clocks (0)
--------------------------------
 There are 0 generated clocks that are not connected to a clock source.


9. checking loops (0)
---------------------
 There are 0 combinational loops in the design.


10. checking partial_input_delay (0)
------------------------------------
 There are 0 input ports with partial input delay specified.


11. checking partial_output_delay (0)
-------------------------------------
 There are 0 ports with partial output delay specified.


12. checking latch_loops (0)
----------------------------
 There are 0 combinational latch loops in the design through latch input



------------------------------------------------------------------------------------------------
| Design Timing Summary
| ---------------------
------------------------------------------------------------------------------------------------

    WNS(ns)      TNS(ns)  TNS Failing Endpoints  TNS Total Endpoints      WHS(ns)      THS(ns)  THS Failing Endpoints  THS Total Endpoints     WPWS(ns)     TPWS(ns)  TPWS Failing Endpoints  TPWS Total Endpoints  
    -------      -------  ---------------------  -------------------      -------      -------  ---------------------  -------------------     --------     --------  ----------------------  --------------------  
      0.064        0.000                      0                69050        0.030        0.000                      0                68538        0.000        0.000                       0                 23234  


All user specified timing constraints are met.


------------------------------------------------------------------------------------------------
| Clock Summary
| -------------
------------------------------------------------------------------------------------------------

Clock                                                                                                                                                              Waveform(ns)         Period(ns)      Frequency(MHz)
-----                                                                                                                                                              ------------         ----------      --------------
cam_clk                                                                                                                                                            {0.000 6.625}        13.250          75.472          
  clock_raw                                                                                                                                                        {-1.104 5.521}       13.250          75.472          
  feedback_raw_1                                                                                                                                                   {0.000 6.625}        13.250          75.472          
sys_clk                                                                                                                                                            {0.000 10.000}       20.000          50.000          
  core_raw                                                                                                                                                         {0.000 5.000}        10.000          100.000         
  ddr_ref_raw                                                                                                                                                      {0.000 2.500}        5.000           200.000         
    freq_refclk_1                                                                                                                                                  {0.000 0.625}        1.250           800.000         
      u_memc_ui_top_std/mem_intfc0/ddr_phy_top0/u_ddr_mc_phy_wrapper/u_ddr_mc_phy/ddr_phy_4lanes_0.u_ddr_phy_4lanes/ddr_byte_lane_C.ddr_byte_lane_C/iserdes_clk_1  {0.000 1.250}        2.500           400.000         
        iserdes_clkdiv_2                                                                                                                                           {0.000 5.000}        10.000          100.000         
      u_memc_ui_top_std/mem_intfc0/ddr_phy_top0/u_ddr_mc_phy_wrapper/u_ddr_mc_phy/ddr_phy_4lanes_0.u_ddr_phy_4lanes/ddr_byte_lane_D.ddr_byte_lane_D/iserdes_clk_1  {0.000 1.250}        2.500           400.000         
        iserdes_clkdiv_3                                                                                                                                           {0.000 5.000}        10.000          100.000         
    mem_refclk_1                                                                                                                                                   {0.000 1.250}        2.500           400.000         
      oserdes_clk_4                                                                                                                                                {0.000 1.250}        2.500           400.000         
        oserdes_clkdiv_4                                                                                                                                           {0.000 5.000}        10.000          100.000         
      oserdes_clk_5                                                                                                                                                {0.000 1.250}        2.500           400.000         
        oserdes_clkdiv_5                                                                                                                                           {0.000 5.000}        10.000          100.000         
      oserdes_clk_6                                                                                                                                                {0.000 1.250}        2.500           400.000         
        oserdes_clkdiv_6                                                                                                                                           {0.000 2.500}        5.000           200.000         
      oserdes_clk_7                                                                                                                                                {0.000 1.250}        2.500           400.000         
        oserdes_clkdiv_7                                                                                                                                           {0.000 2.500}        5.000           200.000         
    pll_clk3_out_1                                                                                                                                                 {0.000 5.000}        10.000          100.000         
      clk_pll_i_1                                                                                                                                                  {0.000 5.000}        10.000          100.000         
    pll_clkfbout_1                                                                                                                                                 {0.000 2.500}        5.000           200.000         
    sync_pulse_1                                                                                                                                                   {1.094 3.594}        40.000          25.000          
  feedback_raw                                                                                                                                                     {0.000 10.000}       20.000          50.000          
usb_clk                                                                                                                                                            {0.000 8.334}        16.667          59.999          


------------------------------------------------------------------------------------------------
| Intra Clock Table
| -----------------
------------------------------------------------------------------------------------------------

Clock                                                                                                                                                                  WNS(ns)      TNS(ns)  TNS Failing Endpoints  TNS Total Endpoints      WHS(ns)      THS(ns)  THS Failing Endpoints  THS Total Endpoints     WPWS(ns)     TPWS(ns)  TPWS Failing Endpoints  TPWS Total Endpoints  
-----                                                                                                                                                                  -------      -------  ---------------------  -------------------      -------      -------  ---------------------  -------------------     --------     --------  ----------------------  --------------------  
cam_clk                                                                                                                                                                                                                                                                                                              3.625        0.000                       0                     1  
  clock_raw                                                                                                                                                              3.836        0.000                      0                  856        0.054        0.000                      0                  856        6.125        0.000                       0                   498  
  feedback_raw_1                                                                                                                                                                                                                                                                                                    11.658        0.000                       0                     3  
sys_clk                                                                                                                                                                                                                                                                                                              7.000        0.000                       0                     1  
  core_raw                                                                                                                                                               0.312        0.000                      0                44702        0.030        0.000                      0                44702        3.870        0.000                       0                 16622  
  ddr_ref_raw                                                                                                                                                            2.669        0.000                      0                  126        0.098        0.000                      0                  126        0.264        0.000                       0                    65  
    freq_refclk_1                                                                                                                                                                                                                                                                                                    0.001        0.000                       0                     8  
      u_memc_ui_top_std/mem_intfc0/ddr_phy_top0/u_ddr_mc_phy_wrapper/u_ddr_mc_phy/ddr_phy_4lanes_0.u_ddr_phy_4lanes/ddr_byte_lane_C.ddr_byte_lane_C/iserdes_clk_1                                                                                                                                                    1.029        0.000                       0                    16  
        iserdes_clkdiv_2                                                                                                                                                 8.076        0.000                      0                   33        0.071        0.000                      0                   33        2.850        0.000                       0                     9  
      u_memc_ui_top_std/mem_intfc0/ddr_phy_top0/u_ddr_mc_phy_wrapper/u_ddr_mc_phy/ddr_phy_4lanes_0.u_ddr_phy_4lanes/ddr_byte_lane_D.ddr_byte_lane_D/iserdes_clk_1                                                                                                                                                    1.029        0.000                       0                    16  
        iserdes_clkdiv_3                                                                                                                                                 8.256        0.000                      0                   33        0.071        0.000                      0                   33        2.850        0.000                       0                     9  
    mem_refclk_1                                                                                                                                                         1.415        0.000                      0                    1        0.336        0.000                      0                    1        0.715        0.000                       0                     8  
      oserdes_clk_4                                                                                                                                                                                                                                                                                                  1.026        0.000                       0                    12  
        oserdes_clkdiv_4                                                                                                                                                 8.408        0.000                      0                   44        0.088        0.000                      0                   44        2.850        0.000                       0                    12  
      oserdes_clk_5                                                                                                                                                                                                                                                                                                  1.029        0.000                       0                    12  
        oserdes_clkdiv_5                                                                                                                                                 8.860        0.000                      0                   48        0.092        0.000                      0                   48        2.850        0.000                       0                    13  
      oserdes_clk_6                                                                                                                                                      1.192        0.000                      0                    4        0.411        0.000                      0                    4        1.026        0.000                       0                    12  
        oserdes_clkdiv_6                                                                                                                                                 3.856        0.000                      0                   36        0.090        0.000                      0                   36        0.000        0.000                       0                    11  
      oserdes_clk_7                                                                                                                                                      1.206        0.000                      0                    4        0.406        0.000                      0                    4        1.026        0.000                       0                    12  
        oserdes_clkdiv_7                                                                                                                                                 3.880        0.000                      0                   36        0.084        0.000                      0                   36        0.000        0.000                       0                    11  
    pll_clk3_out_1                                                                                                                                                                                                                                                                                                   3.000        0.000                       0                     3  
      clk_pll_i_1                                                                                                                                                        1.177        0.000                      0                12795        0.055        0.000                      0                12795        2.850        0.000                       0                  4853  
    pll_clkfbout_1                                                                                                                                                                                                                                                                                                   3.751        0.000                       0                     2  
    sync_pulse_1                                                                                                                                                                                                                                                                                                     1.428        0.000                       0                     8  
  feedback_raw                                                                                                                                                                                                                                                                                                      18.408        0.000                       0                     3  
usb_clk                                                                                                                                                                  0.064        0.000                      0                 2186        0.039        0.000                      0                 2186        7.203        0.000                       0                  1014  


------------------------------------------------------------------------------------------------
| Inter Clock Table
| -----------------
------------------------------------------------------------------------------------------------

From Clock                                                                                                                                                   To Clock                                                                                                                                                         WNS(ns)      TNS(ns)  TNS Failing Endpoints  TNS Total Endpoints      WHS(ns)      THS(ns)  THS Failing Endpoints  THS Total Endpoints  
----------                                                                                                                                                   --------                                                                                                                                                         -------      -------  ---------------------  -------------------      -------      -------  ---------------------  -------------------  
cam_clk                                                                                                                                                      clock_raw                                                                                                                                                          0.080        0.000                      0                   10        0.636        0.000                      0                   10  
core_raw                                                                                                                                                     clock_raw                                                                                                                                                          8.790        0.000                      0                   13                                                                        
clock_raw                                                                                                                                                    core_raw                                                                                                                                                          11.914        0.000                      0                  205                                                                        
clk_pll_i_1                                                                                                                                                  core_raw                                                                                                                                                           6.268        0.000                      0                  145                                                                        
usb_clk                                                                                                                                                      core_raw                                                                                                                                                           7.922        0.000                      0                  224                                                                        
clk_pll_i_1                                                                                                                                                  ddr_ref_raw                                                                                                                                                       19.009        0.000                      0                    1                                                                        
clk_pll_i_1                                                                                                                                                  u_memc_ui_top_std/mem_intfc0/ddr_phy_top0/u_ddr_mc_phy_wrapper/u_ddr_mc_phy/ddr_phy_4lanes_0.u_ddr_phy_4lanes/ddr_byte_lane_C.ddr_byte_lane_C/iserdes_clk_1        8.435        0.000                      0                    8       37.997        0.000                      0                    8  
clk_pll_i_1                                                                                                                                                  u_memc_ui_top_std/mem_intfc0/ddr_phy_top0/u_ddr_mc_phy_wrapper/u_ddr_mc_phy/ddr_phy_4lanes_0.u_ddr_phy_4lanes/ddr_byte_lane_D.ddr_byte_lane_D/iserdes_clk_1        7.352        0.000                      0                    8       38.578        0.000                      0                    8  
sync_pulse_1                                                                                                                                                 mem_refclk_1                                                                                                                                                       0.994        0.000                      0                    1        0.690        0.000                      0                    1  
oserdes_clk_4                                                                                                                                                oserdes_clkdiv_4                                                                                                                                                   1.703        0.000                      0                   12        0.093        0.000                      0                   12  
oserdes_clk_5                                                                                                                                                oserdes_clkdiv_5                                                                                                                                                   1.703        0.000                      0                   13        0.095        0.000                      0                   13  
oserdes_clk_6                                                                                                                                                oserdes_clkdiv_6                                                                                                                                                   1.703        0.000                      0                   15        0.095        0.000                      0                   15  
oserdes_clk_7                                                                                                                                                oserdes_clkdiv_7                                                                                                                                                   1.703        0.000                      0                   15        0.095        0.000                      0                   15  
core_raw                                                                                                                                                     clk_pll_i_1                                                                                                                                                        6.235        0.000                      0                  331        0.794        0.000                      0                    1  
ddr_ref_raw                                                                                                                                                  clk_pll_i_1                                                                                                                                                       16.136        0.000                      0                   12        0.503        0.000                      0                   12  
core_raw                                                                                                                                                     usb_clk                                                                                                                                                            8.901        0.000                      0                   23                                                                        


------------------------------------------------------------------------------------------------
| Other Path Groups Table
| -----------------------
------------------------------------------------------------------------------------------------

Path Group         From Clock         To Clock               WNS(ns)      TNS(ns)  TNS Failing Endpoints  TNS Total Endpoints      WHS(ns)      THS(ns)  THS Failing Endpoints  THS Total Endpoints  
----------         ----------         --------               -------      -------  ---------------------  -------------------      -------      -------  ---------------------  -------------------  
**async_default**  clk_pll_i_1        clk_pll_i_1              5.470        0.000                      0                  124        0.675        0.000                      0                  124  
**async_default**  core_raw           core_raw                 1.015        0.000                      0                 6458        0.495        0.000                      0                 6458  
**async_default**  usb_clk            usb_clk                  6.492        0.000                      0                  957        0.614        0.000                      0                  957  
**default**        clk_pll_i_1                                 2.312        0.000                      0                    1                                                                        


------------------------------------------------------------------------------------------------
| Timing Details
| --------------
------------------------------------------------------------------------------------------------


---------------------------------------------------------------------------------------------------
From Clock:  cam_clk
  To Clock:  cam_clk

Setup :           NA  Failing Endpoints,  Worst Slack           NA  ,  Total Violation           NA
Hold  :           NA  Failing Endpoints,  Worst Slack           NA  ,  Total Violation           NA
PW    :            0  Failing Endpoints,  Worst Slack        3.625ns,  Total Violation        0.000ns
---------------------------------------------------------------------------------------------------


Pulse Width Checks
--------------------------------------------------------------------------------------
Clock Name:         cam_clk
Waveform(ns):       { 0.000 6.625 }
Period(ns):         13.250
Sources:            { cam_pclk }

Check Type        Corner  Lib Pin            Reference Pin  Required(ns)  Actual(ns)  Slack(ns)  Location         Pin
Min Period        n/a     MMCME2_ADV/CLKIN1  n/a            1.249         13.250      12.001     MMCME2_ADV_X0Y0  real_camera.phase_clock.sampling_clock/camera_mmcm/CLKIN1
Max Period        n/a     MMCME2_ADV/CLKIN1  n/a            100.000       13.250      86.750     MMCME2_ADV_X0Y0  real_camera.phase_clock.sampling_clock/camera_mmcm/CLKIN1
Low Pulse Width   Fast    MMCME2_ADV/CLKIN1  n/a            3.000         6.625       3.625      MMCME2_ADV_X0Y0  real_camera.phase_clock.sampling_clock/camera_mmcm/CLKIN1
High Pulse Width  Slow    MMCME2_ADV/CLKIN1  n/a            3.000         6.625       3.625      MMCME2_ADV_X0Y0  real_camera.phase_clock.sampling_clock/camera_mmcm/CLKIN1



---------------------------------------------------------------------------------------------------
From Clock:  clock_raw
  To Clock:  clock_raw

Setup :            0  Failing Endpoints,  Worst Slack        3.836ns,  Total Violation        0.000ns
Hold  :            0  Failing Endpoints,  Worst Slack        0.054ns,  Total Violation        0.000ns
PW    :            0  Failing Endpoints,  Worst Slack        6.125ns,  Total Violation        0.000ns
---------------------------------------------------------------------------------------------------


Max Delay Paths
--------------------------------------------------------------------------------------
Slack (MET) :             3.836ns  (required time - arrival time)
  Source:                 real_camera.pin_href_reg/C
                            (falling edge-triggered cell FDRE clocked by clock_raw  {rise@-1.104ns fall@5.521ns period=13.250ns})
  Destination:            real_camera.capture/pixel_fifo/full_reg/D
                            (falling edge-triggered cell FDCE clocked by clock_raw  {rise@-1.104ns fall@5.521ns period=13.250ns})
  Path Group:             clock_raw
  Path Type:              Setup (Max at Slow Process Corner)
  Requirement:            13.250ns  (clock_raw fall@18.771ns - clock_raw fall@5.521ns)
  Data Path Delay:        9.124ns  (logic 2.761ns (30.262%)  route 6.363ns (69.738%))
  Logic Levels:           12  (CARRY4=4 LUT2=1 LUT3=1 LUT4=2 LUT5=2 LUT6=2)
  Clock Path Skew:        -0.273ns (DCD - SCD + CPR)
    Destination Clock Delay (DCD):    0.583ns = ( 19.354 - 18.771 ) 
    Source Clock Delay      (SCD):    1.670ns = ( 7.191 - 5.521 ) 
    Clock Pessimism Removal (CPR):    0.815ns
  Clock Uncertainty:      0.067ns  ((TSJ^2 + DJ^2)^1/2) / 2 + PE
    Total System Jitter     (TSJ):    0.071ns
    Discrete Jitter          (DJ):    0.114ns
    Phase Error              (PE):    0.000ns

    Location             Delay type                Incr(ns)  Path(ns)    Netlist Resource(s)
  -------------------------------------------------------------------    -------------------
                         (clock clock_raw fall edge)
                                                      5.521     5.521 f  
    F14                                               0.000     5.521 f  cam_pclk (IN)
                         net (fo=0)                   0.000     5.521    cam_pclk
    F14                  IBUF (Prop_ibuf_I_O)         1.392     6.913 f  cam_pclk_IBUF_inst/O
                         net (fo=1, routed)           3.115    10.028    real_camera.phase_clock.sampling_clock/pclk
    MMCME2_ADV_X0Y0      MMCME2_ADV (Prop_mmcme2_adv_CLKIN1_CLKOUT0)
                                                     -5.924     4.104 f  real_camera.phase_clock.sampling_clock/camera_mmcm/CLKOUT0
                         net (fo=1, routed)           1.425     5.528    real_camera.phase_clock.sampling_clock/clock_raw
    BUFGCTRL_X0Y3        BUFG (Prop_bufg_I_O)         0.081     5.609 f  real_camera.phase_clock.sampling_clock/sample_buffer/O
                         net (fo=496, routed)         1.582     7.191    real_camera.pclk
    SLICE_X3Y134         FDRE                                         r  real_camera.pin_href_reg/C  (IS_INVERTED)
  -------------------------------------------------------------------    -------------------
    SLICE_X3Y134         FDRE (Prop_fdre_C_Q)         0.384     7.575 f  real_camera.pin_href_reg/Q
                         net (fo=14, routed)          2.487    10.063    real_camera.capture/pixel_fifo/real_camera.pin_href
    SLICE_X13Y92         LUT6 (Prop_lut6_I2_O)        0.105    10.168 r  real_camera.capture/pixel_fifo/in_frame_i_2/O
                         net (fo=3, routed)           0.338    10.506    real_camera.capture/pixel_fifo/admission_pending_reg_0
    SLICE_X12Y92         LUT5 (Prop_lut5_I3_O)        0.105    10.611 f  real_camera.capture/pixel_fifo/memory_reg_0_i_8__0/O
                         net (fo=6, routed)           0.398    11.009    real_camera.capture/pixel_fifo/memory_reg_0_i_8__0_n_0
    SLICE_X13Y90         LUT4 (Prop_lut4_I0_O)        0.105    11.114 f  real_camera.capture/pixel_fifo/fault_req_i_6/O
                         net (fo=1, routed)           0.342    11.456    real_camera.capture/pixel_fifo/fault_req_i_6_n_0
    SLICE_X12Y92         LUT6 (Prop_lut6_I5_O)        0.105    11.561 f  real_camera.capture/pixel_fifo/fault_req_i_3/O
                         net (fo=3, routed)           0.478    12.039    real_camera.capture/pixel_fifo/fault_req_i_3_n_0
    SLICE_X12Y93         LUT2 (Prop_lut2_I1_O)        0.105    12.144 r  real_camera.capture/pixel_fifo/memory_reg_0_i_9__0/O
                         net (fo=24, routed)          1.290    13.435    real_camera.capture/pixel_fifo/memory_reg_0_i_9__0_n_0
    SLICE_X2Y74          LUT3 (Prop_lut3_I1_O)        0.264    13.699 r  real_camera.capture/pixel_fifo/wgray[3]_i_3/O
                         net (fo=1, routed)           0.000    13.699    real_camera.capture/pixel_fifo/wgray[3]_i_3_n_0
    SLICE_X2Y74          CARRY4 (Prop_carry4_S[0]_CO[3])
                                                      0.423    14.122 r  real_camera.capture/pixel_fifo/wgray_reg[3]_i_2/CO[3]
                         net (fo=1, routed)           0.008    14.130    real_camera.capture/pixel_fifo/wgray_reg[3]_i_2_n_0
    SLICE_X2Y75          CARRY4 (Prop_carry4_CI_O[3])
                                                      0.262    14.392 r  real_camera.capture/pixel_fifo/wgray_reg[7]_i_2/O[3]
                         net (fo=4, routed)           0.697    15.088    real_camera.capture/pixel_fifo/wnext__0[7]
    SLICE_X3Y77          LUT5 (Prop_lut5_I0_O)        0.250    15.338 r  real_camera.capture/pixel_fifo/full_next_carry_i_6/O
                         net (fo=1, routed)           0.324    15.662    real_camera.capture/pixel_fifo/full_next_carry_i_6_n_0
    SLICE_X3Y75          LUT4 (Prop_lut4_I0_O)        0.105    15.767 r  real_camera.capture/pixel_fifo/full_next_carry_i_2/O
                         net (fo=1, routed)           0.000    15.767    real_camera.capture/pixel_fifo/full_next_carry_i_2_n_0
    SLICE_X3Y75          CARRY4 (Prop_carry4_S[2]_CO[3])
                                                      0.332    16.099 r  real_camera.capture/pixel_fifo/full_next_carry/CO[3]
                         net (fo=1, routed)           0.000    16.099    real_camera.capture/pixel_fifo/full_next_carry_n_0
    SLICE_X3Y76          CARRY4 (Prop_carry4_CI_CO[0])
                                                      0.216    16.315 r  real_camera.capture/pixel_fifo/full_next_carry__0/CO[0]
                         net (fo=1, routed)           0.000    16.315    real_camera.capture/pixel_fifo/full_next
    SLICE_X3Y76          FDCE                                         r  real_camera.capture/pixel_fifo/full_reg/D
  -------------------------------------------------------------------    -------------------

                         (clock clock_raw fall edge)
                                                     18.771    18.771 f  
    F14                                               0.000    18.771 f  cam_pclk (IN)
                         net (fo=0)                   0.000    18.771    cam_pclk
    F14                  IBUF (Prop_ibuf_I_O)         1.327    20.097 f  cam_pclk_IBUF_inst/O
                         net (fo=1, routed)           2.581    22.678    real_camera.phase_clock.sampling_clock/pclk
    MMCME2_ADV_X0Y0      MMCME2_ADV (Prop_mmcme2_adv_CLKIN1_CLKOUT0)
                                                     -6.061    16.617 f  real_camera.phase_clock.sampling_clock/camera_mmcm/CLKOUT0
                         net (fo=1, routed)           1.357    17.975    real_camera.phase_clock.sampling_clock/clock_raw
    BUFGCTRL_X0Y3        BUFG (Prop_bufg_I_O)         0.077    18.052 f  real_camera.phase_clock.sampling_clock/sample_buffer/O
                         net (fo=496, routed)         1.302    19.354    real_camera.capture/pixel_fifo/sample_clk
    SLICE_X3Y76          FDCE                                         r  real_camera.capture/pixel_fifo/full_reg/C  (IS_INVERTED)
                         clock pessimism              0.815    20.168    
                         clock uncertainty           -0.067    20.101    
    SLICE_X3Y76          FDCE (Setup_fdce_C_D)        0.050    20.151    real_camera.capture/pixel_fifo/full_reg
  -------------------------------------------------------------------
                         required time                         20.151    
                         arrival time                         -16.315    
  -------------------------------------------------------------------
                         slack                                  3.836    





Min Delay Paths
--------------------------------------------------------------------------------------
Slack (MET) :             0.054ns  (arrival time - required time)
  Source:                 real_camera.capture/received_bin_reg[10]/C
                            (falling edge-triggered cell FDCE clocked by clock_raw  {rise@-1.104ns fall@5.521ns period=13.250ns})
  Destination:            real_camera.capture/received_bin_reg[16]/D
                            (falling edge-triggered cell FDCE clocked by clock_raw  {rise@-1.104ns fall@5.521ns period=13.250ns})
  Path Group:             clock_raw
  Path Type:              Hold (Min at Fast Process Corner)
  Requirement:            0.000ns  (clock_raw fall@5.521ns - clock_raw fall@5.521ns)
  Data Path Delay:        0.518ns  (logic 0.399ns (76.960%)  route 0.119ns (23.040%))
  Logic Levels:           3  (CARRY4=3)
  Clock Path Skew:        0.352ns (DCD - SCD - CPR)
    Destination Clock Delay (DCD):    0.511ns = ( 6.032 - 5.521 ) 
    Source Clock Delay      (SCD):    0.405ns = ( 5.926 - 5.521 ) 
    Clock Pessimism Removal (CPR):    -0.246ns

    Location             Delay type                Incr(ns)  Path(ns)    Netlist Resource(s)
  -------------------------------------------------------------------    -------------------
                         (clock clock_raw fall edge)
                                                      5.521     5.521 f  
    F14                                               0.000     5.521 f  cam_pclk (IN)
                         net (fo=0)                   0.000     5.521    cam_pclk
    F14                  IBUF (Prop_ibuf_I_O)         0.229     5.750 f  cam_pclk_IBUF_inst/O
                         net (fo=1, routed)           1.430     7.180    real_camera.phase_clock.sampling_clock/pclk
    MMCME2_ADV_X0Y0      MMCME2_ADV (Prop_mmcme2_adv_CLKIN1_CLKOUT0)
                                                     -2.362     4.818 f  real_camera.phase_clock.sampling_clock/camera_mmcm/CLKOUT0
                         net (fo=1, routed)           0.489     5.306    real_camera.phase_clock.sampling_clock/clock_raw
    BUFGCTRL_X0Y3        BUFG (Prop_bufg_I_O)         0.026     5.332 f  real_camera.phase_clock.sampling_clock/sample_buffer/O
                         net (fo=496, routed)         0.594     5.926    real_camera.capture/sample_clk
    SLICE_X1Y98          FDCE                                         r  real_camera.capture/received_bin_reg[10]/C  (IS_INVERTED)
  -------------------------------------------------------------------    -------------------
    SLICE_X1Y98          FDCE (Prop_fdce_C_Q)         0.146     6.072 r  real_camera.capture/received_bin_reg[10]/Q
                         net (fo=2, routed)           0.119     6.191    real_camera.capture/received_bin_reg[10]
    SLICE_X1Y98          CARRY4 (Prop_carry4_S[2]_CO[3])
                                                      0.160     6.351 r  real_camera.capture/received_bin_reg[8]_i_1/CO[3]
                         net (fo=1, routed)           0.000     6.351    real_camera.capture/received_bin_reg[8]_i_1_n_0
    SLICE_X1Y99          CARRY4 (Prop_carry4_CI_CO[3])
                                                      0.039     6.390 r  real_camera.capture/received_bin_reg[12]_i_1/CO[3]
                         net (fo=1, routed)           0.001     6.391    real_camera.capture/received_bin_reg[12]_i_1_n_0
    SLICE_X1Y100         CARRY4 (Prop_carry4_CI_O[0])
                                                      0.054     6.445 r  real_camera.capture/received_bin_reg[16]_i_1/O[0]
                         net (fo=1, routed)           0.000     6.445    real_camera.capture/received_bin_reg[16]_i_1_n_7
    SLICE_X1Y100         FDCE                                         r  real_camera.capture/received_bin_reg[16]/D
  -------------------------------------------------------------------    -------------------

                         (clock clock_raw fall edge)
                                                      5.521     5.521 f  
    F14                                               0.000     5.521 f  cam_pclk (IN)
                         net (fo=0)                   0.000     5.521    cam_pclk
    F14                  IBUF (Prop_ibuf_I_O)         0.417     5.938 f  cam_pclk_IBUF_inst/O
                         net (fo=1, routed)           1.726     7.664    real_camera.phase_clock.sampling_clock/pclk
    MMCME2_ADV_X0Y0      MMCME2_ADV (Prop_mmcme2_adv_CLKIN1_CLKOUT0)
                                                     -3.145     4.519 f  real_camera.phase_clock.sampling_clock/camera_mmcm/CLKOUT0
                         net (fo=1, routed)           0.534     5.052    real_camera.phase_clock.sampling_clock/clock_raw
    BUFGCTRL_X0Y3        BUFG (Prop_bufg_I_O)         0.029     5.081 f  real_camera.phase_clock.sampling_clock/sample_buffer/O
                         net (fo=496, routed)         0.951     6.032    real_camera.capture/sample_clk
    SLICE_X1Y100         FDCE                                         r  real_camera.capture/received_bin_reg[16]/C  (IS_INVERTED)
                         clock pessimism              0.246     6.279    
    SLICE_X1Y100         FDCE (Hold_fdce_C_D)         0.112     6.391    real_camera.capture/received_bin_reg[16]
  -------------------------------------------------------------------
                         required time                         -6.391    
                         arrival time                           6.445    
  -------------------------------------------------------------------
                         slack                                  0.054    





Pulse Width Checks
--------------------------------------------------------------------------------------
Clock Name:         clock_raw
Waveform(ns):       { -1.104 5.521 }
Period(ns):         13.250
Sources:            { real_camera.phase_clock.sampling_clock/camera_mmcm/CLKOUT0 }

Check Type        Corner  Lib Pin             Reference Pin  Required(ns)  Actual(ns)  Slack(ns)  Location         Pin
Min Period        n/a     RAMB18E1/CLKARDCLK  n/a            2.170         13.250      11.080     RAMB18_X0Y30     real_camera.capture/pixel_fifo/memory_reg_2/CLKARDCLK
Max Period        n/a     MMCME2_ADV/CLKOUT0  n/a            213.360       13.250      200.110    MMCME2_ADV_X0Y0  real_camera.phase_clock.sampling_clock/camera_mmcm/CLKOUT0
Low Pulse Width   Fast    FDCE/C              n/a            0.500         6.625       6.125      SLICE_X1Y100     real_camera.capture/received_bin_reg[16]/C
High Pulse Width  Slow    FDCE/C              n/a            0.500         6.625       6.125      SLICE_X3Y78      real_camera.capture/pixel_fifo/rgray_w1_reg[10]/C



---------------------------------------------------------------------------------------------------
From Clock:  feedback_raw_1
  To Clock:  feedback_raw_1

Setup :           NA  Failing Endpoints,  Worst Slack           NA  ,  Total Violation           NA
Hold  :           NA  Failing Endpoints,  Worst Slack           NA  ,  Total Violation           NA
PW    :            0  Failing Endpoints,  Worst Slack       11.658ns,  Total Violation        0.000ns
---------------------------------------------------------------------------------------------------


Pulse Width Checks
--------------------------------------------------------------------------------------
Clock Name:         feedback_raw_1
Waveform(ns):       { 0.000 6.625 }
Period(ns):         13.250
Sources:            { real_camera.phase_clock.sampling_clock/camera_mmcm/CLKFBOUT }

Check Type  Corner  Lib Pin             Reference Pin  Required(ns)  Actual(ns)  Slack(ns)  Location         Pin
Min Period  n/a     BUFG/I              n/a            1.592         13.250      11.658     BUFGCTRL_X0Y5    real_camera.phase_clock.sampling_clock/feedback_buffer/I
Max Period  n/a     MMCME2_ADV/CLKFBIN  n/a            100.000       13.250      86.750     MMCME2_ADV_X0Y0  real_camera.phase_clock.sampling_clock/camera_mmcm/CLKFBIN



---------------------------------------------------------------------------------------------------
From Clock:  sys_clk
  To Clock:  sys_clk

Setup :           NA  Failing Endpoints,  Worst Slack           NA  ,  Total Violation           NA
Hold  :           NA  Failing Endpoints,  Worst Slack           NA  ,  Total Violation           NA
PW    :            0  Failing Endpoints,  Worst Slack        7.000ns,  Total Violation        0.000ns
---------------------------------------------------------------------------------------------------


Pulse Width Checks
--------------------------------------------------------------------------------------
Clock Name:         sys_clk
Waveform(ns):       { 0.000 10.000 }
Period(ns):         20.000
Sources:            { sys_clk }

Check Type        Corner  Lib Pin            Reference Pin  Required(ns)  Actual(ns)  Slack(ns)  Location         Pin
Min Period        n/a     MMCME2_ADV/CLKIN1  n/a            1.249         20.000      18.751     MMCME2_ADV_X1Y0  multiplied_clock.clock_generator/mmcm/CLKIN1
Max Period        n/a     MMCME2_ADV/CLKIN1  n/a            100.000       20.000      80.000     MMCME2_ADV_X1Y0  multiplied_clock.clock_generator/mmcm/CLKIN1
Low Pulse Width   Fast    MMCME2_ADV/CLKIN1  n/a            3.000         10.000      7.000      MMCME2_ADV_X1Y0  multiplied_clock.clock_generator/mmcm/CLKIN1
High Pulse Width  Slow    MMCME2_ADV/CLKIN1  n/a            3.000         10.000      7.000      MMCME2_ADV_X1Y0  multiplied_clock.clock_generator/mmcm/CLKIN1



---------------------------------------------------------------------------------------------------
From Clock:  core_raw
  To Clock:  core_raw

Setup :            0  Failing Endpoints,  Worst Slack        0.312ns,  Total Violation        0.000ns
Hold  :            0  Failing Endpoints,  Worst Slack        0.030ns,  Total Violation        0.000ns
PW    :            0  Failing Endpoints,  Worst Slack        3.870ns,  Total Violation        0.000ns
---------------------------------------------------------------------------------------------------


Max Delay Paths
--------------------------------------------------------------------------------------
Slack (MET) :             0.312ns  (required time - arrival time)
  Source:                 engine/codec/encoder/channels[0].channel/ddr_spatial_transport.skip/coefficient_decoders.current_decoder/reservoir_reg[34]/C
                            (rising edge-triggered cell FDRE clocked by core_raw  {rise@0.000ns fall@5.000ns period=10.000ns})
  Destination:            engine/codec/encoder/channels[0].channel/ddr_spatial_transport.skip/coefficient_decoders.current_decoder/position_reg[3]/CE
                            (rising edge-triggered cell FDRE clocked by core_raw  {rise@0.000ns fall@5.000ns period=10.000ns})
  Path Group:             core_raw
  Path Type:              Setup (Max at Slow Process Corner)
  Requirement:            10.000ns  (core_raw rise@10.000ns - core_raw rise@0.000ns)
  Data Path Delay:        9.433ns  (logic 2.321ns (24.606%)  route 7.112ns (75.394%))
  Logic Levels:           13  (LUT3=3 LUT4=2 LUT5=3 LUT6=4 MUXF7=1)
  Clock Path Skew:        -0.040ns (DCD - SCD + CPR)
    Destination Clock Delay (DCD):    -0.856ns = ( 9.144 - 10.000 ) 
    Source Clock Delay      (SCD):    -0.407ns
    Clock Pessimism Removal (CPR):    0.410ns
  Clock Uncertainty:      0.047ns  ((TSJ^2 + DJ^2)^1/2) / 2 + PE
    Total System Jitter     (TSJ):    0.071ns
    Discrete Jitter          (DJ):    0.063ns
    Phase Error              (PE):    0.000ns

    Location             Delay type                Incr(ns)  Path(ns)    Netlist Resource(s)
  -------------------------------------------------------------------    -------------------
                         (clock core_raw rise edge)
                                                      0.000     0.000 r  
    R4                                                0.000     0.000 r  sys_clk (IN)
                         net (fo=0)                   0.000     0.000    sys_clk
    R4                   IBUF (Prop_ibuf_I_O)         1.432     1.432 r  sys_clk_IBUF_inst/O
                         net (fo=1, routed)           1.065     2.497    multiplied_clock.clock_generator/sys_clk_IBUF
    MMCME2_ADV_X1Y0      MMCME2_ADV (Prop_mmcme2_adv_CLKIN1_CLKOUT0)
                                                     -5.921    -3.424 r  multiplied_clock.clock_generator/mmcm/CLKOUT0
                         net (fo=1, routed)           1.421    -2.004    multiplied_clock.clock_generator/core_raw
    BUFGCTRL_X0Y2        BUFG (Prop_bufg_I_O)         0.081    -1.923 r  multiplied_clock.clock_generator/core_buffer/O
                         net (fo=16620, routed)       1.516    -0.407    engine/codec/encoder/channels[0].channel/ddr_spatial_transport.skip/coefficient_decoders.current_decoder/core_clk
    SLICE_X47Y142        FDRE                                         r  engine/codec/encoder/channels[0].channel/ddr_spatial_transport.skip/coefficient_decoders.current_decoder/reservoir_reg[34]/C
  -------------------------------------------------------------------    -------------------
    SLICE_X47Y142        FDRE (Prop_fdre_C_Q)         0.379    -0.028 r  engine/codec/encoder/channels[0].channel/ddr_spatial_transport.skip/coefficient_decoders.current_decoder/reservoir_reg[34]/Q
                         net (fo=42, routed)          0.887     0.859    engine/codec/encoder/channels[0].channel/ddr_spatial_transport.skip/coefficient_decoders.current_decoder/reservoir[34]
    SLICE_X43Y142        LUT4 (Prop_lut4_I3_O)        0.114     0.973 f  engine/codec/encoder/channels[0].channel/ddr_spatial_transport.skip/coefficient_decoders.current_decoder/saved_symbol[7]_i_88/O
                         net (fo=1, routed)           0.476     1.450    engine/codec/encoder/channels[0].channel/ddr_spatial_transport.skip/coefficient_decoders.current_decoder/saved_symbol[7]_i_88_n_0
    SLICE_X45Y142        LUT6 (Prop_lut6_I4_O)        0.274     1.724 r  engine/codec/encoder/channels[0].channel/ddr_spatial_transport.skip/coefficient_decoders.current_decoder/saved_symbol[7]_i_63/O
                         net (fo=12, routed)          0.736     2.460    engine/codec/encoder/channels[0].channel/ddr_spatial_transport.skip/coefficient_decoders.current_decoder/saved_symbol[7]_i_63_n_0
    SLICE_X46Y144        LUT3 (Prop_lut3_I0_O)        0.125     2.585 f  engine/codec/encoder/channels[0].channel/ddr_spatial_transport.skip/coefficient_decoders.current_decoder/saved_symbol[3]_i_27/O
                         net (fo=2, routed)           0.558     3.143    engine/codec/encoder/channels[0].channel/ddr_spatial_transport.skip/coefficient_decoders.current_decoder/saved_symbol[3]_i_27_n_0
    SLICE_X47Y144        LUT5 (Prop_lut5_I0_O)        0.264     3.407 f  engine/codec/encoder/channels[0].channel/ddr_spatial_transport.skip/coefficient_decoders.current_decoder/saved_symbol[3]_i_18/O
                         net (fo=1, routed)           0.546     3.953    engine/codec/encoder/channels[0].channel/ddr_spatial_transport.skip/coefficient_decoders.current_decoder/saved_symbol[3]_i_18_n_0
    SLICE_X47Y144        LUT6 (Prop_lut6_I3_O)        0.105     4.058 r  engine/codec/encoder/channels[0].channel/ddr_spatial_transport.skip/coefficient_decoders.current_decoder/saved_symbol[3]_i_6/O
                         net (fo=49, routed)          0.929     4.988    engine/codec/encoder/channels[0].channel/ddr_spatial_transport.skip/coefficient_decoders.current_decoder/sel[3]
    SLICE_X48Y145        LUT6 (Prop_lut6_I0_O)        0.105     5.093 f  engine/codec/encoder/channels[0].channel/ddr_spatial_transport.skip/coefficient_decoders.current_decoder/saved_symbol[2]_i_7/O
                         net (fo=1, routed)           0.000     5.093    engine/codec/encoder/channels[0].channel/ddr_spatial_transport.skip/coefficient_decoders.current_decoder/saved_symbol[2]_i_7_n_0
    SLICE_X48Y145        MUXF7 (Prop_muxf7_I0_O)      0.178     5.271 f  engine/codec/encoder/channels[0].channel/ddr_spatial_transport.skip/coefficient_decoders.current_decoder/saved_symbol_reg[2]_i_4/O
                         net (fo=1, routed)           0.491     5.762    engine/codec/encoder/channels[0].channel/ddr_spatial_transport.skip/coefficient_decoders.current_decoder/saved_symbol_reg[2]_i_4_n_0
    SLICE_X50Y145        LUT6 (Prop_lut6_I0_O)        0.252     6.014 f  engine/codec/encoder/channels[0].channel/ddr_spatial_transport.skip/coefficient_decoders.current_decoder/saved_symbol[2]_i_3/O
                         net (fo=2, routed)           0.323     6.336    engine/codec/encoder/channels[0].channel/ddr_spatial_transport.skip/coefficient_decoders.current_decoder/saved_symbol[2]_i_3_n_0
    SLICE_X51Y147        LUT4 (Prop_lut4_I2_O)        0.105     6.441 f  engine/codec/encoder/channels[0].channel/ddr_spatial_transport.skip/coefficient_decoders.current_decoder/saved_symbol[2]_i_1/O
                         net (fo=3, routed)           0.745     7.186    engine/codec/encoder/channels[0].channel/ddr_spatial_transport.skip/coefficient_decoders.current_decoder/saved_symbol[2]_i_1_n_0
    SLICE_X50Y142        LUT5 (Prop_lut5_I4_O)        0.105     7.291 r  engine/codec/encoder/channels[0].channel/ddr_spatial_transport.skip/coefficient_decoders.current_decoder/position[4]_i_5/O
                         net (fo=3, routed)           0.334     7.625    engine/codec/encoder/channels[0].channel/ddr_spatial_transport.skip/coefficient_decoders.current_decoder/position[4]_i_5_n_0
    SLICE_X51Y143        LUT3 (Prop_lut3_I1_O)        0.105     7.730 r  engine/codec/encoder/channels[0].channel/ddr_spatial_transport.skip/coefficient_decoders.current_decoder/position[6]_i_13__0/O
                         net (fo=3, routed)           0.388     8.118    engine/codec/encoder/channels[0].channel/ddr_spatial_transport.skip/coefficient_decoders.current_decoder/position[6]_i_13__0_n_0
    SLICE_X51Y142        LUT3 (Prop_lut3_I0_O)        0.105     8.223 r  engine/codec/encoder/channels[0].channel/ddr_spatial_transport.skip/coefficient_decoders.current_decoder/position[6]_i_4/O
                         net (fo=4, routed)           0.271     8.494    engine/codec/encoder/channels[0].channel/ddr_spatial_transport.skip/coefficient_decoders.current_decoder/position[6]_i_4_n_0
    SLICE_X52Y142        LUT5 (Prop_lut5_I1_O)        0.105     8.599 r  engine/codec/encoder/channels[0].channel/ddr_spatial_transport.skip/coefficient_decoders.current_decoder/position[6]_i_1/O
                         net (fo=6, routed)           0.427     9.026    engine/codec/encoder/channels[0].channel/ddr_spatial_transport.skip/coefficient_decoders.current_decoder/position[6]_i_1_n_0
    SLICE_X53Y142        FDRE                                         r  engine/codec/encoder/channels[0].channel/ddr_spatial_transport.skip/coefficient_decoders.current_decoder/position_reg[3]/CE
  -------------------------------------------------------------------    -------------------

                         (clock core_raw rise edge)
                                                     10.000    10.000 r  
    R4                                                0.000    10.000 r  sys_clk (IN)
                         net (fo=0)                   0.000    10.000    sys_clk
    R4                   IBUF (Prop_ibuf_I_O)         1.366    11.366 r  sys_clk_IBUF_inst/O
                         net (fo=1, routed)           1.004    12.369    multiplied_clock.clock_generator/sys_clk_IBUF
    MMCME2_ADV_X1Y0      MMCME2_ADV (Prop_mmcme2_adv_CLKIN1_CLKOUT0)
                                                     -6.057     6.312 r  multiplied_clock.clock_generator/mmcm/CLKOUT0
                         net (fo=1, routed)           1.352     7.665    multiplied_clock.clock_generator/core_raw
    BUFGCTRL_X0Y2        BUFG (Prop_bufg_I_O)         0.077     7.742 r  multiplied_clock.clock_generator/core_buffer/O
                         net (fo=16620, routed)       1.402     9.144    engine/codec/encoder/channels[0].channel/ddr_spatial_transport.skip/coefficient_decoders.current_decoder/core_clk
    SLICE_X53Y142        FDRE                                         r  engine/codec/encoder/channels[0].channel/ddr_spatial_transport.skip/coefficient_decoders.current_decoder/position_reg[3]/C
                         clock pessimism              0.410     9.553    
                         clock uncertainty           -0.047     9.506    
    SLICE_X53Y142        FDRE (Setup_fdre_C_CE)      -0.168     9.338    engine/codec/encoder/channels[0].channel/ddr_spatial_transport.skip/coefficient_decoders.current_decoder/position_reg[3]
  -------------------------------------------------------------------
                         required time                          9.338    
                         arrival time                          -9.026    
  -------------------------------------------------------------------
                         slack                                  0.312    





Min Delay Paths
--------------------------------------------------------------------------------------
Slack (MET) :             0.030ns  (arrival time - required time)
  Source:                 engine/codec/encoder/channels[0].channel/core/scan_order/m_data_reg[24]/C
                            (rising edge-triggered cell FDCE clocked by core_raw  {rise@0.000ns fall@5.000ns period=10.000ns})
  Destination:            engine/codec/encoder/channels[0].channel/core/symbols_core/values1_reg[25]/D
                            (rising edge-triggered cell FDCE clocked by core_raw  {rise@0.000ns fall@5.000ns period=10.000ns})
  Path Group:             core_raw
  Path Type:              Hold (Min at Fast Process Corner)
  Requirement:            0.000ns  (core_raw rise@0.000ns - core_raw rise@0.000ns)
  Data Path Delay:        0.453ns  (logic 0.141ns (31.157%)  route 0.312ns (68.843%))
  Logic Levels:           0  
  Clock Path Skew:        0.352ns (DCD - SCD - CPR)
    Destination Clock Delay (DCD):    -0.699ns
    Source Clock Delay      (SCD):    -0.548ns
    Clock Pessimism Removal (CPR):    -0.503ns

    Location             Delay type                Incr(ns)  Path(ns)    Netlist Resource(s)
  -------------------------------------------------------------------    -------------------
                         (clock core_raw rise edge)
                                                      0.000     0.000 r  
    R4                                                0.000     0.000 r  sys_clk (IN)
                         net (fo=0)                   0.000     0.000    sys_clk
    R4                   IBUF (Prop_ibuf_I_O)         0.269     0.269 r  sys_clk_IBUF_inst/O
                         net (fo=1, routed)           0.440     0.709    multiplied_clock.clock_generator/sys_clk_IBUF
    MMCME2_ADV_X1Y0      MMCME2_ADV (Prop_mmcme2_adv_CLKIN1_CLKOUT0)
                                                     -2.360    -1.651 r  multiplied_clock.clock_generator/mmcm/CLKOUT0
                         net (fo=1, routed)           0.486    -1.165    multiplied_clock.clock_generator/core_raw
    BUFGCTRL_X0Y2        BUFG (Prop_bufg_I_O)         0.026    -1.139 r  multiplied_clock.clock_generator/core_buffer/O
                         net (fo=16620, routed)       0.591    -0.548    engine/codec/encoder/channels[0].channel/core/scan_order/core_clk
    SLICE_X7Y96          FDCE                                         r  engine/codec/encoder/channels[0].channel/core/scan_order/m_data_reg[24]/C
  -------------------------------------------------------------------    -------------------
    SLICE_X7Y96          FDCE (Prop_fdce_C_Q)         0.141    -0.407 r  engine/codec/encoder/channels[0].channel/core/scan_order/m_data_reg[24]/Q
                         net (fo=1, routed)           0.312    -0.096    engine/codec/encoder/channels[0].channel/core/symbols_core/values1_reg[33]_0[25]
    SLICE_X7Y105         FDCE                                         r  engine/codec/encoder/channels[0].channel/core/symbols_core/values1_reg[25]/D
  -------------------------------------------------------------------    -------------------

                         (clock core_raw rise edge)
                                                      0.000     0.000 r  
    R4                                                0.000     0.000 r  sys_clk (IN)
                         net (fo=0)                   0.000     0.000    sys_clk
    R4                   IBUF (Prop_ibuf_I_O)         0.457     0.457 r  sys_clk_IBUF_inst/O
                         net (fo=1, routed)           0.480     0.937    multiplied_clock.clock_generator/sys_clk_IBUF
    MMCME2_ADV_X1Y0      MMCME2_ADV (Prop_mmcme2_adv_CLKIN1_CLKOUT0)
                                                     -3.142    -2.205 r  multiplied_clock.clock_generator/mmcm/CLKOUT0
                         net (fo=1, routed)           0.530    -1.676    multiplied_clock.clock_generator/core_raw
    BUFGCTRL_X0Y2        BUFG (Prop_bufg_I_O)         0.029    -1.647 r  multiplied_clock.clock_generator/core_buffer/O
                         net (fo=16620, routed)       0.948    -0.699    engine/codec/encoder/channels[0].channel/core/symbols_core/core_clk
    SLICE_X7Y105         FDCE                                         r  engine/codec/encoder/channels[0].channel/core/symbols_core/values1_reg[25]/C
                         clock pessimism              0.503    -0.196    
    SLICE_X7Y105         FDCE (Hold_fdce_C_D)         0.070    -0.126    engine/codec/encoder/channels[0].channel/core/symbols_core/values1_reg[25]
  -------------------------------------------------------------------
                         required time                          0.126    
                         arrival time                          -0.096    
  -------------------------------------------------------------------
                         slack                                  0.030    





Pulse Width Checks
--------------------------------------------------------------------------------------
Clock Name:         core_raw
Waveform(ns):       { 0.000 5.000 }
Period(ns):         10.000
Sources:            { multiplied_clock.clock_generator/mmcm/CLKOUT0 }

Check Type        Corner  Lib Pin             Reference Pin  Required(ns)  Actual(ns)  Slack(ns)  Location         Pin
Min Period        n/a     DSP48E1/CLK         n/a            3.272         10.000      6.728      DSP48_X0Y26      engine/codec/encoder/channels[0].channel/core/quant/p_0_out__0/CLK
Max Period        n/a     MMCME2_ADV/CLKOUT0  n/a            213.360       10.000      203.360    MMCME2_ADV_X1Y0  multiplied_clock.clock_generator/mmcm/CLKOUT0
Low Pulse Width   Slow    RAMD64E/CLK         n/a            1.130         5.000       3.870      SLICE_X14Y57     engine/codec/encoder/channels[0].channel/core/quant/qt_reg_r1_0_63_6_6/DP/CLK
High Pulse Width  Fast    RAMD64E/CLK         n/a            1.130         5.000       3.870      SLICE_X14Y59     engine/codec/encoder/channels[0].channel/core/quant/qt_reg_r1_0_63_3_5/RAMA/CLK



---------------------------------------------------------------------------------------------------
From Clock:  ddr_ref_raw
  To Clock:  ddr_ref_raw

Setup :            0  Failing Endpoints,  Worst Slack        2.669ns,  Total Violation        0.000ns
Hold  :            0  Failing Endpoints,  Worst Slack        0.098ns,  Total Violation        0.000ns
PW    :            0  Failing Endpoints,  Worst Slack        0.264ns,  Total Violation        0.000ns
---------------------------------------------------------------------------------------------------


Max Delay Paths
--------------------------------------------------------------------------------------
Slack (MET) :             2.669ns  (required time - arrival time)
  Source:                 memory/controller/u_davinci_ddr3_mig_mig/temp_mon_enabled.u_tempmon/xadc_supplied_temperature.rst_r2_reg/C
                            (rising edge-triggered cell FDRE clocked by ddr_ref_raw  {rise@0.000ns fall@2.500ns period=5.000ns})
  Destination:            memory/controller/u_davinci_ddr3_mig_mig/temp_mon_enabled.u_tempmon/xadc_supplied_temperature.sample_timer_reg[3]/R
                            (rising edge-triggered cell FDRE clocked by ddr_ref_raw  {rise@0.000ns fall@2.500ns period=5.000ns})
  Path Group:             ddr_ref_raw
  Path Type:              Setup (Max at Slow Process Corner)
  Requirement:            5.000ns  (ddr_ref_raw rise@5.000ns - ddr_ref_raw rise@0.000ns)
  Data Path Delay:        1.834ns  (logic 0.590ns (32.164%)  route 1.244ns (67.836%))
  Logic Levels:           1  (LUT2=1)
  Clock Path Skew:        -0.099ns (DCD - SCD + CPR)
    Destination Clock Delay (DCD):    -1.019ns = ( 3.981 - 5.000 ) 
    Source Clock Delay      (SCD):    -0.577ns
    Clock Pessimism Removal (CPR):    0.343ns
  Clock Uncertainty:      0.045ns  ((TSJ^2 + DJ^2)^1/2) / 2 + PE
    Total System Jitter     (TSJ):    0.071ns
    Discrete Jitter          (DJ):    0.056ns
    Phase Error              (PE):    0.000ns

    Location             Delay type                Incr(ns)  Path(ns)    Netlist Resource(s)
  -------------------------------------------------------------------    -------------------
                         (clock ddr_ref_raw rise edge)
                                                      0.000     0.000 r  
    R4                                                0.000     0.000 r  sys_clk (IN)
                         net (fo=0)                   0.000     0.000    sys_clk
    R4                   IBUF (Prop_ibuf_I_O)         1.432     1.432 r  sys_clk_IBUF_inst/O
                         net (fo=1, routed)           1.065     2.497    multiplied_clock.clock_generator/sys_clk_IBUF
    MMCME2_ADV_X1Y0      MMCME2_ADV (Prop_mmcme2_adv_CLKIN1_CLKOUT1)
                                                     -5.921    -3.424 r  multiplied_clock.clock_generator/mmcm/CLKOUT1
                         net (fo=1, routed)           1.421    -2.004    multiplied_clock.clock_generator/ddr_ref_raw
    BUFGCTRL_X0Y1        BUFG (Prop_bufg_I_O)         0.081    -1.923 r  multiplied_clock.clock_generator/ddr_ref_buffer/O
                         net (fo=63, routed)          1.345    -0.577    memory/controller/u_davinci_ddr3_mig_mig/temp_mon_enabled.u_tempmon/clk_ref_i
    SLICE_X35Y64         FDRE                                         r  memory/controller/u_davinci_ddr3_mig_mig/temp_mon_enabled.u_tempmon/xadc_supplied_temperature.rst_r2_reg/C
  -------------------------------------------------------------------    -------------------
    SLICE_X35Y64         FDRE (Prop_fdre_C_Q)         0.348    -0.229 r  memory/controller/u_davinci_ddr3_mig_mig/temp_mon_enabled.u_tempmon/xadc_supplied_temperature.rst_r2_reg/Q
                         net (fo=32, routed)          0.706     0.476    memory/controller/u_davinci_ddr3_mig_mig/temp_mon_enabled.u_tempmon/xadc_supplied_temperature.rst_r2
    SLICE_X35Y65         LUT2 (Prop_lut2_I0_O)        0.242     0.718 r  memory/controller/u_davinci_ddr3_mig_mig/temp_mon_enabled.u_tempmon/xadc_supplied_temperature.sample_timer[10]_i_1/O
                         net (fo=11, routed)          0.539     1.257    memory/controller/u_davinci_ddr3_mig_mig/temp_mon_enabled.u_tempmon/xadc_supplied_temperature.sample_timer0__20
    SLICE_X36Y64         FDRE                                         r  memory/controller/u_davinci_ddr3_mig_mig/temp_mon_enabled.u_tempmon/xadc_supplied_temperature.sample_timer_reg[3]/R
  -------------------------------------------------------------------    -------------------

                         (clock ddr_ref_raw rise edge)
                                                      5.000     5.000 r  
    R4                                                0.000     5.000 r  sys_clk (IN)
                         net (fo=0)                   0.000     5.000    sys_clk
    R4                   IBUF (Prop_ibuf_I_O)         1.366     6.366 r  sys_clk_IBUF_inst/O
                         net (fo=1, routed)           1.004     7.369    multiplied_clock.clock_generator/sys_clk_IBUF
    MMCME2_ADV_X1Y0      MMCME2_ADV (Prop_mmcme2_adv_CLKIN1_CLKOUT1)
                                                     -6.057     1.312 r  multiplied_clock.clock_generator/mmcm/CLKOUT1
                         net (fo=1, routed)           1.352     2.665    multiplied_clock.clock_generator/ddr_ref_raw
    BUFGCTRL_X0Y1        BUFG (Prop_bufg_I_O)         0.077     2.742 r  multiplied_clock.clock_generator/ddr_ref_buffer/O
                         net (fo=63, routed)          1.239     3.981    memory/controller/u_davinci_ddr3_mig_mig/temp_mon_enabled.u_tempmon/clk_ref_i
    SLICE_X36Y64         FDRE                                         r  memory/controller/u_davinci_ddr3_mig_mig/temp_mon_enabled.u_tempmon/xadc_supplied_temperature.sample_timer_reg[3]/C
                         clock pessimism              0.343     4.323    
                         clock uncertainty           -0.045     4.278    
    SLICE_X36Y64         FDRE (Setup_fdre_C_R)       -0.352     3.926    memory/controller/u_davinci_ddr3_mig_mig/temp_mon_enabled.u_tempmon/xadc_supplied_temperature.sample_timer_reg[3]
  -------------------------------------------------------------------
                         required time                          3.926    
                         arrival time                          -1.257    
  -------------------------------------------------------------------
                         slack                                  2.669    





Min Delay Paths
--------------------------------------------------------------------------------------
Slack (MET) :             0.098ns  (arrival time - required time)
  Source:                 memory/controller/u_davinci_ddr3_mig_mig/temp_mon_enabled.u_tempmon/xadc_supplied_temperature.sample_timer_en_reg/C
                            (rising edge-triggered cell FDRE clocked by ddr_ref_raw  {rise@0.000ns fall@2.500ns period=5.000ns})
  Destination:            memory/controller/u_davinci_ddr3_mig_mig/temp_mon_enabled.u_tempmon/xadc_supplied_temperature.sample_timer_reg[0]/CE
                            (rising edge-triggered cell FDRE clocked by ddr_ref_raw  {rise@0.000ns fall@2.500ns period=5.000ns})
  Path Group:             ddr_ref_raw
  Path Type:              Hold (Min at Fast Process Corner)
  Requirement:            0.000ns  (ddr_ref_raw rise@0.000ns - ddr_ref_raw rise@0.000ns)
  Data Path Delay:        0.323ns  (logic 0.141ns (43.663%)  route 0.182ns (56.337%))
  Logic Levels:           0  
  Clock Path Skew:        0.264ns (DCD - SCD - CPR)
    Destination Clock Delay (DCD):    -0.822ns
    Source Clock Delay      (SCD):    -0.583ns
    Clock Pessimism Removal (CPR):    -0.503ns

    Location             Delay type                Incr(ns)  Path(ns)    Netlist Resource(s)
  -------------------------------------------------------------------    -------------------
                         (clock ddr_ref_raw rise edge)
                                                      0.000     0.000 r  
    R4                                                0.000     0.000 r  sys_clk (IN)
                         net (fo=0)                   0.000     0.000    sys_clk
    R4                   IBUF (Prop_ibuf_I_O)         0.269     0.269 r  sys_clk_IBUF_inst/O
                         net (fo=1, routed)           0.440     0.709    multiplied_clock.clock_generator/sys_clk_IBUF
    MMCME2_ADV_X1Y0      MMCME2_ADV (Prop_mmcme2_adv_CLKIN1_CLKOUT1)
                                                     -2.360    -1.651 r  multiplied_clock.clock_generator/mmcm/CLKOUT1
                         net (fo=1, routed)           0.486    -1.165    multiplied_clock.clock_generator/ddr_ref_raw
    BUFGCTRL_X0Y1        BUFG (Prop_bufg_I_O)         0.026    -1.139 r  multiplied_clock.clock_generator/ddr_ref_buffer/O
                         net (fo=63, routed)          0.556    -0.583    memory/controller/u_davinci_ddr3_mig_mig/temp_mon_enabled.u_tempmon/clk_ref_i
    SLICE_X35Y64         FDRE                                         r  memory/controller/u_davinci_ddr3_mig_mig/temp_mon_enabled.u_tempmon/xadc_supplied_temperature.sample_timer_en_reg/C
  -------------------------------------------------------------------    -------------------
    SLICE_X35Y64         FDRE (Prop_fdre_C_Q)         0.141    -0.442 r  memory/controller/u_davinci_ddr3_mig_mig/temp_mon_enabled.u_tempmon/xadc_supplied_temperature.sample_timer_en_reg/Q
                         net (fo=12, routed)          0.182    -0.260    memory/controller/u_davinci_ddr3_mig_mig/temp_mon_enabled.u_tempmon/xadc_supplied_temperature.sample_timer_en
    SLICE_X37Y64         FDRE                                         r  memory/controller/u_davinci_ddr3_mig_mig/temp_mon_enabled.u_tempmon/xadc_supplied_temperature.sample_timer_reg[0]/CE
  -------------------------------------------------------------------    -------------------

                         (clock ddr_ref_raw rise edge)
                                                      0.000     0.000 r  
    R4                                                0.000     0.000 r  sys_clk (IN)
                         net (fo=0)                   0.000     0.000    sys_clk
    R4                   IBUF (Prop_ibuf_I_O)         0.457     0.457 r  sys_clk_IBUF_inst/O
                         net (fo=1, routed)           0.480     0.937    multiplied_clock.clock_generator/sys_clk_IBUF
    MMCME2_ADV_X1Y0      MMCME2_ADV (Prop_mmcme2_adv_CLKIN1_CLKOUT1)
                                                     -3.142    -2.205 r  multiplied_clock.clock_generator/mmcm/CLKOUT1
                         net (fo=1, routed)           0.530    -1.676    multiplied_clock.clock_generator/ddr_ref_raw
    BUFGCTRL_X0Y1        BUFG (Prop_bufg_I_O)         0.029    -1.647 r  multiplied_clock.clock_generator/ddr_ref_buffer/O
                         net (fo=63, routed)          0.824    -0.822    memory/controller/u_davinci_ddr3_mig_mig/temp_mon_enabled.u_tempmon/clk_ref_i
    SLICE_X37Y64         FDRE                                         r  memory/controller/u_davinci_ddr3_mig_mig/temp_mon_enabled.u_tempmon/xadc_supplied_temperature.sample_timer_reg[0]/C
                         clock pessimism              0.503    -0.319    
    SLICE_X37Y64         FDRE (Hold_fdre_C_CE)       -0.039    -0.358    memory/controller/u_davinci_ddr3_mig_mig/temp_mon_enabled.u_tempmon/xadc_supplied_temperature.sample_timer_reg[0]
  -------------------------------------------------------------------
                         required time                          0.358    
                         arrival time                          -0.260    
  -------------------------------------------------------------------
                         slack                                  0.098    





Pulse Width Checks
--------------------------------------------------------------------------------------
Clock Name:         ddr_ref_raw
Waveform(ns):       { 0.000 2.500 }
Period(ns):         5.000
Sources:            { multiplied_clock.clock_generator/mmcm/CLKOUT1 }

Check Type        Corner  Lib Pin            Reference Pin  Required(ns)  Actual(ns)  Slack(ns)  Location         Pin
Min Period        n/a     XADC/DCLK          n/a            4.000         5.000       1.000      XADC_X0Y0        memory/controller/u_davinci_ddr3_mig_mig/temp_mon_enabled.u_tempmon/xadc_supplied_temperature.XADC_inst/DCLK
Max Period        n/a     IDELAYCTRL/REFCLK  n/a            5.264         5.000       0.264      IDELAYCTRL_X1Y1  memory/controller/u_davinci_ddr3_mig_mig/u_iodelay_ctrl/u_idelayctrl_200/REFCLK
Low Pulse Width   Fast    PLLE2_ADV/CLKIN1   n/a            1.400         2.500       1.100      PLLE2_ADV_X1Y1   memory/controller/u_davinci_ddr3_mig_mig/u_ddr3_infrastructure/plle2_i/CLKIN1
High Pulse Width  Slow    PLLE2_ADV/CLKIN1   n/a            1.400         2.500       1.100      PLLE2_ADV_X1Y1   memory/controller/u_davinci_ddr3_mig_mig/u_ddr3_infrastructure/plle2_i/CLKIN1



---------------------------------------------------------------------------------------------------
From Clock:  freq_refclk_1
  To Clock:  freq_refclk_1

Setup :           NA  Failing Endpoints,  Worst Slack           NA  ,  Total Violation           NA
Hold  :           NA  Failing Endpoints,  Worst Slack           NA  ,  Total Violation           NA
PW    :            0  Failing Endpoints,  Worst Slack        0.001ns,  Total Violation        0.000ns
---------------------------------------------------------------------------------------------------


Pulse Width Checks
--------------------------------------------------------------------------------------
Clock Name:         freq_refclk_1
Waveform(ns):       { 0.000 0.625 }
Period(ns):         1.250
Sources:            { memory/controller/u_davinci_ddr3_mig_mig/u_ddr3_infrastructure/plle2_i/CLKOUT0 }

Check Type        Corner  Lib Pin                    Reference Pin  Required(ns)  Actual(ns)  Slack(ns)  Location             Pin
Min Period        n/a     PLLE2_ADV/CLKOUT0          n/a            1.249         1.250       0.001      PLLE2_ADV_X1Y1       memory/controller/u_davinci_ddr3_mig_mig/u_ddr3_infrastructure/plle2_i/CLKOUT0
Max Period        n/a     PHASER_OUT_PHY/FREQREFCLK  n/a            2.500         1.250       1.250      PHASER_OUT_PHY_X1Y4  memory/controller/u_davinci_ddr3_mig_mig/u_memc_ui_top_std/mem_intfc0/ddr_phy_top0/u_ddr_mc_phy_wrapper/u_ddr_mc_phy/ddr_phy_4lanes_0.u_ddr_phy_4lanes/ddr_byte_lane_A.ddr_byte_lane_A/phaser_out/FREQREFCLK
Low Pulse Width   Slow    PHASER_REF/CLKIN           n/a            0.482         0.625       0.143      PHASER_REF_X1Y1      memory/controller/u_davinci_ddr3_mig_mig/u_memc_ui_top_std/mem_intfc0/ddr_phy_top0/u_ddr_mc_phy_wrapper/u_ddr_mc_phy/ddr_phy_4lanes_0.u_ddr_phy_4lanes/phaser_ref_i/CLKIN
High Pulse Width  Fast    PHASER_OUT_PHY/FREQREFCLK  n/a            0.482         0.625       0.143      PHASER_OUT_PHY_X1Y4  memory/controller/u_davinci_ddr3_mig_mig/u_memc_ui_top_std/mem_intfc0/ddr_phy_top0/u_ddr_mc_phy_wrapper/u_ddr_mc_phy/ddr_phy_4lanes_0.u_ddr_phy_4lanes/ddr_byte_lane_A.ddr_byte_lane_A/phaser_out/FREQREFCLK



---------------------------------------------------------------------------------------------------
From Clock:  u_memc_ui_top_std/mem_intfc0/ddr_phy_top0/u_ddr_mc_phy_wrapper/u_ddr_mc_phy/ddr_phy_4lanes_0.u_ddr_phy_4lanes/ddr_byte_lane_C.ddr_byte_lane_C/iserdes_clk_1
  To Clock:  u_memc_ui_top_std/mem_intfc0/ddr_phy_top0/u_ddr_mc_phy_wrapper/u_ddr_mc_phy/ddr_phy_4lanes_0.u_ddr_phy_4lanes/ddr_byte_lane_C.ddr_byte_lane_C/iserdes_clk_1

Setup :           NA  Failing Endpoints,  Worst Slack           NA  ,  Total Violation           NA
Hold  :           NA  Failing Endpoints,  Worst Slack           NA  ,  Total Violation           NA
PW    :            0  Failing Endpoints,  Worst Slack        1.029ns,  Total Violation        0.000ns
---------------------------------------------------------------------------------------------------


Pulse Width Checks
--------------------------------------------------------------------------------------
Clock Name:         u_memc_ui_top_std/mem_intfc0/ddr_phy_top0/u_ddr_mc_phy_wrapper/u_ddr_mc_phy/ddr_phy_4lanes_0.u_ddr_phy_4lanes/ddr_byte_lane_C.ddr_byte_lane_C/iserdes_clk_1
Waveform(ns):       { 0.000 1.250 }
Period(ns):         2.500
Sources:            { memory/controller/u_davinci_ddr3_mig_mig/u_memc_ui_top_std/mem_intfc0/ddr_phy_top0/u_ddr_mc_phy_wrapper/u_ddr_mc_phy/ddr_phy_4lanes_0.u_ddr_phy_4lanes/ddr_byte_lane_C.ddr_byte_lane_C/phaser_in_gen.phaser_in/ICLK }

Check Type  Corner  Lib Pin        Reference Pin  Required(ns)  Actual(ns)  Slack(ns)  Location      Pin
Min Period  n/a     ISERDESE2/CLK  n/a            1.471         2.500       1.029      ILOGIC_X1Y76  memory/controller/u_davinci_ddr3_mig_mig/u_memc_ui_top_std/mem_intfc0/ddr_phy_top0/u_ddr_mc_phy_wrapper/u_ddr_mc_phy/ddr_phy_4lanes_0.u_ddr_phy_4lanes/ddr_byte_lane_C.ddr_byte_lane_C/ddr_byte_group_io/input_[1].iserdes_dq_.iserdesdq/CLK



---------------------------------------------------------------------------------------------------
From Clock:  iserdes_clkdiv_2
  To Clock:  iserdes_clkdiv_2

Setup :            0  Failing Endpoints,  Worst Slack        8.076ns,  Total Violation        0.000ns
Hold  :            0  Failing Endpoints,  Worst Slack        0.071ns,  Total Violation        0.000ns
PW    :            0  Failing Endpoints,  Worst Slack        2.850ns,  Total Violation        0.000ns
---------------------------------------------------------------------------------------------------


Max Delay Paths
--------------------------------------------------------------------------------------
Slack (MET) :             8.076ns  (required time - arrival time)
  Source:                 memory/controller/u_davinci_ddr3_mig_mig/u_memc_ui_top_std/mem_intfc0/ddr_phy_top0/u_ddr_mc_phy_wrapper/u_ddr_mc_phy/ddr_phy_4lanes_0.u_ddr_phy_4lanes/ddr_byte_lane_C.ddr_byte_lane_C/ddr_byte_group_io/input_[7].iserdes_dq_.iserdesdq/CLKDIVP
                            (rising edge-triggered cell ISERDESE2 clocked by iserdes_clkdiv_2  {rise@0.000ns fall@5.000ns period=10.000ns})
  Destination:            memory/controller/u_davinci_ddr3_mig_mig/u_memc_ui_top_std/mem_intfc0/ddr_phy_top0/u_ddr_mc_phy_wrapper/u_ddr_mc_phy/ddr_phy_4lanes_0.u_ddr_phy_4lanes/ddr_byte_lane_C.ddr_byte_lane_C/in_fifo_gen.in_fifo/D7[2]
                            (rising edge-triggered cell IN_FIFO clocked by iserdes_clkdiv_2  {rise@0.000ns fall@5.000ns period=10.000ns})
  Path Group:             iserdes_clkdiv_2
  Path Type:              Setup (Max at Slow Process Corner)
  Requirement:            10.000ns  (iserdes_clkdiv_2 rise@10.000ns - iserdes_clkdiv_2 rise@0.000ns)
  Data Path Delay:        1.064ns  (logic 0.372ns (34.949%)  route 0.692ns (65.051%))
  Logic Levels:           0  
  Clock Path Skew:        -0.383ns (DCD - SCD + CPR)
    Destination Clock Delay (DCD):    1.134ns = ( 11.134 - 10.000 ) 
    Source Clock Delay      (SCD):    2.030ns
    Clock Pessimism Removal (CPR):    0.513ns
  Clock Uncertainty:      0.052ns  ((TSJ^2 + DJ^2)^1/2) / 2 + PE
    Total System Jitter     (TSJ):    0.071ns
    Discrete Jitter          (DJ):    0.077ns
    Phase Error              (PE):    0.000ns

    Location             Delay type                Incr(ns)  Path(ns)    Netlist Resource(s)
  -------------------------------------------------------------------    -------------------
                         (clock iserdes_clkdiv_2 rise edge)
                                                      0.000     0.000 r  
    R4                                                0.000     0.000 r  sys_clk (IN)
                         net (fo=0)                   0.000     0.000    sys_clk
    R4                   IBUF (Prop_ibuf_I_O)         1.432     1.432 r  sys_clk_IBUF_inst/O
                         net (fo=1, routed)           1.065     2.497    multiplied_clock.clock_generator/sys_clk_IBUF
    MMCME2_ADV_X1Y0      MMCME2_ADV (Prop_mmcme2_adv_CLKIN1_CLKOUT1)
                                                     -5.921    -3.424 r  multiplied_clock.clock_generator/mmcm/CLKOUT1
                         net (fo=1, routed)           1.421    -2.004    multiplied_clock.clock_generator/ddr_ref_raw
    BUFGCTRL_X0Y1        BUFG (Prop_bufg_I_O)         0.081    -1.923 r  multiplied_clock.clock_generator/ddr_ref_buffer/O
                         net (fo=63, routed)          1.394    -0.528    memory/controller/u_davinci_ddr3_mig_mig/u_ddr3_infrastructure/mmcm_clk
    PLLE2_ADV_X1Y1       PLLE2_ADV (Prop_plle2_adv_CLKIN1_CLKOUT0)
                                                      0.077    -0.451 r  memory/controller/u_davinci_ddr3_mig_mig/u_ddr3_infrastructure/plle2_i/CLKOUT0
                         net (fo=7, routed)           0.516     0.065    memory/controller/u_davinci_ddr3_mig_mig/u_memc_ui_top_std/mem_intfc0/ddr_phy_top0/u_ddr_mc_phy_wrapper/u_ddr_mc_phy/ddr_phy_4lanes_0.u_ddr_phy_4lanes/ddr_byte_lane_C.ddr_byte_lane_C/freq_refclk
    PHASER_IN_PHY_X1Y6   PHASER_IN_PHY (Prop_phaser_in_phy_FREQREFCLK_ICLK)
                                                      1.428     1.493 r  memory/controller/u_davinci_ddr3_mig_mig/u_memc_ui_top_std/mem_intfc0/ddr_phy_top0/u_ddr_mc_phy_wrapper/u_ddr_mc_phy/ddr_phy_4lanes_0.u_ddr_phy_4lanes/ddr_byte_lane_C.ddr_byte_lane_C/phaser_in_gen.phaser_in/ICLK
    PHASER_IN_PHY_X1Y6   PHASER_IN_PHY (Prop_phaser_in_phy_ICLK_ICLKDIV)
                                                      0.154     1.647 r  memory/controller/u_davinci_ddr3_mig_mig/u_memc_ui_top_std/mem_intfc0/ddr_phy_top0/u_ddr_mc_phy_wrapper/u_ddr_mc_phy/ddr_phy_4lanes_0.u_ddr_phy_4lanes/ddr_byte_lane_C.ddr_byte_lane_C/phaser_in_gen.phaser_in/ICLKDIV
                         net (fo=9, routed)           0.383     2.030    memory/controller/u_davinci_ddr3_mig_mig/u_memc_ui_top_std/mem_intfc0/ddr_phy_top0/u_ddr_mc_phy_wrapper/u_ddr_mc_phy/ddr_phy_4lanes_0.u_ddr_phy_4lanes/ddr_byte_lane_C.ddr_byte_lane_C/ddr_byte_group_io/iserdes_clkdiv
    ILOGIC_X1Y84         ISERDESE2                                    r  memory/controller/u_davinci_ddr3_mig_mig/u_memc_ui_top_std/mem_intfc0/ddr_phy_top0/u_ddr_mc_phy_wrapper/u_ddr_mc_phy/ddr_phy_4lanes_0.u_ddr_phy_4lanes/ddr_byte_lane_C.ddr_byte_lane_C/ddr_byte_group_io/input_[7].iserdes_dq_.iserdesdq/CLKDIVP
  -------------------------------------------------------------------    -------------------
    ILOGIC_X1Y84         ISERDESE2 (Prop_iserdese2_CLKDIVP_Q2)
                                                      0.372     2.402 r  memory/controller/u_davinci_ddr3_mig_mig/u_memc_ui_top_std/mem_intfc0/ddr_phy_top0/u_ddr_mc_phy_wrapper/u_ddr_mc_phy/ddr_phy_4lanes_0.u_ddr_phy_4lanes/ddr_byte_lane_C.ddr_byte_lane_C/ddr_byte_group_io/input_[7].iserdes_dq_.iserdesdq/Q2
                         net (fo=1, routed)           0.692     3.094    memory/controller/u_davinci_ddr3_mig_mig/u_memc_ui_top_std/mem_intfc0/ddr_phy_top0/u_ddr_mc_phy_wrapper/u_ddr_mc_phy/ddr_phy_4lanes_0.u_ddr_phy_4lanes/ddr_byte_lane_C.ddr_byte_lane_C/if_d7[2]
    IN_FIFO_X1Y6         IN_FIFO                                      r  memory/controller/u_davinci_ddr3_mig_mig/u_memc_ui_top_std/mem_intfc0/ddr_phy_top0/u_ddr_mc_phy_wrapper/u_ddr_mc_phy/ddr_phy_4lanes_0.u_ddr_phy_4lanes/ddr_byte_lane_C.ddr_byte_lane_C/in_fifo_gen.in_fifo/D7[2]
  -------------------------------------------------------------------    -------------------

                         (clock iserdes_clkdiv_2 rise edge)
                                                     10.000    10.000 r  
    R4                                                0.000    10.000 r  sys_clk (IN)
                         net (fo=0)                   0.000    10.000    sys_clk
    R4                   IBUF (Prop_ibuf_I_O)         1.366    11.366 r  sys_clk_IBUF_inst/O
                         net (fo=1, routed)           1.004    12.369    multiplied_clock.clock_generator/sys_clk_IBUF
    MMCME2_ADV_X1Y0      MMCME2_ADV (Prop_mmcme2_adv_CLKIN1_CLKOUT1)
                                                     -6.057     6.312 r  multiplied_clock.clock_generator/mmcm/CLKOUT1
                         net (fo=1, routed)           1.352     7.665    multiplied_clock.clock_generator/ddr_ref_raw
    BUFGCTRL_X0Y1        BUFG (Prop_bufg_I_O)         0.077     7.742 r  multiplied_clock.clock_generator/ddr_ref_buffer/O
                         net (fo=63, routed)          1.290     9.032    memory/controller/u_davinci_ddr3_mig_mig/u_ddr3_infrastructure/mmcm_clk
    PLLE2_ADV_X1Y1       PLLE2_ADV (Prop_plle2_adv_CLKIN1_CLKOUT0)
                                                      0.073     9.105 r  memory/controller/u_davinci_ddr3_mig_mig/u_ddr3_infrastructure/plle2_i/CLKOUT0
                         net (fo=7, routed)           0.490     9.595    memory/controller/u_davinci_ddr3_mig_mig/u_memc_ui_top_std/mem_intfc0/ddr_phy_top0/u_ddr_mc_phy_wrapper/u_ddr_mc_phy/ddr_phy_4lanes_0.u_ddr_phy_4lanes/ddr_byte_lane_C.ddr_byte_lane_C/freq_refclk
    PHASER_IN_PHY_X1Y6   PHASER_IN_PHY (Prop_phaser_in_phy_FREQREFCLK_ICLK)
                                                      1.394    10.989 r  memory/controller/u_davinci_ddr3_mig_mig/u_memc_ui_top_std/mem_intfc0/ddr_phy_top0/u_ddr_mc_phy_wrapper/u_ddr_mc_phy/ddr_phy_4lanes_0.u_ddr_phy_4lanes/ddr_byte_lane_C.ddr_byte_lane_C/phaser_in_gen.phaser_in/ICLK
    PHASER_IN_PHY_X1Y6   PHASER_IN_PHY (Prop_phaser_in_phy_ICLK_ICLKDIV)
                                                      0.145    11.134 r  memory/controller/u_davinci_ddr3_mig_mig/u_memc_ui_top_std/mem_intfc0/ddr_phy_top0/u_ddr_mc_phy_wrapper/u_ddr_mc_phy/ddr_phy_4lanes_0.u_ddr_phy_4lanes/ddr_byte_lane_C.ddr_byte_lane_C/phaser_in_gen.phaser_in/ICLKDIV
                         net (fo=9, routed)           0.000    11.134    memory/controller/u_davinci_ddr3_mig_mig/u_memc_ui_top_std/mem_intfc0/ddr_phy_top0/u_ddr_mc_phy_wrapper/u_ddr_mc_phy/ddr_phy_4lanes_0.u_ddr_phy_4lanes/ddr_byte_lane_C.ddr_byte_lane_C/iserdes_clkdiv
    IN_FIFO_X1Y6         IN_FIFO                                      r  memory/controller/u_davinci_ddr3_mig_mig/u_memc_ui_top_std/mem_intfc0/ddr_phy_top0/u_ddr_mc_phy_wrapper/u_ddr_mc_phy/ddr_phy_4lanes_0.u_ddr_phy_4lanes/ddr_byte_lane_C.ddr_byte_lane_C/in_fifo_gen.in_fifo/WRCLK
                         clock pessimism              0.513    11.647    
                         clock uncertainty           -0.052    11.594    
    IN_FIFO_X1Y6         IN_FIFO (Setup_in_fifo_WRCLK_D7[2])
                                                     -0.424    11.170    memory/controller/u_davinci_ddr3_mig_mig/u_memc_ui_top_std/mem_intfc0/ddr_phy_top0/u_ddr_mc_phy_wrapper/u_ddr_mc_phy/ddr_phy_4lanes_0.u_ddr_phy_4lanes/ddr_byte_lane_C.ddr_byte_lane_C/in_fifo_gen.in_fifo
  -------------------------------------------------------------------
                         required time                         11.170    
                         arrival time                          -3.094    
  -------------------------------------------------------------------
                         slack                                  8.076    





Min Delay Paths
--------------------------------------------------------------------------------------
Slack (MET) :             0.071ns  (arrival time - required time)
  Source:                 memory/controller/u_davinci_ddr3_mig_mig/u_memc_ui_top_std/mem_intfc0/ddr_phy_top0/u_ddr_mc_phy_wrapper/u_ddr_mc_phy/ddr_phy_4lanes_0.u_ddr_phy_4lanes/ddr_byte_lane_C.ddr_byte_lane_C/phaser_in_gen.phaser_in/ICLKDIV
                            (rising edge-triggered cell PHASER_IN_PHY clocked by iserdes_clkdiv_2  {rise@0.000ns fall@5.000ns period=10.000ns})
  Destination:            memory/controller/u_davinci_ddr3_mig_mig/u_memc_ui_top_std/mem_intfc0/ddr_phy_top0/u_ddr_mc_phy_wrapper/u_ddr_mc_phy/ddr_phy_4lanes_0.u_ddr_phy_4lanes/ddr_byte_lane_C.ddr_byte_lane_C/in_fifo_gen.in_fifo/WREN
                            (rising edge-triggered cell IN_FIFO clocked by iserdes_clkdiv_2  {rise@0.000ns fall@5.000ns period=10.000ns})
  Path Group:             iserdes_clkdiv_2
  Path Type:              Hold (Min at Fast Process Corner)
  Requirement:            0.000ns  (iserdes_clkdiv_2 rise@0.000ns - iserdes_clkdiv_2 rise@0.000ns)
  Data Path Delay:        0.058ns  (logic 0.058ns (100.000%)  route 0.000ns (0.000%))
  Logic Levels:           0  
  Clock Path Skew:        0.000ns (DCD - SCD - CPR)
    Destination Clock Delay (DCD):    0.758ns
    Source Clock Delay      (SCD):    0.945ns
    Clock Pessimism Removal (CPR):    -0.187ns

    Location             Delay type                Incr(ns)  Path(ns)    Netlist Resource(s)
  -------------------------------------------------------------------    -------------------
                         (clock iserdes_clkdiv_2 rise edge)
                                                      0.000     0.000 r  
    R4                                                0.000     0.000 r  sys_clk (IN)
                         net (fo=0)                   0.000     0.000    sys_clk
    R4                   IBUF (Prop_ibuf_I_O)         0.269     0.269 r  sys_clk_IBUF_inst/O
                         net (fo=1, routed)           0.440     0.709    multiplied_clock.clock_generator/sys_clk_IBUF
    MMCME2_ADV_X1Y0      MMCME2_ADV (Prop_mmcme2_adv_CLKIN1_CLKOUT1)
                                                     -2.360    -1.651 r  multiplied_clock.clock_generator/mmcm/CLKOUT1
                         net (fo=1, routed)           0.486    -1.165    multiplied_clock.clock_generator/ddr_ref_raw
    BUFGCTRL_X0Y1        BUFG (Prop_bufg_I_O)         0.026    -1.139 r  multiplied_clock.clock_generator/ddr_ref_buffer/O
                         net (fo=63, routed)          0.552    -0.587    memory/controller/u_davinci_ddr3_mig_mig/u_ddr3_infrastructure/mmcm_clk
    PLLE2_ADV_X1Y1       PLLE2_ADV (Prop_plle2_adv_CLKIN1_CLKOUT0)
                                                      0.050    -0.537 r  memory/controller/u_davinci_ddr3_mig_mig/u_ddr3_infrastructure/plle2_i/CLKOUT0
                         net (fo=7, routed)           0.197    -0.340    memory/controller/u_davinci_ddr3_mig_mig/u_memc_ui_top_std/mem_intfc0/ddr_phy_top0/u_ddr_mc_phy_wrapper/u_ddr_mc_phy/ddr_phy_4lanes_0.u_ddr_phy_4lanes/ddr_byte_lane_C.ddr_byte_lane_C/freq_refclk
    PHASER_IN_PHY_X1Y6   PHASER_IN_PHY (Prop_phaser_in_phy_FREQREFCLK_ICLK)
                                                      1.195     0.855 r  memory/controller/u_davinci_ddr3_mig_mig/u_memc_ui_top_std/mem_intfc0/ddr_phy_top0/u_ddr_mc_phy_wrapper/u_ddr_mc_phy/ddr_phy_4lanes_0.u_ddr_phy_4lanes/ddr_byte_lane_C.ddr_byte_lane_C/phaser_in_gen.phaser_in/ICLK
    PHASER_IN_PHY_X1Y6   PHASER_IN_PHY (Prop_phaser_in_phy_ICLK_ICLKDIV)
                                                      0.090     0.945 r  memory/controller/u_davinci_ddr3_mig_mig/u_memc_ui_top_std/mem_intfc0/ddr_phy_top0/u_ddr_mc_phy_wrapper/u_ddr_mc_phy/ddr_phy_4lanes_0.u_ddr_phy_4lanes/ddr_byte_lane_C.ddr_byte_lane_C/phaser_in_gen.phaser_in/ICLKDIV
  -------------------------------------------------------------------    -------------------
    PHASER_IN_PHY_X1Y6   PHASER_IN_PHY (Prop_phaser_in_phy_ICLKDIV_WRENABLE)
                                                      0.058     1.003 r  memory/controller/u_davinci_ddr3_mig_mig/u_memc_ui_top_std/mem_intfc0/ddr_phy_top0/u_ddr_mc_phy_wrapper/u_ddr_mc_phy/ddr_phy_4lanes_0.u_ddr_phy_4lanes/ddr_byte_lane_C.ddr_byte_lane_C/phaser_in_gen.phaser_in/WRENABLE
                         net (fo=1, routed)           0.000     1.003    memory/controller/u_davinci_ddr3_mig_mig/u_memc_ui_top_std/mem_intfc0/ddr_phy_top0/u_ddr_mc_phy_wrapper/u_ddr_mc_phy/ddr_phy_4lanes_0.u_ddr_phy_4lanes/ddr_byte_lane_C.ddr_byte_lane_C/ififo_wr_enable
    IN_FIFO_X1Y6         IN_FIFO                                      r  memory/controller/u_davinci_ddr3_mig_mig/u_memc_ui_top_std/mem_intfc0/ddr_phy_top0/u_ddr_mc_phy_wrapper/u_ddr_mc_phy/ddr_phy_4lanes_0.u_ddr_phy_4lanes/ddr_byte_lane_C.ddr_byte_lane_C/in_fifo_gen.in_fifo/WREN
  -------------------------------------------------------------------    -------------------

                         (clock iserdes_clkdiv_2 rise edge)
                                                      0.000     0.000 r  
    R4                                                0.000     0.000 r  sys_clk (IN)
                         net (fo=0)                   0.000     0.000    sys_clk
    R4                   IBUF (Prop_ibuf_I_O)         0.457     0.457 r  sys_clk_IBUF_inst/O
                         net (fo=1, routed)           0.480     0.937    multiplied_clock.clock_generator/sys_clk_IBUF
    MMCME2_ADV_X1Y0      MMCME2_ADV (Prop_mmcme2_adv_CLKIN1_CLKOUT1)
                                                     -3.142    -2.205 r  multiplied_clock.clock_generator/mmcm/CLKOUT1
                         net (fo=1, routed)           0.530    -1.676    multiplied_clock.clock_generator/ddr_ref_raw
    BUFGCTRL_X0Y1        BUFG (Prop_bufg_I_O)         0.029    -1.647 r  multiplied_clock.clock_generator/ddr_ref_buffer/O
                         net (fo=63, routed)          0.820    -0.827    memory/controller/u_davinci_ddr3_mig_mig/u_ddr3_infrastructure/mmcm_clk
    PLLE2_ADV_X1Y1       PLLE2_ADV (Prop_plle2_adv_CLKIN1_CLKOUT0)
                                                      0.053    -0.774 r  memory/controller/u_davinci_ddr3_mig_mig/u_ddr3_infrastructure/plle2_i/CLKOUT0
                         net (fo=7, routed)           0.217    -0.557    memory/controller/u_davinci_ddr3_mig_mig/u_memc_ui_top_std/mem_intfc0/ddr_phy_top0/u_ddr_mc_phy_wrapper/u_ddr_mc_phy/ddr_phy_4lanes_0.u_ddr_phy_4lanes/ddr_byte_lane_C.ddr_byte_lane_C/freq_refclk
    PHASER_IN_PHY_X1Y6   PHASER_IN_PHY (Prop_phaser_in_phy_FREQREFCLK_ICLK)
                                                      1.219     0.662 r  memory/controller/u_davinci_ddr3_mig_mig/u_memc_ui_top_std/mem_intfc0/ddr_phy_top0/u_ddr_mc_phy_wrapper/u_ddr_mc_phy/ddr_phy_4lanes_0.u_ddr_phy_4lanes/ddr_byte_lane_C.ddr_byte_lane_C/phaser_in_gen.phaser_in/ICLK
    PHASER_IN_PHY_X1Y6   PHASER_IN_PHY (Prop_phaser_in_phy_ICLK_ICLKDIV)
                                                      0.096     0.758 r  memory/controller/u_davinci_ddr3_mig_mig/u_memc_ui_top_std/mem_intfc0/ddr_phy_top0/u_ddr_mc_phy_wrapper/u_ddr_mc_phy/ddr_phy_4lanes_0.u_ddr_phy_4lanes/ddr_byte_lane_C.ddr_byte_lane_C/phaser_in_gen.phaser_in/ICLKDIV
                         net (fo=9, routed)           0.000     0.758    memory/controller/u_davinci_ddr3_mig_mig/u_memc_ui_top_std/mem_intfc0/ddr_phy_top0/u_ddr_mc_phy_wrapper/u_ddr_mc_phy/ddr_phy_4lanes_0.u_ddr_phy_4lanes/ddr_byte_lane_C.ddr_byte_lane_C/iserdes_clkdiv
    IN_FIFO_X1Y6         IN_FIFO                                      r  memory/controller/u_davinci_ddr3_mig_mig/u_memc_ui_top_std/mem_intfc0/ddr_phy_top0/u_ddr_mc_phy_wrapper/u_ddr_mc_phy/ddr_phy_4lanes_0.u_ddr_phy_4lanes/ddr_byte_lane_C.ddr_byte_lane_C/in_fifo_gen.in_fifo/WRCLK
                         clock pessimism              0.187     0.945    
    IN_FIFO_X1Y6         IN_FIFO (Hold_in_fifo_WRCLK_WREN)
                                                     -0.013     0.932    memory/controller/u_davinci_ddr3_mig_mig/u_memc_ui_top_std/mem_intfc0/ddr_phy_top0/u_ddr_mc_phy_wrapper/u_ddr_mc_phy/ddr_phy_4lanes_0.u_ddr_phy_4lanes/ddr_byte_lane_C.ddr_byte_lane_C/in_fifo_gen.in_fifo
  -------------------------------------------------------------------
                         required time                         -0.932    
                         arrival time                           1.003    
  -------------------------------------------------------------------
                         slack                                  0.071    





Pulse Width Checks
--------------------------------------------------------------------------------------
Clock Name:         iserdes_clkdiv_2
Waveform(ns):       { 0.000 5.000 }
Period(ns):         10.000
Sources:            { memory/controller/u_davinci_ddr3_mig_mig/u_memc_ui_top_std/mem_intfc0/ddr_phy_top0/u_ddr_mc_phy_wrapper/u_ddr_mc_phy/ddr_phy_4lanes_0.u_ddr_phy_4lanes/ddr_byte_lane_C.ddr_byte_lane_C/phaser_in_gen.phaser_in/ICLKDIV }

Check Type        Corner  Lib Pin        Reference Pin  Required(ns)  Actual(ns)  Slack(ns)  Location      Pin
Min Period        n/a     IN_FIFO/WRCLK  n/a            5.000         10.000      5.000      IN_FIFO_X1Y6  memory/controller/u_davinci_ddr3_mig_mig/u_memc_ui_top_std/mem_intfc0/ddr_phy_top0/u_ddr_mc_phy_wrapper/u_ddr_mc_phy/ddr_phy_4lanes_0.u_ddr_phy_4lanes/ddr_byte_lane_C.ddr_byte_lane_C/in_fifo_gen.in_fifo/WRCLK
Low Pulse Width   Fast    IN_FIFO/WRCLK  n/a            2.150         5.000       2.850      IN_FIFO_X1Y6  memory/controller/u_davinci_ddr3_mig_mig/u_memc_ui_top_std/mem_intfc0/ddr_phy_top0/u_ddr_mc_phy_wrapper/u_ddr_mc_phy/ddr_phy_4lanes_0.u_ddr_phy_4lanes/ddr_byte_lane_C.ddr_byte_lane_C/in_fifo_gen.in_fifo/WRCLK
High Pulse Width  Slow    IN_FIFO/WRCLK  n/a            2.150         5.000       2.850      IN_FIFO_X1Y6  memory/controller/u_davinci_ddr3_mig_mig/u_memc_ui_top_std/mem_intfc0/ddr_phy_top0/u_ddr_mc_phy_wrapper/u_ddr_mc_phy/ddr_phy_4lanes_0.u_ddr_phy_4lanes/ddr_byte_lane_C.ddr_byte_lane_C/in_fifo_gen.in_fifo/WRCLK



---------------------------------------------------------------------------------------------------
From Clock:  u_memc_ui_top_std/mem_intfc0/ddr_phy_top0/u_ddr_mc_phy_wrapper/u_ddr_mc_phy/ddr_phy_4lanes_0.u_ddr_phy_4lanes/ddr_byte_lane_D.ddr_byte_lane_D/iserdes_clk_1
  To Clock:  u_memc_ui_top_std/mem_intfc0/ddr_phy_top0/u_ddr_mc_phy_wrapper/u_ddr_mc_phy/ddr_phy_4lanes_0.u_ddr_phy_4lanes/ddr_byte_lane_D.ddr_byte_lane_D/iserdes_clk_1

Setup :           NA  Failing Endpoints,  Worst Slack           NA  ,  Total Violation           NA
Hold  :           NA  Failing Endpoints,  Worst Slack           NA  ,  Total Violation           NA
PW    :            0  Failing Endpoints,  Worst Slack        1.029ns,  Total Violation        0.000ns
---------------------------------------------------------------------------------------------------


Pulse Width Checks
--------------------------------------------------------------------------------------
Clock Name:         u_memc_ui_top_std/mem_intfc0/ddr_phy_top0/u_ddr_mc_phy_wrapper/u_ddr_mc_phy/ddr_phy_4lanes_0.u_ddr_phy_4lanes/ddr_byte_lane_D.ddr_byte_lane_D/iserdes_clk_1
Waveform(ns):       { 0.000 1.250 }
Period(ns):         2.500
Sources:            { memory/controller/u_davinci_ddr3_mig_mig/u_memc_ui_top_std/mem_intfc0/ddr_phy_top0/u_ddr_mc_phy_wrapper/u_ddr_mc_phy/ddr_phy_4lanes_0.u_ddr_phy_4lanes/ddr_byte_lane_D.ddr_byte_lane_D/phaser_in_gen.phaser_in/ICLK }

Check Type  Corner  Lib Pin        Reference Pin  Required(ns)  Actual(ns)  Slack(ns)  Location      Pin
Min Period  n/a     ISERDESE2/CLK  n/a            1.471         2.500       1.029      ILOGIC_X1Y88  memory/controller/u_davinci_ddr3_mig_mig/u_memc_ui_top_std/mem_intfc0/ddr_phy_top0/u_ddr_mc_phy_wrapper/u_ddr_mc_phy/ddr_phy_4lanes_0.u_ddr_phy_4lanes/ddr_byte_lane_D.ddr_byte_lane_D/ddr_byte_group_io/input_[1].iserdes_dq_.iserdesdq/CLK



---------------------------------------------------------------------------------------------------
From Clock:  iserdes_clkdiv_3
  To Clock:  iserdes_clkdiv_3

Setup :            0  Failing Endpoints,  Worst Slack        8.256ns,  Total Violation        0.000ns
Hold  :            0  Failing Endpoints,  Worst Slack        0.071ns,  Total Violation        0.000ns
PW    :            0  Failing Endpoints,  Worst Slack        2.850ns,  Total Violation        0.000ns
---------------------------------------------------------------------------------------------------


Max Delay Paths
--------------------------------------------------------------------------------------
Slack (MET) :             8.256ns  (required time - arrival time)
  Source:                 memory/controller/u_davinci_ddr3_mig_mig/u_memc_ui_top_std/mem_intfc0/ddr_phy_top0/u_ddr_mc_phy_wrapper/u_ddr_mc_phy/ddr_phy_4lanes_0.u_ddr_phy_4lanes/ddr_byte_lane_D.ddr_byte_lane_D/ddr_byte_group_io/input_[1].iserdes_dq_.iserdesdq/CLKDIVP
                            (rising edge-triggered cell ISERDESE2 clocked by iserdes_clkdiv_3  {rise@0.000ns fall@5.000ns period=10.000ns})
  Destination:            memory/controller/u_davinci_ddr3_mig_mig/u_memc_ui_top_std/mem_intfc0/ddr_phy_top0/u_ddr_mc_phy_wrapper/u_ddr_mc_phy/ddr_phy_4lanes_0.u_ddr_phy_4lanes/ddr_byte_lane_D.ddr_byte_lane_D/in_fifo_gen.in_fifo/D1[3]
                            (rising edge-triggered cell IN_FIFO clocked by iserdes_clkdiv_3  {rise@0.000ns fall@5.000ns period=10.000ns})
  Path Group:             iserdes_clkdiv_3
  Path Type:              Setup (Max at Slow Process Corner)
  Requirement:            10.000ns  (iserdes_clkdiv_3 rise@10.000ns - iserdes_clkdiv_3 rise@0.000ns)
  Data Path Delay:        0.793ns  (logic 0.372ns (46.908%)  route 0.421ns (53.092%))
  Logic Levels:           0  
  Clock Path Skew:        -0.393ns (DCD - SCD + CPR)
    Destination Clock Delay (DCD):    1.125ns = ( 11.125 - 10.000 ) 
    Source Clock Delay      (SCD):    2.031ns
    Clock Pessimism Removal (CPR):    0.513ns
  Clock Uncertainty:      0.052ns  ((TSJ^2 + DJ^2)^1/2) / 2 + PE
    Total System Jitter     (TSJ):    0.071ns
    Discrete Jitter          (DJ):    0.077ns
    Phase Error              (PE):    0.000ns

    Location             Delay type                Incr(ns)  Path(ns)    Netlist Resource(s)
  -------------------------------------------------------------------    -------------------
                         (clock iserdes_clkdiv_3 rise edge)
                                                      0.000     0.000 r  
    R4                                                0.000     0.000 r  sys_clk (IN)
                         net (fo=0)                   0.000     0.000    sys_clk
    R4                   IBUF (Prop_ibuf_I_O)         1.432     1.432 r  sys_clk_IBUF_inst/O
                         net (fo=1, routed)           1.065     2.497    multiplied_clock.clock_generator/sys_clk_IBUF
    MMCME2_ADV_X1Y0      MMCME2_ADV (Prop_mmcme2_adv_CLKIN1_CLKOUT1)
                                                     -5.921    -3.424 r  multiplied_clock.clock_generator/mmcm/CLKOUT1
                         net (fo=1, routed)           1.421    -2.004    multiplied_clock.clock_generator/ddr_ref_raw
    BUFGCTRL_X0Y1        BUFG (Prop_bufg_I_O)         0.081    -1.923 r  multiplied_clock.clock_generator/ddr_ref_buffer/O
                         net (fo=63, routed)          1.394    -0.528    memory/controller/u_davinci_ddr3_mig_mig/u_ddr3_infrastructure/mmcm_clk
    PLLE2_ADV_X1Y1       PLLE2_ADV (Prop_plle2_adv_CLKIN1_CLKOUT0)
                                                      0.077    -0.451 r  memory/controller/u_davinci_ddr3_mig_mig/u_ddr3_infrastructure/plle2_i/CLKOUT0
                         net (fo=7, routed)           0.507     0.056    memory/controller/u_davinci_ddr3_mig_mig/u_memc_ui_top_std/mem_intfc0/ddr_phy_top0/u_ddr_mc_phy_wrapper/u_ddr_mc_phy/ddr_phy_4lanes_0.u_ddr_phy_4lanes/ddr_byte_lane_D.ddr_byte_lane_D/freq_refclk
    PHASER_IN_PHY_X1Y7   PHASER_IN_PHY (Prop_phaser_in_phy_FREQREFCLK_ICLK)
                                                      1.428     1.484 r  memory/controller/u_davinci_ddr3_mig_mig/u_memc_ui_top_std/mem_intfc0/ddr_phy_top0/u_ddr_mc_phy_wrapper/u_ddr_mc_phy/ddr_phy_4lanes_0.u_ddr_phy_4lanes/ddr_byte_lane_D.ddr_byte_lane_D/phaser_in_gen.phaser_in/ICLK
    PHASER_IN_PHY_X1Y7   PHASER_IN_PHY (Prop_phaser_in_phy_ICLK_ICLKDIV)
                                                      0.154     1.638 r  memory/controller/u_davinci_ddr3_mig_mig/u_memc_ui_top_std/mem_intfc0/ddr_phy_top0/u_ddr_mc_phy_wrapper/u_ddr_mc_phy/ddr_phy_4lanes_0.u_ddr_phy_4lanes/ddr_byte_lane_D.ddr_byte_lane_D/phaser_in_gen.phaser_in/ICLKDIV
                         net (fo=9, routed)           0.393     2.031    memory/controller/u_davinci_ddr3_mig_mig/u_memc_ui_top_std/mem_intfc0/ddr_phy_top0/u_ddr_mc_phy_wrapper/u_ddr_mc_phy/ddr_phy_4lanes_0.u_ddr_phy_4lanes/ddr_byte_lane_D.ddr_byte_lane_D/ddr_byte_group_io/iserdes_clkdiv
    ILOGIC_X1Y88         ISERDESE2                                    r  memory/controller/u_davinci_ddr3_mig_mig/u_memc_ui_top_std/mem_intfc0/ddr_phy_top0/u_ddr_mc_phy_wrapper/u_ddr_mc_phy/ddr_phy_4lanes_0.u_ddr_phy_4lanes/ddr_byte_lane_D.ddr_byte_lane_D/ddr_byte_group_io/input_[1].iserdes_dq_.iserdesdq/CLKDIVP
  -------------------------------------------------------------------    -------------------
    ILOGIC_X1Y88         ISERDESE2 (Prop_iserdese2_CLKDIVP_Q1)
                                                      0.372     2.403 r  memory/controller/u_davinci_ddr3_mig_mig/u_memc_ui_top_std/mem_intfc0/ddr_phy_top0/u_ddr_mc_phy_wrapper/u_ddr_mc_phy/ddr_phy_4lanes_0.u_ddr_phy_4lanes/ddr_byte_lane_D.ddr_byte_lane_D/ddr_byte_group_io/input_[1].iserdes_dq_.iserdesdq/Q1
                         net (fo=1, routed)           0.421     2.824    memory/controller/u_davinci_ddr3_mig_mig/u_memc_ui_top_std/mem_intfc0/ddr_phy_top0/u_ddr_mc_phy_wrapper/u_ddr_mc_phy/ddr_phy_4lanes_0.u_ddr_phy_4lanes/ddr_byte_lane_D.ddr_byte_lane_D/if_d1[3]
    IN_FIFO_X1Y7         IN_FIFO                                      r  memory/controller/u_davinci_ddr3_mig_mig/u_memc_ui_top_std/mem_intfc0/ddr_phy_top0/u_ddr_mc_phy_wrapper/u_ddr_mc_phy/ddr_phy_4lanes_0.u_ddr_phy_4lanes/ddr_byte_lane_D.ddr_byte_lane_D/in_fifo_gen.in_fifo/D1[3]
  -------------------------------------------------------------------    -------------------

                         (clock iserdes_clkdiv_3 rise edge)
                                                     10.000    10.000 r  
    R4                                                0.000    10.000 r  sys_clk (IN)
                         net (fo=0)                   0.000    10.000    sys_clk
    R4                   IBUF (Prop_ibuf_I_O)         1.366    11.366 r  sys_clk_IBUF_inst/O
                         net (fo=1, routed)           1.004    12.369    multiplied_clock.clock_generator/sys_clk_IBUF
    MMCME2_ADV_X1Y0      MMCME2_ADV (Prop_mmcme2_adv_CLKIN1_CLKOUT1)
                                                     -6.057     6.312 r  multiplied_clock.clock_generator/mmcm/CLKOUT1
                         net (fo=1, routed)           1.352     7.665    multiplied_clock.clock_generator/ddr_ref_raw
    BUFGCTRL_X0Y1        BUFG (Prop_bufg_I_O)         0.077     7.742 r  multiplied_clock.clock_generator/ddr_ref_buffer/O
                         net (fo=63, routed)          1.290     9.032    memory/controller/u_davinci_ddr3_mig_mig/u_ddr3_infrastructure/mmcm_clk
    PLLE2_ADV_X1Y1       PLLE2_ADV (Prop_plle2_adv_CLKIN1_CLKOUT0)
                                                      0.073     9.105 r  memory/controller/u_davinci_ddr3_mig_mig/u_ddr3_infrastructure/plle2_i/CLKOUT0
                         net (fo=7, routed)           0.481     9.586    memory/controller/u_davinci_ddr3_mig_mig/u_memc_ui_top_std/mem_intfc0/ddr_phy_top0/u_ddr_mc_phy_wrapper/u_ddr_mc_phy/ddr_phy_4lanes_0.u_ddr_phy_4lanes/ddr_byte_lane_D.ddr_byte_lane_D/freq_refclk
    PHASER_IN_PHY_X1Y7   PHASER_IN_PHY (Prop_phaser_in_phy_FREQREFCLK_ICLK)
                                                      1.394    10.980 r  memory/controller/u_davinci_ddr3_mig_mig/u_memc_ui_top_std/mem_intfc0/ddr_phy_top0/u_ddr_mc_phy_wrapper/u_ddr_mc_phy/ddr_phy_4lanes_0.u_ddr_phy_4lanes/ddr_byte_lane_D.ddr_byte_lane_D/phaser_in_gen.phaser_in/ICLK
    PHASER_IN_PHY_X1Y7   PHASER_IN_PHY (Prop_phaser_in_phy_ICLK_ICLKDIV)
                                                      0.145    11.125 r  memory/controller/u_davinci_ddr3_mig_mig/u_memc_ui_top_std/mem_intfc0/ddr_phy_top0/u_ddr_mc_phy_wrapper/u_ddr_mc_phy/ddr_phy_4lanes_0.u_ddr_phy_4lanes/ddr_byte_lane_D.ddr_byte_lane_D/phaser_in_gen.phaser_in/ICLKDIV
                         net (fo=9, routed)           0.000    11.125    memory/controller/u_davinci_ddr3_mig_mig/u_memc_ui_top_std/mem_intfc0/ddr_phy_top0/u_ddr_mc_phy_wrapper/u_ddr_mc_phy/ddr_phy_4lanes_0.u_ddr_phy_4lanes/ddr_byte_lane_D.ddr_byte_lane_D/iserdes_clkdiv
    IN_FIFO_X1Y7         IN_FIFO                                      r  memory/controller/u_davinci_ddr3_mig_mig/u_memc_ui_top_std/mem_intfc0/ddr_phy_top0/u_ddr_mc_phy_wrapper/u_ddr_mc_phy/ddr_phy_4lanes_0.u_ddr_phy_4lanes/ddr_byte_lane_D.ddr_byte_lane_D/in_fifo_gen.in_fifo/WRCLK
                         clock pessimism              0.513    11.638    
                         clock uncertainty           -0.052    11.585    
    IN_FIFO_X1Y7         IN_FIFO (Setup_in_fifo_WRCLK_D1[3])
                                                     -0.506    11.079    memory/controller/u_davinci_ddr3_mig_mig/u_memc_ui_top_std/mem_intfc0/ddr_phy_top0/u_ddr_mc_phy_wrapper/u_ddr_mc_phy/ddr_phy_4lanes_0.u_ddr_phy_4lanes/ddr_byte_lane_D.ddr_byte_lane_D/in_fifo_gen.in_fifo
  -------------------------------------------------------------------
                         required time                         11.079    
                         arrival time                          -2.824    
  -------------------------------------------------------------------
                         slack                                  8.256    





Min Delay Paths
--------------------------------------------------------------------------------------
Slack (MET) :             0.071ns  (arrival time - required time)
  Source:                 memory/controller/u_davinci_ddr3_mig_mig/u_memc_ui_top_std/mem_intfc0/ddr_phy_top0/u_ddr_mc_phy_wrapper/u_ddr_mc_phy/ddr_phy_4lanes_0.u_ddr_phy_4lanes/ddr_byte_lane_D.ddr_byte_lane_D/phaser_in_gen.phaser_in/ICLKDIV
                            (rising edge-triggered cell PHASER_IN_PHY clocked by iserdes_clkdiv_3  {rise@0.000ns fall@5.000ns period=10.000ns})
  Destination:            memory/controller/u_davinci_ddr3_mig_mig/u_memc_ui_top_std/mem_intfc0/ddr_phy_top0/u_ddr_mc_phy_wrapper/u_ddr_mc_phy/ddr_phy_4lanes_0.u_ddr_phy_4lanes/ddr_byte_lane_D.ddr_byte_lane_D/in_fifo_gen.in_fifo/WREN
                            (rising edge-triggered cell IN_FIFO clocked by iserdes_clkdiv_3  {rise@0.000ns fall@5.000ns period=10.000ns})
  Path Group:             iserdes_clkdiv_3
  Path Type:              Hold (Min at Fast Process Corner)
  Requirement:            0.000ns  (iserdes_clkdiv_3 rise@0.000ns - iserdes_clkdiv_3 rise@0.000ns)
  Data Path Delay:        0.058ns  (logic 0.058ns (100.000%)  route 0.000ns (0.000%))
  Logic Levels:           0  
  Clock Path Skew:        0.000ns (DCD - SCD - CPR)
    Destination Clock Delay (DCD):    0.752ns
    Source Clock Delay      (SCD):    0.939ns
    Clock Pessimism Removal (CPR):    -0.187ns

    Location             Delay type                Incr(ns)  Path(ns)    Netlist Resource(s)
  -------------------------------------------------------------------    -------------------
                         (clock iserdes_clkdiv_3 rise edge)
                                                      0.000     0.000 r  
    R4                                                0.000     0.000 r  sys_clk (IN)
                         net (fo=0)                   0.000     0.000    sys_clk
    R4                   IBUF (Prop_ibuf_I_O)         0.269     0.269 r  sys_clk_IBUF_inst/O
                         net (fo=1, routed)           0.440     0.709    multiplied_clock.clock_generator/sys_clk_IBUF
    MMCME2_ADV_X1Y0      MMCME2_ADV (Prop_mmcme2_adv_CLKIN1_CLKOUT1)
                                                     -2.360    -1.651 r  multiplied_clock.clock_generator/mmcm/CLKOUT1
                         net (fo=1, routed)           0.486    -1.165    multiplied_clock.clock_generator/ddr_ref_raw
    BUFGCTRL_X0Y1        BUFG (Prop_bufg_I_O)         0.026    -1.139 r  multiplied_clock.clock_generator/ddr_ref_buffer/O
                         net (fo=63, routed)          0.552    -0.587    memory/controller/u_davinci_ddr3_mig_mig/u_ddr3_infrastructure/mmcm_clk
    PLLE2_ADV_X1Y1       PLLE2_ADV (Prop_plle2_adv_CLKIN1_CLKOUT0)
                                                      0.050    -0.537 r  memory/controller/u_davinci_ddr3_mig_mig/u_ddr3_infrastructure/plle2_i/CLKOUT0
                         net (fo=7, routed)           0.191    -0.346    memory/controller/u_davinci_ddr3_mig_mig/u_memc_ui_top_std/mem_intfc0/ddr_phy_top0/u_ddr_mc_phy_wrapper/u_ddr_mc_phy/ddr_phy_4lanes_0.u_ddr_phy_4lanes/ddr_byte_lane_D.ddr_byte_lane_D/freq_refclk
    PHASER_IN_PHY_X1Y7   PHASER_IN_PHY (Prop_phaser_in_phy_FREQREFCLK_ICLK)
                                                      1.195     0.849 r  memory/controller/u_davinci_ddr3_mig_mig/u_memc_ui_top_std/mem_intfc0/ddr_phy_top0/u_ddr_mc_phy_wrapper/u_ddr_mc_phy/ddr_phy_4lanes_0.u_ddr_phy_4lanes/ddr_byte_lane_D.ddr_byte_lane_D/phaser_in_gen.phaser_in/ICLK
    PHASER_IN_PHY_X1Y7   PHASER_IN_PHY (Prop_phaser_in_phy_ICLK_ICLKDIV)
                                                      0.090     0.939 r  memory/controller/u_davinci_ddr3_mig_mig/u_memc_ui_top_std/mem_intfc0/ddr_phy_top0/u_ddr_mc_phy_wrapper/u_ddr_mc_phy/ddr_phy_4lanes_0.u_ddr_phy_4lanes/ddr_byte_lane_D.ddr_byte_lane_D/phaser_in_gen.phaser_in/ICLKDIV
  -------------------------------------------------------------------    -------------------
    PHASER_IN_PHY_X1Y7   PHASER_IN_PHY (Prop_phaser_in_phy_ICLKDIV_WRENABLE)
                                                      0.058     0.997 r  memory/controller/u_davinci_ddr3_mig_mig/u_memc_ui_top_std/mem_intfc0/ddr_phy_top0/u_ddr_mc_phy_wrapper/u_ddr_mc_phy/ddr_phy_4lanes_0.u_ddr_phy_4lanes/ddr_byte_lane_D.ddr_byte_lane_D/phaser_in_gen.phaser_in/WRENABLE
                         net (fo=1, routed)           0.000     0.997    memory/controller/u_davinci_ddr3_mig_mig/u_memc_ui_top_std/mem_intfc0/ddr_phy_top0/u_ddr_mc_phy_wrapper/u_ddr_mc_phy/ddr_phy_4lanes_0.u_ddr_phy_4lanes/ddr_byte_lane_D.ddr_byte_lane_D/ififo_wr_enable
    IN_FIFO_X1Y7         IN_FIFO                                      r  memory/controller/u_davinci_ddr3_mig_mig/u_memc_ui_top_std/mem_intfc0/ddr_phy_top0/u_ddr_mc_phy_wrapper/u_ddr_mc_phy/ddr_phy_4lanes_0.u_ddr_phy_4lanes/ddr_byte_lane_D.ddr_byte_lane_D/in_fifo_gen.in_fifo/WREN
  -------------------------------------------------------------------    -------------------

                         (clock iserdes_clkdiv_3 rise edge)
                                                      0.000     0.000 r  
    R4                                                0.000     0.000 r  sys_clk (IN)
                         net (fo=0)                   0.000     0.000    sys_clk
    R4                   IBUF (Prop_ibuf_I_O)         0.457     0.457 r  sys_clk_IBUF_inst/O
                         net (fo=1, routed)           0.480     0.937    multiplied_clock.clock_generator/sys_clk_IBUF
    MMCME2_ADV_X1Y0      MMCME2_ADV (Prop_mmcme2_adv_CLKIN1_CLKOUT1)
                                                     -3.142    -2.205 r  multiplied_clock.clock_generator/mmcm/CLKOUT1
                         net (fo=1, routed)           0.530    -1.676    multiplied_clock.clock_generator/ddr_ref_raw
    BUFGCTRL_X0Y1        BUFG (Prop_bufg_I_O)         0.029    -1.647 r  multiplied_clock.clock_generator/ddr_ref_buffer/O
                         net (fo=63, routed)          0.820    -0.827    memory/controller/u_davinci_ddr3_mig_mig/u_ddr3_infrastructure/mmcm_clk
    PLLE2_ADV_X1Y1       PLLE2_ADV (Prop_plle2_adv_CLKIN1_CLKOUT0)
                                                      0.053    -0.774 r  memory/controller/u_davinci_ddr3_mig_mig/u_ddr3_infrastructure/plle2_i/CLKOUT0
                         net (fo=7, routed)           0.211    -0.563    memory/controller/u_davinci_ddr3_mig_mig/u_memc_ui_top_std/mem_intfc0/ddr_phy_top0/u_ddr_mc_phy_wrapper/u_ddr_mc_phy/ddr_phy_4lanes_0.u_ddr_phy_4lanes/ddr_byte_lane_D.ddr_byte_lane_D/freq_refclk
    PHASER_IN_PHY_X1Y7   PHASER_IN_PHY (Prop_phaser_in_phy_FREQREFCLK_ICLK)
                                                      1.219     0.656 r  memory/controller/u_davinci_ddr3_mig_mig/u_memc_ui_top_std/mem_intfc0/ddr_phy_top0/u_ddr_mc_phy_wrapper/u_ddr_mc_phy/ddr_phy_4lanes_0.u_ddr_phy_4lanes/ddr_byte_lane_D.ddr_byte_lane_D/phaser_in_gen.phaser_in/ICLK
    PHASER_IN_PHY_X1Y7   PHASER_IN_PHY (Prop_phaser_in_phy_ICLK_ICLKDIV)
                                                      0.096     0.752 r  memory/controller/u_davinci_ddr3_mig_mig/u_memc_ui_top_std/mem_intfc0/ddr_phy_top0/u_ddr_mc_phy_wrapper/u_ddr_mc_phy/ddr_phy_4lanes_0.u_ddr_phy_4lanes/ddr_byte_lane_D.ddr_byte_lane_D/phaser_in_gen.phaser_in/ICLKDIV
                         net (fo=9, routed)           0.000     0.752    memory/controller/u_davinci_ddr3_mig_mig/u_memc_ui_top_std/mem_intfc0/ddr_phy_top0/u_ddr_mc_phy_wrapper/u_ddr_mc_phy/ddr_phy_4lanes_0.u_ddr_phy_4lanes/ddr_byte_lane_D.ddr_byte_lane_D/iserdes_clkdiv
    IN_FIFO_X1Y7         IN_FIFO                                      r  memory/controller/u_davinci_ddr3_mig_mig/u_memc_ui_top_std/mem_intfc0/ddr_phy_top0/u_ddr_mc_phy_wrapper/u_ddr_mc_phy/ddr_phy_4lanes_0.u_ddr_phy_4lanes/ddr_byte_lane_D.ddr_byte_lane_D/in_fifo_gen.in_fifo/WRCLK
                         clock pessimism              0.187     0.939    
    IN_FIFO_X1Y7         IN_FIFO (Hold_in_fifo_WRCLK_WREN)
                                                     -0.013     0.926    memory/controller/u_davinci_ddr3_mig_mig/u_memc_ui_top_std/mem_intfc0/ddr_phy_top0/u_ddr_mc_phy_wrapper/u_ddr_mc_phy/ddr_phy_4lanes_0.u_ddr_phy_4lanes/ddr_byte_lane_D.ddr_byte_lane_D/in_fifo_gen.in_fifo
  -------------------------------------------------------------------
                         required time                         -0.926    
                         arrival time                           0.997    
  -------------------------------------------------------------------
                         slack                                  0.071    





Pulse Width Checks
--------------------------------------------------------------------------------------
Clock Name:         iserdes_clkdiv_3
Waveform(ns):       { 0.000 5.000 }
Period(ns):         10.000
Sources:            { memory/controller/u_davinci_ddr3_mig_mig/u_memc_ui_top_std/mem_intfc0/ddr_phy_top0/u_ddr_mc_phy_wrapper/u_ddr_mc_phy/ddr_phy_4lanes_0.u_ddr_phy_4lanes/ddr_byte_lane_D.ddr_byte_lane_D/phaser_in_gen.phaser_in/ICLKDIV }

Check Type        Corner  Lib Pin        Reference Pin  Required(ns)  Actual(ns)  Slack(ns)  Location      Pin
Min Period        n/a     IN_FIFO/WRCLK  n/a            5.000         10.000      5.000      IN_FIFO_X1Y7  memory/controller/u_davinci_ddr3_mig_mig/u_memc_ui_top_std/mem_intfc0/ddr_phy_top0/u_ddr_mc_phy_wrapper/u_ddr_mc_phy/ddr_phy_4lanes_0.u_ddr_phy_4lanes/ddr_byte_lane_D.ddr_byte_lane_D/in_fifo_gen.in_fifo/WRCLK
Low Pulse Width   Slow    IN_FIFO/WRCLK  n/a            2.150         5.000       2.850      IN_FIFO_X1Y7  memory/controller/u_davinci_ddr3_mig_mig/u_memc_ui_top_std/mem_intfc0/ddr_phy_top0/u_ddr_mc_phy_wrapper/u_ddr_mc_phy/ddr_phy_4lanes_0.u_ddr_phy_4lanes/ddr_byte_lane_D.ddr_byte_lane_D/in_fifo_gen.in_fifo/WRCLK
High Pulse Width  Slow    IN_FIFO/WRCLK  n/a            2.150         5.000       2.850      IN_FIFO_X1Y7  memory/controller/u_davinci_ddr3_mig_mig/u_memc_ui_top_std/mem_intfc0/ddr_phy_top0/u_ddr_mc_phy_wrapper/u_ddr_mc_phy/ddr_phy_4lanes_0.u_ddr_phy_4lanes/ddr_byte_lane_D.ddr_byte_lane_D/in_fifo_gen.in_fifo/WRCLK



---------------------------------------------------------------------------------------------------
From Clock:  mem_refclk_1
  To Clock:  mem_refclk_1

Setup :            0  Failing Endpoints,  Worst Slack        1.415ns,  Total Violation        0.000ns
Hold  :            0  Failing Endpoints,  Worst Slack        0.336ns,  Total Violation        0.000ns
PW    :            0  Failing Endpoints,  Worst Slack        0.715ns,  Total Violation        0.000ns
---------------------------------------------------------------------------------------------------


Max Delay Paths
--------------------------------------------------------------------------------------
Slack (MET) :             1.415ns  (required time - arrival time)
  Source:                 memory/controller/u_davinci_ddr3_mig_mig/u_memc_ui_top_std/mem_intfc0/ddr_phy_top0/u_ddr_mc_phy_wrapper/u_ddr_mc_phy/ddr_phy_4lanes_0.u_ddr_phy_4lanes/phy_control_i/MEMREFCLK
                            (rising edge-triggered cell PHY_CONTROL clocked by mem_refclk_1  {rise@0.000ns fall@1.250ns period=2.500ns})
  Destination:            memory/controller/u_davinci_ddr3_mig_mig/u_memc_ui_top_std/mem_intfc0/ddr_phy_top0/u_ddr_mc_phy_wrapper/u_ddr_mc_phy/ddr_phy_4lanes_0.u_ddr_phy_4lanes/phy_control_i/PHYCTLMSTREMPTY
                            (rising edge-triggered cell PHY_CONTROL clocked by mem_refclk_1  {rise@0.000ns fall@1.250ns period=2.500ns})
  Path Group:             mem_refclk_1
  Path Type:              Setup (Max at Slow Process Corner)
  Requirement:            2.500ns  (mem_refclk_1 rise@2.500ns - mem_refclk_1 rise@0.000ns)
  Data Path Delay:        1.019ns  (logic 0.622ns (61.040%)  route 0.397ns (38.960%))
  Logic Levels:           0  
  Clock Path Skew:        0.000ns (DCD - SCD + CPR)
    Destination Clock Delay (DCD):    -0.394ns = ( 2.106 - 2.500 ) 
    Source Clock Delay      (SCD):    0.077ns
    Clock Pessimism Removal (CPR):    0.471ns
  Clock Uncertainty:      0.057ns  ((TSJ^2 + DJ^2)^1/2) / 2 + PE
    Total System Jitter     (TSJ):    0.071ns
    Discrete Jitter          (DJ):    0.089ns
    Phase Error              (PE):    0.000ns

    Location             Delay type                Incr(ns)  Path(ns)    Netlist Resource(s)
  -------------------------------------------------------------------    -------------------
                         (clock mem_refclk_1 rise edge)
                                                      0.000     0.000 r  
    R4                                                0.000     0.000 r  sys_clk (IN)
                         net (fo=0)                   0.000     0.000    sys_clk
    R4                   IBUF (Prop_ibuf_I_O)         1.432     1.432 r  sys_clk_IBUF_inst/O
                         net (fo=1, routed)           1.065     2.497    multiplied_clock.clock_generator/sys_clk_IBUF
    MMCME2_ADV_X1Y0      MMCME2_ADV (Prop_mmcme2_adv_CLKIN1_CLKOUT1)
                                                     -5.921    -3.424 r  multiplied_clock.clock_generator/mmcm/CLKOUT1
                         net (fo=1, routed)           1.421    -2.004    multiplied_clock.clock_generator/ddr_ref_raw
    BUFGCTRL_X0Y1        BUFG (Prop_bufg_I_O)         0.081    -1.923 r  multiplied_clock.clock_generator/ddr_ref_buffer/O
                         net (fo=63, routed)          1.394    -0.528    memory/controller/u_davinci_ddr3_mig_mig/u_ddr3_infrastructure/mmcm_clk
    PLLE2_ADV_X1Y1       PLLE2_ADV (Prop_plle2_adv_CLKIN1_CLKOUT1)
                                                      0.077    -0.451 r  memory/controller/u_davinci_ddr3_mig_mig/u_ddr3_infrastructure/plle2_i/CLKOUT1
                         net (fo=7, routed)           0.528     0.077    memory/controller/u_davinci_ddr3_mig_mig/u_memc_ui_top_std/mem_intfc0/ddr_phy_top0/u_ddr_mc_phy_wrapper/u_ddr_mc_phy/ddr_phy_4lanes_0.u_ddr_phy_4lanes/mem_refclk
    PHY_CONTROL_X1Y1     PHY_CONTROL                                  r  memory/controller/u_davinci_ddr3_mig_mig/u_memc_ui_top_std/mem_intfc0/ddr_phy_top0/u_ddr_mc_phy_wrapper/u_ddr_mc_phy/ddr_phy_4lanes_0.u_ddr_phy_4lanes/phy_control_i/MEMREFCLK
  -------------------------------------------------------------------    -------------------
    PHY_CONTROL_X1Y1     PHY_CONTROL (Prop_phy_control_MEMREFCLK_PHYCTLEMPTY)
                                                      0.622     0.699 r  memory/controller/u_davinci_ddr3_mig_mig/u_memc_ui_top_std/mem_intfc0/ddr_phy_top0/u_ddr_mc_phy_wrapper/u_ddr_mc_phy/ddr_phy_4lanes_0.u_ddr_phy_4lanes/phy_control_i/PHYCTLEMPTY
                         net (fo=1, routed)           0.397     1.096    memory/controller/u_davinci_ddr3_mig_mig/u_memc_ui_top_std/mem_intfc0/ddr_phy_top0/u_ddr_mc_phy_wrapper/u_ddr_mc_phy/ddr_phy_4lanes_0.u_ddr_phy_4lanes/phy_control_i_n_1
    PHY_CONTROL_X1Y1     PHY_CONTROL                                  r  memory/controller/u_davinci_ddr3_mig_mig/u_memc_ui_top_std/mem_intfc0/ddr_phy_top0/u_ddr_mc_phy_wrapper/u_ddr_mc_phy/ddr_phy_4lanes_0.u_ddr_phy_4lanes/phy_control_i/PHYCTLMSTREMPTY
  -------------------------------------------------------------------    -------------------

                         (clock mem_refclk_1 rise edge)
                                                      2.500     2.500 r  
    R4                                                0.000     2.500 r  sys_clk (IN)
                         net (fo=0)                   0.000     2.500    sys_clk
    R4                   IBUF (Prop_ibuf_I_O)         1.366     3.866 r  sys_clk_IBUF_inst/O
                         net (fo=1, routed)           1.004     4.869    multiplied_clock.clock_generator/sys_clk_IBUF
    MMCME2_ADV_X1Y0      MMCME2_ADV (Prop_mmcme2_adv_CLKIN1_CLKOUT1)
                                                     -6.057    -1.188 r  multiplied_clock.clock_generator/mmcm/CLKOUT1
                         net (fo=1, routed)           1.352     0.165    multiplied_clock.clock_generator/ddr_ref_raw
    BUFGCTRL_X0Y1        BUFG (Prop_bufg_I_O)         0.077     0.242 r  multiplied_clock.clock_generator/ddr_ref_buffer/O
                         net (fo=63, routed)          1.290     1.532    memory/controller/u_davinci_ddr3_mig_mig/u_ddr3_infrastructure/mmcm_clk
    PLLE2_ADV_X1Y1       PLLE2_ADV (Prop_plle2_adv_CLKIN1_CLKOUT1)
                                                      0.073     1.605 r  memory/controller/u_davinci_ddr3_mig_mig/u_ddr3_infrastructure/plle2_i/CLKOUT1
                         net (fo=7, routed)           0.501     2.106    memory/controller/u_davinci_ddr3_mig_mig/u_memc_ui_top_std/mem_intfc0/ddr_phy_top0/u_ddr_mc_phy_wrapper/u_ddr_mc_phy/ddr_phy_4lanes_0.u_ddr_phy_4lanes/mem_refclk
    PHY_CONTROL_X1Y1     PHY_CONTROL                                  r  memory/controller/u_davinci_ddr3_mig_mig/u_memc_ui_top_std/mem_intfc0/ddr_phy_top0/u_ddr_mc_phy_wrapper/u_ddr_mc_phy/ddr_phy_4lanes_0.u_ddr_phy_4lanes/phy_control_i/MEMREFCLK
                         clock pessimism              0.471     2.577    
                         clock uncertainty           -0.057     2.520    
    PHY_CONTROL_X1Y1     PHY_CONTROL (Setup_phy_control_MEMREFCLK_PHYCTLMSTREMPTY)
                                                     -0.009     2.511    memory/controller/u_davinci_ddr3_mig_mig/u_memc_ui_top_std/mem_intfc0/ddr_phy_top0/u_ddr_mc_phy_wrapper/u_ddr_mc_phy/ddr_phy_4lanes_0.u_ddr_phy_4lanes/phy_control_i
  -------------------------------------------------------------------
                         required time                          2.511    
                         arrival time                          -1.096    
  -------------------------------------------------------------------
                         slack                                  1.415    





Min Delay Paths
--------------------------------------------------------------------------------------
Slack (MET) :             0.336ns  (arrival time - required time)
  Source:                 memory/controller/u_davinci_ddr3_mig_mig/u_memc_ui_top_std/mem_intfc0/ddr_phy_top0/u_ddr_mc_phy_wrapper/u_ddr_mc_phy/ddr_phy_4lanes_0.u_ddr_phy_4lanes/phy_control_i/MEMREFCLK
                            (rising edge-triggered cell PHY_CONTROL clocked by mem_refclk_1  {rise@0.000ns fall@1.250ns period=2.500ns})
  Destination:            memory/controller/u_davinci_ddr3_mig_mig/u_memc_ui_top_std/mem_intfc0/ddr_phy_top0/u_ddr_mc_phy_wrapper/u_ddr_mc_phy/ddr_phy_4lanes_0.u_ddr_phy_4lanes/phy_control_i/PHYCTLMSTREMPTY
                            (rising edge-triggered cell PHY_CONTROL clocked by mem_refclk_1  {rise@0.000ns fall@1.250ns period=2.500ns})
  Path Group:             mem_refclk_1
  Path Type:              Hold (Min at Fast Process Corner)
  Requirement:            0.000ns  (mem_refclk_1 rise@0.000ns - mem_refclk_1 rise@0.000ns)
  Data Path Delay:        0.459ns  (logic 0.313ns (68.192%)  route 0.146ns (31.808%))
  Logic Levels:           0  
  Clock Path Skew:        0.000ns (DCD - SCD - CPR)
    Destination Clock Delay (DCD):    -0.559ns
    Source Clock Delay      (SCD):    -0.342ns
    Clock Pessimism Removal (CPR):    -0.217ns

    Location             Delay type                Incr(ns)  Path(ns)    Netlist Resource(s)
  -------------------------------------------------------------------    -------------------
                         (clock mem_refclk_1 rise edge)
                                                      0.000     0.000 r  
    R4                                                0.000     0.000 r  sys_clk (IN)
                         net (fo=0)                   0.000     0.000    sys_clk
    R4                   IBUF (Prop_ibuf_I_O)         0.269     0.269 r  sys_clk_IBUF_inst/O
                         net (fo=1, routed)           0.440     0.709    multiplied_clock.clock_generator/sys_clk_IBUF
    MMCME2_ADV_X1Y0      MMCME2_ADV (Prop_mmcme2_adv_CLKIN1_CLKOUT1)
                                                     -2.360    -1.651 r  multiplied_clock.clock_generator/mmcm/CLKOUT1
                         net (fo=1, routed)           0.486    -1.165    multiplied_clock.clock_generator/ddr_ref_raw
    BUFGCTRL_X0Y1        BUFG (Prop_bufg_I_O)         0.026    -1.139 r  multiplied_clock.clock_generator/ddr_ref_buffer/O
                         net (fo=63, routed)          0.552    -0.587    memory/controller/u_davinci_ddr3_mig_mig/u_ddr3_infrastructure/mmcm_clk
    PLLE2_ADV_X1Y1       PLLE2_ADV (Prop_plle2_adv_CLKIN1_CLKOUT1)
                                                      0.050    -0.537 r  memory/controller/u_davinci_ddr3_mig_mig/u_ddr3_infrastructure/plle2_i/CLKOUT1
                         net (fo=7, routed)           0.195    -0.342    memory/controller/u_davinci_ddr3_mig_mig/u_memc_ui_top_std/mem_intfc0/ddr_phy_top0/u_ddr_mc_phy_wrapper/u_ddr_mc_phy/ddr_phy_4lanes_0.u_ddr_phy_4lanes/mem_refclk
    PHY_CONTROL_X1Y1     PHY_CONTROL                                  r  memory/controller/u_davinci_ddr3_mig_mig/u_memc_ui_top_std/mem_intfc0/ddr_phy_top0/u_ddr_mc_phy_wrapper/u_ddr_mc_phy/ddr_phy_4lanes_0.u_ddr_phy_4lanes/phy_control_i/MEMREFCLK
  -------------------------------------------------------------------    -------------------
    PHY_CONTROL_X1Y1     PHY_CONTROL (Prop_phy_control_MEMREFCLK_PHYCTLEMPTY)
                                                      0.313    -0.029 r  memory/controller/u_davinci_ddr3_mig_mig/u_memc_ui_top_std/mem_intfc0/ddr_phy_top0/u_ddr_mc_phy_wrapper/u_ddr_mc_phy/ddr_phy_4lanes_0.u_ddr_phy_4lanes/phy_control_i/PHYCTLEMPTY
                         net (fo=1, routed)           0.146     0.117    memory/controller/u_davinci_ddr3_mig_mig/u_memc_ui_top_std/mem_intfc0/ddr_phy_top0/u_ddr_mc_phy_wrapper/u_ddr_mc_phy/ddr_phy_4lanes_0.u_ddr_phy_4lanes/phy_control_i_n_1
    PHY_CONTROL_X1Y1     PHY_CONTROL                                  r  memory/controller/u_davinci_ddr3_mig_mig/u_memc_ui_top_std/mem_intfc0/ddr_phy_top0/u_ddr_mc_phy_wrapper/u_ddr_mc_phy/ddr_phy_4lanes_0.u_ddr_phy_4lanes/phy_control_i/PHYCTLMSTREMPTY
  -------------------------------------------------------------------    -------------------

                         (clock mem_refclk_1 rise edge)
                                                      0.000     0.000 r  
    R4                                                0.000     0.000 r  sys_clk (IN)
                         net (fo=0)                   0.000     0.000    sys_clk
    R4                   IBUF (Prop_ibuf_I_O)         0.457     0.457 r  sys_clk_IBUF_inst/O
                         net (fo=1, routed)           0.480     0.937    multiplied_clock.clock_generator/sys_clk_IBUF
    MMCME2_ADV_X1Y0      MMCME2_ADV (Prop_mmcme2_adv_CLKIN1_CLKOUT1)
                                                     -3.142    -2.205 r  multiplied_clock.clock_generator/mmcm/CLKOUT1
                         net (fo=1, routed)           0.530    -1.676    multiplied_clock.clock_generator/ddr_ref_raw
    BUFGCTRL_X0Y1        BUFG (Prop_bufg_I_O)         0.029    -1.647 r  multiplied_clock.clock_generator/ddr_ref_buffer/O
                         net (fo=63, routed)          0.820    -0.827    memory/controller/u_davinci_ddr3_mig_mig/u_ddr3_infrastructure/mmcm_clk
    PLLE2_ADV_X1Y1       PLLE2_ADV (Prop_plle2_adv_CLKIN1_CLKOUT1)
                                                      0.053    -0.774 r  memory/controller/u_davinci_ddr3_mig_mig/u_ddr3_infrastructure/plle2_i/CLKOUT1
                         net (fo=7, routed)           0.215    -0.559    memory/controller/u_davinci_ddr3_mig_mig/u_memc_ui_top_std/mem_intfc0/ddr_phy_top0/u_ddr_mc_phy_wrapper/u_ddr_mc_phy/ddr_phy_4lanes_0.u_ddr_phy_4lanes/mem_refclk
    PHY_CONTROL_X1Y1     PHY_CONTROL                                  r  memory/controller/u_davinci_ddr3_mig_mig/u_memc_ui_top_std/mem_intfc0/ddr_phy_top0/u_ddr_mc_phy_wrapper/u_ddr_mc_phy/ddr_phy_4lanes_0.u_ddr_phy_4lanes/phy_control_i/MEMREFCLK
                         clock pessimism              0.217    -0.342    
    PHY_CONTROL_X1Y1     PHY_CONTROL (Hold_phy_control_MEMREFCLK_PHYCTLMSTREMPTY)
                                                      0.123    -0.219    memory/controller/u_davinci_ddr3_mig_mig/u_memc_ui_top_std/mem_intfc0/ddr_phy_top0/u_ddr_mc_phy_wrapper/u_ddr_mc_phy/ddr_phy_4lanes_0.u_ddr_phy_4lanes/phy_control_i
  -------------------------------------------------------------------
                         required time                          0.219    
                         arrival time                           0.117    
  -------------------------------------------------------------------
                         slack                                  0.336    





Pulse Width Checks
--------------------------------------------------------------------------------------
Clock Name:         mem_refclk_1
Waveform(ns):       { 0.000 1.250 }
Period(ns):         2.500
Sources:            { memory/controller/u_davinci_ddr3_mig_mig/u_ddr3_infrastructure/plle2_i/CLKOUT1 }

Check Type        Corner  Lib Pin                Reference Pin  Required(ns)  Actual(ns)  Slack(ns)  Location          Pin
Min Period        n/a     PHY_CONTROL/MEMREFCLK  n/a            1.475         2.500       1.025      PHY_CONTROL_X1Y1  memory/controller/u_davinci_ddr3_mig_mig/u_memc_ui_top_std/mem_intfc0/ddr_phy_top0/u_ddr_mc_phy_wrapper/u_ddr_mc_phy/ddr_phy_4lanes_0.u_ddr_phy_4lanes/phy_control_i/MEMREFCLK
Max Period        n/a     PLLE2_ADV/CLKOUT1      n/a            160.000       2.500       157.500    PLLE2_ADV_X1Y1    memory/controller/u_davinci_ddr3_mig_mig/u_ddr3_infrastructure/plle2_i/CLKOUT1
Low Pulse Width   Fast    PHY_CONTROL/MEMREFCLK  n/a            0.535         1.250       0.715      PHY_CONTROL_X1Y1  memory/controller/u_davinci_ddr3_mig_mig/u_memc_ui_top_std/mem_intfc0/ddr_phy_top0/u_ddr_mc_phy_wrapper/u_ddr_mc_phy/ddr_phy_4lanes_0.u_ddr_phy_4lanes/phy_control_i/MEMREFCLK
High Pulse Width  Slow    PHY_CONTROL/MEMREFCLK  n/a            0.535         1.250       0.715      PHY_CONTROL_X1Y1  memory/controller/u_davinci_ddr3_mig_mig/u_memc_ui_top_std/mem_intfc0/ddr_phy_top0/u_ddr_mc_phy_wrapper/u_ddr_mc_phy/ddr_phy_4lanes_0.u_ddr_phy_4lanes/phy_control_i/MEMREFCLK



---------------------------------------------------------------------------------------------------
From Clock:  oserdes_clk_4
  To Clock:  oserdes_clk_4

Setup :           NA  Failing Endpoints,  Worst Slack           NA  ,  Total Violation           NA
Hold  :           NA  Failing Endpoints,  Worst Slack           NA  ,  Total Violation           NA
PW    :            0  Failing Endpoints,  Worst Slack        1.026ns,  Total Violation        0.000ns
---------------------------------------------------------------------------------------------------


Pulse Width Checks
--------------------------------------------------------------------------------------
Clock Name:         oserdes_clk_4
Waveform(ns):       { 0.000 1.250 }
Period(ns):         2.500
Sources:            { memory/controller/u_davinci_ddr3_mig_mig/u_memc_ui_top_std/mem_intfc0/ddr_phy_top0/u_ddr_mc_phy_wrapper/u_ddr_mc_phy/ddr_phy_4lanes_0.u_ddr_phy_4lanes/ddr_byte_lane_A.ddr_byte_lane_A/phaser_out/OCLK }

Check Type  Corner  Lib Pin  Reference Pin  Required(ns)  Actual(ns)  Slack(ns)  Location      Pin
Min Period  n/a     ODDR/C   n/a            1.474         2.500       1.026      OLOGIC_X1Y58  memory/controller/u_davinci_ddr3_mig_mig/u_memc_ui_top_std/mem_intfc0/ddr_phy_top0/u_ddr_mc_phy_wrapper/u_ddr_mc_phy/ddr_phy_4lanes_0.u_ddr_phy_4lanes/ddr_byte_lane_A.ddr_byte_lane_A/ddr_ck_gen_loop[0].ddr_ck_gen.ddr_ck/C



---------------------------------------------------------------------------------------------------
From Clock:  oserdes_clkdiv_4
  To Clock:  oserdes_clkdiv_4

Setup :            0  Failing Endpoints,  Worst Slack        8.408ns,  Total Violation        0.000ns
Hold  :            0  Failing Endpoints,  Worst Slack        0.088ns,  Total Violation        0.000ns
PW    :            0  Failing Endpoints,  Worst Slack        2.850ns,  Total Violation        0.000ns
---------------------------------------------------------------------------------------------------


Max Delay Paths
--------------------------------------------------------------------------------------
Slack (MET) :             8.408ns  (required time - arrival time)
  Source:                 memory/controller/u_davinci_ddr3_mig_mig/u_memc_ui_top_std/mem_intfc0/ddr_phy_top0/u_ddr_mc_phy_wrapper/u_ddr_mc_phy/ddr_phy_4lanes_0.u_ddr_phy_4lanes/ddr_byte_lane_A.ddr_byte_lane_A/out_fifo/RDCLK
                            (rising edge-triggered cell OUT_FIFO clocked by oserdes_clkdiv_4  {rise@0.000ns fall@5.000ns period=10.000ns})
  Destination:            memory/controller/u_davinci_ddr3_mig_mig/u_memc_ui_top_std/mem_intfc0/ddr_phy_top0/u_ddr_mc_phy_wrapper/u_ddr_mc_phy/ddr_phy_4lanes_0.u_ddr_phy_4lanes/ddr_byte_lane_A.ddr_byte_lane_A/ddr_byte_group_io/output_[11].oserdes_dq_.sdr.oserdes_dq_i/D4
                            (rising edge-triggered cell OSERDESE2 clocked by oserdes_clkdiv_4  {rise@0.000ns fall@5.000ns period=10.000ns})
  Path Group:             oserdes_clkdiv_4
  Path Type:              Setup (Max at Slow Process Corner)
  Requirement:            10.000ns  (oserdes_clkdiv_4 rise@10.000ns - oserdes_clkdiv_4 rise@0.000ns)
  Data Path Delay:        1.429ns  (logic 0.596ns (41.693%)  route 0.833ns (58.307%))
  Logic Levels:           0  
  Clock Path Skew:        0.343ns (DCD - SCD + CPR)
    Destination Clock Delay (DCD):    2.104ns = ( 12.104 - 10.000 ) 
    Source Clock Delay      (SCD):    2.295ns
    Clock Pessimism Removal (CPR):    0.534ns
  Clock Uncertainty:      0.057ns  ((TSJ^2 + DJ^2)^1/2) / 2 + PE
    Total System Jitter     (TSJ):    0.071ns
    Discrete Jitter          (DJ):    0.089ns
    Phase Error              (PE):    0.000ns

    Location             Delay type                Incr(ns)  Path(ns)    Netlist Resource(s)
  -------------------------------------------------------------------    -------------------
                         (clock oserdes_clkdiv_4 rise edge)
                                                      0.000     0.000 r  
    R4                                                0.000     0.000 r  sys_clk (IN)
                         net (fo=0)                   0.000     0.000    sys_clk
    R4                   IBUF (Prop_ibuf_I_O)         1.432     1.432 r  sys_clk_IBUF_inst/O
                         net (fo=1, routed)           1.065     2.497    multiplied_clock.clock_generator/sys_clk_IBUF
    MMCME2_ADV_X1Y0      MMCME2_ADV (Prop_mmcme2_adv_CLKIN1_CLKOUT1)
                                                     -5.921    -3.424 r  multiplied_clock.clock_generator/mmcm/CLKOUT1
                         net (fo=1, routed)           1.421    -2.004    multiplied_clock.clock_generator/ddr_ref_raw
    BUFGCTRL_X0Y1        BUFG (Prop_bufg_I_O)         0.081    -1.923 r  multiplied_clock.clock_generator/ddr_ref_buffer/O
                         net (fo=63, routed)          1.394    -0.528    memory/controller/u_davinci_ddr3_mig_mig/u_ddr3_infrastructure/mmcm_clk
    PLLE2_ADV_X1Y1       PLLE2_ADV (Prop_plle2_adv_CLKIN1_CLKOUT1)
                                                      0.077    -0.451 r  memory/controller/u_davinci_ddr3_mig_mig/u_ddr3_infrastructure/plle2_i/CLKOUT1
                         net (fo=7, routed)           0.522     0.071    memory/controller/u_davinci_ddr3_mig_mig/u_memc_ui_top_std/mem_intfc0/ddr_phy_top0/u_ddr_mc_phy_wrapper/u_ddr_mc_phy/ddr_phy_4lanes_0.u_ddr_phy_4lanes/ddr_byte_lane_A.ddr_byte_lane_A/mem_refclk
    PHASER_OUT_PHY_X1Y4  PHASER_OUT_PHY (Prop_phaser_out_phy_MEMREFCLK_OCLK)
                                                      2.083     2.154 r  memory/controller/u_davinci_ddr3_mig_mig/u_memc_ui_top_std/mem_intfc0/ddr_phy_top0/u_ddr_mc_phy_wrapper/u_ddr_mc_phy/ddr_phy_4lanes_0.u_ddr_phy_4lanes/ddr_byte_lane_A.ddr_byte_lane_A/phaser_out/OCLK
    PHASER_OUT_PHY_X1Y4  PHASER_OUT_PHY (Prop_phaser_out_phy_OCLK_OCLKDIV)
                                                      0.141     2.295 r  memory/controller/u_davinci_ddr3_mig_mig/u_memc_ui_top_std/mem_intfc0/ddr_phy_top0/u_ddr_mc_phy_wrapper/u_ddr_mc_phy/ddr_phy_4lanes_0.u_ddr_phy_4lanes/ddr_byte_lane_A.ddr_byte_lane_A/phaser_out/OCLKDIV
                         net (fo=12, routed)          0.000     2.295    memory/controller/u_davinci_ddr3_mig_mig/u_memc_ui_top_std/mem_intfc0/ddr_phy_top0/u_ddr_mc_phy_wrapper/u_ddr_mc_phy/ddr_phy_4lanes_0.u_ddr_phy_4lanes/ddr_byte_lane_A.ddr_byte_lane_A/oserdes_clkdiv
    OUT_FIFO_X1Y4        OUT_FIFO                                     r  memory/controller/u_davinci_ddr3_mig_mig/u_memc_ui_top_std/mem_intfc0/ddr_phy_top0/u_ddr_mc_phy_wrapper/u_ddr_mc_phy/ddr_phy_4lanes_0.u_ddr_phy_4lanes/ddr_byte_lane_A.ddr_byte_lane_A/out_fifo/RDCLK
  -------------------------------------------------------------------    -------------------
    OUT_FIFO_X1Y4        OUT_FIFO (Prop_out_fifo_RDCLK_Q6[7])
                                                      0.596     2.891 r  memory/controller/u_davinci_ddr3_mig_mig/u_memc_ui_top_std/mem_intfc0/ddr_phy_top0/u_ddr_mc_phy_wrapper/u_ddr_mc_phy/ddr_phy_4lanes_0.u_ddr_phy_4lanes/ddr_byte_lane_A.ddr_byte_lane_A/out_fifo/Q6[7]
                         net (fo=1, routed)           0.833     3.724    memory/controller/u_davinci_ddr3_mig_mig/u_memc_ui_top_std/mem_intfc0/ddr_phy_top0/u_ddr_mc_phy_wrapper/u_ddr_mc_phy/ddr_phy_4lanes_0.u_ddr_phy_4lanes/ddr_byte_lane_A.ddr_byte_lane_A/ddr_byte_group_io/oserdes_dq[43]
    OLOGIC_X1Y50         OSERDESE2                                    r  memory/controller/u_davinci_ddr3_mig_mig/u_memc_ui_top_std/mem_intfc0/ddr_phy_top0/u_ddr_mc_phy_wrapper/u_ddr_mc_phy/ddr_phy_4lanes_0.u_ddr_phy_4lanes/ddr_byte_lane_A.ddr_byte_lane_A/ddr_byte_group_io/output_[11].oserdes_dq_.sdr.oserdes_dq_i/D4
  -------------------------------------------------------------------    -------------------

                         (clock oserdes_clkdiv_4 rise edge)
                                                     10.000    10.000 r  
    R4                                                0.000    10.000 r  sys_clk (IN)
                         net (fo=0)                   0.000    10.000    sys_clk
    R4                   IBUF (Prop_ibuf_I_O)         1.366    11.366 r  sys_clk_IBUF_inst/O
                         net (fo=1, routed)           1.004    12.369    multiplied_clock.clock_generator/sys_clk_IBUF
    MMCME2_ADV_X1Y0      MMCME2_ADV (Prop_mmcme2_adv_CLKIN1_CLKOUT1)
                                                     -6.057     6.312 r  multiplied_clock.clock_generator/mmcm/CLKOUT1
                         net (fo=1, routed)           1.352     7.665    multiplied_clock.clock_generator/ddr_ref_raw
    BUFGCTRL_X0Y1        BUFG (Prop_bufg_I_O)         0.077     7.742 r  multiplied_clock.clock_generator/ddr_ref_buffer/O
                         net (fo=63, routed)          1.290     9.032    memory/controller/u_davinci_ddr3_mig_mig/u_ddr3_infrastructure/mmcm_clk
    PLLE2_ADV_X1Y1       PLLE2_ADV (Prop_plle2_adv_CLKIN1_CLKOUT1)
                                                      0.073     9.105 r  memory/controller/u_davinci_ddr3_mig_mig/u_ddr3_infrastructure/plle2_i/CLKOUT1
                         net (fo=7, routed)           0.496     9.601    memory/controller/u_davinci_ddr3_mig_mig/u_memc_ui_top_std/mem_intfc0/ddr_phy_top0/u_ddr_mc_phy_wrapper/u_ddr_mc_phy/ddr_phy_4lanes_0.u_ddr_phy_4lanes/ddr_byte_lane_A.ddr_byte_lane_A/mem_refclk
    PHASER_OUT_PHY_X1Y4  PHASER_OUT_PHY (Prop_phaser_out_phy_MEMREFCLK_OCLK)
                                                      2.027    11.628 r  memory/controller/u_davinci_ddr3_mig_mig/u_memc_ui_top_std/mem_intfc0/ddr_phy_top0/u_ddr_mc_phy_wrapper/u_ddr_mc_phy/ddr_phy_4lanes_0.u_ddr_phy_4lanes/ddr_byte_lane_A.ddr_byte_lane_A/phaser_out/OCLK
    PHASER_OUT_PHY_X1Y4  PHASER_OUT_PHY (Prop_phaser_out_phy_OCLK_OCLKDIV)
                                                      0.133    11.761 r  memory/controller/u_davinci_ddr3_mig_mig/u_memc_ui_top_std/mem_intfc0/ddr_phy_top0/u_ddr_mc_phy_wrapper/u_ddr_mc_phy/ddr_phy_4lanes_0.u_ddr_phy_4lanes/ddr_byte_lane_A.ddr_byte_lane_A/phaser_out/OCLKDIV
                         net (fo=12, routed)          0.343    12.104    memory/controller/u_davinci_ddr3_mig_mig/u_memc_ui_top_std/mem_intfc0/ddr_phy_top0/u_ddr_mc_phy_wrapper/u_ddr_mc_phy/ddr_phy_4lanes_0.u_ddr_phy_4lanes/ddr_byte_lane_A.ddr_byte_lane_A/ddr_byte_group_io/oserdes_clkdiv
    OLOGIC_X1Y50         OSERDESE2                                    r  memory/controller/u_davinci_ddr3_mig_mig/u_memc_ui_top_std/mem_intfc0/ddr_phy_top0/u_ddr_mc_phy_wrapper/u_ddr_mc_phy/ddr_phy_4lanes_0.u_ddr_phy_4lanes/ddr_byte_lane_A.ddr_byte_lane_A/ddr_byte_group_io/output_[11].oserdes_dq_.sdr.oserdes_dq_i/CLKDIV
                         clock pessimism              0.534    12.638    
                         clock uncertainty           -0.057    12.581    
    OLOGIC_X1Y50         OSERDESE2 (Setup_oserdese2_CLKDIV_D4)
                                                     -0.449    12.132    memory/controller/u_davinci_ddr3_mig_mig/u_memc_ui_top_std/mem_intfc0/ddr_phy_top0/u_ddr_mc_phy_wrapper/u_ddr_mc_phy/ddr_phy_4lanes_0.u_ddr_phy_4lanes/ddr_byte_lane_A.ddr_byte_lane_A/ddr_byte_group_io/output_[11].oserdes_dq_.sdr.oserdes_dq_i
  -------------------------------------------------------------------
                         required time                         12.132    
                         arrival time                          -3.724    
  -------------------------------------------------------------------
                         slack                                  8.408    





Min Delay Paths
--------------------------------------------------------------------------------------
Slack (MET) :             0.088ns  (arrival time - required time)
  Source:                 memory/controller/u_davinci_ddr3_mig_mig/u_memc_ui_top_std/mem_intfc0/ddr_phy_top0/u_ddr_mc_phy_wrapper/u_ddr_mc_phy/ddr_phy_4lanes_0.u_ddr_phy_4lanes/ddr_byte_lane_A.ddr_byte_lane_A/out_fifo/RDCLK
                            (rising edge-triggered cell OUT_FIFO clocked by oserdes_clkdiv_4  {rise@0.000ns fall@5.000ns period=10.000ns})
  Destination:            memory/controller/u_davinci_ddr3_mig_mig/u_memc_ui_top_std/mem_intfc0/ddr_phy_top0/u_ddr_mc_phy_wrapper/u_ddr_mc_phy/ddr_phy_4lanes_0.u_ddr_phy_4lanes/ddr_byte_lane_A.ddr_byte_lane_A/ddr_byte_group_io/output_[2].oserdes_dq_.sdr.oserdes_dq_i/D2
                            (rising edge-triggered cell OSERDESE2 clocked by oserdes_clkdiv_4  {rise@0.000ns fall@5.000ns period=10.000ns})
  Path Group:             oserdes_clkdiv_4
  Path Type:              Hold (Min at Fast Process Corner)
  Requirement:            0.000ns  (oserdes_clkdiv_4 rise@0.000ns - oserdes_clkdiv_4 rise@0.000ns)
  Data Path Delay:        0.286ns  (logic 0.138ns (48.242%)  route 0.148ns (51.758%))
  Logic Levels:           0  
  Clock Path Skew:        0.179ns (DCD - SCD - CPR)
    Destination Clock Delay (DCD):    1.569ns
    Source Clock Delay      (SCD):    1.556ns
    Clock Pessimism Removal (CPR):    -0.166ns

    Location             Delay type                Incr(ns)  Path(ns)    Netlist Resource(s)
  -------------------------------------------------------------------    -------------------
                         (clock oserdes_clkdiv_4 rise edge)
                                                      0.000     0.000 r  
    R4                                                0.000     0.000 r  sys_clk (IN)
                         net (fo=0)                   0.000     0.000    sys_clk
    R4                   IBUF (Prop_ibuf_I_O)         0.269     0.269 r  sys_clk_IBUF_inst/O
                         net (fo=1, routed)           0.440     0.709    multiplied_clock.clock_generator/sys_clk_IBUF
    MMCME2_ADV_X1Y0      MMCME2_ADV (Prop_mmcme2_adv_CLKIN1_CLKOUT1)
                                                     -2.360    -1.651 r  multiplied_clock.clock_generator/mmcm/CLKOUT1
                         net (fo=1, routed)           0.486    -1.165    multiplied_clock.clock_generator/ddr_ref_raw
    BUFGCTRL_X0Y1        BUFG (Prop_bufg_I_O)         0.026    -1.139 r  multiplied_clock.clock_generator/ddr_ref_buffer/O
                         net (fo=63, routed)          0.552    -0.587    memory/controller/u_davinci_ddr3_mig_mig/u_ddr3_infrastructure/mmcm_clk
    PLLE2_ADV_X1Y1       PLLE2_ADV (Prop_plle2_adv_CLKIN1_CLKOUT1)
                                                      0.050    -0.537 r  memory/controller/u_davinci_ddr3_mig_mig/u_ddr3_infrastructure/plle2_i/CLKOUT1
                         net (fo=7, routed)           0.197    -0.340    memory/controller/u_davinci_ddr3_mig_mig/u_memc_ui_top_std/mem_intfc0/ddr_phy_top0/u_ddr_mc_phy_wrapper/u_ddr_mc_phy/ddr_phy_4lanes_0.u_ddr_phy_4lanes/ddr_byte_lane_A.ddr_byte_lane_A/mem_refclk
    PHASER_OUT_PHY_X1Y4  PHASER_OUT_PHY (Prop_phaser_out_phy_MEMREFCLK_OCLK)
                                                      1.813     1.473 r  memory/controller/u_davinci_ddr3_mig_mig/u_memc_ui_top_std/mem_intfc0/ddr_phy_top0/u_ddr_mc_phy_wrapper/u_ddr_mc_phy/ddr_phy_4lanes_0.u_ddr_phy_4lanes/ddr_byte_lane_A.ddr_byte_lane_A/phaser_out/OCLK
    PHASER_OUT_PHY_X1Y4  PHASER_OUT_PHY (Prop_phaser_out_phy_OCLK_OCLKDIV)
                                                      0.083     1.556 r  memory/controller/u_davinci_ddr3_mig_mig/u_memc_ui_top_std/mem_intfc0/ddr_phy_top0/u_ddr_mc_phy_wrapper/u_ddr_mc_phy/ddr_phy_4lanes_0.u_ddr_phy_4lanes/ddr_byte_lane_A.ddr_byte_lane_A/phaser_out/OCLKDIV
                         net (fo=12, routed)          0.000     1.556    memory/controller/u_davinci_ddr3_mig_mig/u_memc_ui_top_std/mem_intfc0/ddr_phy_top0/u_ddr_mc_phy_wrapper/u_ddr_mc_phy/ddr_phy_4lanes_0.u_ddr_phy_4lanes/ddr_byte_lane_A.ddr_byte_lane_A/oserdes_clkdiv
    OUT_FIFO_X1Y4        OUT_FIFO                                     r  memory/controller/u_davinci_ddr3_mig_mig/u_memc_ui_top_std/mem_intfc0/ddr_phy_top0/u_ddr_mc_phy_wrapper/u_ddr_mc_phy/ddr_phy_4lanes_0.u_ddr_phy_4lanes/ddr_byte_lane_A.ddr_byte_lane_A/out_fifo/RDCLK
  -------------------------------------------------------------------    -------------------
    OUT_FIFO_X1Y4        OUT_FIFO (Prop_out_fifo_RDCLK_Q2[1])
                                                      0.138     1.694 r  memory/controller/u_davinci_ddr3_mig_mig/u_memc_ui_top_std/mem_intfc0/ddr_phy_top0/u_ddr_mc_phy_wrapper/u_ddr_mc_phy/ddr_phy_4lanes_0.u_ddr_phy_4lanes/ddr_byte_lane_A.ddr_byte_lane_A/out_fifo/Q2[1]
                         net (fo=1, routed)           0.148     1.842    memory/controller/u_davinci_ddr3_mig_mig/u_memc_ui_top_std/mem_intfc0/ddr_phy_top0/u_ddr_mc_phy_wrapper/u_ddr_mc_phy/ddr_phy_4lanes_0.u_ddr_phy_4lanes/ddr_byte_lane_A.ddr_byte_lane_A/ddr_byte_group_io/oserdes_dq[9]
    OLOGIC_X1Y53         OSERDESE2                                    r  memory/controller/u_davinci_ddr3_mig_mig/u_memc_ui_top_std/mem_intfc0/ddr_phy_top0/u_ddr_mc_phy_wrapper/u_ddr_mc_phy/ddr_phy_4lanes_0.u_ddr_phy_4lanes/ddr_byte_lane_A.ddr_byte_lane_A/ddr_byte_group_io/output_[2].oserdes_dq_.sdr.oserdes_dq_i/D2
  -------------------------------------------------------------------    -------------------

                         (clock oserdes_clkdiv_4 rise edge)
                                                      0.000     0.000 r  
    R4                                                0.000     0.000 r  sys_clk (IN)
                         net (fo=0)                   0.000     0.000    sys_clk
    R4                   IBUF (Prop_ibuf_I_O)         0.457     0.457 r  sys_clk_IBUF_inst/O
                         net (fo=1, routed)           0.480     0.937    multiplied_clock.clock_generator/sys_clk_IBUF
    MMCME2_ADV_X1Y0      MMCME2_ADV (Prop_mmcme2_adv_CLKIN1_CLKOUT1)
                                                     -3.142    -2.205 r  multiplied_clock.clock_generator/mmcm/CLKOUT1
                         net (fo=1, routed)           0.530    -1.676    multiplied_clock.clock_generator/ddr_ref_raw
    BUFGCTRL_X0Y1        BUFG (Prop_bufg_I_O)         0.029    -1.647 r  multiplied_clock.clock_generator/ddr_ref_buffer/O
                         net (fo=63, routed)          0.820    -0.827    memory/controller/u_davinci_ddr3_mig_mig/u_ddr3_infrastructure/mmcm_clk
    PLLE2_ADV_X1Y1       PLLE2_ADV (Prop_plle2_adv_CLKIN1_CLKOUT1)
                                                      0.053    -0.774 r  memory/controller/u_davinci_ddr3_mig_mig/u_ddr3_infrastructure/plle2_i/CLKOUT1
                         net (fo=7, routed)           0.218    -0.556    memory/controller/u_davinci_ddr3_mig_mig/u_memc_ui_top_std/mem_intfc0/ddr_phy_top0/u_ddr_mc_phy_wrapper/u_ddr_mc_phy/ddr_phy_4lanes_0.u_ddr_phy_4lanes/ddr_byte_lane_A.ddr_byte_lane_A/mem_refclk
    PHASER_OUT_PHY_X1Y4  PHASER_OUT_PHY (Prop_phaser_out_phy_MEMREFCLK_OCLK)
                                                      1.858     1.302 r  memory/controller/u_davinci_ddr3_mig_mig/u_memc_ui_top_std/mem_intfc0/ddr_phy_top0/u_ddr_mc_phy_wrapper/u_ddr_mc_phy/ddr_phy_4lanes_0.u_ddr_phy_4lanes/ddr_byte_lane_A.ddr_byte_lane_A/phaser_out/OCLK
    PHASER_OUT_PHY_X1Y4  PHASER_OUT_PHY (Prop_phaser_out_phy_OCLK_OCLKDIV)
                                                      0.088     1.390 r  memory/controller/u_davinci_ddr3_mig_mig/u_memc_ui_top_std/mem_intfc0/ddr_phy_top0/u_ddr_mc_phy_wrapper/u_ddr_mc_phy/ddr_phy_4lanes_0.u_ddr_phy_4lanes/ddr_byte_lane_A.ddr_byte_lane_A/phaser_out/OCLKDIV
                         net (fo=12, routed)          0.179     1.569    memory/controller/u_davinci_ddr3_mig_mig/u_memc_ui_top_std/mem_intfc0/ddr_phy_top0/u_ddr_mc_phy_wrapper/u_ddr_mc_phy/ddr_phy_4lanes_0.u_ddr_phy_4lanes/ddr_byte_lane_A.ddr_byte_lane_A/ddr_byte_group_io/oserdes_clkdiv
    OLOGIC_X1Y53         OSERDESE2                                    r  memory/controller/u_davinci_ddr3_mig_mig/u_memc_ui_top_std/mem_intfc0/ddr_phy_top0/u_ddr_mc_phy_wrapper/u_ddr_mc_phy/ddr_phy_4lanes_0.u_ddr_phy_4lanes/ddr_byte_lane_A.ddr_byte_lane_A/ddr_byte_group_io/output_[2].oserdes_dq_.sdr.oserdes_dq_i/CLKDIV
                         clock pessimism              0.166     1.735    
    OLOGIC_X1Y53         OSERDESE2 (Hold_oserdese2_CLKDIV_D2)
                                                      0.019     1.754    memory/controller/u_davinci_ddr3_mig_mig/u_memc_ui_top_std/mem_intfc0/ddr_phy_top0/u_ddr_mc_phy_wrapper/u_ddr_mc_phy/ddr_phy_4lanes_0.u_ddr_phy_4lanes/ddr_byte_lane_A.ddr_byte_lane_A/ddr_byte_group_io/output_[2].oserdes_dq_.sdr.oserdes_dq_i
  -------------------------------------------------------------------
                         required time                         -1.754    
                         arrival time                           1.842    
  -------------------------------------------------------------------
                         slack                                  0.088    





Pulse Width Checks
--------------------------------------------------------------------------------------
Clock Name:         oserdes_clkdiv_4
Waveform(ns):       { 0.000 5.000 }
Period(ns):         10.000
Sources:            { memory/controller/u_davinci_ddr3_mig_mig/u_memc_ui_top_std/mem_intfc0/ddr_phy_top0/u_ddr_mc_phy_wrapper/u_ddr_mc_phy/ddr_phy_4lanes_0.u_ddr_phy_4lanes/ddr_byte_lane_A.ddr_byte_lane_A/phaser_out/OCLKDIV }

Check Type        Corner  Lib Pin         Reference Pin  Required(ns)  Actual(ns)  Slack(ns)  Location       Pin
Min Period        n/a     OUT_FIFO/RDCLK  n/a            5.000         10.000      5.000      OUT_FIFO_X1Y4  memory/controller/u_davinci_ddr3_mig_mig/u_memc_ui_top_std/mem_intfc0/ddr_phy_top0/u_ddr_mc_phy_wrapper/u_ddr_mc_phy/ddr_phy_4lanes_0.u_ddr_phy_4lanes/ddr_byte_lane_A.ddr_byte_lane_A/out_fifo/RDCLK
Low Pulse Width   Fast    OUT_FIFO/RDCLK  n/a            2.150         5.000       2.850      OUT_FIFO_X1Y4  memory/controller/u_davinci_ddr3_mig_mig/u_memc_ui_top_std/mem_intfc0/ddr_phy_top0/u_ddr_mc_phy_wrapper/u_ddr_mc_phy/ddr_phy_4lanes_0.u_ddr_phy_4lanes/ddr_byte_lane_A.ddr_byte_lane_A/out_fifo/RDCLK
High Pulse Width  Slow    OUT_FIFO/RDCLK  n/a            2.150         5.000       2.850      OUT_FIFO_X1Y4  memory/controller/u_davinci_ddr3_mig_mig/u_memc_ui_top_std/mem_intfc0/ddr_phy_top0/u_ddr_mc_phy_wrapper/u_ddr_mc_phy/ddr_phy_4lanes_0.u_ddr_phy_4lanes/ddr_byte_lane_A.ddr_byte_lane_A/out_fifo/RDCLK



---------------------------------------------------------------------------------------------------
From Clock:  oserdes_clk_5
  To Clock:  oserdes_clk_5

Setup :           NA  Failing Endpoints,  Worst Slack           NA  ,  Total Violation           NA
Hold  :           NA  Failing Endpoints,  Worst Slack           NA  ,  Total Violation           NA
PW    :            0  Failing Endpoints,  Worst Slack        1.029ns,  Total Violation        0.000ns
---------------------------------------------------------------------------------------------------


Pulse Width Checks
--------------------------------------------------------------------------------------
Clock Name:         oserdes_clk_5
Waveform(ns):       { 0.000 1.250 }
Period(ns):         2.500
Sources:            { memory/controller/u_davinci_ddr3_mig_mig/u_memc_ui_top_std/mem_intfc0/ddr_phy_top0/u_ddr_mc_phy_wrapper/u_ddr_mc_phy/ddr_phy_4lanes_0.u_ddr_phy_4lanes/ddr_byte_lane_B.ddr_byte_lane_B/phaser_out/OCLK }

Check Type  Corner  Lib Pin        Reference Pin  Required(ns)  Actual(ns)  Slack(ns)  Location      Pin
Min Period  n/a     OSERDESE2/CLK  n/a            1.471         2.500       1.029      OLOGIC_X1Y63  memory/controller/u_davinci_ddr3_mig_mig/u_memc_ui_top_std/mem_intfc0/ddr_phy_top0/u_ddr_mc_phy_wrapper/u_ddr_mc_phy/ddr_phy_4lanes_0.u_ddr_phy_4lanes/ddr_byte_lane_B.ddr_byte_lane_B/ddr_byte_group_io/output_[0].oserdes_dq_.sdr.oserdes_dq_i/CLK



---------------------------------------------------------------------------------------------------
From Clock:  oserdes_clkdiv_5
  To Clock:  oserdes_clkdiv_5

Setup :            0  Failing Endpoints,  Worst Slack        8.860ns,  Total Violation        0.000ns
Hold  :            0  Failing Endpoints,  Worst Slack        0.092ns,  Total Violation        0.000ns
PW    :            0  Failing Endpoints,  Worst Slack        2.850ns,  Total Violation        0.000ns
---------------------------------------------------------------------------------------------------


Max Delay Paths
--------------------------------------------------------------------------------------
Slack (MET) :             8.860ns  (required time - arrival time)
  Source:                 memory/controller/u_davinci_ddr3_mig_mig/u_memc_ui_top_std/mem_intfc0/ddr_phy_top0/u_ddr_mc_phy_wrapper/u_ddr_mc_phy/ddr_phy_4lanes_0.u_ddr_phy_4lanes/ddr_byte_lane_B.ddr_byte_lane_B/out_fifo/RDCLK
                            (rising edge-triggered cell OUT_FIFO clocked by oserdes_clkdiv_5  {rise@0.000ns fall@5.000ns period=10.000ns})
  Destination:            memory/controller/u_davinci_ddr3_mig_mig/u_memc_ui_top_std/mem_intfc0/ddr_phy_top0/u_ddr_mc_phy_wrapper/u_ddr_mc_phy/ddr_phy_4lanes_0.u_ddr_phy_4lanes/ddr_byte_lane_B.ddr_byte_lane_B/ddr_byte_group_io/output_[10].oserdes_dq_.sdr.oserdes_dq_i/D1
                            (rising edge-triggered cell OSERDESE2 clocked by oserdes_clkdiv_5  {rise@0.000ns fall@5.000ns period=10.000ns})
  Path Group:             oserdes_clkdiv_5
  Path Type:              Setup (Max at Slow Process Corner)
  Requirement:            10.000ns  (oserdes_clkdiv_5 rise@10.000ns - oserdes_clkdiv_5 rise@0.000ns)
  Data Path Delay:        0.964ns  (logic 0.596ns (61.822%)  route 0.368ns (38.178%))
  Logic Levels:           0  
  Clock Path Skew:        0.330ns (DCD - SCD + CPR)
    Destination Clock Delay (DCD):    2.081ns = ( 12.081 - 10.000 ) 
    Source Clock Delay      (SCD):    2.284ns
    Clock Pessimism Removal (CPR):    0.533ns
  Clock Uncertainty:      0.057ns  ((TSJ^2 + DJ^2)^1/2) / 2 + PE
    Total System Jitter     (TSJ):    0.071ns
    Discrete Jitter          (DJ):    0.089ns
    Phase Error              (PE):    0.000ns

    Location             Delay type                Incr(ns)  Path(ns)    Netlist Resource(s)
  -------------------------------------------------------------------    -------------------
                         (clock oserdes_clkdiv_5 rise edge)
                                                      0.000     0.000 r  
    R4                                                0.000     0.000 r  sys_clk (IN)
                         net (fo=0)                   0.000     0.000    sys_clk
    R4                   IBUF (Prop_ibuf_I_O)         1.432     1.432 r  sys_clk_IBUF_inst/O
                         net (fo=1, routed)           1.065     2.497    multiplied_clock.clock_generator/sys_clk_IBUF
    MMCME2_ADV_X1Y0      MMCME2_ADV (Prop_mmcme2_adv_CLKIN1_CLKOUT1)
                                                     -5.921    -3.424 r  multiplied_clock.clock_generator/mmcm/CLKOUT1
                         net (fo=1, routed)           1.421    -2.004    multiplied_clock.clock_generator/ddr_ref_raw
    BUFGCTRL_X0Y1        BUFG (Prop_bufg_I_O)         0.081    -1.923 r  multiplied_clock.clock_generator/ddr_ref_buffer/O
                         net (fo=63, routed)          1.394    -0.528    memory/controller/u_davinci_ddr3_mig_mig/u_ddr3_infrastructure/mmcm_clk
    PLLE2_ADV_X1Y1       PLLE2_ADV (Prop_plle2_adv_CLKIN1_CLKOUT1)
                                                      0.077    -0.451 r  memory/controller/u_davinci_ddr3_mig_mig/u_ddr3_infrastructure/plle2_i/CLKOUT1
                         net (fo=7, routed)           0.511     0.060    memory/controller/u_davinci_ddr3_mig_mig/u_memc_ui_top_std/mem_intfc0/ddr_phy_top0/u_ddr_mc_phy_wrapper/u_ddr_mc_phy/ddr_phy_4lanes_0.u_ddr_phy_4lanes/ddr_byte_lane_B.ddr_byte_lane_B/mem_refclk
    PHASER_OUT_PHY_X1Y5  PHASER_OUT_PHY (Prop_phaser_out_phy_MEMREFCLK_OCLK)
                                                      2.083     2.143 r  memory/controller/u_davinci_ddr3_mig_mig/u_memc_ui_top_std/mem_intfc0/ddr_phy_top0/u_ddr_mc_phy_wrapper/u_ddr_mc_phy/ddr_phy_4lanes_0.u_ddr_phy_4lanes/ddr_byte_lane_B.ddr_byte_lane_B/phaser_out/OCLK
    PHASER_OUT_PHY_X1Y5  PHASER_OUT_PHY (Prop_phaser_out_phy_OCLK_OCLKDIV)
                                                      0.141     2.284 r  memory/controller/u_davinci_ddr3_mig_mig/u_memc_ui_top_std/mem_intfc0/ddr_phy_top0/u_ddr_mc_phy_wrapper/u_ddr_mc_phy/ddr_phy_4lanes_0.u_ddr_phy_4lanes/ddr_byte_lane_B.ddr_byte_lane_B/phaser_out/OCLKDIV
                         net (fo=13, routed)          0.000     2.284    memory/controller/u_davinci_ddr3_mig_mig/u_memc_ui_top_std/mem_intfc0/ddr_phy_top0/u_ddr_mc_phy_wrapper/u_ddr_mc_phy/ddr_phy_4lanes_0.u_ddr_phy_4lanes/ddr_byte_lane_B.ddr_byte_lane_B/oserdes_clkdiv
    OUT_FIFO_X1Y5        OUT_FIFO                                     r  memory/controller/u_davinci_ddr3_mig_mig/u_memc_ui_top_std/mem_intfc0/ddr_phy_top0/u_ddr_mc_phy_wrapper/u_ddr_mc_phy/ddr_phy_4lanes_0.u_ddr_phy_4lanes/ddr_byte_lane_B.ddr_byte_lane_B/out_fifo/RDCLK
  -------------------------------------------------------------------    -------------------
    OUT_FIFO_X1Y5        OUT_FIFO (Prop_out_fifo_RDCLK_Q5[4])
                                                      0.596     2.880 r  memory/controller/u_davinci_ddr3_mig_mig/u_memc_ui_top_std/mem_intfc0/ddr_phy_top0/u_ddr_mc_phy_wrapper/u_ddr_mc_phy/ddr_phy_4lanes_0.u_ddr_phy_4lanes/ddr_byte_lane_B.ddr_byte_lane_B/out_fifo/Q5[4]
                         net (fo=1, routed)           0.368     3.248    memory/controller/u_davinci_ddr3_mig_mig/u_memc_ui_top_std/mem_intfc0/ddr_phy_top0/u_ddr_mc_phy_wrapper/u_ddr_mc_phy/ddr_phy_4lanes_0.u_ddr_phy_4lanes/ddr_byte_lane_B.ddr_byte_lane_B/ddr_byte_group_io/oserdes_dq[40]
    OLOGIC_X1Y69         OSERDESE2                                    r  memory/controller/u_davinci_ddr3_mig_mig/u_memc_ui_top_std/mem_intfc0/ddr_phy_top0/u_ddr_mc_phy_wrapper/u_ddr_mc_phy/ddr_phy_4lanes_0.u_ddr_phy_4lanes/ddr_byte_lane_B.ddr_byte_lane_B/ddr_byte_group_io/output_[10].oserdes_dq_.sdr.oserdes_dq_i/D1
  -------------------------------------------------------------------    -------------------

                         (clock oserdes_clkdiv_5 rise edge)
                                                     10.000    10.000 r  
    R4                                                0.000    10.000 r  sys_clk (IN)
                         net (fo=0)                   0.000    10.000    sys_clk
    R4                   IBUF (Prop_ibuf_I_O)         1.366    11.366 r  sys_clk_IBUF_inst/O
                         net (fo=1, routed)           1.004    12.369    multiplied_clock.clock_generator/sys_clk_IBUF
    MMCME2_ADV_X1Y0      MMCME2_ADV (Prop_mmcme2_adv_CLKIN1_CLKOUT1)
                                                     -6.057     6.312 r  multiplied_clock.clock_generator/mmcm/CLKOUT1
                         net (fo=1, routed)           1.352     7.665    multiplied_clock.clock_generator/ddr_ref_raw
    BUFGCTRL_X0Y1        BUFG (Prop_bufg_I_O)         0.077     7.742 r  multiplied_clock.clock_generator/ddr_ref_buffer/O
                         net (fo=63, routed)          1.290     9.032    memory/controller/u_davinci_ddr3_mig_mig/u_ddr3_infrastructure/mmcm_clk
    PLLE2_ADV_X1Y1       PLLE2_ADV (Prop_plle2_adv_CLKIN1_CLKOUT1)
                                                      0.073     9.105 r  memory/controller/u_davinci_ddr3_mig_mig/u_ddr3_infrastructure/plle2_i/CLKOUT1
                         net (fo=7, routed)           0.486     9.591    memory/controller/u_davinci_ddr3_mig_mig/u_memc_ui_top_std/mem_intfc0/ddr_phy_top0/u_ddr_mc_phy_wrapper/u_ddr_mc_phy/ddr_phy_4lanes_0.u_ddr_phy_4lanes/ddr_byte_lane_B.ddr_byte_lane_B/mem_refclk
    PHASER_OUT_PHY_X1Y5  PHASER_OUT_PHY (Prop_phaser_out_phy_MEMREFCLK_OCLK)
                                                      2.027    11.618 r  memory/controller/u_davinci_ddr3_mig_mig/u_memc_ui_top_std/mem_intfc0/ddr_phy_top0/u_ddr_mc_phy_wrapper/u_ddr_mc_phy/ddr_phy_4lanes_0.u_ddr_phy_4lanes/ddr_byte_lane_B.ddr_byte_lane_B/phaser_out/OCLK
    PHASER_OUT_PHY_X1Y5  PHASER_OUT_PHY (Prop_phaser_out_phy_OCLK_OCLKDIV)
                                                      0.133    11.751 r  memory/controller/u_davinci_ddr3_mig_mig/u_memc_ui_top_std/mem_intfc0/ddr_phy_top0/u_ddr_mc_phy_wrapper/u_ddr_mc_phy/ddr_phy_4lanes_0.u_ddr_phy_4lanes/ddr_byte_lane_B.ddr_byte_lane_B/phaser_out/OCLKDIV
                         net (fo=13, routed)          0.330    12.081    memory/controller/u_davinci_ddr3_mig_mig/u_memc_ui_top_std/mem_intfc0/ddr_phy_top0/u_ddr_mc_phy_wrapper/u_ddr_mc_phy/ddr_phy_4lanes_0.u_ddr_phy_4lanes/ddr_byte_lane_B.ddr_byte_lane_B/ddr_byte_group_io/oserdes_clkdiv
    OLOGIC_X1Y69         OSERDESE2                                    r  memory/controller/u_davinci_ddr3_mig_mig/u_memc_ui_top_std/mem_intfc0/ddr_phy_top0/u_ddr_mc_phy_wrapper/u_ddr_mc_phy/ddr_phy_4lanes_0.u_ddr_phy_4lanes/ddr_byte_lane_B.ddr_byte_lane_B/ddr_byte_group_io/output_[10].oserdes_dq_.sdr.oserdes_dq_i/CLKDIV
                         clock pessimism              0.533    12.614    
                         clock uncertainty           -0.057    12.557    
    OLOGIC_X1Y69         OSERDESE2 (Setup_oserdese2_CLKDIV_D1)
                                                     -0.449    12.108    memory/controller/u_davinci_ddr3_mig_mig/u_memc_ui_top_std/mem_intfc0/ddr_phy_top0/u_ddr_mc_phy_wrapper/u_ddr_mc_phy/ddr_phy_4lanes_0.u_ddr_phy_4lanes/ddr_byte_lane_B.ddr_byte_lane_B/ddr_byte_group_io/output_[10].oserdes_dq_.sdr.oserdes_dq_i
  -------------------------------------------------------------------
                         required time                         12.108    
                         arrival time                          -3.248    
  -------------------------------------------------------------------
                         slack                                  8.860    





Min Delay Paths
--------------------------------------------------------------------------------------
Slack (MET) :             0.092ns  (arrival time - required time)
  Source:                 memory/controller/u_davinci_ddr3_mig_mig/u_memc_ui_top_std/mem_intfc0/ddr_phy_top0/u_ddr_mc_phy_wrapper/u_ddr_mc_phy/ddr_phy_4lanes_0.u_ddr_phy_4lanes/ddr_byte_lane_B.ddr_byte_lane_B/out_fifo/RDCLK
                            (rising edge-triggered cell OUT_FIFO clocked by oserdes_clkdiv_5  {rise@0.000ns fall@5.000ns period=10.000ns})
  Destination:            memory/controller/u_davinci_ddr3_mig_mig/u_memc_ui_top_std/mem_intfc0/ddr_phy_top0/u_ddr_mc_phy_wrapper/u_ddr_mc_phy/ddr_phy_4lanes_0.u_ddr_phy_4lanes/ddr_byte_lane_B.ddr_byte_lane_B/ddr_byte_group_io/output_[2].oserdes_dq_.sdr.oserdes_dq_i/D2
                            (rising edge-triggered cell OSERDESE2 clocked by oserdes_clkdiv_5  {rise@0.000ns fall@5.000ns period=10.000ns})
  Path Group:             oserdes_clkdiv_5
  Path Type:              Hold (Min at Fast Process Corner)
  Requirement:            0.000ns  (oserdes_clkdiv_5 rise@0.000ns - oserdes_clkdiv_5 rise@0.000ns)
  Data Path Delay:        0.286ns  (logic 0.138ns (48.242%)  route 0.148ns (51.758%))
  Logic Levels:           0  
  Clock Path Skew:        0.175ns (DCD - SCD - CPR)
    Destination Clock Delay (DCD):    1.556ns
    Source Clock Delay      (SCD):    1.549ns
    Clock Pessimism Removal (CPR):    -0.168ns

    Location             Delay type                Incr(ns)  Path(ns)    Netlist Resource(s)
  -------------------------------------------------------------------    -------------------
                         (clock oserdes_clkdiv_5 rise edge)
                                                      0.000     0.000 r  
    R4                                                0.000     0.000 r  sys_clk (IN)
                         net (fo=0)                   0.000     0.000    sys_clk
    R4                   IBUF (Prop_ibuf_I_O)         0.269     0.269 r  sys_clk_IBUF_inst/O
                         net (fo=1, routed)           0.440     0.709    multiplied_clock.clock_generator/sys_clk_IBUF
    MMCME2_ADV_X1Y0      MMCME2_ADV (Prop_mmcme2_adv_CLKIN1_CLKOUT1)
                                                     -2.360    -1.651 r  multiplied_clock.clock_generator/mmcm/CLKOUT1
                         net (fo=1, routed)           0.486    -1.165    multiplied_clock.clock_generator/ddr_ref_raw
    BUFGCTRL_X0Y1        BUFG (Prop_bufg_I_O)         0.026    -1.139 r  multiplied_clock.clock_generator/ddr_ref_buffer/O
                         net (fo=63, routed)          0.552    -0.587    memory/controller/u_davinci_ddr3_mig_mig/u_ddr3_infrastructure/mmcm_clk
    PLLE2_ADV_X1Y1       PLLE2_ADV (Prop_plle2_adv_CLKIN1_CLKOUT1)
                                                      0.050    -0.537 r  memory/controller/u_davinci_ddr3_mig_mig/u_ddr3_infrastructure/plle2_i/CLKOUT1
                         net (fo=7, routed)           0.190    -0.347    memory/controller/u_davinci_ddr3_mig_mig/u_memc_ui_top_std/mem_intfc0/ddr_phy_top0/u_ddr_mc_phy_wrapper/u_ddr_mc_phy/ddr_phy_4lanes_0.u_ddr_phy_4lanes/ddr_byte_lane_B.ddr_byte_lane_B/mem_refclk
    PHASER_OUT_PHY_X1Y5  PHASER_OUT_PHY (Prop_phaser_out_phy_MEMREFCLK_OCLK)
                                                      1.813     1.466 r  memory/controller/u_davinci_ddr3_mig_mig/u_memc_ui_top_std/mem_intfc0/ddr_phy_top0/u_ddr_mc_phy_wrapper/u_ddr_mc_phy/ddr_phy_4lanes_0.u_ddr_phy_4lanes/ddr_byte_lane_B.ddr_byte_lane_B/phaser_out/OCLK
    PHASER_OUT_PHY_X1Y5  PHASER_OUT_PHY (Prop_phaser_out_phy_OCLK_OCLKDIV)
                                                      0.083     1.549 r  memory/controller/u_davinci_ddr3_mig_mig/u_memc_ui_top_std/mem_intfc0/ddr_phy_top0/u_ddr_mc_phy_wrapper/u_ddr_mc_phy/ddr_phy_4lanes_0.u_ddr_phy_4lanes/ddr_byte_lane_B.ddr_byte_lane_B/phaser_out/OCLKDIV
                         net (fo=13, routed)          0.000     1.549    memory/controller/u_davinci_ddr3_mig_mig/u_memc_ui_top_std/mem_intfc0/ddr_phy_top0/u_ddr_mc_phy_wrapper/u_ddr_mc_phy/ddr_phy_4lanes_0.u_ddr_phy_4lanes/ddr_byte_lane_B.ddr_byte_lane_B/oserdes_clkdiv
    OUT_FIFO_X1Y5        OUT_FIFO                                     r  memory/controller/u_davinci_ddr3_mig_mig/u_memc_ui_top_std/mem_intfc0/ddr_phy_top0/u_ddr_mc_phy_wrapper/u_ddr_mc_phy/ddr_phy_4lanes_0.u_ddr_phy_4lanes/ddr_byte_lane_B.ddr_byte_lane_B/out_fifo/RDCLK
  -------------------------------------------------------------------    -------------------
    OUT_FIFO_X1Y5        OUT_FIFO (Prop_out_fifo_RDCLK_Q2[1])
                                                      0.138     1.687 r  memory/controller/u_davinci_ddr3_mig_mig/u_memc_ui_top_std/mem_intfc0/ddr_phy_top0/u_ddr_mc_phy_wrapper/u_ddr_mc_phy/ddr_phy_4lanes_0.u_ddr_phy_4lanes/ddr_byte_lane_B.ddr_byte_lane_B/out_fifo/Q2[1]
                         net (fo=1, routed)           0.148     1.835    memory/controller/u_davinci_ddr3_mig_mig/u_memc_ui_top_std/mem_intfc0/ddr_phy_top0/u_ddr_mc_phy_wrapper/u_ddr_mc_phy/ddr_phy_4lanes_0.u_ddr_phy_4lanes/ddr_byte_lane_B.ddr_byte_lane_B/ddr_byte_group_io/oserdes_dq[9]
    OLOGIC_X1Y65         OSERDESE2                                    r  memory/controller/u_davinci_ddr3_mig_mig/u_memc_ui_top_std/mem_intfc0/ddr_phy_top0/u_ddr_mc_phy_wrapper/u_ddr_mc_phy/ddr_phy_4lanes_0.u_ddr_phy_4lanes/ddr_byte_lane_B.ddr_byte_lane_B/ddr_byte_group_io/output_[2].oserdes_dq_.sdr.oserdes_dq_i/D2
  -------------------------------------------------------------------    -------------------

                         (clock oserdes_clkdiv_5 rise edge)
                                                      0.000     0.000 r  
    R4                                                0.000     0.000 r  sys_clk (IN)
                         net (fo=0)                   0.000     0.000    sys_clk
    R4                   IBUF (Prop_ibuf_I_O)         0.457     0.457 r  sys_clk_IBUF_inst/O
                         net (fo=1, routed)           0.480     0.937    multiplied_clock.clock_generator/sys_clk_IBUF
    MMCME2_ADV_X1Y0      MMCME2_ADV (Prop_mmcme2_adv_CLKIN1_CLKOUT1)
                                                     -3.142    -2.205 r  multiplied_clock.clock_generator/mmcm/CLKOUT1
                         net (fo=1, routed)           0.530    -1.676    multiplied_clock.clock_generator/ddr_ref_raw
    BUFGCTRL_X0Y1        BUFG (Prop_bufg_I_O)         0.029    -1.647 r  multiplied_clock.clock_generator/ddr_ref_buffer/O
                         net (fo=63, routed)          0.820    -0.827    memory/controller/u_davinci_ddr3_mig_mig/u_ddr3_infrastructure/mmcm_clk
    PLLE2_ADV_X1Y1       PLLE2_ADV (Prop_plle2_adv_CLKIN1_CLKOUT1)
                                                      0.053    -0.774 r  memory/controller/u_davinci_ddr3_mig_mig/u_ddr3_infrastructure/plle2_i/CLKOUT1
                         net (fo=7, routed)           0.209    -0.565    memory/controller/u_davinci_ddr3_mig_mig/u_memc_ui_top_std/mem_intfc0/ddr_phy_top0/u_ddr_mc_phy_wrapper/u_ddr_mc_phy/ddr_phy_4lanes_0.u_ddr_phy_4lanes/ddr_byte_lane_B.ddr_byte_lane_B/mem_refclk
    PHASER_OUT_PHY_X1Y5  PHASER_OUT_PHY (Prop_phaser_out_phy_MEMREFCLK_OCLK)
                                                      1.858     1.293 r  memory/controller/u_davinci_ddr3_mig_mig/u_memc_ui_top_std/mem_intfc0/ddr_phy_top0/u_ddr_mc_phy_wrapper/u_ddr_mc_phy/ddr_phy_4lanes_0.u_ddr_phy_4lanes/ddr_byte_lane_B.ddr_byte_lane_B/phaser_out/OCLK
    PHASER_OUT_PHY_X1Y5  PHASER_OUT_PHY (Prop_phaser_out_phy_OCLK_OCLKDIV)
                                                      0.088     1.381 r  memory/controller/u_davinci_ddr3_mig_mig/u_memc_ui_top_std/mem_intfc0/ddr_phy_top0/u_ddr_mc_phy_wrapper/u_ddr_mc_phy/ddr_phy_4lanes_0.u_ddr_phy_4lanes/ddr_byte_lane_B.ddr_byte_lane_B/phaser_out/OCLKDIV
                         net (fo=13, routed)          0.175     1.556    memory/controller/u_davinci_ddr3_mig_mig/u_memc_ui_top_std/mem_intfc0/ddr_phy_top0/u_ddr_mc_phy_wrapper/u_ddr_mc_phy/ddr_phy_4lanes_0.u_ddr_phy_4lanes/ddr_byte_lane_B.ddr_byte_lane_B/ddr_byte_group_io/oserdes_clkdiv
    OLOGIC_X1Y65         OSERDESE2                                    r  memory/controller/u_davinci_ddr3_mig_mig/u_memc_ui_top_std/mem_intfc0/ddr_phy_top0/u_ddr_mc_phy_wrapper/u_ddr_mc_phy/ddr_phy_4lanes_0.u_ddr_phy_4lanes/ddr_byte_lane_B.ddr_byte_lane_B/ddr_byte_group_io/output_[2].oserdes_dq_.sdr.oserdes_dq_i/CLKDIV
                         clock pessimism              0.168     1.724    
    OLOGIC_X1Y65         OSERDESE2 (Hold_oserdese2_CLKDIV_D2)
                                                      0.019     1.743    memory/controller/u_davinci_ddr3_mig_mig/u_memc_ui_top_std/mem_intfc0/ddr_phy_top0/u_ddr_mc_phy_wrapper/u_ddr_mc_phy/ddr_phy_4lanes_0.u_ddr_phy_4lanes/ddr_byte_lane_B.ddr_byte_lane_B/ddr_byte_group_io/output_[2].oserdes_dq_.sdr.oserdes_dq_i
  -------------------------------------------------------------------
                         required time                         -1.743    
                         arrival time                           1.835    
  -------------------------------------------------------------------
                         slack                                  0.092    





Pulse Width Checks
--------------------------------------------------------------------------------------
Clock Name:         oserdes_clkdiv_5
Waveform(ns):       { 0.000 5.000 }
Period(ns):         10.000
Sources:            { memory/controller/u_davinci_ddr3_mig_mig/u_memc_ui_top_std/mem_intfc0/ddr_phy_top0/u_ddr_mc_phy_wrapper/u_ddr_mc_phy/ddr_phy_4lanes_0.u_ddr_phy_4lanes/ddr_byte_lane_B.ddr_byte_lane_B/phaser_out/OCLKDIV }

Check Type        Corner  Lib Pin         Reference Pin  Required(ns)  Actual(ns)  Slack(ns)  Location       Pin
Min Period        n/a     OUT_FIFO/RDCLK  n/a            5.000         10.000      5.000      OUT_FIFO_X1Y5  memory/controller/u_davinci_ddr3_mig_mig/u_memc_ui_top_std/mem_intfc0/ddr_phy_top0/u_ddr_mc_phy_wrapper/u_ddr_mc_phy/ddr_phy_4lanes_0.u_ddr_phy_4lanes/ddr_byte_lane_B.ddr_byte_lane_B/out_fifo/RDCLK
Low Pulse Width   Fast    OUT_FIFO/RDCLK  n/a            2.150         5.000       2.850      OUT_FIFO_X1Y5  memory/controller/u_davinci_ddr3_mig_mig/u_memc_ui_top_std/mem_intfc0/ddr_phy_top0/u_ddr_mc_phy_wrapper/u_ddr_mc_phy/ddr_phy_4lanes_0.u_ddr_phy_4lanes/ddr_byte_lane_B.ddr_byte_lane_B/out_fifo/RDCLK
High Pulse Width  Slow    OUT_FIFO/RDCLK  n/a            2.150         5.000       2.850      OUT_FIFO_X1Y5  memory/controller/u_davinci_ddr3_mig_mig/u_memc_ui_top_std/mem_intfc0/ddr_phy_top0/u_ddr_mc_phy_wrapper/u_ddr_mc_phy/ddr_phy_4lanes_0.u_ddr_phy_4lanes/ddr_byte_lane_B.ddr_byte_lane_B/out_fifo/RDCLK



---------------------------------------------------------------------------------------------------
From Clock:  oserdes_clk_6
  To Clock:  oserdes_clk_6

Setup :            0  Failing Endpoints,  Worst Slack        1.192ns,  Total Violation        0.000ns
Hold  :            0  Failing Endpoints,  Worst Slack        0.411ns,  Total Violation        0.000ns
PW    :            0  Failing Endpoints,  Worst Slack        1.026ns,  Total Violation        0.000ns
---------------------------------------------------------------------------------------------------


Max Delay Paths
--------------------------------------------------------------------------------------
Slack (MET) :             1.192ns  (required time - arrival time)
  Source:                 memory/controller/u_davinci_ddr3_mig_mig/u_memc_ui_top_std/mem_intfc0/ddr_phy_top0/u_ddr_mc_phy_wrapper/u_ddr_mc_phy/ddr_phy_4lanes_0.u_ddr_phy_4lanes/ddr_byte_lane_C.ddr_byte_lane_C/phaser_out/OCLKDELAYED
                            (rising edge-triggered cell PHASER_OUT_PHY clocked by oserdes_clk_6  {rise@0.000ns fall@1.250ns period=2.500ns})
  Destination:            memory/controller/u_davinci_ddr3_mig_mig/u_memc_ui_top_std/mem_intfc0/ddr_phy_top0/u_ddr_mc_phy_wrapper/u_ddr_mc_phy/ddr_phy_4lanes_0.u_ddr_phy_4lanes/ddr_byte_lane_C.ddr_byte_lane_C/ddr_byte_group_io/dqs_gen.oddr_dqsts/D1
                            (rising edge-triggered cell ODDR clocked by oserdes_clk_6  {rise@0.000ns fall@1.250ns period=2.500ns})
  Path Group:             oserdes_clk_6
  Path Type:              Setup (Max at Slow Process Corner)
  Requirement:            2.500ns  (oserdes_clk_6 rise@2.500ns - oserdes_clk_6 rise@0.000ns)
  Data Path Delay:        0.864ns  (logic 0.489ns (56.594%)  route 0.375ns (43.406%))
  Logic Levels:           0  
  Clock Path Skew:        0.336ns (DCD - SCD + CPR)
    Destination Clock Delay (DCD):    2.588ns = ( 5.088 - 2.500 ) 
    Source Clock Delay      (SCD):    2.816ns
    Clock Pessimism Removal (CPR):    0.564ns
  Clock Uncertainty:      0.057ns  ((TSJ^2 + DJ^2)^1/2) / 2 + PE
    Total System Jitter     (TSJ):    0.071ns
    Discrete Jitter          (DJ):    0.089ns
    Phase Error              (PE):    0.000ns

    Location             Delay type                Incr(ns)  Path(ns)    Netlist Resource(s)
  -------------------------------------------------------------------    -------------------
                         (clock oserdes_clk_6 rise edge)
                                                      0.000     0.000 r  
    R4                                                0.000     0.000 r  sys_clk (IN)
                         net (fo=0)                   0.000     0.000    sys_clk
    R4                   IBUF (Prop_ibuf_I_O)         1.432     1.432 r  sys_clk_IBUF_inst/O
                         net (fo=1, routed)           1.065     2.497    multiplied_clock.clock_generator/sys_clk_IBUF
    MMCME2_ADV_X1Y0      MMCME2_ADV (Prop_mmcme2_adv_CLKIN1_CLKOUT1)
                                                     -5.921    -3.424 r  multiplied_clock.clock_generator/mmcm/CLKOUT1
                         net (fo=1, routed)           1.421    -2.004    multiplied_clock.clock_generator/ddr_ref_raw
    BUFGCTRL_X0Y1        BUFG (Prop_bufg_I_O)         0.081    -1.923 r  multiplied_clock.clock_generator/ddr_ref_buffer/O
                         net (fo=63, routed)          1.394    -0.528    memory/controller/u_davinci_ddr3_mig_mig/u_ddr3_infrastructure/mmcm_clk
    PLLE2_ADV_X1Y1       PLLE2_ADV (Prop_plle2_adv_CLKIN1_CLKOUT1)
                                                      0.077    -0.451 r  memory/controller/u_davinci_ddr3_mig_mig/u_ddr3_infrastructure/plle2_i/CLKOUT1
                         net (fo=7, routed)           0.522     0.071    memory/controller/u_davinci_ddr3_mig_mig/u_memc_ui_top_std/mem_intfc0/ddr_phy_top0/u_ddr_mc_phy_wrapper/u_ddr_mc_phy/ddr_phy_4lanes_0.u_ddr_phy_4lanes/ddr_byte_lane_C.ddr_byte_lane_C/mem_refclk
    PHASER_OUT_PHY_X1Y6  PHASER_OUT_PHY (Prop_phaser_out_phy_MEMREFCLK_OCLK)
                                                      2.083     2.154 r  memory/controller/u_davinci_ddr3_mig_mig/u_memc_ui_top_std/mem_intfc0/ddr_phy_top0/u_ddr_mc_phy_wrapper/u_ddr_mc_phy/ddr_phy_4lanes_0.u_ddr_phy_4lanes/ddr_byte_lane_C.ddr_byte_lane_C/phaser_out/OCLK
    PHASER_OUT_PHY_X1Y6  PHASER_OUT_PHY (Prop_phaser_out_phy_OCLK_OCLKDELAYED)
                                                      0.662     2.816 r  memory/controller/u_davinci_ddr3_mig_mig/u_memc_ui_top_std/mem_intfc0/ddr_phy_top0/u_ddr_mc_phy_wrapper/u_ddr_mc_phy/ddr_phy_4lanes_0.u_ddr_phy_4lanes/ddr_byte_lane_C.ddr_byte_lane_C/phaser_out/OCLKDELAYED
  -------------------------------------------------------------------    -------------------
    PHASER_OUT_PHY_X1Y6  PHASER_OUT_PHY (Prop_phaser_out_phy_OCLKDELAYED_CTSBUS[0])
                                                      0.489     3.305 r  memory/controller/u_davinci_ddr3_mig_mig/u_memc_ui_top_std/mem_intfc0/ddr_phy_top0/u_ddr_mc_phy_wrapper/u_ddr_mc_phy/ddr_phy_4lanes_0.u_ddr_phy_4lanes/ddr_byte_lane_C.ddr_byte_lane_C/phaser_out/CTSBUS[0]
                         net (fo=2, routed)           0.375     3.680    memory/controller/u_davinci_ddr3_mig_mig/u_memc_ui_top_std/mem_intfc0/ddr_phy_top0/u_ddr_mc_phy_wrapper/u_ddr_mc_phy/ddr_phy_4lanes_0.u_ddr_phy_4lanes/ddr_byte_lane_C.ddr_byte_lane_C/ddr_byte_group_io/CTSBUS[0]
    OLOGIC_X1Y82         ODDR                                         r  memory/controller/u_davinci_ddr3_mig_mig/u_memc_ui_top_std/mem_intfc0/ddr_phy_top0/u_ddr_mc_phy_wrapper/u_ddr_mc_phy/ddr_phy_4lanes_0.u_ddr_phy_4lanes/ddr_byte_lane_C.ddr_byte_lane_C/ddr_byte_group_io/dqs_gen.oddr_dqsts/D1
  -------------------------------------------------------------------    -------------------

                         (clock oserdes_clk_6 rise edge)
                                                      2.500     2.500 r  
    R4                                                0.000     2.500 r  sys_clk (IN)
                         net (fo=0)                   0.000     2.500    sys_clk
    R4                   IBUF (Prop_ibuf_I_O)         1.366     3.866 r  sys_clk_IBUF_inst/O
                         net (fo=1, routed)           1.004     4.869    multiplied_clock.clock_generator/sys_clk_IBUF
    MMCME2_ADV_X1Y0      MMCME2_ADV (Prop_mmcme2_adv_CLKIN1_CLKOUT1)
                                                     -6.057    -1.188 r  multiplied_clock.clock_generator/mmcm/CLKOUT1
                         net (fo=1, routed)           1.352     0.165    multiplied_clock.clock_generator/ddr_ref_raw
    BUFGCTRL_X0Y1        BUFG (Prop_bufg_I_O)         0.077     0.242 r  multiplied_clock.clock_generator/ddr_ref_buffer/O
                         net (fo=63, routed)          1.290     1.532    memory/controller/u_davinci_ddr3_mig_mig/u_ddr3_infrastructure/mmcm_clk
    PLLE2_ADV_X1Y1       PLLE2_ADV (Prop_plle2_adv_CLKIN1_CLKOUT1)
                                                      0.073     1.605 r  memory/controller/u_davinci_ddr3_mig_mig/u_ddr3_infrastructure/plle2_i/CLKOUT1
                         net (fo=7, routed)           0.496     2.101    memory/controller/u_davinci_ddr3_mig_mig/u_memc_ui_top_std/mem_intfc0/ddr_phy_top0/u_ddr_mc_phy_wrapper/u_ddr_mc_phy/ddr_phy_4lanes_0.u_ddr_phy_4lanes/ddr_byte_lane_C.ddr_byte_lane_C/mem_refclk
    PHASER_OUT_PHY_X1Y6  PHASER_OUT_PHY (Prop_phaser_out_phy_MEMREFCLK_OCLK)
                                                      2.027     4.128 r  memory/controller/u_davinci_ddr3_mig_mig/u_memc_ui_top_std/mem_intfc0/ddr_phy_top0/u_ddr_mc_phy_wrapper/u_ddr_mc_phy/ddr_phy_4lanes_0.u_ddr_phy_4lanes/ddr_byte_lane_C.ddr_byte_lane_C/phaser_out/OCLK
    PHASER_OUT_PHY_X1Y6  PHASER_OUT_PHY (Prop_phaser_out_phy_OCLK_OCLKDELAYED)
                                                      0.624     4.752 r  memory/controller/u_davinci_ddr3_mig_mig/u_memc_ui_top_std/mem_intfc0/ddr_phy_top0/u_ddr_mc_phy_wrapper/u_ddr_mc_phy/ddr_phy_4lanes_0.u_ddr_phy_4lanes/ddr_byte_lane_C.ddr_byte_lane_C/phaser_out/OCLKDELAYED
                         net (fo=2, routed)           0.336     5.088    memory/controller/u_davinci_ddr3_mig_mig/u_memc_ui_top_std/mem_intfc0/ddr_phy_top0/u_ddr_mc_phy_wrapper/u_ddr_mc_phy/ddr_phy_4lanes_0.u_ddr_phy_4lanes/ddr_byte_lane_C.ddr_byte_lane_C/ddr_byte_group_io/oserdes_clk_delayed
    OLOGIC_X1Y82         ODDR                                         r  memory/controller/u_davinci_ddr3_mig_mig/u_memc_ui_top_std/mem_intfc0/ddr_phy_top0/u_ddr_mc_phy_wrapper/u_ddr_mc_phy/ddr_phy_4lanes_0.u_ddr_phy_4lanes/ddr_byte_lane_C.ddr_byte_lane_C/ddr_byte_group_io/dqs_gen.oddr_dqsts/C
                         clock pessimism              0.564     5.652    
                         clock uncertainty           -0.057     5.595    
    OLOGIC_X1Y82         ODDR (Setup_oddr_C_D1)      -0.723     4.872    memory/controller/u_davinci_ddr3_mig_mig/u_memc_ui_top_std/mem_intfc0/ddr_phy_top0/u_ddr_mc_phy_wrapper/u_ddr_mc_phy/ddr_phy_4lanes_0.u_ddr_phy_4lanes/ddr_byte_lane_C.ddr_byte_lane_C/ddr_byte_group_io/dqs_gen.oddr_dqsts
  -------------------------------------------------------------------
                         required time                          4.872    
                         arrival time                          -3.680    
  -------------------------------------------------------------------
                         slack                                  1.192    





Min Delay Paths
--------------------------------------------------------------------------------------
Slack (MET) :             0.411ns  (arrival time - required time)
  Source:                 memory/controller/u_davinci_ddr3_mig_mig/u_memc_ui_top_std/mem_intfc0/ddr_phy_top0/u_ddr_mc_phy_wrapper/u_ddr_mc_phy/ddr_phy_4lanes_0.u_ddr_phy_4lanes/ddr_byte_lane_C.ddr_byte_lane_C/phaser_out/OCLKDELAYED
                            (rising edge-triggered cell PHASER_OUT_PHY clocked by oserdes_clk_6  {rise@0.000ns fall@1.250ns period=2.500ns})
  Destination:            memory/controller/u_davinci_ddr3_mig_mig/u_memc_ui_top_std/mem_intfc0/ddr_phy_top0/u_ddr_mc_phy_wrapper/u_ddr_mc_phy/ddr_phy_4lanes_0.u_ddr_phy_4lanes/ddr_byte_lane_C.ddr_byte_lane_C/ddr_byte_group_io/dqs_gen.oddr_dqs/D2
                            (rising edge-triggered cell ODDR clocked by oserdes_clk_6  {rise@0.000ns fall@1.250ns period=2.500ns})
  Path Group:             oserdes_clk_6
  Path Type:              Hold (Min at Fast Process Corner)
  Requirement:            0.000ns  (oserdes_clk_6 rise@0.000ns - oserdes_clk_6 rise@0.000ns)
  Data Path Delay:        0.494ns  (logic 0.346ns (70.032%)  route 0.148ns (29.968%))
  Logic Levels:           0  
  Clock Path Skew:        0.176ns (DCD - SCD - CPR)
    Destination Clock Delay (DCD):    2.051ns
    Source Clock Delay      (SCD):    2.013ns
    Clock Pessimism Removal (CPR):    -0.138ns

    Location             Delay type                Incr(ns)  Path(ns)    Netlist Resource(s)
  -------------------------------------------------------------------    -------------------
                         (clock oserdes_clk_6 rise edge)
                                                      0.000     0.000 r  
    R4                                                0.000     0.000 r  sys_clk (IN)
                         net (fo=0)                   0.000     0.000    sys_clk
    R4                   IBUF (Prop_ibuf_I_O)         0.269     0.269 r  sys_clk_IBUF_inst/O
                         net (fo=1, routed)           0.440     0.709    multiplied_clock.clock_generator/sys_clk_IBUF
    MMCME2_ADV_X1Y0      MMCME2_ADV (Prop_mmcme2_adv_CLKIN1_CLKOUT1)
                                                     -2.360    -1.651 r  multiplied_clock.clock_generator/mmcm/CLKOUT1
                         net (fo=1, routed)           0.486    -1.165    multiplied_clock.clock_generator/ddr_ref_raw
    BUFGCTRL_X0Y1        BUFG (Prop_bufg_I_O)         0.026    -1.139 r  multiplied_clock.clock_generator/ddr_ref_buffer/O
                         net (fo=63, routed)          0.552    -0.587    memory/controller/u_davinci_ddr3_mig_mig/u_ddr3_infrastructure/mmcm_clk
    PLLE2_ADV_X1Y1       PLLE2_ADV (Prop_plle2_adv_CLKIN1_CLKOUT1)
                                                      0.050    -0.537 r  memory/controller/u_davinci_ddr3_mig_mig/u_ddr3_infrastructure/plle2_i/CLKOUT1
                         net (fo=7, routed)           0.197    -0.340    memory/controller/u_davinci_ddr3_mig_mig/u_memc_ui_top_std/mem_intfc0/ddr_phy_top0/u_ddr_mc_phy_wrapper/u_ddr_mc_phy/ddr_phy_4lanes_0.u_ddr_phy_4lanes/ddr_byte_lane_C.ddr_byte_lane_C/mem_refclk
    PHASER_OUT_PHY_X1Y6  PHASER_OUT_PHY (Prop_phaser_out_phy_MEMREFCLK_OCLK)
                                                      1.813     1.473 r  memory/controller/u_davinci_ddr3_mig_mig/u_memc_ui_top_std/mem_intfc0/ddr_phy_top0/u_ddr_mc_phy_wrapper/u_ddr_mc_phy/ddr_phy_4lanes_0.u_ddr_phy_4lanes/ddr_byte_lane_C.ddr_byte_lane_C/phaser_out/OCLK
    PHASER_OUT_PHY_X1Y6  PHASER_OUT_PHY (Prop_phaser_out_phy_OCLK_OCLKDELAYED)
                                                      0.539     2.013 r  memory/controller/u_davinci_ddr3_mig_mig/u_memc_ui_top_std/mem_intfc0/ddr_phy_top0/u_ddr_mc_phy_wrapper/u_ddr_mc_phy/ddr_phy_4lanes_0.u_ddr_phy_4lanes/ddr_byte_lane_C.ddr_byte_lane_C/phaser_out/OCLKDELAYED
  -------------------------------------------------------------------    -------------------
    PHASER_OUT_PHY_X1Y6  PHASER_OUT_PHY (Prop_phaser_out_phy_OCLKDELAYED_DQSBUS[1])
                                                      0.346     2.359 r  memory/controller/u_davinci_ddr3_mig_mig/u_memc_ui_top_std/mem_intfc0/ddr_phy_top0/u_ddr_mc_phy_wrapper/u_ddr_mc_phy/ddr_phy_4lanes_0.u_ddr_phy_4lanes/ddr_byte_lane_C.ddr_byte_lane_C/phaser_out/DQSBUS[1]
                         net (fo=1, routed)           0.148     2.507    memory/controller/u_davinci_ddr3_mig_mig/u_memc_ui_top_std/mem_intfc0/ddr_phy_top0/u_ddr_mc_phy_wrapper/u_ddr_mc_phy/ddr_phy_4lanes_0.u_ddr_phy_4lanes/ddr_byte_lane_C.ddr_byte_lane_C/ddr_byte_group_io/DQSBUS[1]
    OLOGIC_X1Y82         ODDR                                         r  memory/controller/u_davinci_ddr3_mig_mig/u_memc_ui_top_std/mem_intfc0/ddr_phy_top0/u_ddr_mc_phy_wrapper/u_ddr_mc_phy/ddr_phy_4lanes_0.u_ddr_phy_4lanes/ddr_byte_lane_C.ddr_byte_lane_C/ddr_byte_group_io/dqs_gen.oddr_dqs/D2
  -------------------------------------------------------------------    -------------------

                         (clock oserdes_clk_6 rise edge)
                                                      0.000     0.000 r  
    R4                                                0.000     0.000 r  sys_clk (IN)
                         net (fo=0)                   0.000     0.000    sys_clk
    R4                   IBUF (Prop_ibuf_I_O)         0.457     0.457 r  sys_clk_IBUF_inst/O
                         net (fo=1, routed)           0.480     0.937    multiplied_clock.clock_generator/sys_clk_IBUF
    MMCME2_ADV_X1Y0      MMCME2_ADV (Prop_mmcme2_adv_CLKIN1_CLKOUT1)
                                                     -3.142    -2.205 r  multiplied_clock.clock_generator/mmcm/CLKOUT1
                         net (fo=1, routed)           0.530    -1.676    multiplied_clock.clock_generator/ddr_ref_raw
    BUFGCTRL_X0Y1        BUFG (Prop_bufg_I_O)         0.029    -1.647 r  multiplied_clock.clock_generator/ddr_ref_buffer/O
                         net (fo=63, routed)          0.820    -0.827    memory/controller/u_davinci_ddr3_mig_mig/u_ddr3_infrastructure/mmcm_clk
    PLLE2_ADV_X1Y1       PLLE2_ADV (Prop_plle2_adv_CLKIN1_CLKOUT1)
                                                      0.053    -0.774 r  memory/controller/u_davinci_ddr3_mig_mig/u_ddr3_infrastructure/plle2_i/CLKOUT1
                         net (fo=7, routed)           0.218    -0.556    memory/controller/u_davinci_ddr3_mig_mig/u_memc_ui_top_std/mem_intfc0/ddr_phy_top0/u_ddr_mc_phy_wrapper/u_ddr_mc_phy/ddr_phy_4lanes_0.u_ddr_phy_4lanes/ddr_byte_lane_C.ddr_byte_lane_C/mem_refclk
    PHASER_OUT_PHY_X1Y6  PHASER_OUT_PHY (Prop_phaser_out_phy_MEMREFCLK_OCLK)
                                                      1.858     1.302 r  memory/controller/u_davinci_ddr3_mig_mig/u_memc_ui_top_std/mem_intfc0/ddr_phy_top0/u_ddr_mc_phy_wrapper/u_ddr_mc_phy/ddr_phy_4lanes_0.u_ddr_phy_4lanes/ddr_byte_lane_C.ddr_byte_lane_C/phaser_out/OCLK
    PHASER_OUT_PHY_X1Y6  PHASER_OUT_PHY (Prop_phaser_out_phy_OCLK_OCLKDELAYED)
                                                      0.573     1.875 r  memory/controller/u_davinci_ddr3_mig_mig/u_memc_ui_top_std/mem_intfc0/ddr_phy_top0/u_ddr_mc_phy_wrapper/u_ddr_mc_phy/ddr_phy_4lanes_0.u_ddr_phy_4lanes/ddr_byte_lane_C.ddr_byte_lane_C/phaser_out/OCLKDELAYED
                         net (fo=2, routed)           0.176     2.051    memory/controller/u_davinci_ddr3_mig_mig/u_memc_ui_top_std/mem_intfc0/ddr_phy_top0/u_ddr_mc_phy_wrapper/u_ddr_mc_phy/ddr_phy_4lanes_0.u_ddr_phy_4lanes/ddr_byte_lane_C.ddr_byte_lane_C/ddr_byte_group_io/oserdes_clk_delayed
    OLOGIC_X1Y82         ODDR                                         r  memory/controller/u_davinci_ddr3_mig_mig/u_memc_ui_top_std/mem_intfc0/ddr_phy_top0/u_ddr_mc_phy_wrapper/u_ddr_mc_phy/ddr_phy_4lanes_0.u_ddr_phy_4lanes/ddr_byte_lane_C.ddr_byte_lane_C/ddr_byte_group_io/dqs_gen.oddr_dqs/C
                         clock pessimism              0.138     2.189    
    OLOGIC_X1Y82         ODDR (Hold_oddr_C_D2)       -0.093     2.096    memory/controller/u_davinci_ddr3_mig_mig/u_memc_ui_top_std/mem_intfc0/ddr_phy_top0/u_ddr_mc_phy_wrapper/u_ddr_mc_phy/ddr_phy_4lanes_0.u_ddr_phy_4lanes/ddr_byte_lane_C.ddr_byte_lane_C/ddr_byte_group_io/dqs_gen.oddr_dqs
  -------------------------------------------------------------------
                         required time                         -2.096    
                         arrival time                           2.507    
  -------------------------------------------------------------------
                         slack                                  0.411    





Pulse Width Checks
--------------------------------------------------------------------------------------
Clock Name:         oserdes_clk_6
Waveform(ns):       { 0.000 1.250 }
Period(ns):         2.500
Sources:            { memory/controller/u_davinci_ddr3_mig_mig/u_memc_ui_top_std/mem_intfc0/ddr_phy_top0/u_ddr_mc_phy_wrapper/u_ddr_mc_phy/ddr_phy_4lanes_0.u_ddr_phy_4lanes/ddr_byte_lane_C.ddr_byte_lane_C/phaser_out/OCLK }

Check Type  Corner  Lib Pin  Reference Pin  Required(ns)  Actual(ns)  Slack(ns)  Location      Pin
Min Period  n/a     ODDR/C   n/a            1.474         2.500       1.026      OLOGIC_X1Y82  memory/controller/u_davinci_ddr3_mig_mig/u_memc_ui_top_std/mem_intfc0/ddr_phy_top0/u_ddr_mc_phy_wrapper/u_ddr_mc_phy/ddr_phy_4lanes_0.u_ddr_phy_4lanes/ddr_byte_lane_C.ddr_byte_lane_C/ddr_byte_group_io/dqs_gen.oddr_dqs/C



---------------------------------------------------------------------------------------------------
From Clock:  oserdes_clkdiv_6
  To Clock:  oserdes_clkdiv_6

Setup :            0  Failing Endpoints,  Worst Slack        3.856ns,  Total Violation        0.000ns
Hold  :            0  Failing Endpoints,  Worst Slack        0.090ns,  Total Violation        0.000ns
PW    :            0  Failing Endpoints,  Worst Slack        0.000ns,  Total Violation        0.000ns
---------------------------------------------------------------------------------------------------


Max Delay Paths
--------------------------------------------------------------------------------------
Slack (MET) :             3.856ns  (required time - arrival time)
  Source:                 memory/controller/u_davinci_ddr3_mig_mig/u_memc_ui_top_std/mem_intfc0/ddr_phy_top0/u_ddr_mc_phy_wrapper/u_ddr_mc_phy/ddr_phy_4lanes_0.u_ddr_phy_4lanes/ddr_byte_lane_C.ddr_byte_lane_C/out_fifo/RDCLK
                            (rising edge-triggered cell OUT_FIFO clocked by oserdes_clkdiv_6  {rise@0.000ns fall@2.500ns period=5.000ns})
  Destination:            memory/controller/u_davinci_ddr3_mig_mig/u_memc_ui_top_std/mem_intfc0/ddr_phy_top0/u_ddr_mc_phy_wrapper/u_ddr_mc_phy/ddr_phy_4lanes_0.u_ddr_phy_4lanes/ddr_byte_lane_C.ddr_byte_lane_C/ddr_byte_group_io/output_[2].oserdes_dq_.ddr.oserdes_dq_i/D1
                            (rising edge-triggered cell OSERDESE2 clocked by oserdes_clkdiv_6  {rise@0.000ns fall@2.500ns period=5.000ns})
  Path Group:             oserdes_clkdiv_6
  Path Type:              Setup (Max at Slow Process Corner)
  Requirement:            5.000ns  (oserdes_clkdiv_6 rise@5.000ns - oserdes_clkdiv_6 rise@0.000ns)
  Data Path Delay:        0.977ns  (logic 0.596ns (61.033%)  route 0.381ns (38.967%))
  Logic Levels:           0  
  Clock Path Skew:        0.338ns (DCD - SCD + CPR)
    Destination Clock Delay (DCD):    2.099ns = ( 7.099 - 5.000 ) 
    Source Clock Delay      (SCD):    2.295ns
    Clock Pessimism Removal (CPR):    0.534ns
  Clock Uncertainty:      0.057ns  ((TSJ^2 + DJ^2)^1/2) / 2 + PE
    Total System Jitter     (TSJ):    0.071ns
    Discrete Jitter          (DJ):    0.089ns
    Phase Error              (PE):    0.000ns

    Location             Delay type                Incr(ns)  Path(ns)    Netlist Resource(s)
  -------------------------------------------------------------------    -------------------
                         (clock oserdes_clkdiv_6 rise edge)
                                                      0.000     0.000 r  
    R4                                                0.000     0.000 r  sys_clk (IN)
                         net (fo=0)                   0.000     0.000    sys_clk
    R4                   IBUF (Prop_ibuf_I_O)         1.432     1.432 r  sys_clk_IBUF_inst/O
                         net (fo=1, routed)           1.065     2.497    multiplied_clock.clock_generator/sys_clk_IBUF
    MMCME2_ADV_X1Y0      MMCME2_ADV (Prop_mmcme2_adv_CLKIN1_CLKOUT1)
                                                     -5.921    -3.424 r  multiplied_clock.clock_generator/mmcm/CLKOUT1
                         net (fo=1, routed)           1.421    -2.004    multiplied_clock.clock_generator/ddr_ref_raw
    BUFGCTRL_X0Y1        BUFG (Prop_bufg_I_O)         0.081    -1.923 r  multiplied_clock.clock_generator/ddr_ref_buffer/O
                         net (fo=63, routed)          1.394    -0.528    memory/controller/u_davinci_ddr3_mig_mig/u_ddr3_infrastructure/mmcm_clk
    PLLE2_ADV_X1Y1       PLLE2_ADV (Prop_plle2_adv_CLKIN1_CLKOUT1)
                                                      0.077    -0.451 r  memory/controller/u_davinci_ddr3_mig_mig/u_ddr3_infrastructure/plle2_i/CLKOUT1
                         net (fo=7, routed)           0.522     0.071    memory/controller/u_davinci_ddr3_mig_mig/u_memc_ui_top_std/mem_intfc0/ddr_phy_top0/u_ddr_mc_phy_wrapper/u_ddr_mc_phy/ddr_phy_4lanes_0.u_ddr_phy_4lanes/ddr_byte_lane_C.ddr_byte_lane_C/mem_refclk
    PHASER_OUT_PHY_X1Y6  PHASER_OUT_PHY (Prop_phaser_out_phy_MEMREFCLK_OCLK)
                                                      2.083     2.154 r  memory/controller/u_davinci_ddr3_mig_mig/u_memc_ui_top_std/mem_intfc0/ddr_phy_top0/u_ddr_mc_phy_wrapper/u_ddr_mc_phy/ddr_phy_4lanes_0.u_ddr_phy_4lanes/ddr_byte_lane_C.ddr_byte_lane_C/phaser_out/OCLK
    PHASER_OUT_PHY_X1Y6  PHASER_OUT_PHY (Prop_phaser_out_phy_OCLK_OCLKDIV)
                                                      0.141     2.295 r  memory/controller/u_davinci_ddr3_mig_mig/u_memc_ui_top_std/mem_intfc0/ddr_phy_top0/u_ddr_mc_phy_wrapper/u_ddr_mc_phy/ddr_phy_4lanes_0.u_ddr_phy_4lanes/ddr_byte_lane_C.ddr_byte_lane_C/phaser_out/OCLKDIV
                         net (fo=11, routed)          0.000     2.295    memory/controller/u_davinci_ddr3_mig_mig/u_memc_ui_top_std/mem_intfc0/ddr_phy_top0/u_ddr_mc_phy_wrapper/u_ddr_mc_phy/ddr_phy_4lanes_0.u_ddr_phy_4lanes/ddr_byte_lane_C.ddr_byte_lane_C/oserdes_clkdiv
    OUT_FIFO_X1Y6        OUT_FIFO                                     r  memory/controller/u_davinci_ddr3_mig_mig/u_memc_ui_top_std/mem_intfc0/ddr_phy_top0/u_ddr_mc_phy_wrapper/u_ddr_mc_phy/ddr_phy_4lanes_0.u_ddr_phy_4lanes/ddr_byte_lane_C.ddr_byte_lane_C/out_fifo/RDCLK
  -------------------------------------------------------------------    -------------------
    OUT_FIFO_X1Y6        OUT_FIFO (Prop_out_fifo_RDCLK_Q2[0])
                                                      0.596     2.891 r  memory/controller/u_davinci_ddr3_mig_mig/u_memc_ui_top_std/mem_intfc0/ddr_phy_top0/u_ddr_mc_phy_wrapper/u_ddr_mc_phy/ddr_phy_4lanes_0.u_ddr_phy_4lanes/ddr_byte_lane_C.ddr_byte_lane_C/out_fifo/Q2[0]
                         net (fo=1, routed)           0.381     3.271    memory/controller/u_davinci_ddr3_mig_mig/u_memc_ui_top_std/mem_intfc0/ddr_phy_top0/u_ddr_mc_phy_wrapper/u_ddr_mc_phy/ddr_phy_4lanes_0.u_ddr_phy_4lanes/ddr_byte_lane_C.ddr_byte_lane_C/ddr_byte_group_io/of_dqbus[4]
    OLOGIC_X1Y77         OSERDESE2                                    r  memory/controller/u_davinci_ddr3_mig_mig/u_memc_ui_top_std/mem_intfc0/ddr_phy_top0/u_ddr_mc_phy_wrapper/u_ddr_mc_phy/ddr_phy_4lanes_0.u_ddr_phy_4lanes/ddr_byte_lane_C.ddr_byte_lane_C/ddr_byte_group_io/output_[2].oserdes_dq_.ddr.oserdes_dq_i/D1
  -------------------------------------------------------------------    -------------------

                         (clock oserdes_clkdiv_6 rise edge)
                                                      5.000     5.000 r  
    R4                                                0.000     5.000 r  sys_clk (IN)
                         net (fo=0)                   0.000     5.000    sys_clk
    R4                   IBUF (Prop_ibuf_I_O)         1.366     6.366 r  sys_clk_IBUF_inst/O
                         net (fo=1, routed)           1.004     7.369    multiplied_clock.clock_generator/sys_clk_IBUF
    MMCME2_ADV_X1Y0      MMCME2_ADV (Prop_mmcme2_adv_CLKIN1_CLKOUT1)
                                                     -6.057     1.312 r  multiplied_clock.clock_generator/mmcm/CLKOUT1
                         net (fo=1, routed)           1.352     2.665    multiplied_clock.clock_generator/ddr_ref_raw
    BUFGCTRL_X0Y1        BUFG (Prop_bufg_I_O)         0.077     2.742 r  multiplied_clock.clock_generator/ddr_ref_buffer/O
                         net (fo=63, routed)          1.290     4.032    memory/controller/u_davinci_ddr3_mig_mig/u_ddr3_infrastructure/mmcm_clk
    PLLE2_ADV_X1Y1       PLLE2_ADV (Prop_plle2_adv_CLKIN1_CLKOUT1)
                                                      0.073     4.105 r  memory/controller/u_davinci_ddr3_mig_mig/u_ddr3_infrastructure/plle2_i/CLKOUT1
                         net (fo=7, routed)           0.496     4.601    memory/controller/u_davinci_ddr3_mig_mig/u_memc_ui_top_std/mem_intfc0/ddr_phy_top0/u_ddr_mc_phy_wrapper/u_ddr_mc_phy/ddr_phy_4lanes_0.u_ddr_phy_4lanes/ddr_byte_lane_C.ddr_byte_lane_C/mem_refclk
    PHASER_OUT_PHY_X1Y6  PHASER_OUT_PHY (Prop_phaser_out_phy_MEMREFCLK_OCLK)
                                                      2.027     6.628 r  memory/controller/u_davinci_ddr3_mig_mig/u_memc_ui_top_std/mem_intfc0/ddr_phy_top0/u_ddr_mc_phy_wrapper/u_ddr_mc_phy/ddr_phy_4lanes_0.u_ddr_phy_4lanes/ddr_byte_lane_C.ddr_byte_lane_C/phaser_out/OCLK
    PHASER_OUT_PHY_X1Y6  PHASER_OUT_PHY (Prop_phaser_out_phy_OCLK_OCLKDIV)
                                                      0.133     6.761 r  memory/controller/u_davinci_ddr3_mig_mig/u_memc_ui_top_std/mem_intfc0/ddr_phy_top0/u_ddr_mc_phy_wrapper/u_ddr_mc_phy/ddr_phy_4lanes_0.u_ddr_phy_4lanes/ddr_byte_lane_C.ddr_byte_lane_C/phaser_out/OCLKDIV
                         net (fo=11, routed)          0.338     7.099    memory/controller/u_davinci_ddr3_mig_mig/u_memc_ui_top_std/mem_intfc0/ddr_phy_top0/u_ddr_mc_phy_wrapper/u_ddr_mc_phy/ddr_phy_4lanes_0.u_ddr_phy_4lanes/ddr_byte_lane_C.ddr_byte_lane_C/ddr_byte_group_io/oserdes_clkdiv
    OLOGIC_X1Y77         OSERDESE2                                    r  memory/controller/u_davinci_ddr3_mig_mig/u_memc_ui_top_std/mem_intfc0/ddr_phy_top0/u_ddr_mc_phy_wrapper/u_ddr_mc_phy/ddr_phy_4lanes_0.u_ddr_phy_4lanes/ddr_byte_lane_C.ddr_byte_lane_C/ddr_byte_group_io/output_[2].oserdes_dq_.ddr.oserdes_dq_i/CLKDIV
                         clock pessimism              0.534     7.633    
                         clock uncertainty           -0.057     7.576    
    OLOGIC_X1Y77         OSERDESE2 (Setup_oserdese2_CLKDIV_D1)
                                                     -0.449     7.127    memory/controller/u_davinci_ddr3_mig_mig/u_memc_ui_top_std/mem_intfc0/ddr_phy_top0/u_ddr_mc_phy_wrapper/u_ddr_mc_phy/ddr_phy_4lanes_0.u_ddr_phy_4lanes/ddr_byte_lane_C.ddr_byte_lane_C/ddr_byte_group_io/output_[2].oserdes_dq_.ddr.oserdes_dq_i
  -------------------------------------------------------------------
                         required time                          7.127    
                         arrival time                          -3.271    
  -------------------------------------------------------------------
                         slack                                  3.856    





Min Delay Paths
--------------------------------------------------------------------------------------
Slack (MET) :             0.090ns  (arrival time - required time)
  Source:                 memory/controller/u_davinci_ddr3_mig_mig/u_memc_ui_top_std/mem_intfc0/ddr_phy_top0/u_ddr_mc_phy_wrapper/u_ddr_mc_phy/ddr_phy_4lanes_0.u_ddr_phy_4lanes/ddr_byte_lane_C.ddr_byte_lane_C/out_fifo/RDCLK
                            (rising edge-triggered cell OUT_FIFO clocked by oserdes_clkdiv_6  {rise@0.000ns fall@2.500ns period=5.000ns})
  Destination:            memory/controller/u_davinci_ddr3_mig_mig/u_memc_ui_top_std/mem_intfc0/ddr_phy_top0/u_ddr_mc_phy_wrapper/u_ddr_mc_phy/ddr_phy_4lanes_0.u_ddr_phy_4lanes/ddr_byte_lane_C.ddr_byte_lane_C/ddr_byte_group_io/output_[2].oserdes_dq_.ddr.oserdes_dq_i/D2
                            (rising edge-triggered cell OSERDESE2 clocked by oserdes_clkdiv_6  {rise@0.000ns fall@2.500ns period=5.000ns})
  Path Group:             oserdes_clkdiv_6
  Path Type:              Hold (Min at Fast Process Corner)
  Requirement:            0.000ns  (oserdes_clkdiv_6 rise@0.000ns - oserdes_clkdiv_6 rise@0.000ns)
  Data Path Delay:        0.286ns  (logic 0.138ns (48.242%)  route 0.148ns (51.758%))
  Logic Levels:           0  
  Clock Path Skew:        0.177ns (DCD - SCD - CPR)
    Destination Clock Delay (DCD):    1.567ns
    Source Clock Delay      (SCD):    1.556ns
    Clock Pessimism Removal (CPR):    -0.166ns

    Location             Delay type                Incr(ns)  Path(ns)    Netlist Resource(s)
  -------------------------------------------------------------------    -------------------
                         (clock oserdes_clkdiv_6 rise edge)
                                                      0.000     0.000 r  
    R4                                                0.000     0.000 r  sys_clk (IN)
                         net (fo=0)                   0.000     0.000    sys_clk
    R4                   IBUF (Prop_ibuf_I_O)         0.269     0.269 r  sys_clk_IBUF_inst/O
                         net (fo=1, routed)           0.440     0.709    multiplied_clock.clock_generator/sys_clk_IBUF
    MMCME2_ADV_X1Y0      MMCME2_ADV (Prop_mmcme2_adv_CLKIN1_CLKOUT1)
                                                     -2.360    -1.651 r  multiplied_clock.clock_generator/mmcm/CLKOUT1
                         net (fo=1, routed)           0.486    -1.165    multiplied_clock.clock_generator/ddr_ref_raw
    BUFGCTRL_X0Y1        BUFG (Prop_bufg_I_O)         0.026    -1.139 r  multiplied_clock.clock_generator/ddr_ref_buffer/O
                         net (fo=63, routed)          0.552    -0.587    memory/controller/u_davinci_ddr3_mig_mig/u_ddr3_infrastructure/mmcm_clk
    PLLE2_ADV_X1Y1       PLLE2_ADV (Prop_plle2_adv_CLKIN1_CLKOUT1)
                                                      0.050    -0.537 r  memory/controller/u_davinci_ddr3_mig_mig/u_ddr3_infrastructure/plle2_i/CLKOUT1
                         net (fo=7, routed)           0.197    -0.340    memory/controller/u_davinci_ddr3_mig_mig/u_memc_ui_top_std/mem_intfc0/ddr_phy_top0/u_ddr_mc_phy_wrapper/u_ddr_mc_phy/ddr_phy_4lanes_0.u_ddr_phy_4lanes/ddr_byte_lane_C.ddr_byte_lane_C/mem_refclk
    PHASER_OUT_PHY_X1Y6  PHASER_OUT_PHY (Prop_phaser_out_phy_MEMREFCLK_OCLK)
                                                      1.813     1.473 r  memory/controller/u_davinci_ddr3_mig_mig/u_memc_ui_top_std/mem_intfc0/ddr_phy_top0/u_ddr_mc_phy_wrapper/u_ddr_mc_phy/ddr_phy_4lanes_0.u_ddr_phy_4lanes/ddr_byte_lane_C.ddr_byte_lane_C/phaser_out/OCLK
    PHASER_OUT_PHY_X1Y6  PHASER_OUT_PHY (Prop_phaser_out_phy_OCLK_OCLKDIV)
                                                      0.083     1.556 r  memory/controller/u_davinci_ddr3_mig_mig/u_memc_ui_top_std/mem_intfc0/ddr_phy_top0/u_ddr_mc_phy_wrapper/u_ddr_mc_phy/ddr_phy_4lanes_0.u_ddr_phy_4lanes/ddr_byte_lane_C.ddr_byte_lane_C/phaser_out/OCLKDIV
                         net (fo=11, routed)          0.000     1.556    memory/controller/u_davinci_ddr3_mig_mig/u_memc_ui_top_std/mem_intfc0/ddr_phy_top0/u_ddr_mc_phy_wrapper/u_ddr_mc_phy/ddr_phy_4lanes_0.u_ddr_phy_4lanes/ddr_byte_lane_C.ddr_byte_lane_C/oserdes_clkdiv
    OUT_FIFO_X1Y6        OUT_FIFO                                     r  memory/controller/u_davinci_ddr3_mig_mig/u_memc_ui_top_std/mem_intfc0/ddr_phy_top0/u_ddr_mc_phy_wrapper/u_ddr_mc_phy/ddr_phy_4lanes_0.u_ddr_phy_4lanes/ddr_byte_lane_C.ddr_byte_lane_C/out_fifo/RDCLK
  -------------------------------------------------------------------    -------------------
    OUT_FIFO_X1Y6        OUT_FIFO (Prop_out_fifo_RDCLK_Q2[1])
                                                      0.138     1.694 r  memory/controller/u_davinci_ddr3_mig_mig/u_memc_ui_top_std/mem_intfc0/ddr_phy_top0/u_ddr_mc_phy_wrapper/u_ddr_mc_phy/ddr_phy_4lanes_0.u_ddr_phy_4lanes/ddr_byte_lane_C.ddr_byte_lane_C/out_fifo/Q2[1]
                         net (fo=1, routed)           0.148     1.842    memory/controller/u_davinci_ddr3_mig_mig/u_memc_ui_top_std/mem_intfc0/ddr_phy_top0/u_ddr_mc_phy_wrapper/u_ddr_mc_phy/ddr_phy_4lanes_0.u_ddr_phy_4lanes/ddr_byte_lane_C.ddr_byte_lane_C/ddr_byte_group_io/of_dqbus[5]
    OLOGIC_X1Y77         OSERDESE2                                    r  memory/controller/u_davinci_ddr3_mig_mig/u_memc_ui_top_std/mem_intfc0/ddr_phy_top0/u_ddr_mc_phy_wrapper/u_ddr_mc_phy/ddr_phy_4lanes_0.u_ddr_phy_4lanes/ddr_byte_lane_C.ddr_byte_lane_C/ddr_byte_group_io/output_[2].oserdes_dq_.ddr.oserdes_dq_i/D2
  -------------------------------------------------------------------    -------------------

                         (clock oserdes_clkdiv_6 rise edge)
                                                      0.000     0.000 r  
    R4                                                0.000     0.000 r  sys_clk (IN)
                         net (fo=0)                   0.000     0.000    sys_clk
    R4                   IBUF (Prop_ibuf_I_O)         0.457     0.457 r  sys_clk_IBUF_inst/O
                         net (fo=1, routed)           0.480     0.937    multiplied_clock.clock_generator/sys_clk_IBUF
    MMCME2_ADV_X1Y0      MMCME2_ADV (Prop_mmcme2_adv_CLKIN1_CLKOUT1)
                                                     -3.142    -2.205 r  multiplied_clock.clock_generator/mmcm/CLKOUT1
                         net (fo=1, routed)           0.530    -1.676    multiplied_clock.clock_generator/ddr_ref_raw
    BUFGCTRL_X0Y1        BUFG (Prop_bufg_I_O)         0.029    -1.647 r  multiplied_clock.clock_generator/ddr_ref_buffer/O
                         net (fo=63, routed)          0.820    -0.827    memory/controller/u_davinci_ddr3_mig_mig/u_ddr3_infrastructure/mmcm_clk
    PLLE2_ADV_X1Y1       PLLE2_ADV (Prop_plle2_adv_CLKIN1_CLKOUT1)
                                                      0.053    -0.774 r  memory/controller/u_davinci_ddr3_mig_mig/u_ddr3_infrastructure/plle2_i/CLKOUT1
                         net (fo=7, routed)           0.218    -0.556    memory/controller/u_davinci_ddr3_mig_mig/u_memc_ui_top_std/mem_intfc0/ddr_phy_top0/u_ddr_mc_phy_wrapper/u_ddr_mc_phy/ddr_phy_4lanes_0.u_ddr_phy_4lanes/ddr_byte_lane_C.ddr_byte_lane_C/mem_refclk
    PHASER_OUT_PHY_X1Y6  PHASER_OUT_PHY (Prop_phaser_out_phy_MEMREFCLK_OCLK)
                                                      1.858     1.302 r  memory/controller/u_davinci_ddr3_mig_mig/u_memc_ui_top_std/mem_intfc0/ddr_phy_top0/u_ddr_mc_phy_wrapper/u_ddr_mc_phy/ddr_phy_4lanes_0.u_ddr_phy_4lanes/ddr_byte_lane_C.ddr_byte_lane_C/phaser_out/OCLK
    PHASER_OUT_PHY_X1Y6  PHASER_OUT_PHY (Prop_phaser_out_phy_OCLK_OCLKDIV)
                                                      0.088     1.390 r  memory/controller/u_davinci_ddr3_mig_mig/u_memc_ui_top_std/mem_intfc0/ddr_phy_top0/u_ddr_mc_phy_wrapper/u_ddr_mc_phy/ddr_phy_4lanes_0.u_ddr_phy_4lanes/ddr_byte_lane_C.ddr_byte_lane_C/phaser_out/OCLKDIV
                         net (fo=11, routed)          0.177     1.567    memory/controller/u_davinci_ddr3_mig_mig/u_memc_ui_top_std/mem_intfc0/ddr_phy_top0/u_ddr_mc_phy_wrapper/u_ddr_mc_phy/ddr_phy_4lanes_0.u_ddr_phy_4lanes/ddr_byte_lane_C.ddr_byte_lane_C/ddr_byte_group_io/oserdes_clkdiv
    OLOGIC_X1Y77         OSERDESE2                                    r  memory/controller/u_davinci_ddr3_mig_mig/u_memc_ui_top_std/mem_intfc0/ddr_phy_top0/u_ddr_mc_phy_wrapper/u_ddr_mc_phy/ddr_phy_4lanes_0.u_ddr_phy_4lanes/ddr_byte_lane_C.ddr_byte_lane_C/ddr_byte_group_io/output_[2].oserdes_dq_.ddr.oserdes_dq_i/CLKDIV
                         clock pessimism              0.166     1.733    
    OLOGIC_X1Y77         OSERDESE2 (Hold_oserdese2_CLKDIV_D2)
                                                      0.019     1.752    memory/controller/u_davinci_ddr3_mig_mig/u_memc_ui_top_std/mem_intfc0/ddr_phy_top0/u_ddr_mc_phy_wrapper/u_ddr_mc_phy/ddr_phy_4lanes_0.u_ddr_phy_4lanes/ddr_byte_lane_C.ddr_byte_lane_C/ddr_byte_group_io/output_[2].oserdes_dq_.ddr.oserdes_dq_i
  -------------------------------------------------------------------
                         required time                         -1.752    
                         arrival time                           1.842    
  -------------------------------------------------------------------
                         slack                                  0.090    





Pulse Width Checks
--------------------------------------------------------------------------------------
Clock Name:         oserdes_clkdiv_6
Waveform(ns):       { 0.000 2.500 }
Period(ns):         5.000
Sources:            { memory/controller/u_davinci_ddr3_mig_mig/u_memc_ui_top_std/mem_intfc0/ddr_phy_top0/u_ddr_mc_phy_wrapper/u_ddr_mc_phy/ddr_phy_4lanes_0.u_ddr_phy_4lanes/ddr_byte_lane_C.ddr_byte_lane_C/phaser_out/OCLKDIV }

Check Type        Corner  Lib Pin         Reference Pin  Required(ns)  Actual(ns)  Slack(ns)  Location       Pin
Min Period        n/a     OUT_FIFO/RDCLK  n/a            5.000         5.000       0.000      OUT_FIFO_X1Y6  memory/controller/u_davinci_ddr3_mig_mig/u_memc_ui_top_std/mem_intfc0/ddr_phy_top0/u_ddr_mc_phy_wrapper/u_ddr_mc_phy/ddr_phy_4lanes_0.u_ddr_phy_4lanes/ddr_byte_lane_C.ddr_byte_lane_C/out_fifo/RDCLK
Low Pulse Width   Slow    OUT_FIFO/RDCLK  n/a            2.150         2.500       0.350      OUT_FIFO_X1Y6  memory/controller/u_davinci_ddr3_mig_mig/u_memc_ui_top_std/mem_intfc0/ddr_phy_top0/u_ddr_mc_phy_wrapper/u_ddr_mc_phy/ddr_phy_4lanes_0.u_ddr_phy_4lanes/ddr_byte_lane_C.ddr_byte_lane_C/out_fifo/RDCLK
High Pulse Width  Fast    OUT_FIFO/RDCLK  n/a            2.150         2.500       0.350      OUT_FIFO_X1Y6  memory/controller/u_davinci_ddr3_mig_mig/u_memc_ui_top_std/mem_intfc0/ddr_phy_top0/u_ddr_mc_phy_wrapper/u_ddr_mc_phy/ddr_phy_4lanes_0.u_ddr_phy_4lanes/ddr_byte_lane_C.ddr_byte_lane_C/out_fifo/RDCLK



---------------------------------------------------------------------------------------------------
From Clock:  oserdes_clk_7
  To Clock:  oserdes_clk_7

Setup :            0  Failing Endpoints,  Worst Slack        1.206ns,  Total Violation        0.000ns
Hold  :            0  Failing Endpoints,  Worst Slack        0.406ns,  Total Violation        0.000ns
PW    :            0  Failing Endpoints,  Worst Slack        1.026ns,  Total Violation        0.000ns
---------------------------------------------------------------------------------------------------


Max Delay Paths
--------------------------------------------------------------------------------------
Slack (MET) :             1.206ns  (required time - arrival time)
  Source:                 memory/controller/u_davinci_ddr3_mig_mig/u_memc_ui_top_std/mem_intfc0/ddr_phy_top0/u_ddr_mc_phy_wrapper/u_ddr_mc_phy/ddr_phy_4lanes_0.u_ddr_phy_4lanes/ddr_byte_lane_D.ddr_byte_lane_D/phaser_out/OCLKDELAYED
                            (rising edge-triggered cell PHASER_OUT_PHY clocked by oserdes_clk_7  {rise@0.000ns fall@1.250ns period=2.500ns})
  Destination:            memory/controller/u_davinci_ddr3_mig_mig/u_memc_ui_top_std/mem_intfc0/ddr_phy_top0/u_ddr_mc_phy_wrapper/u_ddr_mc_phy/ddr_phy_4lanes_0.u_ddr_phy_4lanes/ddr_byte_lane_D.ddr_byte_lane_D/ddr_byte_group_io/dqs_gen.oddr_dqsts/D1
                            (rising edge-triggered cell ODDR clocked by oserdes_clk_7  {rise@0.000ns fall@1.250ns period=2.500ns})
  Path Group:             oserdes_clk_7
  Path Type:              Setup (Max at Slow Process Corner)
  Requirement:            2.500ns  (oserdes_clk_7 rise@2.500ns - oserdes_clk_7 rise@0.000ns)
  Data Path Delay:        0.864ns  (logic 0.489ns (56.594%)  route 0.375ns (43.406%))
  Logic Levels:           0  
  Clock Path Skew:        0.350ns (DCD - SCD + CPR)
    Destination Clock Delay (DCD):    2.592ns = ( 5.092 - 2.500 ) 
    Source Clock Delay      (SCD):    2.805ns
    Clock Pessimism Removal (CPR):    0.563ns
  Clock Uncertainty:      0.057ns  ((TSJ^2 + DJ^2)^1/2) / 2 + PE
    Total System Jitter     (TSJ):    0.071ns
    Discrete Jitter          (DJ):    0.089ns
    Phase Error              (PE):    0.000ns

    Location             Delay type                Incr(ns)  Path(ns)    Netlist Resource(s)
  -------------------------------------------------------------------    -------------------
                         (clock oserdes_clk_7 rise edge)
                                                      0.000     0.000 r  
    R4                                                0.000     0.000 r  sys_clk (IN)
                         net (fo=0)                   0.000     0.000    sys_clk
    R4                   IBUF (Prop_ibuf_I_O)         1.432     1.432 r  sys_clk_IBUF_inst/O
                         net (fo=1, routed)           1.065     2.497    multiplied_clock.clock_generator/sys_clk_IBUF
    MMCME2_ADV_X1Y0      MMCME2_ADV (Prop_mmcme2_adv_CLKIN1_CLKOUT1)
                                                     -5.921    -3.424 r  multiplied_clock.clock_generator/mmcm/CLKOUT1
                         net (fo=1, routed)           1.421    -2.004    multiplied_clock.clock_generator/ddr_ref_raw
    BUFGCTRL_X0Y1        BUFG (Prop_bufg_I_O)         0.081    -1.923 r  multiplied_clock.clock_generator/ddr_ref_buffer/O
                         net (fo=63, routed)          1.394    -0.528    memory/controller/u_davinci_ddr3_mig_mig/u_ddr3_infrastructure/mmcm_clk
    PLLE2_ADV_X1Y1       PLLE2_ADV (Prop_plle2_adv_CLKIN1_CLKOUT1)
                                                      0.077    -0.451 r  memory/controller/u_davinci_ddr3_mig_mig/u_ddr3_infrastructure/plle2_i/CLKOUT1
                         net (fo=7, routed)           0.511     0.060    memory/controller/u_davinci_ddr3_mig_mig/u_memc_ui_top_std/mem_intfc0/ddr_phy_top0/u_ddr_mc_phy_wrapper/u_ddr_mc_phy/ddr_phy_4lanes_0.u_ddr_phy_4lanes/ddr_byte_lane_D.ddr_byte_lane_D/mem_refclk
    PHASER_OUT_PHY_X1Y7  PHASER_OUT_PHY (Prop_phaser_out_phy_MEMREFCLK_OCLK)
                                                      2.083     2.143 r  memory/controller/u_davinci_ddr3_mig_mig/u_memc_ui_top_std/mem_intfc0/ddr_phy_top0/u_ddr_mc_phy_wrapper/u_ddr_mc_phy/ddr_phy_4lanes_0.u_ddr_phy_4lanes/ddr_byte_lane_D.ddr_byte_lane_D/phaser_out/OCLK
    PHASER_OUT_PHY_X1Y7  PHASER_OUT_PHY (Prop_phaser_out_phy_OCLK_OCLKDELAYED)
                                                      0.662     2.805 r  memory/controller/u_davinci_ddr3_mig_mig/u_memc_ui_top_std/mem_intfc0/ddr_phy_top0/u_ddr_mc_phy_wrapper/u_ddr_mc_phy/ddr_phy_4lanes_0.u_ddr_phy_4lanes/ddr_byte_lane_D.ddr_byte_lane_D/phaser_out/OCLKDELAYED
  -------------------------------------------------------------------    -------------------
    PHASER_OUT_PHY_X1Y7  PHASER_OUT_PHY (Prop_phaser_out_phy_OCLKDELAYED_CTSBUS[0])
                                                      0.489     3.294 r  memory/controller/u_davinci_ddr3_mig_mig/u_memc_ui_top_std/mem_intfc0/ddr_phy_top0/u_ddr_mc_phy_wrapper/u_ddr_mc_phy/ddr_phy_4lanes_0.u_ddr_phy_4lanes/ddr_byte_lane_D.ddr_byte_lane_D/phaser_out/CTSBUS[0]
                         net (fo=2, routed)           0.375     3.669    memory/controller/u_davinci_ddr3_mig_mig/u_memc_ui_top_std/mem_intfc0/ddr_phy_top0/u_ddr_mc_phy_wrapper/u_ddr_mc_phy/ddr_phy_4lanes_0.u_ddr_phy_4lanes/ddr_byte_lane_D.ddr_byte_lane_D/ddr_byte_group_io/CTSBUS[0]
    OLOGIC_X1Y94         ODDR                                         r  memory/controller/u_davinci_ddr3_mig_mig/u_memc_ui_top_std/mem_intfc0/ddr_phy_top0/u_ddr_mc_phy_wrapper/u_ddr_mc_phy/ddr_phy_4lanes_0.u_ddr_phy_4lanes/ddr_byte_lane_D.ddr_byte_lane_D/ddr_byte_group_io/dqs_gen.oddr_dqsts/D1
  -------------------------------------------------------------------    -------------------

                         (clock oserdes_clk_7 rise edge)
                                                      2.500     2.500 r  
    R4                                                0.000     2.500 r  sys_clk (IN)
                         net (fo=0)                   0.000     2.500    sys_clk
    R4                   IBUF (Prop_ibuf_I_O)         1.366     3.866 r  sys_clk_IBUF_inst/O
                         net (fo=1, routed)           1.004     4.869    multiplied_clock.clock_generator/sys_clk_IBUF
    MMCME2_ADV_X1Y0      MMCME2_ADV (Prop_mmcme2_adv_CLKIN1_CLKOUT1)
                                                     -6.057    -1.188 r  multiplied_clock.clock_generator/mmcm/CLKOUT1
                         net (fo=1, routed)           1.352     0.165    multiplied_clock.clock_generator/ddr_ref_raw
    BUFGCTRL_X0Y1        BUFG (Prop_bufg_I_O)         0.077     0.242 r  multiplied_clock.clock_generator/ddr_ref_buffer/O
                         net (fo=63, routed)          1.290     1.532    memory/controller/u_davinci_ddr3_mig_mig/u_ddr3_infrastructure/mmcm_clk
    PLLE2_ADV_X1Y1       PLLE2_ADV (Prop_plle2_adv_CLKIN1_CLKOUT1)
                                                      0.073     1.605 r  memory/controller/u_davinci_ddr3_mig_mig/u_ddr3_infrastructure/plle2_i/CLKOUT1
                         net (fo=7, routed)           0.486     2.091    memory/controller/u_davinci_ddr3_mig_mig/u_memc_ui_top_std/mem_intfc0/ddr_phy_top0/u_ddr_mc_phy_wrapper/u_ddr_mc_phy/ddr_phy_4lanes_0.u_ddr_phy_4lanes/ddr_byte_lane_D.ddr_byte_lane_D/mem_refclk
    PHASER_OUT_PHY_X1Y7  PHASER_OUT_PHY (Prop_phaser_out_phy_MEMREFCLK_OCLK)
                                                      2.027     4.118 r  memory/controller/u_davinci_ddr3_mig_mig/u_memc_ui_top_std/mem_intfc0/ddr_phy_top0/u_ddr_mc_phy_wrapper/u_ddr_mc_phy/ddr_phy_4lanes_0.u_ddr_phy_4lanes/ddr_byte_lane_D.ddr_byte_lane_D/phaser_out/OCLK
    PHASER_OUT_PHY_X1Y7  PHASER_OUT_PHY (Prop_phaser_out_phy_OCLK_OCLKDELAYED)
                                                      0.624     4.742 r  memory/controller/u_davinci_ddr3_mig_mig/u_memc_ui_top_std/mem_intfc0/ddr_phy_top0/u_ddr_mc_phy_wrapper/u_ddr_mc_phy/ddr_phy_4lanes_0.u_ddr_phy_4lanes/ddr_byte_lane_D.ddr_byte_lane_D/phaser_out/OCLKDELAYED
                         net (fo=2, routed)           0.350     5.092    memory/controller/u_davinci_ddr3_mig_mig/u_memc_ui_top_std/mem_intfc0/ddr_phy_top0/u_ddr_mc_phy_wrapper/u_ddr_mc_phy/ddr_phy_4lanes_0.u_ddr_phy_4lanes/ddr_byte_lane_D.ddr_byte_lane_D/ddr_byte_group_io/oserdes_clk_delayed
    OLOGIC_X1Y94         ODDR                                         r  memory/controller/u_davinci_ddr3_mig_mig/u_memc_ui_top_std/mem_intfc0/ddr_phy_top0/u_ddr_mc_phy_wrapper/u_ddr_mc_phy/ddr_phy_4lanes_0.u_ddr_phy_4lanes/ddr_byte_lane_D.ddr_byte_lane_D/ddr_byte_group_io/dqs_gen.oddr_dqsts/C
                         clock pessimism              0.563     5.655    
                         clock uncertainty           -0.057     5.598    
    OLOGIC_X1Y94         ODDR (Setup_oddr_C_D1)      -0.723     4.875    memory/controller/u_davinci_ddr3_mig_mig/u_memc_ui_top_std/mem_intfc0/ddr_phy_top0/u_ddr_mc_phy_wrapper/u_ddr_mc_phy/ddr_phy_4lanes_0.u_ddr_phy_4lanes/ddr_byte_lane_D.ddr_byte_lane_D/ddr_byte_group_io/dqs_gen.oddr_dqsts
  -------------------------------------------------------------------
                         required time                          4.875    
                         arrival time                          -3.669    
  -------------------------------------------------------------------
                         slack                                  1.206    





Min Delay Paths
--------------------------------------------------------------------------------------
Slack (MET) :             0.406ns  (arrival time - required time)
  Source:                 memory/controller/u_davinci_ddr3_mig_mig/u_memc_ui_top_std/mem_intfc0/ddr_phy_top0/u_ddr_mc_phy_wrapper/u_ddr_mc_phy/ddr_phy_4lanes_0.u_ddr_phy_4lanes/ddr_byte_lane_D.ddr_byte_lane_D/phaser_out/OCLKDELAYED
                            (rising edge-triggered cell PHASER_OUT_PHY clocked by oserdes_clk_7  {rise@0.000ns fall@1.250ns period=2.500ns})
  Destination:            memory/controller/u_davinci_ddr3_mig_mig/u_memc_ui_top_std/mem_intfc0/ddr_phy_top0/u_ddr_mc_phy_wrapper/u_ddr_mc_phy/ddr_phy_4lanes_0.u_ddr_phy_4lanes/ddr_byte_lane_D.ddr_byte_lane_D/ddr_byte_group_io/dqs_gen.oddr_dqs/D2
                            (rising edge-triggered cell ODDR clocked by oserdes_clk_7  {rise@0.000ns fall@1.250ns period=2.500ns})
  Path Group:             oserdes_clk_7
  Path Type:              Hold (Min at Fast Process Corner)
  Requirement:            0.000ns  (oserdes_clk_7 rise@0.000ns - oserdes_clk_7 rise@0.000ns)
  Data Path Delay:        0.494ns  (logic 0.346ns (70.032%)  route 0.148ns (29.968%))
  Logic Levels:           0  
  Clock Path Skew:        0.181ns (DCD - SCD - CPR)
    Destination Clock Delay (DCD):    2.047ns
    Source Clock Delay      (SCD):    2.006ns
    Clock Pessimism Removal (CPR):    -0.140ns

    Location             Delay type                Incr(ns)  Path(ns)    Netlist Resource(s)
  -------------------------------------------------------------------    -------------------
                         (clock oserdes_clk_7 rise edge)
                                                      0.000     0.000 r  
    R4                                                0.000     0.000 r  sys_clk (IN)
                         net (fo=0)                   0.000     0.000    sys_clk
    R4                   IBUF (Prop_ibuf_I_O)         0.269     0.269 r  sys_clk_IBUF_inst/O
                         net (fo=1, routed)           0.440     0.709    multiplied_clock.clock_generator/sys_clk_IBUF
    MMCME2_ADV_X1Y0      MMCME2_ADV (Prop_mmcme2_adv_CLKIN1_CLKOUT1)
                                                     -2.360    -1.651 r  multiplied_clock.clock_generator/mmcm/CLKOUT1
                         net (fo=1, routed)           0.486    -1.165    multiplied_clock.clock_generator/ddr_ref_raw
    BUFGCTRL_X0Y1        BUFG (Prop_bufg_I_O)         0.026    -1.139 r  multiplied_clock.clock_generator/ddr_ref_buffer/O
                         net (fo=63, routed)          0.552    -0.587    memory/controller/u_davinci_ddr3_mig_mig/u_ddr3_infrastructure/mmcm_clk
    PLLE2_ADV_X1Y1       PLLE2_ADV (Prop_plle2_adv_CLKIN1_CLKOUT1)
                                                      0.050    -0.537 r  memory/controller/u_davinci_ddr3_mig_mig/u_ddr3_infrastructure/plle2_i/CLKOUT1
                         net (fo=7, routed)           0.190    -0.347    memory/controller/u_davinci_ddr3_mig_mig/u_memc_ui_top_std/mem_intfc0/ddr_phy_top0/u_ddr_mc_phy_wrapper/u_ddr_mc_phy/ddr_phy_4lanes_0.u_ddr_phy_4lanes/ddr_byte_lane_D.ddr_byte_lane_D/mem_refclk
    PHASER_OUT_PHY_X1Y7  PHASER_OUT_PHY (Prop_phaser_out_phy_MEMREFCLK_OCLK)
                                                      1.813     1.466 r  memory/controller/u_davinci_ddr3_mig_mig/u_memc_ui_top_std/mem_intfc0/ddr_phy_top0/u_ddr_mc_phy_wrapper/u_ddr_mc_phy/ddr_phy_4lanes_0.u_ddr_phy_4lanes/ddr_byte_lane_D.ddr_byte_lane_D/phaser_out/OCLK
    PHASER_OUT_PHY_X1Y7  PHASER_OUT_PHY (Prop_phaser_out_phy_OCLK_OCLKDELAYED)
                                                      0.539     2.006 r  memory/controller/u_davinci_ddr3_mig_mig/u_memc_ui_top_std/mem_intfc0/ddr_phy_top0/u_ddr_mc_phy_wrapper/u_ddr_mc_phy/ddr_phy_4lanes_0.u_ddr_phy_4lanes/ddr_byte_lane_D.ddr_byte_lane_D/phaser_out/OCLKDELAYED
  -------------------------------------------------------------------    -------------------
    PHASER_OUT_PHY_X1Y7  PHASER_OUT_PHY (Prop_phaser_out_phy_OCLKDELAYED_DQSBUS[1])
                                                      0.346     2.352 r  memory/controller/u_davinci_ddr3_mig_mig/u_memc_ui_top_std/mem_intfc0/ddr_phy_top0/u_ddr_mc_phy_wrapper/u_ddr_mc_phy/ddr_phy_4lanes_0.u_ddr_phy_4lanes/ddr_byte_lane_D.ddr_byte_lane_D/phaser_out/DQSBUS[1]
                         net (fo=1, routed)           0.148     2.500    memory/controller/u_davinci_ddr3_mig_mig/u_memc_ui_top_std/mem_intfc0/ddr_phy_top0/u_ddr_mc_phy_wrapper/u_ddr_mc_phy/ddr_phy_4lanes_0.u_ddr_phy_4lanes/ddr_byte_lane_D.ddr_byte_lane_D/ddr_byte_group_io/DQSBUS[1]
    OLOGIC_X1Y94         ODDR                                         r  memory/controller/u_davinci_ddr3_mig_mig/u_memc_ui_top_std/mem_intfc0/ddr_phy_top0/u_ddr_mc_phy_wrapper/u_ddr_mc_phy/ddr_phy_4lanes_0.u_ddr_phy_4lanes/ddr_byte_lane_D.ddr_byte_lane_D/ddr_byte_group_io/dqs_gen.oddr_dqs/D2
  -------------------------------------------------------------------    -------------------

                         (clock oserdes_clk_7 rise edge)
                                                      0.000     0.000 r  
    R4                                                0.000     0.000 r  sys_clk (IN)
                         net (fo=0)                   0.000     0.000    sys_clk
    R4                   IBUF (Prop_ibuf_I_O)         0.457     0.457 r  sys_clk_IBUF_inst/O
                         net (fo=1, routed)           0.480     0.937    multiplied_clock.clock_generator/sys_clk_IBUF
    MMCME2_ADV_X1Y0      MMCME2_ADV (Prop_mmcme2_adv_CLKIN1_CLKOUT1)
                                                     -3.142    -2.205 r  multiplied_clock.clock_generator/mmcm/CLKOUT1
                         net (fo=1, routed)           0.530    -1.676    multiplied_clock.clock_generator/ddr_ref_raw
    BUFGCTRL_X0Y1        BUFG (Prop_bufg_I_O)         0.029    -1.647 r  multiplied_clock.clock_generator/ddr_ref_buffer/O
                         net (fo=63, routed)          0.820    -0.827    memory/controller/u_davinci_ddr3_mig_mig/u_ddr3_infrastructure/mmcm_clk
    PLLE2_ADV_X1Y1       PLLE2_ADV (Prop_plle2_adv_CLKIN1_CLKOUT1)
                                                      0.053    -0.774 r  memory/controller/u_davinci_ddr3_mig_mig/u_ddr3_infrastructure/plle2_i/CLKOUT1
                         net (fo=7, routed)           0.209    -0.565    memory/controller/u_davinci_ddr3_mig_mig/u_memc_ui_top_std/mem_intfc0/ddr_phy_top0/u_ddr_mc_phy_wrapper/u_ddr_mc_phy/ddr_phy_4lanes_0.u_ddr_phy_4lanes/ddr_byte_lane_D.ddr_byte_lane_D/mem_refclk
    PHASER_OUT_PHY_X1Y7  PHASER_OUT_PHY (Prop_phaser_out_phy_MEMREFCLK_OCLK)
                                                      1.858     1.293 r  memory/controller/u_davinci_ddr3_mig_mig/u_memc_ui_top_std/mem_intfc0/ddr_phy_top0/u_ddr_mc_phy_wrapper/u_ddr_mc_phy/ddr_phy_4lanes_0.u_ddr_phy_4lanes/ddr_byte_lane_D.ddr_byte_lane_D/phaser_out/OCLK
    PHASER_OUT_PHY_X1Y7  PHASER_OUT_PHY (Prop_phaser_out_phy_OCLK_OCLKDELAYED)
                                                      0.573     1.866 r  memory/controller/u_davinci_ddr3_mig_mig/u_memc_ui_top_std/mem_intfc0/ddr_phy_top0/u_ddr_mc_phy_wrapper/u_ddr_mc_phy/ddr_phy_4lanes_0.u_ddr_phy_4lanes/ddr_byte_lane_D.ddr_byte_lane_D/phaser_out/OCLKDELAYED
                         net (fo=2, routed)           0.181     2.047    memory/controller/u_davinci_ddr3_mig_mig/u_memc_ui_top_std/mem_intfc0/ddr_phy_top0/u_ddr_mc_phy_wrapper/u_ddr_mc_phy/ddr_phy_4lanes_0.u_ddr_phy_4lanes/ddr_byte_lane_D.ddr_byte_lane_D/ddr_byte_group_io/oserdes_clk_delayed
    OLOGIC_X1Y94         ODDR                                         r  memory/controller/u_davinci_ddr3_mig_mig/u_memc_ui_top_std/mem_intfc0/ddr_phy_top0/u_ddr_mc_phy_wrapper/u_ddr_mc_phy/ddr_phy_4lanes_0.u_ddr_phy_4lanes/ddr_byte_lane_D.ddr_byte_lane_D/ddr_byte_group_io/dqs_gen.oddr_dqs/C
                         clock pessimism              0.140     2.187    
    OLOGIC_X1Y94         ODDR (Hold_oddr_C_D2)       -0.093     2.094    memory/controller/u_davinci_ddr3_mig_mig/u_memc_ui_top_std/mem_intfc0/ddr_phy_top0/u_ddr_mc_phy_wrapper/u_ddr_mc_phy/ddr_phy_4lanes_0.u_ddr_phy_4lanes/ddr_byte_lane_D.ddr_byte_lane_D/ddr_byte_group_io/dqs_gen.oddr_dqs
  -------------------------------------------------------------------
                         required time                         -2.094    
                         arrival time                           2.500    
  -------------------------------------------------------------------
                         slack                                  0.406    





Pulse Width Checks
--------------------------------------------------------------------------------------
Clock Name:         oserdes_clk_7
Waveform(ns):       { 0.000 1.250 }
Period(ns):         2.500
Sources:            { memory/controller/u_davinci_ddr3_mig_mig/u_memc_ui_top_std/mem_intfc0/ddr_phy_top0/u_ddr_mc_phy_wrapper/u_ddr_mc_phy/ddr_phy_4lanes_0.u_ddr_phy_4lanes/ddr_byte_lane_D.ddr_byte_lane_D/phaser_out/OCLK }

Check Type  Corner  Lib Pin  Reference Pin  Required(ns)  Actual(ns)  Slack(ns)  Location      Pin
Min Period  n/a     ODDR/C   n/a            1.474         2.500       1.026      OLOGIC_X1Y94  memory/controller/u_davinci_ddr3_mig_mig/u_memc_ui_top_std/mem_intfc0/ddr_phy_top0/u_ddr_mc_phy_wrapper/u_ddr_mc_phy/ddr_phy_4lanes_0.u_ddr_phy_4lanes/ddr_byte_lane_D.ddr_byte_lane_D/ddr_byte_group_io/dqs_gen.oddr_dqs/C



---------------------------------------------------------------------------------------------------
From Clock:  oserdes_clkdiv_7
  To Clock:  oserdes_clkdiv_7

Setup :            0  Failing Endpoints,  Worst Slack        3.880ns,  Total Violation        0.000ns
Hold  :            0  Failing Endpoints,  Worst Slack        0.084ns,  Total Violation        0.000ns
PW    :            0  Failing Endpoints,  Worst Slack        0.000ns,  Total Violation        0.000ns
---------------------------------------------------------------------------------------------------


Max Delay Paths
--------------------------------------------------------------------------------------
Slack (MET) :             3.880ns  (required time - arrival time)
  Source:                 memory/controller/u_davinci_ddr3_mig_mig/u_memc_ui_top_std/mem_intfc0/ddr_phy_top0/u_ddr_mc_phy_wrapper/u_ddr_mc_phy/ddr_phy_4lanes_0.u_ddr_phy_4lanes/ddr_byte_lane_D.ddr_byte_lane_D/out_fifo/RDCLK
                            (rising edge-triggered cell OUT_FIFO clocked by oserdes_clkdiv_7  {rise@0.000ns fall@2.500ns period=5.000ns})
  Destination:            memory/controller/u_davinci_ddr3_mig_mig/u_memc_ui_top_std/mem_intfc0/ddr_phy_top0/u_ddr_mc_phy_wrapper/u_ddr_mc_phy/ddr_phy_4lanes_0.u_ddr_phy_4lanes/ddr_byte_lane_D.ddr_byte_lane_D/ddr_byte_group_io/output_[6].oserdes_dq_.ddr.oserdes_dq_i/D1
                            (rising edge-triggered cell OSERDESE2 clocked by oserdes_clkdiv_7  {rise@0.000ns fall@2.500ns period=5.000ns})
  Path Group:             oserdes_clkdiv_7
  Path Type:              Setup (Max at Slow Process Corner)
  Requirement:            5.000ns  (oserdes_clkdiv_7 rise@5.000ns - oserdes_clkdiv_7 rise@0.000ns)
  Data Path Delay:        0.964ns  (logic 0.596ns (61.822%)  route 0.368ns (38.178%))
  Logic Levels:           0  
  Clock Path Skew:        0.350ns (DCD - SCD + CPR)
    Destination Clock Delay (DCD):    2.101ns = ( 7.101 - 5.000 ) 
    Source Clock Delay      (SCD):    2.284ns
    Clock Pessimism Removal (CPR):    0.533ns
  Clock Uncertainty:      0.057ns  ((TSJ^2 + DJ^2)^1/2) / 2 + PE
    Total System Jitter     (TSJ):    0.071ns
    Discrete Jitter          (DJ):    0.089ns
    Phase Error              (PE):    0.000ns

    Location             Delay type                Incr(ns)  Path(ns)    Netlist Resource(s)
  -------------------------------------------------------------------    -------------------
                         (clock oserdes_clkdiv_7 rise edge)
                                                      0.000     0.000 r  
    R4                                                0.000     0.000 r  sys_clk (IN)
                         net (fo=0)                   0.000     0.000    sys_clk
    R4                   IBUF (Prop_ibuf_I_O)         1.432     1.432 r  sys_clk_IBUF_inst/O
                         net (fo=1, routed)           1.065     2.497    multiplied_clock.clock_generator/sys_clk_IBUF
    MMCME2_ADV_X1Y0      MMCME2_ADV (Prop_mmcme2_adv_CLKIN1_CLKOUT1)
                                                     -5.921    -3.424 r  multiplied_clock.clock_generator/mmcm/CLKOUT1
                         net (fo=1, routed)           1.421    -2.004    multiplied_clock.clock_generator/ddr_ref_raw
    BUFGCTRL_X0Y1        BUFG (Prop_bufg_I_O)         0.081    -1.923 r  multiplied_clock.clock_generator/ddr_ref_buffer/O
                         net (fo=63, routed)          1.394    -0.528    memory/controller/u_davinci_ddr3_mig_mig/u_ddr3_infrastructure/mmcm_clk
    PLLE2_ADV_X1Y1       PLLE2_ADV (Prop_plle2_adv_CLKIN1_CLKOUT1)
                                                      0.077    -0.451 r  memory/controller/u_davinci_ddr3_mig_mig/u_ddr3_infrastructure/plle2_i/CLKOUT1
                         net (fo=7, routed)           0.511     0.060    memory/controller/u_davinci_ddr3_mig_mig/u_memc_ui_top_std/mem_intfc0/ddr_phy_top0/u_ddr_mc_phy_wrapper/u_ddr_mc_phy/ddr_phy_4lanes_0.u_ddr_phy_4lanes/ddr_byte_lane_D.ddr_byte_lane_D/mem_refclk
    PHASER_OUT_PHY_X1Y7  PHASER_OUT_PHY (Prop_phaser_out_phy_MEMREFCLK_OCLK)
                                                      2.083     2.143 r  memory/controller/u_davinci_ddr3_mig_mig/u_memc_ui_top_std/mem_intfc0/ddr_phy_top0/u_ddr_mc_phy_wrapper/u_ddr_mc_phy/ddr_phy_4lanes_0.u_ddr_phy_4lanes/ddr_byte_lane_D.ddr_byte_lane_D/phaser_out/OCLK
    PHASER_OUT_PHY_X1Y7  PHASER_OUT_PHY (Prop_phaser_out_phy_OCLK_OCLKDIV)
                                                      0.141     2.284 r  memory/controller/u_davinci_ddr3_mig_mig/u_memc_ui_top_std/mem_intfc0/ddr_phy_top0/u_ddr_mc_phy_wrapper/u_ddr_mc_phy/ddr_phy_4lanes_0.u_ddr_phy_4lanes/ddr_byte_lane_D.ddr_byte_lane_D/phaser_out/OCLKDIV
                         net (fo=11, routed)          0.000     2.284    memory/controller/u_davinci_ddr3_mig_mig/u_memc_ui_top_std/mem_intfc0/ddr_phy_top0/u_ddr_mc_phy_wrapper/u_ddr_mc_phy/ddr_phy_4lanes_0.u_ddr_phy_4lanes/ddr_byte_lane_D.ddr_byte_lane_D/oserdes_clkdiv
    OUT_FIFO_X1Y7        OUT_FIFO                                     r  memory/controller/u_davinci_ddr3_mig_mig/u_memc_ui_top_std/mem_intfc0/ddr_phy_top0/u_ddr_mc_phy_wrapper/u_ddr_mc_phy/ddr_phy_4lanes_0.u_ddr_phy_4lanes/ddr_byte_lane_D.ddr_byte_lane_D/out_fifo/RDCLK
  -------------------------------------------------------------------    -------------------
    OUT_FIFO_X1Y7        OUT_FIFO (Prop_out_fifo_RDCLK_Q6[0])
                                                      0.596     2.880 r  memory/controller/u_davinci_ddr3_mig_mig/u_memc_ui_top_std/mem_intfc0/ddr_phy_top0/u_ddr_mc_phy_wrapper/u_ddr_mc_phy/ddr_phy_4lanes_0.u_ddr_phy_4lanes/ddr_byte_lane_D.ddr_byte_lane_D/out_fifo/Q6[0]
                         net (fo=1, routed)           0.368     3.248    memory/controller/u_davinci_ddr3_mig_mig/u_memc_ui_top_std/mem_intfc0/ddr_phy_top0/u_ddr_mc_phy_wrapper/u_ddr_mc_phy/ddr_phy_4lanes_0.u_ddr_phy_4lanes/ddr_byte_lane_D.ddr_byte_lane_D/ddr_byte_group_io/of_dqbus[20]
    OLOGIC_X1Y95         OSERDESE2                                    r  memory/controller/u_davinci_ddr3_mig_mig/u_memc_ui_top_std/mem_intfc0/ddr_phy_top0/u_ddr_mc_phy_wrapper/u_ddr_mc_phy/ddr_phy_4lanes_0.u_ddr_phy_4lanes/ddr_byte_lane_D.ddr_byte_lane_D/ddr_byte_group_io/output_[6].oserdes_dq_.ddr.oserdes_dq_i/D1
  -------------------------------------------------------------------    -------------------

                         (clock oserdes_clkdiv_7 rise edge)
                                                      5.000     5.000 r  
    R4                                                0.000     5.000 r  sys_clk (IN)
                         net (fo=0)                   0.000     5.000    sys_clk
    R4                   IBUF (Prop_ibuf_I_O)         1.366     6.366 r  sys_clk_IBUF_inst/O
                         net (fo=1, routed)           1.004     7.369    multiplied_clock.clock_generator/sys_clk_IBUF
    MMCME2_ADV_X1Y0      MMCME2_ADV (Prop_mmcme2_adv_CLKIN1_CLKOUT1)
                                                     -6.057     1.312 r  multiplied_clock.clock_generator/mmcm/CLKOUT1
                         net (fo=1, routed)           1.352     2.665    multiplied_clock.clock_generator/ddr_ref_raw
    BUFGCTRL_X0Y1        BUFG (Prop_bufg_I_O)         0.077     2.742 r  multiplied_clock.clock_generator/ddr_ref_buffer/O
                         net (fo=63, routed)          1.290     4.032    memory/controller/u_davinci_ddr3_mig_mig/u_ddr3_infrastructure/mmcm_clk
    PLLE2_ADV_X1Y1       PLLE2_ADV (Prop_plle2_adv_CLKIN1_CLKOUT1)
                                                      0.073     4.105 r  memory/controller/u_davinci_ddr3_mig_mig/u_ddr3_infrastructure/plle2_i/CLKOUT1
                         net (fo=7, routed)           0.486     4.591    memory/controller/u_davinci_ddr3_mig_mig/u_memc_ui_top_std/mem_intfc0/ddr_phy_top0/u_ddr_mc_phy_wrapper/u_ddr_mc_phy/ddr_phy_4lanes_0.u_ddr_phy_4lanes/ddr_byte_lane_D.ddr_byte_lane_D/mem_refclk
    PHASER_OUT_PHY_X1Y7  PHASER_OUT_PHY (Prop_phaser_out_phy_MEMREFCLK_OCLK)
                                                      2.027     6.618 r  memory/controller/u_davinci_ddr3_mig_mig/u_memc_ui_top_std/mem_intfc0/ddr_phy_top0/u_ddr_mc_phy_wrapper/u_ddr_mc_phy/ddr_phy_4lanes_0.u_ddr_phy_4lanes/ddr_byte_lane_D.ddr_byte_lane_D/phaser_out/OCLK
    PHASER_OUT_PHY_X1Y7  PHASER_OUT_PHY (Prop_phaser_out_phy_OCLK_OCLKDIV)
                                                      0.133     6.751 r  memory/controller/u_davinci_ddr3_mig_mig/u_memc_ui_top_std/mem_intfc0/ddr_phy_top0/u_ddr_mc_phy_wrapper/u_ddr_mc_phy/ddr_phy_4lanes_0.u_ddr_phy_4lanes/ddr_byte_lane_D.ddr_byte_lane_D/phaser_out/OCLKDIV
                         net (fo=11, routed)          0.350     7.101    memory/controller/u_davinci_ddr3_mig_mig/u_memc_ui_top_std/mem_intfc0/ddr_phy_top0/u_ddr_mc_phy_wrapper/u_ddr_mc_phy/ddr_phy_4lanes_0.u_ddr_phy_4lanes/ddr_byte_lane_D.ddr_byte_lane_D/ddr_byte_group_io/oserdes_clkdiv
    OLOGIC_X1Y95         OSERDESE2                                    r  memory/controller/u_davinci_ddr3_mig_mig/u_memc_ui_top_std/mem_intfc0/ddr_phy_top0/u_ddr_mc_phy_wrapper/u_ddr_mc_phy/ddr_phy_4lanes_0.u_ddr_phy_4lanes/ddr_byte_lane_D.ddr_byte_lane_D/ddr_byte_group_io/output_[6].oserdes_dq_.ddr.oserdes_dq_i/CLKDIV
                         clock pessimism              0.533     7.634    
                         clock uncertainty           -0.057     7.577    
    OLOGIC_X1Y95         OSERDESE2 (Setup_oserdese2_CLKDIV_D1)
                                                     -0.449     7.128    memory/controller/u_davinci_ddr3_mig_mig/u_memc_ui_top_std/mem_intfc0/ddr_phy_top0/u_ddr_mc_phy_wrapper/u_ddr_mc_phy/ddr_phy_4lanes_0.u_ddr_phy_4lanes/ddr_byte_lane_D.ddr_byte_lane_D/ddr_byte_group_io/output_[6].oserdes_dq_.ddr.oserdes_dq_i
  -------------------------------------------------------------------
                         required time                          7.128    
                         arrival time                          -3.248    
  -------------------------------------------------------------------
                         slack                                  3.880    





Min Delay Paths
--------------------------------------------------------------------------------------
Slack (MET) :             0.084ns  (arrival time - required time)
  Source:                 memory/controller/u_davinci_ddr3_mig_mig/u_memc_ui_top_std/mem_intfc0/ddr_phy_top0/u_ddr_mc_phy_wrapper/u_ddr_mc_phy/ddr_phy_4lanes_0.u_ddr_phy_4lanes/ddr_byte_lane_D.ddr_byte_lane_D/out_fifo/RDCLK
                            (rising edge-triggered cell OUT_FIFO clocked by oserdes_clkdiv_7  {rise@0.000ns fall@2.500ns period=5.000ns})
  Destination:            memory/controller/u_davinci_ddr3_mig_mig/u_memc_ui_top_std/mem_intfc0/ddr_phy_top0/u_ddr_mc_phy_wrapper/u_ddr_mc_phy/ddr_phy_4lanes_0.u_ddr_phy_4lanes/ddr_byte_lane_D.ddr_byte_lane_D/ddr_byte_group_io/output_[2].oserdes_dq_.ddr.oserdes_dq_i/D2
                            (rising edge-triggered cell OSERDESE2 clocked by oserdes_clkdiv_7  {rise@0.000ns fall@2.500ns period=5.000ns})
  Path Group:             oserdes_clkdiv_7
  Path Type:              Hold (Min at Fast Process Corner)
  Requirement:            0.000ns  (oserdes_clkdiv_7 rise@0.000ns - oserdes_clkdiv_7 rise@0.000ns)
  Data Path Delay:        0.286ns  (logic 0.138ns (48.242%)  route 0.148ns (51.758%))
  Logic Levels:           0  
  Clock Path Skew:        0.183ns (DCD - SCD - CPR)
    Destination Clock Delay (DCD):    1.564ns
    Source Clock Delay      (SCD):    1.549ns
    Clock Pessimism Removal (CPR):    -0.168ns

    Location             Delay type                Incr(ns)  Path(ns)    Netlist Resource(s)
  -------------------------------------------------------------------    -------------------
                         (clock oserdes_clkdiv_7 rise edge)
                                                      0.000     0.000 r  
    R4                                                0.000     0.000 r  sys_clk (IN)
                         net (fo=0)                   0.000     0.000    sys_clk
    R4                   IBUF (Prop_ibuf_I_O)         0.269     0.269 r  sys_clk_IBUF_inst/O
                         net (fo=1, routed)           0.440     0.709    multiplied_clock.clock_generator/sys_clk_IBUF
    MMCME2_ADV_X1Y0      MMCME2_ADV (Prop_mmcme2_adv_CLKIN1_CLKOUT1)
                                                     -2.360    -1.651 r  multiplied_clock.clock_generator/mmcm/CLKOUT1
                         net (fo=1, routed)           0.486    -1.165    multiplied_clock.clock_generator/ddr_ref_raw
    BUFGCTRL_X0Y1        BUFG (Prop_bufg_I_O)         0.026    -1.139 r  multiplied_clock.clock_generator/ddr_ref_buffer/O
                         net (fo=63, routed)          0.552    -0.587    memory/controller/u_davinci_ddr3_mig_mig/u_ddr3_infrastructure/mmcm_clk
    PLLE2_ADV_X1Y1       PLLE2_ADV (Prop_plle2_adv_CLKIN1_CLKOUT1)
                                                      0.050    -0.537 r  memory/controller/u_davinci_ddr3_mig_mig/u_ddr3_infrastructure/plle2_i/CLKOUT1
                         net (fo=7, routed)           0.190    -0.347    memory/controller/u_davinci_ddr3_mig_mig/u_memc_ui_top_std/mem_intfc0/ddr_phy_top0/u_ddr_mc_phy_wrapper/u_ddr_mc_phy/ddr_phy_4lanes_0.u_ddr_phy_4lanes/ddr_byte_lane_D.ddr_byte_lane_D/mem_refclk
    PHASER_OUT_PHY_X1Y7  PHASER_OUT_PHY (Prop_phaser_out_phy_MEMREFCLK_OCLK)
                                                      1.813     1.466 r  memory/controller/u_davinci_ddr3_mig_mig/u_memc_ui_top_std/mem_intfc0/ddr_phy_top0/u_ddr_mc_phy_wrapper/u_ddr_mc_phy/ddr_phy_4lanes_0.u_ddr_phy_4lanes/ddr_byte_lane_D.ddr_byte_lane_D/phaser_out/OCLK
    PHASER_OUT_PHY_X1Y7  PHASER_OUT_PHY (Prop_phaser_out_phy_OCLK_OCLKDIV)
                                                      0.083     1.549 r  memory/controller/u_davinci_ddr3_mig_mig/u_memc_ui_top_std/mem_intfc0/ddr_phy_top0/u_ddr_mc_phy_wrapper/u_ddr_mc_phy/ddr_phy_4lanes_0.u_ddr_phy_4lanes/ddr_byte_lane_D.ddr_byte_lane_D/phaser_out/OCLKDIV
                         net (fo=11, routed)          0.000     1.549    memory/controller/u_davinci_ddr3_mig_mig/u_memc_ui_top_std/mem_intfc0/ddr_phy_top0/u_ddr_mc_phy_wrapper/u_ddr_mc_phy/ddr_phy_4lanes_0.u_ddr_phy_4lanes/ddr_byte_lane_D.ddr_byte_lane_D/oserdes_clkdiv
    OUT_FIFO_X1Y7        OUT_FIFO                                     r  memory/controller/u_davinci_ddr3_mig_mig/u_memc_ui_top_std/mem_intfc0/ddr_phy_top0/u_ddr_mc_phy_wrapper/u_ddr_mc_phy/ddr_phy_4lanes_0.u_ddr_phy_4lanes/ddr_byte_lane_D.ddr_byte_lane_D/out_fifo/RDCLK
  -------------------------------------------------------------------    -------------------
    OUT_FIFO_X1Y7        OUT_FIFO (Prop_out_fifo_RDCLK_Q2[1])
                                                      0.138     1.687 r  memory/controller/u_davinci_ddr3_mig_mig/u_memc_ui_top_std/mem_intfc0/ddr_phy_top0/u_ddr_mc_phy_wrapper/u_ddr_mc_phy/ddr_phy_4lanes_0.u_ddr_phy_4lanes/ddr_byte_lane_D.ddr_byte_lane_D/out_fifo/Q2[1]
                         net (fo=1, routed)           0.148     1.835    memory/controller/u_davinci_ddr3_mig_mig/u_memc_ui_top_std/mem_intfc0/ddr_phy_top0/u_ddr_mc_phy_wrapper/u_ddr_mc_phy/ddr_phy_4lanes_0.u_ddr_phy_4lanes/ddr_byte_lane_D.ddr_byte_lane_D/ddr_byte_group_io/of_dqbus[5]
    OLOGIC_X1Y89         OSERDESE2                                    r  memory/controller/u_davinci_ddr3_mig_mig/u_memc_ui_top_std/mem_intfc0/ddr_phy_top0/u_ddr_mc_phy_wrapper/u_ddr_mc_phy/ddr_phy_4lanes_0.u_ddr_phy_4lanes/ddr_byte_lane_D.ddr_byte_lane_D/ddr_byte_group_io/output_[2].oserdes_dq_.ddr.oserdes_dq_i/D2
  -------------------------------------------------------------------    -------------------

                         (clock oserdes_clkdiv_7 rise edge)
                                                      0.000     0.000 r  
    R4                                                0.000     0.000 r  sys_clk (IN)
                         net (fo=0)                   0.000     0.000    sys_clk
    R4                   IBUF (Prop_ibuf_I_O)         0.457     0.457 r  sys_clk_IBUF_inst/O
                         net (fo=1, routed)           0.480     0.937    multiplied_clock.clock_generator/sys_clk_IBUF
    MMCME2_ADV_X1Y0      MMCME2_ADV (Prop_mmcme2_adv_CLKIN1_CLKOUT1)
                                                     -3.142    -2.205 r  multiplied_clock.clock_generator/mmcm/CLKOUT1
                         net (fo=1, routed)           0.530    -1.676    multiplied_clock.clock_generator/ddr_ref_raw
    BUFGCTRL_X0Y1        BUFG (Prop_bufg_I_O)         0.029    -1.647 r  multiplied_clock.clock_generator/ddr_ref_buffer/O
                         net (fo=63, routed)          0.820    -0.827    memory/controller/u_davinci_ddr3_mig_mig/u_ddr3_infrastructure/mmcm_clk
    PLLE2_ADV_X1Y1       PLLE2_ADV (Prop_plle2_adv_CLKIN1_CLKOUT1)
                                                      0.053    -0.774 r  memory/controller/u_davinci_ddr3_mig_mig/u_ddr3_infrastructure/plle2_i/CLKOUT1
                         net (fo=7, routed)           0.209    -0.565    memory/controller/u_davinci_ddr3_mig_mig/u_memc_ui_top_std/mem_intfc0/ddr_phy_top0/u_ddr_mc_phy_wrapper/u_ddr_mc_phy/ddr_phy_4lanes_0.u_ddr_phy_4lanes/ddr_byte_lane_D.ddr_byte_lane_D/mem_refclk
    PHASER_OUT_PHY_X1Y7  PHASER_OUT_PHY (Prop_phaser_out_phy_MEMREFCLK_OCLK)
                                                      1.858     1.293 r  memory/controller/u_davinci_ddr3_mig_mig/u_memc_ui_top_std/mem_intfc0/ddr_phy_top0/u_ddr_mc_phy_wrapper/u_ddr_mc_phy/ddr_phy_4lanes_0.u_ddr_phy_4lanes/ddr_byte_lane_D.ddr_byte_lane_D/phaser_out/OCLK
    PHASER_OUT_PHY_X1Y7  PHASER_OUT_PHY (Prop_phaser_out_phy_OCLK_OCLKDIV)
                                                      0.088     1.381 r  memory/controller/u_davinci_ddr3_mig_mig/u_memc_ui_top_std/mem_intfc0/ddr_phy_top0/u_ddr_mc_phy_wrapper/u_ddr_mc_phy/ddr_phy_4lanes_0.u_ddr_phy_4lanes/ddr_byte_lane_D.ddr_byte_lane_D/phaser_out/OCLKDIV
                         net (fo=11, routed)          0.183     1.564    memory/controller/u_davinci_ddr3_mig_mig/u_memc_ui_top_std/mem_intfc0/ddr_phy_top0/u_ddr_mc_phy_wrapper/u_ddr_mc_phy/ddr_phy_4lanes_0.u_ddr_phy_4lanes/ddr_byte_lane_D.ddr_byte_lane_D/ddr_byte_group_io/oserdes_clkdiv
    OLOGIC_X1Y89         OSERDESE2                                    r  memory/controller/u_davinci_ddr3_mig_mig/u_memc_ui_top_std/mem_intfc0/ddr_phy_top0/u_ddr_mc_phy_wrapper/u_ddr_mc_phy/ddr_phy_4lanes_0.u_ddr_phy_4lanes/ddr_byte_lane_D.ddr_byte_lane_D/ddr_byte_group_io/output_[2].oserdes_dq_.ddr.oserdes_dq_i/CLKDIV
                         clock pessimism              0.168     1.732    
    OLOGIC_X1Y89         OSERDESE2 (Hold_oserdese2_CLKDIV_D2)
                                                      0.019     1.751    memory/controller/u_davinci_ddr3_mig_mig/u_memc_ui_top_std/mem_intfc0/ddr_phy_top0/u_ddr_mc_phy_wrapper/u_ddr_mc_phy/ddr_phy_4lanes_0.u_ddr_phy_4lanes/ddr_byte_lane_D.ddr_byte_lane_D/ddr_byte_group_io/output_[2].oserdes_dq_.ddr.oserdes_dq_i
  -------------------------------------------------------------------
                         required time                         -1.751    
                         arrival time                           1.835    
  -------------------------------------------------------------------
                         slack                                  0.084    





Pulse Width Checks
--------------------------------------------------------------------------------------
Clock Name:         oserdes_clkdiv_7
Waveform(ns):       { 0.000 2.500 }
Period(ns):         5.000
Sources:            { memory/controller/u_davinci_ddr3_mig_mig/u_memc_ui_top_std/mem_intfc0/ddr_phy_top0/u_ddr_mc_phy_wrapper/u_ddr_mc_phy/ddr_phy_4lanes_0.u_ddr_phy_4lanes/ddr_byte_lane_D.ddr_byte_lane_D/phaser_out/OCLKDIV }

Check Type        Corner  Lib Pin         Reference Pin  Required(ns)  Actual(ns)  Slack(ns)  Location       Pin
Min Period        n/a     OUT_FIFO/RDCLK  n/a            5.000         5.000       0.000      OUT_FIFO_X1Y7  memory/controller/u_davinci_ddr3_mig_mig/u_memc_ui_top_std/mem_intfc0/ddr_phy_top0/u_ddr_mc_phy_wrapper/u_ddr_mc_phy/ddr_phy_4lanes_0.u_ddr_phy_4lanes/ddr_byte_lane_D.ddr_byte_lane_D/out_fifo/RDCLK
Low Pulse Width   Slow    OUT_FIFO/RDCLK  n/a            2.150         2.500       0.350      OUT_FIFO_X1Y7  memory/controller/u_davinci_ddr3_mig_mig/u_memc_ui_top_std/mem_intfc0/ddr_phy_top0/u_ddr_mc_phy_wrapper/u_ddr_mc_phy/ddr_phy_4lanes_0.u_ddr_phy_4lanes/ddr_byte_lane_D.ddr_byte_lane_D/out_fifo/RDCLK
High Pulse Width  Fast    OUT_FIFO/RDCLK  n/a            2.150         2.500       0.350      OUT_FIFO_X1Y7  memory/controller/u_davinci_ddr3_mig_mig/u_memc_ui_top_std/mem_intfc0/ddr_phy_top0/u_ddr_mc_phy_wrapper/u_ddr_mc_phy/ddr_phy_4lanes_0.u_ddr_phy_4lanes/ddr_byte_lane_D.ddr_byte_lane_D/out_fifo/RDCLK



---------------------------------------------------------------------------------------------------
From Clock:  pll_clk3_out_1
  To Clock:  pll_clk3_out_1

Setup :           NA  Failing Endpoints,  Worst Slack           NA  ,  Total Violation           NA
Hold  :           NA  Failing Endpoints,  Worst Slack           NA  ,  Total Violation           NA
PW    :            0  Failing Endpoints,  Worst Slack        3.000ns,  Total Violation        0.000ns
---------------------------------------------------------------------------------------------------


Pulse Width Checks
--------------------------------------------------------------------------------------
Clock Name:         pll_clk3_out_1
Waveform(ns):       { 0.000 5.000 }
Period(ns):         10.000
Sources:            { memory/controller/u_davinci_ddr3_mig_mig/u_ddr3_infrastructure/plle2_i/CLKOUT3 }

Check Type        Corner  Lib Pin            Reference Pin  Required(ns)  Actual(ns)  Slack(ns)  Location         Pin
Min Period        n/a     BUFH/I             n/a            1.592         10.000      8.408      BUFHCE_X1Y12     memory/controller/u_davinci_ddr3_mig_mig/u_ddr3_infrastructure/u_bufh_pll_clk3/I
Max Period        n/a     MMCME2_ADV/CLKIN1  n/a            100.000       10.000      90.000     MMCME2_ADV_X1Y1  memory/controller/u_davinci_ddr3_mig_mig/u_ddr3_infrastructure/gen_mmcm.mmcm_i/CLKIN1
Low Pulse Width   Slow    MMCME2_ADV/CLKIN1  n/a            2.000         5.000       3.000      MMCME2_ADV_X1Y1  memory/controller/u_davinci_ddr3_mig_mig/u_ddr3_infrastructure/gen_mmcm.mmcm_i/CLKIN1
High Pulse Width  Fast    MMCME2_ADV/CLKIN1  n/a            2.000         5.000       3.000      MMCME2_ADV_X1Y1  memory/controller/u_davinci_ddr3_mig_mig/u_ddr3_infrastructure/gen_mmcm.mmcm_i/CLKIN1



---------------------------------------------------------------------------------------------------
From Clock:  clk_pll_i_1
  To Clock:  clk_pll_i_1

Setup :            0  Failing Endpoints,  Worst Slack        1.177ns,  Total Violation        0.000ns
Hold  :            0  Failing Endpoints,  Worst Slack        0.055ns,  Total Violation        0.000ns
PW    :            0  Failing Endpoints,  Worst Slack        2.850ns,  Total Violation        0.000ns
---------------------------------------------------------------------------------------------------


Max Delay Paths
--------------------------------------------------------------------------------------
Slack (MET) :             1.177ns  (required time - arrival time)
  Source:                 memory/bridge/read_fifo/rd_gray_sync2_reg[1]/C
                            (rising edge-triggered cell FDCE clocked by clk_pll_i_1  {rise@0.000ns fall@5.000ns period=10.000ns})
  Destination:            memory/bridge/read_fifo/memory_reg_0_63_27_29/RAMA/WE
                            (rising edge-triggered cell RAMD64E clocked by clk_pll_i_1  {rise@0.000ns fall@5.000ns period=10.000ns})
  Path Group:             clk_pll_i_1
  Path Type:              Setup (Max at Slow Process Corner)
  Requirement:            10.000ns  (clk_pll_i_1 rise@10.000ns - clk_pll_i_1 rise@0.000ns)
  Data Path Delay:        8.285ns  (logic 3.056ns (36.887%)  route 5.229ns (63.113%))
  Logic Levels:           12  (CARRY4=4 LUT2=4 LUT4=1 LUT6=3)
  Clock Path Skew:        -0.043ns (DCD - SCD + CPR)
    Destination Clock Delay (DCD):    0.745ns = ( 10.745 - 10.000 ) 
    Source Clock Delay      (SCD):    1.402ns
    Clock Pessimism Removal (CPR):    0.614ns
  Clock Uncertainty:      0.060ns  ((TSJ^2 + DJ^2)^1/2) / 2 + PE
    Total System Jitter     (TSJ):    0.071ns
    Discrete Jitter          (DJ):    0.098ns
    Phase Error              (PE):    0.000ns

    Location             Delay type                Incr(ns)  Path(ns)    Netlist Resource(s)
  -------------------------------------------------------------------    -------------------
                         (clock clk_pll_i_1 rise edge)
                                                      0.000     0.000 r  
    R4                                                0.000     0.000 r  sys_clk (IN)
                         net (fo=0)                   0.000     0.000    sys_clk
    R4                   IBUF (Prop_ibuf_I_O)         1.432     1.432 r  sys_clk_IBUF_inst/O
                         net (fo=1, routed)           1.065     2.497    multiplied_clock.clock_generator/sys_clk_IBUF
    MMCME2_ADV_X1Y0      MMCME2_ADV (Prop_mmcme2_adv_CLKIN1_CLKOUT1)
                                                     -5.921    -3.424 r  multiplied_clock.clock_generator/mmcm/CLKOUT1
                         net (fo=1, routed)           1.421    -2.004    multiplied_clock.clock_generator/ddr_ref_raw
    BUFGCTRL_X0Y1        BUFG (Prop_bufg_I_O)         0.081    -1.923 r  multiplied_clock.clock_generator/ddr_ref_buffer/O
                         net (fo=63, routed)          1.394    -0.528    memory/controller/u_davinci_ddr3_mig_mig/u_ddr3_infrastructure/mmcm_clk
    PLLE2_ADV_X1Y1       PLLE2_ADV (Prop_plle2_adv_CLKIN1_CLKOUT3)
                                                      0.077    -0.451 r  memory/controller/u_davinci_ddr3_mig_mig/u_ddr3_infrastructure/plle2_i/CLKOUT3
                         net (fo=1, routed)           1.062     0.611    memory/controller/u_davinci_ddr3_mig_mig/u_ddr3_infrastructure/pll_clk3_out
    BUFHCE_X1Y12         BUFH (Prop_bufh_I_O)         0.106     0.717 r  memory/controller/u_davinci_ddr3_mig_mig/u_ddr3_infrastructure/u_bufh_pll_clk3/O
                         net (fo=1, routed)           0.702     1.419    memory/controller/u_davinci_ddr3_mig_mig/u_ddr3_infrastructure/pll_clk3
    MMCME2_ADV_X1Y1      MMCME2_ADV (Prop_mmcme2_adv_CLKIN1_CLKFBOUT)
                                                     -2.874    -1.455 r  memory/controller/u_davinci_ddr3_mig_mig/u_ddr3_infrastructure/gen_mmcm.mmcm_i/CLKFBOUT
                         net (fo=1, routed)           1.421    -0.035    memory/controller/u_davinci_ddr3_mig_mig/u_ddr3_infrastructure/clk_pll_i
    BUFGCTRL_X0Y16       BUFG (Prop_bufg_I_O)         0.081     0.046 r  memory/controller/u_davinci_ddr3_mig_mig/u_ddr3_infrastructure/u_bufg_clkdiv0/O
                         net (fo=4851, routed)        1.355     1.402    memory/bridge/read_fifo/CLK
    SLICE_X48Y91         FDCE                                         r  memory/bridge/read_fifo/rd_gray_sync2_reg[1]/C
  -------------------------------------------------------------------    -------------------
    SLICE_X48Y91         FDCE (Prop_fdce_C_Q)         0.348     1.750 r  memory/bridge/read_fifo/rd_gray_sync2_reg[1]/Q
                         net (fo=2, routed)           0.965     2.715    memory/bridge/read_fifo/rd_gray_sync2[1]
    SLICE_X51Y86         LUT6 (Prop_lut6_I0_O)        0.239     2.954 r  memory/bridge/read_fifo/wr_used_carry_i_5/O
                         net (fo=2, routed)           0.258     3.211    memory/bridge/read_fifo/wr_used_carry_i_5_n_0
    SLICE_X48Y86         LUT2 (Prop_lut2_I1_O)        0.105     3.316 r  memory/bridge/read_fifo/wr_used_carry_i_3/O
                         net (fo=1, routed)           0.000     3.316    memory/bridge/read_fifo/wr_used_carry_i_3_n_0
    SLICE_X48Y86         CARRY4 (Prop_carry4_S[1]_CO[3])
                                                      0.457     3.773 r  memory/bridge/read_fifo/wr_used_carry/CO[3]
                         net (fo=1, routed)           0.000     3.773    memory/bridge/read_fifo/wr_used_carry_n_0
    SLICE_X48Y87         CARRY4 (Prop_carry4_CI_O[1])
                                                      0.265     4.038 r  memory/bridge/read_fifo/wr_used_carry__0/O[1]
                         net (fo=2, routed)           0.629     4.667    memory/bridge/read_fifo_used[5]
    SLICE_X44Y83         LUT2 (Prop_lut2_I0_O)        0.250     4.917 r  memory/bridge/controller_i_39/O
                         net (fo=1, routed)           0.000     4.917    memory/bridge/read_fifo/controller_i_30_0[1]
    SLICE_X44Y83         CARRY4 (Prop_carry4_S[1]_CO[3])
                                                      0.457     5.374 r  memory/bridge/read_fifo/controller_i_35/CO[3]
                         net (fo=1, routed)           0.000     5.374    memory/bridge/read_fifo/controller_i_35_n_0
    SLICE_X44Y84         CARRY4 (Prop_carry4_CI_O[1])
                                                      0.265     5.639 f  memory/bridge/read_fifo/controller_i_34/O[1]
                         net (fo=1, routed)           0.567     6.206    memory/bridge/read_fifo/controller_i_34_n_6
    SLICE_X47Y81         LUT4 (Prop_lut4_I0_O)        0.250     6.456 f  memory/bridge/read_fifo/controller_i_28/O
                         net (fo=1, routed)           0.695     7.151    memory/bridge/write_fifo/controller_i_7_0
    SLICE_X50Y81         LUT6 (Prop_lut6_I2_O)        0.105     7.256 r  memory/bridge/write_fifo/controller_i_26/O
                         net (fo=3, routed)           0.353     7.608    memory/bridge/write_fifo/app_en
    SLICE_X53Y81         LUT2 (Prop_lut2_I0_O)        0.105     7.713 f  memory/bridge/write_fifo/write_command_accepted_i_3/O
                         net (fo=15, routed)          0.480     8.193    memory/bridge/write_fifo/write_command_accepted_i_3_n_0
    SLICE_X51Y84         LUT6 (Prop_lut6_I1_O)        0.105     8.298 f  memory/bridge/write_fifo/wr_gray[5]_i_3/O
                         net (fo=4, routed)           0.353     8.652    memory/bridge/write_fifo/ui_read_outstanding_reg[0]
    SLICE_X53Y84         LUT2 (Prop_lut2_I1_O)        0.105     8.757 r  memory/bridge/write_fifo/wr_gray[5]_i_1__0/O
                         net (fo=188, routed)         0.930     9.686    memory/bridge/read_fifo/memory_reg_0_63_27_29/WE
    SLICE_X52Y96         RAMD64E                                      r  memory/bridge/read_fifo/memory_reg_0_63_27_29/RAMA/WE
  -------------------------------------------------------------------    -------------------

                         (clock clk_pll_i_1 rise edge)
                                                     10.000    10.000 r  
    R4                                                0.000    10.000 r  sys_clk (IN)
                         net (fo=0)                   0.000    10.000    sys_clk
    R4                   IBUF (Prop_ibuf_I_O)         1.366    11.366 r  sys_clk_IBUF_inst/O
                         net (fo=1, routed)           1.004    12.369    multiplied_clock.clock_generator/sys_clk_IBUF
    MMCME2_ADV_X1Y0      MMCME2_ADV (Prop_mmcme2_adv_CLKIN1_CLKOUT1)
                                                     -6.057     6.312 r  multiplied_clock.clock_generator/mmcm/CLKOUT1
                         net (fo=1, routed)           1.352     7.665    multiplied_clock.clock_generator/ddr_ref_raw
    BUFGCTRL_X0Y1        BUFG (Prop_bufg_I_O)         0.077     7.742 r  multiplied_clock.clock_generator/ddr_ref_buffer/O
                         net (fo=63, routed)          1.290     9.032    memory/controller/u_davinci_ddr3_mig_mig/u_ddr3_infrastructure/mmcm_clk
    PLLE2_ADV_X1Y1       PLLE2_ADV (Prop_plle2_adv_CLKIN1_CLKOUT3)
                                                      0.073     9.105 r  memory/controller/u_davinci_ddr3_mig_mig/u_ddr3_infrastructure/plle2_i/CLKOUT3
                         net (fo=1, routed)           0.929    10.034    memory/controller/u_davinci_ddr3_mig_mig/u_ddr3_infrastructure/pll_clk3_out
    BUFHCE_X1Y12         BUFH (Prop_bufh_I_O)         0.069    10.103 r  memory/controller/u_davinci_ddr3_mig_mig/u_ddr3_infrastructure/u_bufh_pll_clk3/O
                         net (fo=1, routed)           0.664    10.767    memory/controller/u_davinci_ddr3_mig_mig/u_ddr3_infrastructure/pll_clk3
    MMCME2_ADV_X1Y1      MMCME2_ADV (Prop_mmcme2_adv_CLKIN1_CLKFBOUT)
                                                     -2.699     8.068 r  memory/controller/u_davinci_ddr3_mig_mig/u_ddr3_infrastructure/gen_mmcm.mmcm_i/CLKFBOUT
                         net (fo=1, routed)           1.352     9.421    memory/controller/u_davinci_ddr3_mig_mig/u_ddr3_infrastructure/clk_pll_i
    BUFGCTRL_X0Y16       BUFG (Prop_bufg_I_O)         0.077     9.498 r  memory/controller/u_davinci_ddr3_mig_mig/u_ddr3_infrastructure/u_bufg_clkdiv0/O
                         net (fo=4851, routed)        1.247    10.745    memory/bridge/read_fifo/memory_reg_0_63_27_29/WCLK
    SLICE_X52Y96         RAMD64E                                      r  memory/bridge/read_fifo/memory_reg_0_63_27_29/RAMA/CLK
                         clock pessimism              0.614    11.359    
                         clock uncertainty           -0.060    11.298    
    SLICE_X52Y96         RAMD64E (Setup_ramd64e_CLK_WE)
                                                     -0.435    10.863    memory/bridge/read_fifo/memory_reg_0_63_27_29/RAMA
  -------------------------------------------------------------------
                         required time                         10.863    
                         arrival time                          -9.686    
  -------------------------------------------------------------------
                         slack                                  1.177    





Min Delay Paths
--------------------------------------------------------------------------------------
Slack (MET) :             0.055ns  (arrival time - required time)
  Source:                 memory/controller/u_davinci_ddr3_mig_mig/u_memc_ui_top_std/mem_intfc0/ddr_phy_top0/u_ddr_calib_top/u_ddr_phy_wrcal/wrcal_pat_resume_r_reg/C
                            (rising edge-triggered cell FDRE clocked by clk_pll_i_1  {rise@0.000ns fall@5.000ns period=10.000ns})
  Destination:            memory/controller/u_davinci_ddr3_mig_mig/u_memc_ui_top_std/mem_intfc0/ddr_phy_top0/u_ddr_calib_top/u_ddr_phy_wrcal/wrcal_pat_resume_r2_reg_srl2/D
                            (rising edge-triggered cell SRL16E clocked by clk_pll_i_1  {rise@0.000ns fall@5.000ns period=10.000ns})
  Path Group:             clk_pll_i_1
  Path Type:              Hold (Min at Fast Process Corner)
  Requirement:            0.000ns  (clk_pll_i_1 rise@0.000ns - clk_pll_i_1 rise@0.000ns)
  Data Path Delay:        0.272ns  (logic 0.141ns (51.870%)  route 0.131ns (48.130%))
  Logic Levels:           0  
  Clock Path Skew:        0.034ns (DCD - SCD - CPR)
    Destination Clock Delay (DCD):    0.184ns
    Source Clock Delay      (SCD):    0.132ns
    Clock Pessimism Removal (CPR):    0.018ns

    Location             Delay type                Incr(ns)  Path(ns)    Netlist Resource(s)
  -------------------------------------------------------------------    -------------------
                         (clock clk_pll_i_1 rise edge)
                                                      0.000     0.000 r  
    R4                                                0.000     0.000 r  sys_clk (IN)
                         net (fo=0)                   0.000     0.000    sys_clk
    R4                   IBUF (Prop_ibuf_I_O)         0.269     0.269 r  sys_clk_IBUF_inst/O
                         net (fo=1, routed)           0.440     0.709    multiplied_clock.clock_generator/sys_clk_IBUF
    MMCME2_ADV_X1Y0      MMCME2_ADV (Prop_mmcme2_adv_CLKIN1_CLKOUT1)
                                                     -2.360    -1.651 r  multiplied_clock.clock_generator/mmcm/CLKOUT1
                         net (fo=1, routed)           0.486    -1.165    multiplied_clock.clock_generator/ddr_ref_raw
    BUFGCTRL_X0Y1        BUFG (Prop_bufg_I_O)         0.026    -1.139 r  multiplied_clock.clock_generator/ddr_ref_buffer/O
                         net (fo=63, routed)          0.552    -0.587    memory/controller/u_davinci_ddr3_mig_mig/u_ddr3_infrastructure/mmcm_clk
    PLLE2_ADV_X1Y1       PLLE2_ADV (Prop_plle2_adv_CLKIN1_CLKOUT3)
                                                      0.050    -0.537 r  memory/controller/u_davinci_ddr3_mig_mig/u_ddr3_infrastructure/plle2_i/CLKOUT3
                         net (fo=1, routed)           0.381    -0.156    memory/controller/u_davinci_ddr3_mig_mig/u_ddr3_infrastructure/pll_clk3_out
    BUFHCE_X1Y12         BUFH (Prop_bufh_I_O)         0.020    -0.136 r  memory/controller/u_davinci_ddr3_mig_mig/u_ddr3_infrastructure/u_bufh_pll_clk3/O
                         net (fo=1, routed)           0.259     0.123    memory/controller/u_davinci_ddr3_mig_mig/u_ddr3_infrastructure/pll_clk3
    MMCME2_ADV_X1Y1      MMCME2_ADV (Prop_mmcme2_adv_CLKIN1_CLKFBOUT)
                                                     -1.057    -0.934 r  memory/controller/u_davinci_ddr3_mig_mig/u_ddr3_infrastructure/gen_mmcm.mmcm_i/CLKFBOUT
                         net (fo=1, routed)           0.486    -0.448    memory/controller/u_davinci_ddr3_mig_mig/u_ddr3_infrastructure/clk_pll_i
    BUFGCTRL_X0Y16       BUFG (Prop_bufg_I_O)         0.026    -0.422 r  memory/controller/u_davinci_ddr3_mig_mig/u_ddr3_infrastructure/u_bufg_clkdiv0/O
                         net (fo=4851, routed)        0.554     0.132    memory/controller/u_davinci_ddr3_mig_mig/u_memc_ui_top_std/mem_intfc0/ddr_phy_top0/u_ddr_calib_top/u_ddr_phy_wrcal/CLK
    SLICE_X40Y66         FDRE                                         r  memory/controller/u_davinci_ddr3_mig_mig/u_memc_ui_top_std/mem_intfc0/ddr_phy_top0/u_ddr_calib_top/u_ddr_phy_wrcal/wrcal_pat_resume_r_reg/C
  -------------------------------------------------------------------    -------------------
    SLICE_X40Y66         FDRE (Prop_fdre_C_Q)         0.141     0.273 r  memory/controller/u_davinci_ddr3_mig_mig/u_memc_ui_top_std/mem_intfc0/ddr_phy_top0/u_ddr_calib_top/u_ddr_phy_wrcal/wrcal_pat_resume_r_reg/Q
                         net (fo=2, routed)           0.131     0.404    memory/controller/u_davinci_ddr3_mig_mig/u_memc_ui_top_std/mem_intfc0/ddr_phy_top0/u_ddr_calib_top/u_ddr_phy_wrcal/wrcal_pat_resume_r
    SLICE_X38Y65         SRL16E                                       r  memory/controller/u_davinci_ddr3_mig_mig/u_memc_ui_top_std/mem_intfc0/ddr_phy_top0/u_ddr_calib_top/u_ddr_phy_wrcal/wrcal_pat_resume_r2_reg_srl2/D
  -------------------------------------------------------------------    -------------------

                         (clock clk_pll_i_1 rise edge)
                                                      0.000     0.000 r  
    R4                                                0.000     0.000 r  sys_clk (IN)
                         net (fo=0)                   0.000     0.000    sys_clk
    R4                   IBUF (Prop_ibuf_I_O)         0.457     0.457 r  sys_clk_IBUF_inst/O
                         net (fo=1, routed)           0.480     0.937    multiplied_clock.clock_generator/sys_clk_IBUF
    MMCME2_ADV_X1Y0      MMCME2_ADV (Prop_mmcme2_adv_CLKIN1_CLKOUT1)
                                                     -3.142    -2.205 r  multiplied_clock.clock_generator/mmcm/CLKOUT1
                         net (fo=1, routed)           0.530    -1.676    multiplied_clock.clock_generator/ddr_ref_raw
    BUFGCTRL_X0Y1        BUFG (Prop_bufg_I_O)         0.029    -1.647 r  multiplied_clock.clock_generator/ddr_ref_buffer/O
                         net (fo=63, routed)          0.820    -0.827    memory/controller/u_davinci_ddr3_mig_mig/u_ddr3_infrastructure/mmcm_clk
    PLLE2_ADV_X1Y1       PLLE2_ADV (Prop_plle2_adv_CLKIN1_CLKOUT3)
                                                      0.053    -0.774 r  memory/controller/u_davinci_ddr3_mig_mig/u_ddr3_infrastructure/plle2_i/CLKOUT3
                         net (fo=1, routed)           0.423    -0.351    memory/controller/u_davinci_ddr3_mig_mig/u_ddr3_infrastructure/pll_clk3_out
    BUFHCE_X1Y12         BUFH (Prop_bufh_I_O)         0.043    -0.308 r  memory/controller/u_davinci_ddr3_mig_mig/u_ddr3_infrastructure/u_bufh_pll_clk3/O
                         net (fo=1, routed)           0.483     0.175    memory/controller/u_davinci_ddr3_mig_mig/u_ddr3_infrastructure/pll_clk3
    MMCME2_ADV_X1Y1      MMCME2_ADV (Prop_mmcme2_adv_CLKIN1_CLKFBOUT)
                                                     -1.371    -1.196 r  memory/controller/u_davinci_ddr3_mig_mig/u_ddr3_infrastructure/gen_mmcm.mmcm_i/CLKFBOUT
                         net (fo=1, routed)           0.530    -0.667    memory/controller/u_davinci_ddr3_mig_mig/u_ddr3_infrastructure/clk_pll_i
    BUFGCTRL_X0Y16       BUFG (Prop_bufg_I_O)         0.029    -0.638 r  memory/controller/u_davinci_ddr3_mig_mig/u_ddr3_infrastructure/u_bufg_clkdiv0/O
                         net (fo=4851, routed)        0.822     0.184    memory/controller/u_davinci_ddr3_mig_mig/u_memc_ui_top_std/mem_intfc0/ddr_phy_top0/u_ddr_calib_top/u_ddr_phy_wrcal/CLK
    SLICE_X38Y65         SRL16E                                       r  memory/controller/u_davinci_ddr3_mig_mig/u_memc_ui_top_std/mem_intfc0/ddr_phy_top0/u_ddr_calib_top/u_ddr_phy_wrcal/wrcal_pat_resume_r2_reg_srl2/CLK
                         clock pessimism             -0.018     0.166    
    SLICE_X38Y65         SRL16E (Hold_srl16e_CLK_D)
                                                      0.183     0.349    memory/controller/u_davinci_ddr3_mig_mig/u_memc_ui_top_std/mem_intfc0/ddr_phy_top0/u_ddr_calib_top/u_ddr_phy_wrcal/wrcal_pat_resume_r2_reg_srl2
  -------------------------------------------------------------------
                         required time                         -0.349    
                         arrival time                           0.404    
  -------------------------------------------------------------------
                         slack                                  0.055    





Pulse Width Checks
--------------------------------------------------------------------------------------
Clock Name:         clk_pll_i_1
Waveform(ns):       { 0.000 5.000 }
Period(ns):         10.000
Sources:            { memory/controller/u_davinci_ddr3_mig_mig/u_ddr3_infrastructure/gen_mmcm.mmcm_i/CLKFBOUT }

Check Type        Corner  Lib Pin             Reference Pin  Required(ns)  Actual(ns)  Slack(ns)  Location         Pin
Min Period        n/a     OUT_FIFO/WRCLK      n/a            5.000         10.000      5.000      OUT_FIFO_X1Y4    memory/controller/u_davinci_ddr3_mig_mig/u_memc_ui_top_std/mem_intfc0/ddr_phy_top0/u_ddr_mc_phy_wrapper/u_ddr_mc_phy/ddr_phy_4lanes_0.u_ddr_phy_4lanes/ddr_byte_lane_A.ddr_byte_lane_A/out_fifo/WRCLK
Max Period        n/a     MMCME2_ADV/CLKFBIN  n/a            100.000       10.000      90.000     MMCME2_ADV_X1Y1  memory/controller/u_davinci_ddr3_mig_mig/u_ddr3_infrastructure/gen_mmcm.mmcm_i/CLKFBIN
Low Pulse Width   Slow    OUT_FIFO/WRCLK      n/a            2.150         5.000       2.850      OUT_FIFO_X1Y4    memory/controller/u_davinci_ddr3_mig_mig/u_memc_ui_top_std/mem_intfc0/ddr_phy_top0/u_ddr_mc_phy_wrapper/u_ddr_mc_phy/ddr_phy_4lanes_0.u_ddr_phy_4lanes/ddr_byte_lane_A.ddr_byte_lane_A/out_fifo/WRCLK
High Pulse Width  Slow    OUT_FIFO/WRCLK      n/a            2.150         5.000       2.850      OUT_FIFO_X1Y4    memory/controller/u_davinci_ddr3_mig_mig/u_memc_ui_top_std/mem_intfc0/ddr_phy_top0/u_ddr_mc_phy_wrapper/u_ddr_mc_phy/ddr_phy_4lanes_0.u_ddr_phy_4lanes/ddr_byte_lane_A.ddr_byte_lane_A/out_fifo/WRCLK



---------------------------------------------------------------------------------------------------
From Clock:  pll_clkfbout_1
  To Clock:  pll_clkfbout_1

Setup :           NA  Failing Endpoints,  Worst Slack           NA  ,  Total Violation           NA
Hold  :           NA  Failing Endpoints,  Worst Slack           NA  ,  Total Violation           NA
PW    :            0  Failing Endpoints,  Worst Slack        3.751ns,  Total Violation        0.000ns
---------------------------------------------------------------------------------------------------


Pulse Width Checks
--------------------------------------------------------------------------------------
Clock Name:         pll_clkfbout_1
Waveform(ns):       { 0.000 2.500 }
Period(ns):         5.000
Sources:            { memory/controller/u_davinci_ddr3_mig_mig/u_ddr3_infrastructure/plle2_i/CLKFBOUT }

Check Type  Corner  Lib Pin             Reference Pin  Required(ns)  Actual(ns)  Slack(ns)  Location        Pin
Min Period  n/a     PLLE2_ADV/CLKFBOUT  n/a            1.249         5.000       3.751      PLLE2_ADV_X1Y1  memory/controller/u_davinci_ddr3_mig_mig/u_ddr3_infrastructure/plle2_i/CLKFBOUT
Max Period  n/a     PLLE2_ADV/CLKFBIN   n/a            52.633        5.000       47.633     PLLE2_ADV_X1Y1  memory/controller/u_davinci_ddr3_mig_mig/u_ddr3_infrastructure/plle2_i/CLKFBIN



---------------------------------------------------------------------------------------------------
From Clock:  sync_pulse_1
  To Clock:  sync_pulse_1

Setup :           NA  Failing Endpoints,  Worst Slack           NA  ,  Total Violation           NA
Hold  :           NA  Failing Endpoints,  Worst Slack           NA  ,  Total Violation           NA
PW    :            0  Failing Endpoints,  Worst Slack        1.428ns,  Total Violation        0.000ns
---------------------------------------------------------------------------------------------------


Pulse Width Checks
--------------------------------------------------------------------------------------
Clock Name:         sync_pulse_1
Waveform(ns):       { 1.094 3.594 }
Period(ns):         40.000
Sources:            { memory/controller/u_davinci_ddr3_mig_mig/u_ddr3_infrastructure/plle2_i/CLKOUT2 }

Check Type        Corner  Lib Pin               Reference Pin  Required(ns)  Actual(ns)  Slack(ns)  Location            Pin
Min Period        n/a     PLLE2_ADV/CLKOUT2     n/a            1.249         40.000      38.751     PLLE2_ADV_X1Y1      memory/controller/u_davinci_ddr3_mig_mig/u_ddr3_infrastructure/plle2_i/CLKOUT2
Max Period        n/a     PLLE2_ADV/CLKOUT2     n/a            160.000       40.000      120.000    PLLE2_ADV_X1Y1      memory/controller/u_davinci_ddr3_mig_mig/u_ddr3_infrastructure/plle2_i/CLKOUT2
High Pulse Width  Slow    PHASER_IN_PHY/SYNCIN  n/a            1.072         2.500       1.428      PHASER_IN_PHY_X1Y6  memory/controller/u_davinci_ddr3_mig_mig/u_memc_ui_top_std/mem_intfc0/ddr_phy_top0/u_ddr_mc_phy_wrapper/u_ddr_mc_phy/ddr_phy_4lanes_0.u_ddr_phy_4lanes/ddr_byte_lane_C.ddr_byte_lane_C/phaser_in_gen.phaser_in/SYNCIN



---------------------------------------------------------------------------------------------------
From Clock:  feedback_raw
  To Clock:  feedback_raw

Setup :           NA  Failing Endpoints,  Worst Slack           NA  ,  Total Violation           NA
Hold  :           NA  Failing Endpoints,  Worst Slack           NA  ,  Total Violation           NA
PW    :            0  Failing Endpoints,  Worst Slack       18.408ns,  Total Violation        0.000ns
---------------------------------------------------------------------------------------------------


Pulse Width Checks
--------------------------------------------------------------------------------------
Clock Name:         feedback_raw
Waveform(ns):       { 0.000 10.000 }
Period(ns):         20.000
Sources:            { multiplied_clock.clock_generator/mmcm/CLKFBOUT }

Check Type  Corner  Lib Pin             Reference Pin  Required(ns)  Actual(ns)  Slack(ns)  Location         Pin
Min Period  n/a     BUFG/I              n/a            1.592         20.000      18.408     BUFGCTRL_X0Y4    multiplied_clock.clock_generator/feedback_buffer/I
Max Period  n/a     MMCME2_ADV/CLKFBIN  n/a            100.000       20.000      80.000     MMCME2_ADV_X1Y0  multiplied_clock.clock_generator/mmcm/CLKFBIN



---------------------------------------------------------------------------------------------------
From Clock:  usb_clk
  To Clock:  usb_clk

Setup :            0  Failing Endpoints,  Worst Slack        0.064ns,  Total Violation        0.000ns
Hold  :            0  Failing Endpoints,  Worst Slack        0.039ns,  Total Violation        0.000ns
PW    :            0  Failing Endpoints,  Worst Slack        7.203ns,  Total Violation        0.000ns
---------------------------------------------------------------------------------------------------


Max Delay Paths
--------------------------------------------------------------------------------------
Slack (MET) :             0.064ns  (required time - arrival time)
  Source:                 synchronous.link/held_data_reg[5]/C
                            (rising edge-triggered cell FDCE clocked by usb_clk  {rise@0.000ns fall@8.333ns period=16.667ns})
  Destination:            usb_data[5]
                            (output port clocked by usb_clk  {rise@0.000ns fall@8.333ns period=16.667ns})
  Path Group:             usb_clk
  Path Type:              Max at Slow Process Corner
  Requirement:            16.667ns  (usb_clk rise@16.667ns - usb_clk rise@0.000ns)
  Data Path Delay:        3.757ns  (logic 3.756ns (99.973%)  route 0.001ns (0.027%))
  Logic Levels:           1  (OBUFT=1)
  Output Delay:           8.000ns
  Clock Path Skew:        -4.660ns (DCD - SCD + CPR)
    Destination Clock Delay (DCD):    0.000ns = ( 16.667 - 16.667 ) 
    Source Clock Delay      (SCD):    4.660ns
    Clock Pessimism Removal (CPR):    0.000ns
  Clock Uncertainty:      0.185ns  ((TSJ^2 + TIJ^2)^1/2 + DJ) / 2 + PE + UU
    Total System Jitter     (TSJ):    0.071ns
    Total Input Jitter      (TIJ):    0.000ns
    Discrete Jitter          (DJ):    0.000ns
    Phase Error              (PE):    0.000ns
    User Uncertainty         (UU):    0.150ns

    Location             Delay type                Incr(ns)  Path(ns)    Netlist Resource(s)
  -------------------------------------------------------------------    -------------------
                         (clock usb_clk rise edge)    0.000     0.000 r  
    Y4                                                0.000     0.000 r  usb_clk_60m (IN)
                         net (fo=0)                   0.000     0.000    usb_clk_60m
    Y4                   IBUF (Prop_ibuf_I_O)         1.439     1.439 r  usb_clk_60m_IBUF_inst/O
                         net (fo=1, routed)           1.689     3.127    usb_clk_60m_IBUF
    BUFGCTRL_X0Y0        BUFG (Prop_bufg_I_O)         0.081     3.208 r  synchronous.usb_clock_buffer/O
                         net (fo=1013, routed)        1.452     4.660    synchronous.link/synchronous.usb_clk
    OLOGIC_X1Y35         FDCE                                         r  synchronous.link/held_data_reg[5]/C
  -------------------------------------------------------------------    -------------------
    OLOGIC_X1Y35         FDCE (Prop_fdce_C_Q)         0.418     5.078 r  synchronous.link/held_data_reg[5]/Q
                         net (fo=1, routed)           0.001     5.079    usb_data_IOBUF[5]_inst/I
    AB1                  OBUFT (Prop_obuft_I_O)       3.338     8.417 r  usb_data_IOBUF[5]_inst/OBUFT/O
                         net (fo=1, unset)            0.000     8.417    usb_data[5]
    AB1                                                               r  usb_data[5] (INOUT)
  -------------------------------------------------------------------    -------------------

                         (clock usb_clk rise edge)   16.667    16.667 r  
                         clock pessimism              0.000    16.667    
                         clock uncertainty           -0.185    16.482    
                         output delay                -8.000     8.482    
  -------------------------------------------------------------------
                         required time                          8.482    
                         arrival time                          -8.417    
  -------------------------------------------------------------------
                         slack                                  0.064    





Min Delay Paths
--------------------------------------------------------------------------------------
Slack (MET) :             0.039ns  (arrival time - required time)
  Source:                 synchronous.link/stats_data_reg[99]/C
                            (rising edge-triggered cell FDCE clocked by usb_clk  {rise@0.000ns fall@8.333ns period=16.667ns})
  Destination:            synchronous.stats_mailbox/pending_data_reg[99]/D
                            (rising edge-triggered cell FDCE clocked by usb_clk  {rise@0.000ns fall@8.333ns period=16.667ns})
  Path Group:             usb_clk
  Path Type:              Hold (Min at Fast Process Corner)
  Requirement:            0.000ns  (usb_clk rise@0.000ns - usb_clk rise@0.000ns)
  Data Path Delay:        0.278ns  (logic 0.164ns (59.007%)  route 0.114ns (40.993%))
  Logic Levels:           0  
  Clock Path Skew:        0.013ns (DCD - SCD - CPR)
    Destination Clock Delay (DCD):    2.008ns
    Source Clock Delay      (SCD):    1.494ns
    Clock Pessimism Removal (CPR):    0.501ns
  Clock Uncertainty:      0.150ns  ((TSJ^2 + TIJ^2)^1/2 + DJ) / 2 + PE + UU
    Total System Jitter     (TSJ):    0.000ns
    Total Input Jitter      (TIJ):    0.000ns
    Discrete Jitter          (DJ):    0.000ns
    Phase Error              (PE):    0.000ns
    User Uncertainty         (UU):    0.150ns

    Location             Delay type                Incr(ns)  Path(ns)    Netlist Resource(s)
  -------------------------------------------------------------------    -------------------
                         (clock usb_clk rise edge)    0.000     0.000 r  
    Y4                                                0.000     0.000 r  usb_clk_60m (IN)
                         net (fo=0)                   0.000     0.000    usb_clk_60m
    Y4                   IBUF (Prop_ibuf_I_O)         0.275     0.275 r  usb_clk_60m_IBUF_inst/O
                         net (fo=1, routed)           0.631     0.906    usb_clk_60m_IBUF
    BUFGCTRL_X0Y0        BUFG (Prop_bufg_I_O)         0.026     0.932 r  synchronous.usb_clock_buffer/O
                         net (fo=1013, routed)        0.562     1.494    synchronous.link/synchronous.usb_clk
    SLICE_X50Y15         FDCE                                         r  synchronous.link/stats_data_reg[99]/C
  -------------------------------------------------------------------    -------------------
    SLICE_X50Y15         FDCE (Prop_fdce_C_Q)         0.164     1.658 r  synchronous.link/stats_data_reg[99]/Q
                         net (fo=1, routed)           0.114     1.772    synchronous.stats_mailbox/D[68]
    SLICE_X51Y15         FDCE                                         r  synchronous.stats_mailbox/pending_data_reg[99]/D
  -------------------------------------------------------------------    -------------------

                         (clock usb_clk rise edge)    0.000     0.000 r  
    Y4                                                0.000     0.000 r  usb_clk_60m (IN)
                         net (fo=0)                   0.000     0.000    usb_clk_60m
    Y4                   IBUF (Prop_ibuf_I_O)         0.463     0.463 r  usb_clk_60m_IBUF_inst/O
                         net (fo=1, routed)           0.685     1.148    usb_clk_60m_IBUF
    BUFGCTRL_X0Y0        BUFG (Prop_bufg_I_O)         0.029     1.177 r  synchronous.usb_clock_buffer/O
                         net (fo=1013, routed)        0.831     2.008    synchronous.stats_mailbox/synchronous.usb_clk
    SLICE_X51Y15         FDCE                                         r  synchronous.stats_mailbox/pending_data_reg[99]/C
                         clock pessimism             -0.501     1.507    
                         clock uncertainty            0.150     1.657    
    SLICE_X51Y15         FDCE (Hold_fdce_C_D)         0.076     1.733    synchronous.stats_mailbox/pending_data_reg[99]
  -------------------------------------------------------------------
                         required time                         -1.733    
                         arrival time                           1.772    
  -------------------------------------------------------------------
                         slack                                  0.039    





Pulse Width Checks
--------------------------------------------------------------------------------------
Clock Name:         usb_clk
Waveform(ns):       { 0.000 8.333 }
Period(ns):         16.667
Sources:            { usb_clk_60m }

Check Type        Corner  Lib Pin             Reference Pin  Required(ns)  Actual(ns)  Slack(ns)  Location      Pin
Min Period        n/a     RAMB36E1/CLKBWRCLK  n/a            2.170         16.667      14.497     RAMB36_X2Y3   synchronous.tx_fifo/memory_reg_0/CLKBWRCLK
Low Pulse Width   Slow    RAMD64E/CLK         n/a            1.130         8.333       7.203      SLICE_X64Y43  synchronous.rx_fifo/memory_reg_0_63_6_6/DP/CLK
High Pulse Width  Fast    RAMD64E/CLK         n/a            1.130         8.333       7.204      SLICE_X60Y42  synchronous.rx_fifo/memory_reg_0_63_0_2/RAMA/CLK



---------------------------------------------------------------------------------------------------
From Clock:  cam_clk
  To Clock:  clock_raw

Setup :            0  Failing Endpoints,  Worst Slack        0.080ns,  Total Violation        0.000ns
Hold  :            0  Failing Endpoints,  Worst Slack        0.636ns,  Total Violation        0.000ns
---------------------------------------------------------------------------------------------------


Max Delay Paths
--------------------------------------------------------------------------------------
Slack (MET) :             0.080ns  (required time - arrival time)
  Source:                 cam_vsync
                            (input port clocked by cam_clk  {rise@0.000ns fall@6.625ns period=13.250ns})
  Destination:            real_camera.pin_vsync_reg/D
                            (falling edge-triggered cell FDRE clocked by clock_raw  {rise@-1.104ns fall@5.521ns period=13.250ns})
  Path Group:             clock_raw
  Path Type:              Setup (Max at Slow Process Corner)
  Requirement:            12.146ns  (clock_raw fall@18.771ns - cam_clk fall@6.625ns)
  Data Path Delay:        2.333ns  (logic 1.396ns (59.836%)  route 0.937ns (40.164%))
  Logic Levels:           1  (IBUF=1)
  Input Delay:            10.000ns
  Clock Path Skew:        0.683ns (DCD - SCD + CPR)
    Destination Clock Delay (DCD):    0.683ns = ( 19.453 - 18.771 ) 
    Source Clock Delay      (SCD):    0.000ns = ( 6.625 - 6.625 ) 
    Clock Pessimism Removal (CPR):    0.000ns
  Clock Uncertainty:      0.404ns  ((TSJ^2 + DJ^2)^1/2) / 2 + PE + UU
    Total System Jitter     (TSJ):    0.071ns
    Discrete Jitter          (DJ):    0.114ns
    Phase Error              (PE):    0.087ns
    User Uncertainty         (UU):    0.250ns

    Location             Delay type                Incr(ns)  Path(ns)    Netlist Resource(s)
  -------------------------------------------------------------------    -------------------
                         (clock cam_clk fall edge)    6.625     6.625 f  
                         input delay                 10.000    16.625    
    E16                                               0.000    16.625 r  cam_vsync (IN)
                         net (fo=0)                   0.000    16.625    cam_vsync
    E16                  IBUF (Prop_ibuf_I_O)         1.396    18.021 r  cam_vsync_IBUF_inst/O
                         net (fo=1, routed)           0.937    18.958    cam_vsync_IBUF
    SLICE_X8Y140         FDRE                                         r  real_camera.pin_vsync_reg/D
  -------------------------------------------------------------------    -------------------

                         (clock clock_raw fall edge)
                                                     18.771    18.771 f  
    F14                                               0.000    18.771 f  cam_pclk (IN)
                         net (fo=0)                   0.000    18.771    cam_pclk
    F14                  IBUF (Prop_ibuf_I_O)         1.327    20.097 f  cam_pclk_IBUF_inst/O
                         net (fo=1, routed)           2.581    22.678    real_camera.phase_clock.sampling_clock/pclk
    MMCME2_ADV_X0Y0      MMCME2_ADV (Prop_mmcme2_adv_CLKIN1_CLKOUT0)
                                                     -6.061    16.617 f  real_camera.phase_clock.sampling_clock/camera_mmcm/CLKOUT0
                         net (fo=1, routed)           1.357    17.975    real_camera.phase_clock.sampling_clock/clock_raw
    BUFGCTRL_X0Y3        BUFG (Prop_bufg_I_O)         0.077    18.052 f  real_camera.phase_clock.sampling_clock/sample_buffer/O
                         net (fo=496, routed)         1.402    19.453    real_camera.pclk
    SLICE_X8Y140         FDRE                                         r  real_camera.pin_vsync_reg/C  (IS_INVERTED)
                         clock pessimism              0.000    19.453    
                         clock uncertainty           -0.404    19.049    
    SLICE_X8Y140         FDRE (Setup_fdre_C_D)       -0.011    19.038    real_camera.pin_vsync_reg
  -------------------------------------------------------------------
                         required time                         19.038    
                         arrival time                         -18.958    
  -------------------------------------------------------------------
                         slack                                  0.080    





Min Delay Paths
--------------------------------------------------------------------------------------
Slack (MET) :             0.636ns  (arrival time - required time)
  Source:                 cam_data[7]
                            (input port clocked by cam_clk  {rise@0.000ns fall@6.625ns period=13.250ns})
  Destination:            real_camera.pin_data_reg[7]/D
                            (falling edge-triggered cell FDRE clocked by clock_raw  {rise@-1.104ns fall@5.521ns period=13.250ns})
  Path Group:             clock_raw
  Path Type:              Hold (Min at Fast Process Corner)
  Requirement:            -1.104ns  (clock_raw fall@5.521ns - cam_clk fall@6.625ns)
  Data Path Delay:        0.524ns  (logic 0.232ns (44.351%)  route 0.292ns (55.649%))
  Logic Levels:           1  (IBUF=1)
  Input Delay:            0.000ns
  Clock Path Skew:        0.511ns (DCD - SCD - CPR)
    Destination Clock Delay (DCD):    0.511ns = ( 6.032 - 5.521 ) 
    Source Clock Delay      (SCD):    0.000ns = ( 6.625 - 6.625 ) 
    Clock Pessimism Removal (CPR):    -0.000ns
  Clock Uncertainty:      0.404ns  ((TSJ^2 + DJ^2)^1/2) / 2 + PE + UU
    Total System Jitter     (TSJ):    0.071ns
    Discrete Jitter          (DJ):    0.114ns
    Phase Error              (PE):    0.087ns
    User Uncertainty         (UU):    0.250ns

    Location             Delay type                Incr(ns)  Path(ns)    Netlist Resource(s)
  -------------------------------------------------------------------    -------------------
                         (clock cam_clk fall edge)    6.625     6.625 f  
                         input delay                  0.000     6.625    
    F13                                               0.000     6.625 r  cam_data[7] (IN)
                         net (fo=0)                   0.000     6.625    cam_data[7]
    F13                  IBUF (Prop_ibuf_I_O)         0.232     6.857 r  cam_data_IBUF[7]_inst/O
                         net (fo=1, routed)           0.292     7.149    cam_data_IBUF[7]
    SLICE_X0Y148         FDRE                                         r  real_camera.pin_data_reg[7]/D
  -------------------------------------------------------------------    -------------------

                         (clock clock_raw fall edge)
                                                      5.521     5.521 f  
    F14                                               0.000     5.521 f  cam_pclk (IN)
                         net (fo=0)                   0.000     5.521    cam_pclk
    F14                  IBUF (Prop_ibuf_I_O)         0.417     5.938 f  cam_pclk_IBUF_inst/O
                         net (fo=1, routed)           1.726     7.664    real_camera.phase_clock.sampling_clock/pclk
    MMCME2_ADV_X0Y0      MMCME2_ADV (Prop_mmcme2_adv_CLKIN1_CLKOUT0)
                                                     -3.145     4.519 f  real_camera.phase_clock.sampling_clock/camera_mmcm/CLKOUT0
                         net (fo=1, routed)           0.534     5.052    real_camera.phase_clock.sampling_clock/clock_raw
    BUFGCTRL_X0Y3        BUFG (Prop_bufg_I_O)         0.029     5.081 f  real_camera.phase_clock.sampling_clock/sample_buffer/O
                         net (fo=496, routed)         0.951     6.032    real_camera.pclk
    SLICE_X0Y148         FDRE                                         r  real_camera.pin_data_reg[7]/C  (IS_INVERTED)
                         clock pessimism              0.000     6.032    
                         clock uncertainty            0.404     6.437    
    SLICE_X0Y148         FDRE (Hold_fdre_C_D)         0.077     6.514    real_camera.pin_data_reg[7]
  -------------------------------------------------------------------
                         required time                         -6.514    
                         arrival time                           7.149    
  -------------------------------------------------------------------
                         slack                                  0.636    





---------------------------------------------------------------------------------------------------
From Clock:  core_raw
  To Clock:  clock_raw

Setup :            0  Failing Endpoints,  Worst Slack        8.790ns,  Total Violation        0.000ns
Hold  :           NA  Failing Endpoints,  Worst Slack           NA  ,  Total Violation           NA
---------------------------------------------------------------------------------------------------


Max Delay Paths
--------------------------------------------------------------------------------------
Slack (MET) :             8.790ns  (required time - arrival time)
  Source:                 real_camera.capture/pixel_fifo/rgray_reg[6]/C
                            (rising edge-triggered cell FDCE clocked by core_raw  {rise@0.000ns fall@5.000ns period=10.000ns})
  Destination:            real_camera.capture/pixel_fifo/rgray_w1_reg[6]/D
                            (falling edge-triggered cell FDCE clocked by clock_raw  {rise@-1.104ns fall@5.521ns period=13.250ns})
  Path Group:             clock_raw
  Path Type:              Setup (Max at Slow Process Corner)
  Requirement:            10.000ns  (MaxDelay Path 10.000ns)
  Data Path Delay:        1.007ns  (logic 0.348ns (34.542%)  route 0.659ns (65.458%))
  Logic Levels:           0  
  Timing Exception:       MaxDelay Path 10.000ns -datapath_only

    Location             Delay type                Incr(ns)  Path(ns)    Netlist Resource(s)
  -------------------------------------------------------------------    -------------------
    SLICE_X7Y72                                       0.000     0.000 r  real_camera.capture/pixel_fifo/rgray_reg[6]/C
    SLICE_X7Y72          FDCE (Prop_fdce_C_Q)         0.348     0.348 r  real_camera.capture/pixel_fifo/rgray_reg[6]/Q
                         net (fo=1, routed)           0.659     1.007    real_camera.capture/pixel_fifo/rgray[6]
    SLICE_X4Y76          FDCE                                         r  real_camera.capture/pixel_fifo/rgray_w1_reg[6]/D
  -------------------------------------------------------------------    -------------------

                         max delay                   10.000    10.000    
    SLICE_X4Y76          FDCE (Setup_fdce_C_D)       -0.203     9.797    real_camera.capture/pixel_fifo/rgray_w1_reg[6]
  -------------------------------------------------------------------
                         required time                          9.797    
                         arrival time                          -1.007    
  -------------------------------------------------------------------
                         slack                                  8.790    





---------------------------------------------------------------------------------------------------
From Clock:  clock_raw
  To Clock:  core_raw

Setup :            0  Failing Endpoints,  Worst Slack       11.914ns,  Total Violation        0.000ns
Hold  :           NA  Failing Endpoints,  Worst Slack           NA  ,  Total Violation           NA
---------------------------------------------------------------------------------------------------


Max Delay Paths
--------------------------------------------------------------------------------------
Slack (MET) :             11.914ns  (required time - arrival time)
  Source:                 real_camera.capture/pixel_fifo/wgray_reg[1]/C
                            (rising edge-triggered cell FDCE clocked by clock_raw'  {rise@-1.104ns fall@5.521ns period=13.250ns})
  Destination:            real_camera.capture/pixel_fifo/wgray_r1_reg[1]/D
                            (rising edge-triggered cell FDCE clocked by core_raw  {rise@0.000ns fall@5.000ns period=10.000ns})
  Path Group:             core_raw
  Path Type:              Setup (Max at Slow Process Corner)
  Requirement:            13.250ns  (MaxDelay Path 13.250ns)
  Data Path Delay:        1.128ns  (logic 0.353ns (31.294%)  route 0.775ns (68.706%))
  Logic Levels:           0  
  Timing Exception:       MaxDelay Path 13.250ns -datapath_only

    Location             Delay type                Incr(ns)  Path(ns)    Netlist Resource(s)
  -------------------------------------------------------------------    -------------------
    SLICE_X3Y74                                       0.000     0.000 r  real_camera.capture/pixel_fifo/wgray_reg[1]/C
    SLICE_X3Y74          FDCE (Prop_fdce_C_Q)         0.353     0.353 r  real_camera.capture/pixel_fifo/wgray_reg[1]/Q
                         net (fo=1, routed)           0.775     1.128    real_camera.capture/pixel_fifo/wgray[1]
    SLICE_X7Y73          FDCE                                         r  real_camera.capture/pixel_fifo/wgray_r1_reg[1]/D
  -------------------------------------------------------------------    -------------------

                         max delay                   13.250    13.250    
    SLICE_X7Y73          FDCE (Setup_fdce_C_D)       -0.208    13.042    real_camera.capture/pixel_fifo/wgray_r1_reg[1]
  -------------------------------------------------------------------
                         required time                         13.042    
                         arrival time                          -1.128    
  -------------------------------------------------------------------
                         slack                                 11.914    





---------------------------------------------------------------------------------------------------
From Clock:  clk_pll_i_1
  To Clock:  core_raw

Setup :            0  Failing Endpoints,  Worst Slack        6.268ns,  Total Violation        0.000ns
Hold  :           NA  Failing Endpoints,  Worst Slack           NA  ,  Total Violation           NA
---------------------------------------------------------------------------------------------------


Max Delay Paths
--------------------------------------------------------------------------------------
Slack (MET) :             6.268ns  (required time - arrival time)
  Source:                 memory/bridge/read_fifo/memory_reg_0_63_126_128/RAMC/CLK
                            (rising edge-triggered cell RAMD64E clocked by clk_pll_i_1  {rise@0.000ns fall@5.000ns period=10.000ns})
  Destination:            memory/bridge/busy_reg/D
                            (rising edge-triggered cell FDCE clocked by core_raw  {rise@0.000ns fall@5.000ns period=10.000ns})
  Path Group:             core_raw
  Path Type:              Setup (Max at Slow Process Corner)
  Requirement:            10.000ns  (MaxDelay Path 10.000ns)
  Data Path Delay:        3.762ns  (logic 1.609ns (42.766%)  route 2.153ns (57.234%))
  Logic Levels:           5  (LUT4=2 LUT5=2 LUT6=1)
  Timing Exception:       MaxDelay Path 10.000ns -datapath_only

    Location             Delay type                Incr(ns)  Path(ns)    Netlist Resource(s)
  -------------------------------------------------------------------    -------------------
    SLICE_X46Y91                                      0.000     0.000 r  memory/bridge/read_fifo/memory_reg_0_63_126_128/RAMC/CLK
    SLICE_X46Y91         RAMD64E (Prop_ramd64e_CLK_O)
                                                      1.084     1.084 r  memory/bridge/read_fifo/memory_reg_0_63_126_128/RAMC/O
                         net (fo=1, routed)           0.785     1.869    memory/bridge/read_fifo/memory_reg_0_63_126_128_n_2
    SLICE_X41Y94         LUT4 (Prop_lut4_I3_O)        0.105     1.974 r  memory/bridge/read_fifo/read_consumed_i_3/O
                         net (fo=2, routed)           0.325     2.299    memory/bridge/read_fifo/busy_reg_0
    SLICE_X41Y95         LUT5 (Prop_lut5_I0_O)        0.105     2.404 r  memory/bridge/read_fifo/done_i_3/O
                         net (fo=1, routed)           0.251     2.655    memory/bridge/read_fifo/done_i_3_n_0
    SLICE_X38Y95         LUT6 (Prop_lut6_I1_O)        0.105     2.760 r  memory/bridge/read_fifo/done_i_2/O
                         net (fo=2, routed)           0.464     3.224    memory/bridge/read_fifo/done_i_2_n_0
    SLICE_X37Y95         LUT5 (Prop_lut5_I1_O)        0.105     3.329 r  memory/bridge/read_fifo/busy_i_2__0/O
                         net (fo=1, routed)           0.329     3.657    memory/bridge/read_fifo_n_11
    SLICE_X36Y95         LUT4 (Prop_lut4_I2_O)        0.105     3.762 r  memory/bridge/busy_i_1/O
                         net (fo=1, routed)           0.000     3.762    memory/bridge/busy_i_1_n_0
    SLICE_X36Y95         FDCE                                         r  memory/bridge/busy_reg/D
  -------------------------------------------------------------------    -------------------

                         max delay                   10.000    10.000    
    SLICE_X36Y95         FDCE (Setup_fdce_C_D)        0.030    10.030    memory/bridge/busy_reg
  -------------------------------------------------------------------
                         required time                         10.030    
                         arrival time                          -3.762    
  -------------------------------------------------------------------
                         slack                                  6.268    





---------------------------------------------------------------------------------------------------
From Clock:  usb_clk
  To Clock:  core_raw

Setup :            0  Failing Endpoints,  Worst Slack        7.922ns,  Total Violation        0.000ns
Hold  :           NA  Failing Endpoints,  Worst Slack           NA  ,  Total Violation           NA
---------------------------------------------------------------------------------------------------


Max Delay Paths
--------------------------------------------------------------------------------------
Slack (MET) :             7.922ns  (required time - arrival time)
  Source:                 synchronous.rx_fifo/memory_reg_128_191_7_7/DP/CLK
                            (rising edge-triggered cell RAMD64E clocked by usb_clk  {rise@0.000ns fall@8.333ns period=16.667ns})
  Destination:            synchronous.rx_fifo/m_data_reg[7]/D
                            (rising edge-triggered cell FDRE clocked by core_raw  {rise@0.000ns fall@5.000ns period=10.000ns})
  Path Group:             core_raw
  Path Type:              Setup (Max at Slow Process Corner)
  Requirement:            10.000ns  (MaxDelay Path 10.000ns)
  Data Path Delay:        2.111ns  (logic 1.186ns (56.190%)  route 0.925ns (43.810%))
  Logic Levels:           1  (LUT6=1)
  Timing Exception:       MaxDelay Path 10.000ns -datapath_only

    Location             Delay type                Incr(ns)  Path(ns)    Netlist Resource(s)
  -------------------------------------------------------------------    -------------------
    SLICE_X64Y41                                      0.000     0.000 r  synchronous.rx_fifo/memory_reg_128_191_7_7/DP/CLK
    SLICE_X64Y41         RAMD64E (Prop_ramd64e_CLK_O)
                                                      1.081     1.081 r  synchronous.rx_fifo/memory_reg_128_191_7_7/DP/O
                         net (fo=1, routed)           0.925     2.006    synchronous.rx_fifo/memory_reg_128_191_7_7_n_0
    SLICE_X61Y43         LUT6 (Prop_lut6_I1_O)        0.105     2.111 r  synchronous.rx_fifo/m_data[7]_i_2__1/O
                         net (fo=1, routed)           0.000     2.111    synchronous.rx_fifo/m_data0[7]
    SLICE_X61Y43         FDRE                                         r  synchronous.rx_fifo/m_data_reg[7]/D
  -------------------------------------------------------------------    -------------------

                         max delay                   10.000    10.000    
    SLICE_X61Y43         FDRE (Setup_fdre_C_D)        0.033    10.033    synchronous.rx_fifo/m_data_reg[7]
  -------------------------------------------------------------------
                         required time                         10.033    
                         arrival time                          -2.111    
  -------------------------------------------------------------------
                         slack                                  7.922    





---------------------------------------------------------------------------------------------------
From Clock:  clk_pll_i_1
  To Clock:  ddr_ref_raw

Setup :            0  Failing Endpoints,  Worst Slack       19.009ns,  Total Violation        0.000ns
Hold  :           NA  Failing Endpoints,  Worst Slack           NA  ,  Total Violation           NA
---------------------------------------------------------------------------------------------------


Max Delay Paths
--------------------------------------------------------------------------------------
Slack (MET) :             19.009ns  (required time - arrival time)
  Source:                 memory/controller/u_davinci_ddr3_mig_mig/u_ddr3_infrastructure/rstdiv0_sync_r1_reg_rep/C
                            (rising edge-triggered cell FDPE clocked by clk_pll_i_1  {rise@0.000ns fall@5.000ns period=10.000ns})
  Destination:            memory/controller/u_davinci_ddr3_mig_mig/temp_mon_enabled.u_tempmon/xadc_supplied_temperature.rst_r1_reg/D
                            (rising edge-triggered cell FDRE clocked by ddr_ref_raw  {rise@0.000ns fall@2.500ns period=5.000ns})
  Path Group:             ddr_ref_raw
  Path Type:              Setup (Max at Slow Process Corner)
  Requirement:            20.000ns  (MaxDelay Path 20.000ns)
  Data Path Delay:        0.916ns  (logic 0.379ns (41.367%)  route 0.537ns (58.633%))
  Logic Levels:           0  
  Timing Exception:       MaxDelay Path 20.000ns -datapath_only

    Location             Delay type                Incr(ns)  Path(ns)    Netlist Resource(s)
  -------------------------------------------------------------------    -------------------
    SLICE_X39Y67                                      0.000     0.000 r  memory/controller/u_davinci_ddr3_mig_mig/u_ddr3_infrastructure/rstdiv0_sync_r1_reg_rep/C
    SLICE_X39Y67         FDPE (Prop_fdpe_C_Q)         0.379     0.379 r  memory/controller/u_davinci_ddr3_mig_mig/u_ddr3_infrastructure/rstdiv0_sync_r1_reg_rep/Q
                         net (fo=53, routed)          0.537     0.916    memory/controller/u_davinci_ddr3_mig_mig/temp_mon_enabled.u_tempmon/in0
    SLICE_X35Y64         FDRE                                         r  memory/controller/u_davinci_ddr3_mig_mig/temp_mon_enabled.u_tempmon/xadc_supplied_temperature.rst_r1_reg/D
  -------------------------------------------------------------------    -------------------

                         max delay                   20.000    20.000    
    SLICE_X35Y64         FDRE (Setup_fdre_C_D)       -0.075    19.925    memory/controller/u_davinci_ddr3_mig_mig/temp_mon_enabled.u_tempmon/xadc_supplied_temperature.rst_r1_reg
  -------------------------------------------------------------------
                         required time                         19.925    
                         arrival time                          -0.916    
  -------------------------------------------------------------------
                         slack                                 19.009    





---------------------------------------------------------------------------------------------------
From Clock:  clk_pll_i_1
  To Clock:  u_memc_ui_top_std/mem_intfc0/ddr_phy_top0/u_ddr_mc_phy_wrapper/u_ddr_mc_phy/ddr_phy_4lanes_0.u_ddr_phy_4lanes/ddr_byte_lane_C.ddr_byte_lane_C/iserdes_clk_1

Setup :            0  Failing Endpoints,  Worst Slack        8.435ns,  Total Violation        0.000ns
Hold  :            0  Failing Endpoints,  Worst Slack       37.997ns,  Total Violation        0.000ns
---------------------------------------------------------------------------------------------------


Max Delay Paths
--------------------------------------------------------------------------------------
Slack (MET) :             8.435ns  (required time - arrival time)
  Source:                 memory/controller/u_davinci_ddr3_mig_mig/u_memc_ui_top_std/mem_intfc0/mc0/mc_read_idle_r_reg/C
                            (rising edge-triggered cell FDRE clocked by clk_pll_i_1  {rise@0.000ns fall@5.000ns period=10.000ns})
  Destination:            memory/controller/u_davinci_ddr3_mig_mig/u_memc_ui_top_std/mem_intfc0/ddr_phy_top0/u_ddr_mc_phy_wrapper/u_ddr_mc_phy/ddr_phy_4lanes_0.u_ddr_phy_4lanes/ddr_byte_lane_C.ddr_byte_lane_C/ddr_byte_group_io/input_[9].iserdes_dq_.iserdesdq/DDLY
                            (falling edge-triggered cell ISERDESE2 clocked by u_memc_ui_top_std/mem_intfc0/ddr_phy_top0/u_ddr_mc_phy_wrapper/u_ddr_mc_phy/ddr_phy_4lanes_0.u_ddr_phy_4lanes/ddr_byte_lane_C.ddr_byte_lane_C/iserdes_clk_1  {rise@0.000ns fall@1.250ns period=2.500ns})
  Path Group:             u_memc_ui_top_std/mem_intfc0/ddr_phy_top0/u_ddr_mc_phy_wrapper/u_ddr_mc_phy/ddr_phy_4lanes_0.u_ddr_phy_4lanes/ddr_byte_lane_C.ddr_byte_lane_C/iserdes_clk_1
  Path Type:              Setup (Max at Slow Process Corner)
  Requirement:            13.750ns  (u_memc_ui_top_std/mem_intfc0/ddr_phy_top0/u_ddr_mc_phy_wrapper/u_ddr_mc_phy/ddr_phy_4lanes_0.u_ddr_phy_4lanes/ddr_byte_lane_C.ddr_byte_lane_C/iserdes_clk_1 fall@13.750ns - clk_pll_i_1 rise@0.000ns)
  Data Path Delay:        5.353ns  (logic 3.357ns (62.711%)  route 1.996ns (37.289%))
  Logic Levels:           2  (IBUF_INTERMDISABLE=1 IDELAYE2=1)
  Clock Path Skew:        0.380ns (DCD - SCD + CPR)
    Destination Clock Delay (DCD):    1.332ns = ( 2.582 - 1.250 ) 
    Source Clock Delay      (SCD):    1.396ns
    Clock Pessimism Removal (CPR):    0.444ns
  Clock Uncertainty:      0.210ns  ((TSJ^2 + DJ^2)^1/2) / 2 + PE
    Total System Jitter     (TSJ):    0.071ns
    Discrete Jitter          (DJ):    0.096ns
    Phase Error              (PE):    0.150ns
  Timing Exception:       MultiCycle Path   Setup -end   6

    Location             Delay type                Incr(ns)  Path(ns)    Netlist Resource(s)
  -------------------------------------------------------------------    -------------------
                         (clock clk_pll_i_1 rise edge)
                                                      0.000     0.000 r  
    R4                                                0.000     0.000 r  sys_clk (IN)
                         net (fo=0)                   0.000     0.000    sys_clk
    R4                   IBUF (Prop_ibuf_I_O)         1.432     1.432 r  sys_clk_IBUF_inst/O
                         net (fo=1, routed)           1.065     2.497    multiplied_clock.clock_generator/sys_clk_IBUF
    MMCME2_ADV_X1Y0      MMCME2_ADV (Prop_mmcme2_adv_CLKIN1_CLKOUT1)
                                                     -5.921    -3.424 r  multiplied_clock.clock_generator/mmcm/CLKOUT1
                         net (fo=1, routed)           1.421    -2.004    multiplied_clock.clock_generator/ddr_ref_raw
    BUFGCTRL_X0Y1        BUFG (Prop_bufg_I_O)         0.081    -1.923 r  multiplied_clock.clock_generator/ddr_ref_buffer/O
                         net (fo=63, routed)          1.394    -0.528    memory/controller/u_davinci_ddr3_mig_mig/u_ddr3_infrastructure/mmcm_clk
    PLLE2_ADV_X1Y1       PLLE2_ADV (Prop_plle2_adv_CLKIN1_CLKOUT3)
                                                      0.077    -0.451 r  memory/controller/u_davinci_ddr3_mig_mig/u_ddr3_infrastructure/plle2_i/CLKOUT3
                         net (fo=1, routed)           1.062     0.611    memory/controller/u_davinci_ddr3_mig_mig/u_ddr3_infrastructure/pll_clk3_out
    BUFHCE_X1Y12         BUFH (Prop_bufh_I_O)         0.106     0.717 r  memory/controller/u_davinci_ddr3_mig_mig/u_ddr3_infrastructure/u_bufh_pll_clk3/O
                         net (fo=1, routed)           0.702     1.419    memory/controller/u_davinci_ddr3_mig_mig/u_ddr3_infrastructure/pll_clk3
    MMCME2_ADV_X1Y1      MMCME2_ADV (Prop_mmcme2_adv_CLKIN1_CLKFBOUT)
                                                     -2.874    -1.455 r  memory/controller/u_davinci_ddr3_mig_mig/u_ddr3_infrastructure/gen_mmcm.mmcm_i/CLKFBOUT
                         net (fo=1, routed)           1.421    -0.035    memory/controller/u_davinci_ddr3_mig_mig/u_ddr3_infrastructure/clk_pll_i
    BUFGCTRL_X0Y16       BUFG (Prop_bufg_I_O)         0.081     0.046 r  memory/controller/u_davinci_ddr3_mig_mig/u_ddr3_infrastructure/u_bufg_clkdiv0/O
                         net (fo=4851, routed)        1.349     1.396    memory/controller/u_davinci_ddr3_mig_mig/u_memc_ui_top_std/mem_intfc0/mc0/CLK
    SLICE_X51Y65         FDRE                                         r  memory/controller/u_davinci_ddr3_mig_mig/u_memc_ui_top_std/mem_intfc0/mc0/mc_read_idle_r_reg/C
  -------------------------------------------------------------------    -------------------
    SLICE_X51Y65         FDRE (Prop_fdre_C_Q)         0.379     1.775 r  memory/controller/u_davinci_ddr3_mig_mig/u_memc_ui_top_std/mem_intfc0/mc0/mc_read_idle_r_reg/Q
                         net (fo=36, routed)          1.996     3.771    memory/controller/u_davinci_ddr3_mig_mig/u_memc_ui_top_std/mem_intfc0/ddr_phy_top0/u_ddr_mc_phy_wrapper/gen_dq_iobuf_HR.gen_dq_iobuf[3].u_iobuf_dq/IBUFDISABLE
    K1                   IBUF_INTERMDISABLE (Prop_ibuf_intermdisable_IBUFDISABLE_O)
                                                      2.299     6.070 r  memory/controller/u_davinci_ddr3_mig_mig/u_memc_ui_top_std/mem_intfc0/ddr_phy_top0/u_ddr_mc_phy_wrapper/gen_dq_iobuf_HR.gen_dq_iobuf[3].u_iobuf_dq/IBUF/O
                         net (fo=2, routed)           0.000     6.070    memory/controller/u_davinci_ddr3_mig_mig/u_memc_ui_top_std/mem_intfc0/ddr_phy_top0/u_ddr_mc_phy_wrapper/u_ddr_mc_phy/ddr_phy_4lanes_0.u_ddr_phy_4lanes/ddr_byte_lane_C.ddr_byte_lane_C/ddr_byte_group_io/mem_dq_in[7]
    IDELAY_X1Y86         IDELAYE2 (Prop_idelaye2_IDATAIN_DATAOUT)
                                                      0.679     6.749 r  memory/controller/u_davinci_ddr3_mig_mig/u_memc_ui_top_std/mem_intfc0/ddr_phy_top0/u_ddr_mc_phy_wrapper/u_ddr_mc_phy/ddr_phy_4lanes_0.u_ddr_phy_4lanes/ddr_byte_lane_C.ddr_byte_lane_C/ddr_byte_group_io/input_[9].iserdes_dq_.idelay_dq.idelaye2/DATAOUT
                         net (fo=1, routed)           0.000     6.749    memory/controller/u_davinci_ddr3_mig_mig/u_memc_ui_top_std/mem_intfc0/ddr_phy_top0/u_ddr_mc_phy_wrapper/u_ddr_mc_phy/ddr_phy_4lanes_0.u_ddr_phy_4lanes/ddr_byte_lane_C.ddr_byte_lane_C/ddr_byte_group_io/data_in_dly_9
    ILOGIC_X1Y86         ISERDESE2                                    r  memory/controller/u_davinci_ddr3_mig_mig/u_memc_ui_top_std/mem_intfc0/ddr_phy_top0/u_ddr_mc_phy_wrapper/u_ddr_mc_phy/ddr_phy_4lanes_0.u_ddr_phy_4lanes/ddr_byte_lane_C.ddr_byte_lane_C/ddr_byte_group_io/input_[9].iserdes_dq_.iserdesdq/DDLY
  -------------------------------------------------------------------    -------------------

                         (clock u_memc_ui_top_std/mem_intfc0/ddr_phy_top0/u_ddr_mc_phy_wrapper/u_ddr_mc_phy/ddr_phy_4lanes_0.u_ddr_phy_4lanes/ddr_byte_lane_C.ddr_byte_lane_C/iserdes_clk_1 fall edge)
                                                     13.750    13.750 f  
    R4                                                0.000    13.750 f  sys_clk (IN)
                         net (fo=0)                   0.000    13.750    sys_clk
    R4                   IBUF (Prop_ibuf_I_O)         1.366    15.116 f  sys_clk_IBUF_inst/O
                         net (fo=1, routed)           1.004    16.119    multiplied_clock.clock_generator/sys_clk_IBUF
    MMCME2_ADV_X1Y0      MMCME2_ADV (Prop_mmcme2_adv_CLKIN1_CLKOUT1)
                                                     -6.057    10.062 f  multiplied_clock.clock_generator/mmcm/CLKOUT1
                         net (fo=1, routed)           1.352    11.415    multiplied_clock.clock_generator/ddr_ref_raw
    BUFGCTRL_X0Y1        BUFG (Prop_bufg_I_O)         0.077    11.492 f  multiplied_clock.clock_generator/ddr_ref_buffer/O
                         net (fo=63, routed)          1.290    12.782    memory/controller/u_davinci_ddr3_mig_mig/u_ddr3_infrastructure/mmcm_clk
    PLLE2_ADV_X1Y1       PLLE2_ADV (Prop_plle2_adv_CLKIN1_CLKOUT0)
                                                      0.073    12.855 f  memory/controller/u_davinci_ddr3_mig_mig/u_ddr3_infrastructure/plle2_i/CLKOUT0
                         net (fo=7, routed)           0.490    13.345    memory/controller/u_davinci_ddr3_mig_mig/u_memc_ui_top_std/mem_intfc0/ddr_phy_top0/u_ddr_mc_phy_wrapper/u_ddr_mc_phy/ddr_phy_4lanes_0.u_ddr_phy_4lanes/ddr_byte_lane_C.ddr_byte_lane_C/freq_refclk
    PHASER_IN_PHY_X1Y6   PHASER_IN_PHY (Prop_phaser_in_phy_FREQREFCLK_ICLK)
                                                      1.394    14.739 f  memory/controller/u_davinci_ddr3_mig_mig/u_memc_ui_top_std/mem_intfc0/ddr_phy_top0/u_ddr_mc_phy_wrapper/u_ddr_mc_phy/ddr_phy_4lanes_0.u_ddr_phy_4lanes/ddr_byte_lane_C.ddr_byte_lane_C/phaser_in_gen.phaser_in/ICLK
                         net (fo=16, routed)          0.343    15.082    memory/controller/u_davinci_ddr3_mig_mig/u_memc_ui_top_std/mem_intfc0/ddr_phy_top0/u_ddr_mc_phy_wrapper/u_ddr_mc_phy/ddr_phy_4lanes_0.u_ddr_phy_4lanes/ddr_byte_lane_C.ddr_byte_lane_C/ddr_byte_group_io/CLKB0
    ILOGIC_X1Y86         ISERDESE2                                    r  memory/controller/u_davinci_ddr3_mig_mig/u_memc_ui_top_std/mem_intfc0/ddr_phy_top0/u_ddr_mc_phy_wrapper/u_ddr_mc_phy/ddr_phy_4lanes_0.u_ddr_phy_4lanes/ddr_byte_lane_C.ddr_byte_lane_C/ddr_byte_group_io/input_[9].iserdes_dq_.iserdesdq/CLKB  (IS_INVERTED)
                         clock pessimism              0.444    15.526    
                         clock uncertainty           -0.210    15.316    
    ILOGIC_X1Y86         ISERDESE2 (Setup_iserdese2_CLKB_DDLY)
                                                     -0.132    15.184    memory/controller/u_davinci_ddr3_mig_mig/u_memc_ui_top_std/mem_intfc0/ddr_phy_top0/u_ddr_mc_phy_wrapper/u_ddr_mc_phy/ddr_phy_4lanes_0.u_ddr_phy_4lanes/ddr_byte_lane_C.ddr_byte_lane_C/ddr_byte_group_io/input_[9].iserdes_dq_.iserdesdq
  -------------------------------------------------------------------
                         required time                         15.184    
                         arrival time                          -6.749    
  -------------------------------------------------------------------
                         slack                                  8.435    





Min Delay Paths
--------------------------------------------------------------------------------------
Slack (MET) :             37.997ns  (arrival time - required time)
  Source:                 memory/controller/u_davinci_ddr3_mig_mig/u_memc_ui_top_std/mem_intfc0/mc0/mc_read_idle_r_reg/C
                            (rising edge-triggered cell FDRE clocked by clk_pll_i_1  {rise@0.000ns fall@5.000ns period=10.000ns})
  Destination:            memory/controller/u_davinci_ddr3_mig_mig/u_memc_ui_top_std/mem_intfc0/ddr_phy_top0/u_ddr_mc_phy_wrapper/u_ddr_mc_phy/ddr_phy_4lanes_0.u_ddr_phy_4lanes/ddr_byte_lane_C.ddr_byte_lane_C/ddr_byte_group_io/input_[1].iserdes_dq_.iserdesdq/DDLY
                            (rising edge-triggered cell ISERDESE2 clocked by u_memc_ui_top_std/mem_intfc0/ddr_phy_top0/u_ddr_mc_phy_wrapper/u_ddr_mc_phy/ddr_phy_4lanes_0.u_ddr_phy_4lanes/ddr_byte_lane_C.ddr_byte_lane_C/iserdes_clk_1  {rise@0.000ns fall@1.250ns period=2.500ns})
  Path Group:             u_memc_ui_top_std/mem_intfc0/ddr_phy_top0/u_ddr_mc_phy_wrapper/u_ddr_mc_phy/ddr_phy_4lanes_0.u_ddr_phy_4lanes/ddr_byte_lane_C.ddr_byte_lane_C/iserdes_clk_1
  Path Type:              Hold (Min at Fast Process Corner)
  Requirement:            -37.500ns  (u_memc_ui_top_std/mem_intfc0/ddr_phy_top0/u_ddr_mc_phy_wrapper/u_ddr_mc_phy/ddr_phy_4lanes_0.u_ddr_phy_4lanes/ddr_byte_lane_C.ddr_byte_lane_C/iserdes_clk_1 rise@12.500ns - clk_pll_i_1 rise@50.000ns)
  Data Path Delay:        1.704ns  (logic 1.068ns (62.686%)  route 0.636ns (37.314%))
  Logic Levels:           2  (IBUF_INTERMDISABLE=1 IDELAYE2=1)
  Clock Path Skew:        0.941ns (DCD - SCD - CPR)
    Destination Clock Delay (DCD):    0.840ns
    Source Clock Delay      (SCD):    0.136ns
    Clock Pessimism Removal (CPR):    -0.237ns
  Clock Uncertainty:      0.210ns  ((TSJ^2 + DJ^2)^1/2) / 2 + PE
    Total System Jitter     (TSJ):    0.071ns
    Discrete Jitter          (DJ):    0.096ns
    Phase Error              (PE):    0.150ns
  Timing Exception:       MultiCycle Path   Setup -end   6    Hold  -start 5

    Location             Delay type                Incr(ns)  Path(ns)    Netlist Resource(s)
  -------------------------------------------------------------------    -------------------
                         (clock clk_pll_i_1 rise edge)
                                                     50.000    50.000 r  
    R4                                                0.000    50.000 r  sys_clk (IN)
                         net (fo=0)                   0.000    50.000    sys_clk
    R4                   IBUF (Prop_ibuf_I_O)         0.269    50.269 r  sys_clk_IBUF_inst/O
                         net (fo=1, routed)           0.440    50.709    multiplied_clock.clock_generator/sys_clk_IBUF
    MMCME2_ADV_X1Y0      MMCME2_ADV (Prop_mmcme2_adv_CLKIN1_CLKOUT1)
                                                     -2.360    48.349 r  multiplied_clock.clock_generator/mmcm/CLKOUT1
                         net (fo=1, routed)           0.486    48.835    multiplied_clock.clock_generator/ddr_ref_raw
    BUFGCTRL_X0Y1        BUFG (Prop_bufg_I_O)         0.026    48.861 r  multiplied_clock.clock_generator/ddr_ref_buffer/O
                         net (fo=63, routed)          0.552    49.413    memory/controller/u_davinci_ddr3_mig_mig/u_ddr3_infrastructure/mmcm_clk
    PLLE2_ADV_X1Y1       PLLE2_ADV (Prop_plle2_adv_CLKIN1_CLKOUT3)
                                                      0.050    49.463 r  memory/controller/u_davinci_ddr3_mig_mig/u_ddr3_infrastructure/plle2_i/CLKOUT3
                         net (fo=1, routed)           0.381    49.844    memory/controller/u_davinci_ddr3_mig_mig/u_ddr3_infrastructure/pll_clk3_out
    BUFHCE_X1Y12         BUFH (Prop_bufh_I_O)         0.020    49.864 r  memory/controller/u_davinci_ddr3_mig_mig/u_ddr3_infrastructure/u_bufh_pll_clk3/O
                         net (fo=1, routed)           0.259    50.123    memory/controller/u_davinci_ddr3_mig_mig/u_ddr3_infrastructure/pll_clk3
    MMCME2_ADV_X1Y1      MMCME2_ADV (Prop_mmcme2_adv_CLKIN1_CLKFBOUT)
                                                     -1.057    49.066 r  memory/controller/u_davinci_ddr3_mig_mig/u_ddr3_infrastructure/gen_mmcm.mmcm_i/CLKFBOUT
                         net (fo=1, routed)           0.486    49.552    memory/controller/u_davinci_ddr3_mig_mig/u_ddr3_infrastructure/clk_pll_i
    BUFGCTRL_X0Y16       BUFG (Prop_bufg_I_O)         0.026    49.578 r  memory/controller/u_davinci_ddr3_mig_mig/u_ddr3_infrastructure/u_bufg_clkdiv0/O
                         net (fo=4851, routed)        0.558    50.136    memory/controller/u_davinci_ddr3_mig_mig/u_memc_ui_top_std/mem_intfc0/mc0/CLK
    SLICE_X51Y65         FDRE                                         r  memory/controller/u_davinci_ddr3_mig_mig/u_memc_ui_top_std/mem_intfc0/mc0/mc_read_idle_r_reg/C
  -------------------------------------------------------------------    -------------------
    SLICE_X51Y65         FDRE (Prop_fdre_C_Q)         0.141    50.277 r  memory/controller/u_davinci_ddr3_mig_mig/u_memc_ui_top_std/mem_intfc0/mc0/mc_read_idle_r_reg/Q
                         net (fo=36, routed)          0.636    50.913    memory/controller/u_davinci_ddr3_mig_mig/u_memc_ui_top_std/mem_intfc0/ddr_phy_top0/u_ddr_mc_phy_wrapper/gen_dq_iobuf_HR.gen_dq_iobuf[0].u_iobuf_dq/IBUFDISABLE
    H4                   IBUF_INTERMDISABLE (Prop_ibuf_intermdisable_IBUFDISABLE_O)
                                                      0.684    51.597 r  memory/controller/u_davinci_ddr3_mig_mig/u_memc_ui_top_std/mem_intfc0/ddr_phy_top0/u_ddr_mc_phy_wrapper/gen_dq_iobuf_HR.gen_dq_iobuf[0].u_iobuf_dq/IBUF/O
                         net (fo=2, routed)           0.000    51.597    memory/controller/u_davinci_ddr3_mig_mig/u_memc_ui_top_std/mem_intfc0/ddr_phy_top0/u_ddr_mc_phy_wrapper/u_ddr_mc_phy/ddr_phy_4lanes_0.u_ddr_phy_4lanes/ddr_byte_lane_C.ddr_byte_lane_C/ddr_byte_group_io/mem_dq_in[0]
    IDELAY_X1Y76         IDELAYE2 (Prop_idelaye2_IDATAIN_DATAOUT)
                                                      0.243    51.840 r  memory/controller/u_davinci_ddr3_mig_mig/u_memc_ui_top_std/mem_intfc0/ddr_phy_top0/u_ddr_mc_phy_wrapper/u_ddr_mc_phy/ddr_phy_4lanes_0.u_ddr_phy_4lanes/ddr_byte_lane_C.ddr_byte_lane_C/ddr_byte_group_io/input_[1].iserdes_dq_.idelay_dq.idelaye2/DATAOUT
                         net (fo=1, routed)           0.000    51.840    memory/controller/u_davinci_ddr3_mig_mig/u_memc_ui_top_std/mem_intfc0/ddr_phy_top0/u_ddr_mc_phy_wrapper/u_ddr_mc_phy/ddr_phy_4lanes_0.u_ddr_phy_4lanes/ddr_byte_lane_C.ddr_byte_lane_C/ddr_byte_group_io/data_in_dly_1
    ILOGIC_X1Y76         ISERDESE2                                    r  memory/controller/u_davinci_ddr3_mig_mig/u_memc_ui_top_std/mem_intfc0/ddr_phy_top0/u_ddr_mc_phy_wrapper/u_ddr_mc_phy/ddr_phy_4lanes_0.u_ddr_phy_4lanes/ddr_byte_lane_C.ddr_byte_lane_C/ddr_byte_group_io/input_[1].iserdes_dq_.iserdesdq/DDLY
  -------------------------------------------------------------------    -------------------

                         (clock u_memc_ui_top_std/mem_intfc0/ddr_phy_top0/u_ddr_mc_phy_wrapper/u_ddr_mc_phy/ddr_phy_4lanes_0.u_ddr_phy_4lanes/ddr_byte_lane_C.ddr_byte_lane_C/iserdes_clk_1 rise edge)
                                                     12.500    12.500 r  
    R4                                                0.000    12.500 r  sys_clk (IN)
                         net (fo=0)                   0.000    12.500    sys_clk
    R4                   IBUF (Prop_ibuf_I_O)         0.457    12.957 r  sys_clk_IBUF_inst/O
                         net (fo=1, routed)           0.480    13.437    multiplied_clock.clock_generator/sys_clk_IBUF
    MMCME2_ADV_X1Y0      MMCME2_ADV (Prop_mmcme2_adv_CLKIN1_CLKOUT1)
                                                     -3.142    10.295 r  multiplied_clock.clock_generator/mmcm/CLKOUT1
                         net (fo=1, routed)           0.530    10.824    multiplied_clock.clock_generator/ddr_ref_raw
    BUFGCTRL_X0Y1        BUFG (Prop_bufg_I_O)         0.029    10.853 r  multiplied_clock.clock_generator/ddr_ref_buffer/O
                         net (fo=63, routed)          0.820    11.673    memory/controller/u_davinci_ddr3_mig_mig/u_ddr3_infrastructure/mmcm_clk
    PLLE2_ADV_X1Y1       PLLE2_ADV (Prop_plle2_adv_CLKIN1_CLKOUT0)
                                                      0.053    11.726 r  memory/controller/u_davinci_ddr3_mig_mig/u_ddr3_infrastructure/plle2_i/CLKOUT0
                         net (fo=7, routed)           0.217    11.943    memory/controller/u_davinci_ddr3_mig_mig/u_memc_ui_top_std/mem_intfc0/ddr_phy_top0/u_ddr_mc_phy_wrapper/u_ddr_mc_phy/ddr_phy_4lanes_0.u_ddr_phy_4lanes/ddr_byte_lane_C.ddr_byte_lane_C/freq_refclk
    PHASER_IN_PHY_X1Y6   PHASER_IN_PHY (Prop_phaser_in_phy_FREQREFCLK_ICLK)
                                                      1.219    13.162 r  memory/controller/u_davinci_ddr3_mig_mig/u_memc_ui_top_std/mem_intfc0/ddr_phy_top0/u_ddr_mc_phy_wrapper/u_ddr_mc_phy/ddr_phy_4lanes_0.u_ddr_phy_4lanes/ddr_byte_lane_C.ddr_byte_lane_C/phaser_in_gen.phaser_in/ICLK
                         net (fo=16, routed)          0.178    13.340    memory/controller/u_davinci_ddr3_mig_mig/u_memc_ui_top_std/mem_intfc0/ddr_phy_top0/u_ddr_mc_phy_wrapper/u_ddr_mc_phy/ddr_phy_4lanes_0.u_ddr_phy_4lanes/ddr_byte_lane_C.ddr_byte_lane_C/ddr_byte_group_io/dq_gen_40.if_post_fifo_gen.if_empty_r_reg[3]
    ILOGIC_X1Y76         ISERDESE2                                    r  memory/controller/u_davinci_ddr3_mig_mig/u_memc_ui_top_std/mem_intfc0/ddr_phy_top0/u_ddr_mc_phy_wrapper/u_ddr_mc_phy/ddr_phy_4lanes_0.u_ddr_phy_4lanes/ddr_byte_lane_C.ddr_byte_lane_C/ddr_byte_group_io/input_[1].iserdes_dq_.iserdesdq/CLK
                         clock pessimism              0.237    13.577    
                         clock uncertainty            0.210    13.787    
    ILOGIC_X1Y76         ISERDESE2 (Hold_iserdese2_CLK_DDLY)
                                                      0.056    13.843    memory/controller/u_davinci_ddr3_mig_mig/u_memc_ui_top_std/mem_intfc0/ddr_phy_top0/u_ddr_mc_phy_wrapper/u_ddr_mc_phy/ddr_phy_4lanes_0.u_ddr_phy_4lanes/ddr_byte_lane_C.ddr_byte_lane_C/ddr_byte_group_io/input_[1].iserdes_dq_.iserdesdq
  -------------------------------------------------------------------
                         required time                        -13.843    
                         arrival time                          51.840    
  -------------------------------------------------------------------
                         slack                                 37.997    





---------------------------------------------------------------------------------------------------
From Clock:  clk_pll_i_1
  To Clock:  u_memc_ui_top_std/mem_intfc0/ddr_phy_top0/u_ddr_mc_phy_wrapper/u_ddr_mc_phy/ddr_phy_4lanes_0.u_ddr_phy_4lanes/ddr_byte_lane_D.ddr_byte_lane_D/iserdes_clk_1

Setup :            0  Failing Endpoints,  Worst Slack        7.352ns,  Total Violation        0.000ns
Hold  :            0  Failing Endpoints,  Worst Slack       38.578ns,  Total Violation        0.000ns
---------------------------------------------------------------------------------------------------


Max Delay Paths
--------------------------------------------------------------------------------------
Slack (MET) :             7.352ns  (required time - arrival time)
  Source:                 memory/controller/u_davinci_ddr3_mig_mig/u_memc_ui_top_std/mem_intfc0/mc0/mc_read_idle_r_reg/C
                            (rising edge-triggered cell FDRE clocked by clk_pll_i_1  {rise@0.000ns fall@5.000ns period=10.000ns})
  Destination:            memory/controller/u_davinci_ddr3_mig_mig/u_memc_ui_top_std/mem_intfc0/ddr_phy_top0/u_ddr_mc_phy_wrapper/u_ddr_mc_phy/ddr_phy_4lanes_0.u_ddr_phy_4lanes/ddr_byte_lane_D.ddr_byte_lane_D/ddr_byte_group_io/input_[9].iserdes_dq_.iserdesdq/DDLY
                            (falling edge-triggered cell ISERDESE2 clocked by u_memc_ui_top_std/mem_intfc0/ddr_phy_top0/u_ddr_mc_phy_wrapper/u_ddr_mc_phy/ddr_phy_4lanes_0.u_ddr_phy_4lanes/ddr_byte_lane_D.ddr_byte_lane_D/iserdes_clk_1  {rise@0.000ns fall@1.250ns period=2.500ns})
  Path Group:             u_memc_ui_top_std/mem_intfc0/ddr_phy_top0/u_ddr_mc_phy_wrapper/u_ddr_mc_phy/ddr_phy_4lanes_0.u_ddr_phy_4lanes/ddr_byte_lane_D.ddr_byte_lane_D/iserdes_clk_1
  Path Type:              Setup (Max at Slow Process Corner)
  Requirement:            13.750ns  (u_memc_ui_top_std/mem_intfc0/ddr_phy_top0/u_ddr_mc_phy_wrapper/u_ddr_mc_phy/ddr_phy_4lanes_0.u_ddr_phy_4lanes/ddr_byte_lane_D.ddr_byte_lane_D/iserdes_clk_1 fall@13.750ns - clk_pll_i_1 rise@0.000ns)
  Data Path Delay:        6.442ns  (logic 3.357ns (52.113%)  route 3.085ns (47.887%))
  Logic Levels:           2  (IBUF_INTERMDISABLE=1 IDELAYE2=1)
  Clock Path Skew:        0.386ns (DCD - SCD + CPR)
    Destination Clock Delay (DCD):    1.338ns = ( 2.588 - 1.250 ) 
    Source Clock Delay      (SCD):    1.396ns
    Clock Pessimism Removal (CPR):    0.444ns
  Clock Uncertainty:      0.210ns  ((TSJ^2 + DJ^2)^1/2) / 2 + PE
    Total System Jitter     (TSJ):    0.071ns
    Discrete Jitter          (DJ):    0.096ns
    Phase Error              (PE):    0.150ns
  Timing Exception:       MultiCycle Path   Setup -end   6

    Location             Delay type                Incr(ns)  Path(ns)    Netlist Resource(s)
  -------------------------------------------------------------------    -------------------
                         (clock clk_pll_i_1 rise edge)
                                                      0.000     0.000 r  
    R4                                                0.000     0.000 r  sys_clk (IN)
                         net (fo=0)                   0.000     0.000    sys_clk
    R4                   IBUF (Prop_ibuf_I_O)         1.432     1.432 r  sys_clk_IBUF_inst/O
                         net (fo=1, routed)           1.065     2.497    multiplied_clock.clock_generator/sys_clk_IBUF
    MMCME2_ADV_X1Y0      MMCME2_ADV (Prop_mmcme2_adv_CLKIN1_CLKOUT1)
                                                     -5.921    -3.424 r  multiplied_clock.clock_generator/mmcm/CLKOUT1
                         net (fo=1, routed)           1.421    -2.004    multiplied_clock.clock_generator/ddr_ref_raw
    BUFGCTRL_X0Y1        BUFG (Prop_bufg_I_O)         0.081    -1.923 r  multiplied_clock.clock_generator/ddr_ref_buffer/O
                         net (fo=63, routed)          1.394    -0.528    memory/controller/u_davinci_ddr3_mig_mig/u_ddr3_infrastructure/mmcm_clk
    PLLE2_ADV_X1Y1       PLLE2_ADV (Prop_plle2_adv_CLKIN1_CLKOUT3)
                                                      0.077    -0.451 r  memory/controller/u_davinci_ddr3_mig_mig/u_ddr3_infrastructure/plle2_i/CLKOUT3
                         net (fo=1, routed)           1.062     0.611    memory/controller/u_davinci_ddr3_mig_mig/u_ddr3_infrastructure/pll_clk3_out
    BUFHCE_X1Y12         BUFH (Prop_bufh_I_O)         0.106     0.717 r  memory/controller/u_davinci_ddr3_mig_mig/u_ddr3_infrastructure/u_bufh_pll_clk3/O
                         net (fo=1, routed)           0.702     1.419    memory/controller/u_davinci_ddr3_mig_mig/u_ddr3_infrastructure/pll_clk3
    MMCME2_ADV_X1Y1      MMCME2_ADV (Prop_mmcme2_adv_CLKIN1_CLKFBOUT)
                                                     -2.874    -1.455 r  memory/controller/u_davinci_ddr3_mig_mig/u_ddr3_infrastructure/gen_mmcm.mmcm_i/CLKFBOUT
                         net (fo=1, routed)           1.421    -0.035    memory/controller/u_davinci_ddr3_mig_mig/u_ddr3_infrastructure/clk_pll_i
    BUFGCTRL_X0Y16       BUFG (Prop_bufg_I_O)         0.081     0.046 r  memory/controller/u_davinci_ddr3_mig_mig/u_ddr3_infrastructure/u_bufg_clkdiv0/O
                         net (fo=4851, routed)        1.349     1.396    memory/controller/u_davinci_ddr3_mig_mig/u_memc_ui_top_std/mem_intfc0/mc0/CLK
    SLICE_X51Y65         FDRE                                         r  memory/controller/u_davinci_ddr3_mig_mig/u_memc_ui_top_std/mem_intfc0/mc0/mc_read_idle_r_reg/C
  -------------------------------------------------------------------    -------------------
    SLICE_X51Y65         FDRE (Prop_fdre_C_Q)         0.379     1.775 r  memory/controller/u_davinci_ddr3_mig_mig/u_memc_ui_top_std/mem_intfc0/mc0/mc_read_idle_r_reg/Q
                         net (fo=36, routed)          3.085     4.859    memory/controller/u_davinci_ddr3_mig_mig/u_memc_ui_top_std/mem_intfc0/ddr_phy_top0/u_ddr_mc_phy_wrapper/gen_dq_iobuf_HR.gen_dq_iobuf[12].u_iobuf_dq/IBUFDISABLE
    B1                   IBUF_INTERMDISABLE (Prop_ibuf_intermdisable_IBUFDISABLE_O)
                                                      2.299     7.158 r  memory/controller/u_davinci_ddr3_mig_mig/u_memc_ui_top_std/mem_intfc0/ddr_phy_top0/u_ddr_mc_phy_wrapper/gen_dq_iobuf_HR.gen_dq_iobuf[12].u_iobuf_dq/IBUF/O
                         net (fo=2, routed)           0.000     7.158    memory/controller/u_davinci_ddr3_mig_mig/u_memc_ui_top_std/mem_intfc0/ddr_phy_top0/u_ddr_mc_phy_wrapper/u_ddr_mc_phy/ddr_phy_4lanes_0.u_ddr_phy_4lanes/ddr_byte_lane_D.ddr_byte_lane_D/ddr_byte_group_io/mem_dq_in[7]
    IDELAY_X1Y98         IDELAYE2 (Prop_idelaye2_IDATAIN_DATAOUT)
                                                      0.679     7.837 r  memory/controller/u_davinci_ddr3_mig_mig/u_memc_ui_top_std/mem_intfc0/ddr_phy_top0/u_ddr_mc_phy_wrapper/u_ddr_mc_phy/ddr_phy_4lanes_0.u_ddr_phy_4lanes/ddr_byte_lane_D.ddr_byte_lane_D/ddr_byte_group_io/input_[9].iserdes_dq_.idelay_dq.idelaye2/DATAOUT
                         net (fo=1, routed)           0.000     7.837    memory/controller/u_davinci_ddr3_mig_mig/u_memc_ui_top_std/mem_intfc0/ddr_phy_top0/u_ddr_mc_phy_wrapper/u_ddr_mc_phy/ddr_phy_4lanes_0.u_ddr_phy_4lanes/ddr_byte_lane_D.ddr_byte_lane_D/ddr_byte_group_io/data_in_dly_9
    ILOGIC_X1Y98         ISERDESE2                                    r  memory/controller/u_davinci_ddr3_mig_mig/u_memc_ui_top_std/mem_intfc0/ddr_phy_top0/u_ddr_mc_phy_wrapper/u_ddr_mc_phy/ddr_phy_4lanes_0.u_ddr_phy_4lanes/ddr_byte_lane_D.ddr_byte_lane_D/ddr_byte_group_io/input_[9].iserdes_dq_.iserdesdq/DDLY
  -------------------------------------------------------------------    -------------------

                         (clock u_memc_ui_top_std/mem_intfc0/ddr_phy_top0/u_ddr_mc_phy_wrapper/u_ddr_mc_phy/ddr_phy_4lanes_0.u_ddr_phy_4lanes/ddr_byte_lane_D.ddr_byte_lane_D/iserdes_clk_1 fall edge)
                                                     13.750    13.750 f  
    R4                                                0.000    13.750 f  sys_clk (IN)
                         net (fo=0)                   0.000    13.750    sys_clk
    R4                   IBUF (Prop_ibuf_I_O)         1.366    15.116 f  sys_clk_IBUF_inst/O
                         net (fo=1, routed)           1.004    16.119    multiplied_clock.clock_generator/sys_clk_IBUF
    MMCME2_ADV_X1Y0      MMCME2_ADV (Prop_mmcme2_adv_CLKIN1_CLKOUT1)
                                                     -6.057    10.062 f  multiplied_clock.clock_generator/mmcm/CLKOUT1
                         net (fo=1, routed)           1.352    11.415    multiplied_clock.clock_generator/ddr_ref_raw
    BUFGCTRL_X0Y1        BUFG (Prop_bufg_I_O)         0.077    11.492 f  multiplied_clock.clock_generator/ddr_ref_buffer/O
                         net (fo=63, routed)          1.290    12.782    memory/controller/u_davinci_ddr3_mig_mig/u_ddr3_infrastructure/mmcm_clk
    PLLE2_ADV_X1Y1       PLLE2_ADV (Prop_plle2_adv_CLKIN1_CLKOUT0)
                                                      0.073    12.855 f  memory/controller/u_davinci_ddr3_mig_mig/u_ddr3_infrastructure/plle2_i/CLKOUT0
                         net (fo=7, routed)           0.481    13.336    memory/controller/u_davinci_ddr3_mig_mig/u_memc_ui_top_std/mem_intfc0/ddr_phy_top0/u_ddr_mc_phy_wrapper/u_ddr_mc_phy/ddr_phy_4lanes_0.u_ddr_phy_4lanes/ddr_byte_lane_D.ddr_byte_lane_D/freq_refclk
    PHASER_IN_PHY_X1Y7   PHASER_IN_PHY (Prop_phaser_in_phy_FREQREFCLK_ICLK)
                                                      1.394    14.730 f  memory/controller/u_davinci_ddr3_mig_mig/u_memc_ui_top_std/mem_intfc0/ddr_phy_top0/u_ddr_mc_phy_wrapper/u_ddr_mc_phy/ddr_phy_4lanes_0.u_ddr_phy_4lanes/ddr_byte_lane_D.ddr_byte_lane_D/phaser_in_gen.phaser_in/ICLK
                         net (fo=16, routed)          0.358    15.088    memory/controller/u_davinci_ddr3_mig_mig/u_memc_ui_top_std/mem_intfc0/ddr_phy_top0/u_ddr_mc_phy_wrapper/u_ddr_mc_phy/ddr_phy_4lanes_0.u_ddr_phy_4lanes/ddr_byte_lane_D.ddr_byte_lane_D/ddr_byte_group_io/CLKB0_4
    ILOGIC_X1Y98         ISERDESE2                                    r  memory/controller/u_davinci_ddr3_mig_mig/u_memc_ui_top_std/mem_intfc0/ddr_phy_top0/u_ddr_mc_phy_wrapper/u_ddr_mc_phy/ddr_phy_4lanes_0.u_ddr_phy_4lanes/ddr_byte_lane_D.ddr_byte_lane_D/ddr_byte_group_io/input_[9].iserdes_dq_.iserdesdq/CLKB  (IS_INVERTED)
                         clock pessimism              0.444    15.532    
                         clock uncertainty           -0.210    15.322    
    ILOGIC_X1Y98         ISERDESE2 (Setup_iserdese2_CLKB_DDLY)
                                                     -0.132    15.190    memory/controller/u_davinci_ddr3_mig_mig/u_memc_ui_top_std/mem_intfc0/ddr_phy_top0/u_ddr_mc_phy_wrapper/u_ddr_mc_phy/ddr_phy_4lanes_0.u_ddr_phy_4lanes/ddr_byte_lane_D.ddr_byte_lane_D/ddr_byte_group_io/input_[9].iserdes_dq_.iserdesdq
  -------------------------------------------------------------------
                         required time                         15.190    
                         arrival time                          -7.837    
  -------------------------------------------------------------------
                         slack                                  7.352    





Min Delay Paths
--------------------------------------------------------------------------------------
Slack (MET) :             38.578ns  (arrival time - required time)
  Source:                 memory/controller/u_davinci_ddr3_mig_mig/u_memc_ui_top_std/mem_intfc0/mc0/mc_read_idle_r_reg/C
                            (rising edge-triggered cell FDRE clocked by clk_pll_i_1  {rise@0.000ns fall@5.000ns period=10.000ns})
  Destination:            memory/controller/u_davinci_ddr3_mig_mig/u_memc_ui_top_std/mem_intfc0/ddr_phy_top0/u_ddr_mc_phy_wrapper/u_ddr_mc_phy/ddr_phy_4lanes_0.u_ddr_phy_4lanes/ddr_byte_lane_D.ddr_byte_lane_D/ddr_byte_group_io/input_[2].iserdes_dq_.iserdesdq/DDLY
                            (rising edge-triggered cell ISERDESE2 clocked by u_memc_ui_top_std/mem_intfc0/ddr_phy_top0/u_ddr_mc_phy_wrapper/u_ddr_mc_phy/ddr_phy_4lanes_0.u_ddr_phy_4lanes/ddr_byte_lane_D.ddr_byte_lane_D/iserdes_clk_1  {rise@0.000ns fall@1.250ns period=2.500ns})
  Path Group:             u_memc_ui_top_std/mem_intfc0/ddr_phy_top0/u_ddr_mc_phy_wrapper/u_ddr_mc_phy/ddr_phy_4lanes_0.u_ddr_phy_4lanes/ddr_byte_lane_D.ddr_byte_lane_D/iserdes_clk_1
  Path Type:              Hold (Min at Fast Process Corner)
  Requirement:            -37.500ns  (u_memc_ui_top_std/mem_intfc0/ddr_phy_top0/u_ddr_mc_phy_wrapper/u_ddr_mc_phy/ddr_phy_4lanes_0.u_ddr_phy_4lanes/ddr_byte_lane_D.ddr_byte_lane_D/iserdes_clk_1 rise@12.500ns - clk_pll_i_1 rise@50.000ns)
  Data Path Delay:        2.284ns  (logic 1.068ns (46.763%)  route 1.216ns (53.237%))
  Logic Levels:           2  (IBUF_INTERMDISABLE=1 IDELAYE2=1)
  Clock Path Skew:        0.940ns (DCD - SCD - CPR)
    Destination Clock Delay (DCD):    0.839ns
    Source Clock Delay      (SCD):    0.136ns
    Clock Pessimism Removal (CPR):    -0.237ns
  Clock Uncertainty:      0.210ns  ((TSJ^2 + DJ^2)^1/2) / 2 + PE
    Total System Jitter     (TSJ):    0.071ns
    Discrete Jitter          (DJ):    0.096ns
    Phase Error              (PE):    0.150ns
  Timing Exception:       MultiCycle Path   Setup -end   6    Hold  -start 5

    Location             Delay type                Incr(ns)  Path(ns)    Netlist Resource(s)
  -------------------------------------------------------------------    -------------------
                         (clock clk_pll_i_1 rise edge)
                                                     50.000    50.000 r  
    R4                                                0.000    50.000 r  sys_clk (IN)
                         net (fo=0)                   0.000    50.000    sys_clk
    R4                   IBUF (Prop_ibuf_I_O)         0.269    50.269 r  sys_clk_IBUF_inst/O
                         net (fo=1, routed)           0.440    50.709    multiplied_clock.clock_generator/sys_clk_IBUF
    MMCME2_ADV_X1Y0      MMCME2_ADV (Prop_mmcme2_adv_CLKIN1_CLKOUT1)
                                                     -2.360    48.349 r  multiplied_clock.clock_generator/mmcm/CLKOUT1
                         net (fo=1, routed)           0.486    48.835    multiplied_clock.clock_generator/ddr_ref_raw
    BUFGCTRL_X0Y1        BUFG (Prop_bufg_I_O)         0.026    48.861 r  multiplied_clock.clock_generator/ddr_ref_buffer/O
                         net (fo=63, routed)          0.552    49.413    memory/controller/u_davinci_ddr3_mig_mig/u_ddr3_infrastructure/mmcm_clk
    PLLE2_ADV_X1Y1       PLLE2_ADV (Prop_plle2_adv_CLKIN1_CLKOUT3)
                                                      0.050    49.463 r  memory/controller/u_davinci_ddr3_mig_mig/u_ddr3_infrastructure/plle2_i/CLKOUT3
                         net (fo=1, routed)           0.381    49.844    memory/controller/u_davinci_ddr3_mig_mig/u_ddr3_infrastructure/pll_clk3_out
    BUFHCE_X1Y12         BUFH (Prop_bufh_I_O)         0.020    49.864 r  memory/controller/u_davinci_ddr3_mig_mig/u_ddr3_infrastructure/u_bufh_pll_clk3/O
                         net (fo=1, routed)           0.259    50.123    memory/controller/u_davinci_ddr3_mig_mig/u_ddr3_infrastructure/pll_clk3
    MMCME2_ADV_X1Y1      MMCME2_ADV (Prop_mmcme2_adv_CLKIN1_CLKFBOUT)
                                                     -1.057    49.066 r  memory/controller/u_davinci_ddr3_mig_mig/u_ddr3_infrastructure/gen_mmcm.mmcm_i/CLKFBOUT
                         net (fo=1, routed)           0.486    49.552    memory/controller/u_davinci_ddr3_mig_mig/u_ddr3_infrastructure/clk_pll_i
    BUFGCTRL_X0Y16       BUFG (Prop_bufg_I_O)         0.026    49.578 r  memory/controller/u_davinci_ddr3_mig_mig/u_ddr3_infrastructure/u_bufg_clkdiv0/O
                         net (fo=4851, routed)        0.558    50.136    memory/controller/u_davinci_ddr3_mig_mig/u_memc_ui_top_std/mem_intfc0/mc0/CLK
    SLICE_X51Y65         FDRE                                         r  memory/controller/u_davinci_ddr3_mig_mig/u_memc_ui_top_std/mem_intfc0/mc0/mc_read_idle_r_reg/C
  -------------------------------------------------------------------    -------------------
    SLICE_X51Y65         FDRE (Prop_fdre_C_Q)         0.141    50.277 r  memory/controller/u_davinci_ddr3_mig_mig/u_memc_ui_top_std/mem_intfc0/mc0/mc_read_idle_r_reg/Q
                         net (fo=36, routed)          1.216    51.493    memory/controller/u_davinci_ddr3_mig_mig/u_memc_ui_top_std/mem_intfc0/ddr_phy_top0/u_ddr_mc_phy_wrapper/gen_dq_iobuf_HR.gen_dq_iobuf[9].u_iobuf_dq/IBUFDISABLE
    F1                   IBUF_INTERMDISABLE (Prop_ibuf_intermdisable_IBUFDISABLE_O)
                                                      0.684    52.177 r  memory/controller/u_davinci_ddr3_mig_mig/u_memc_ui_top_std/mem_intfc0/ddr_phy_top0/u_ddr_mc_phy_wrapper/gen_dq_iobuf_HR.gen_dq_iobuf[9].u_iobuf_dq/IBUF/O
                         net (fo=2, routed)           0.000    52.177    memory/controller/u_davinci_ddr3_mig_mig/u_memc_ui_top_std/mem_intfc0/ddr_phy_top0/u_ddr_mc_phy_wrapper/u_ddr_mc_phy/ddr_phy_4lanes_0.u_ddr_phy_4lanes/ddr_byte_lane_D.ddr_byte_lane_D/ddr_byte_group_io/mem_dq_in[1]
    IDELAY_X1Y89         IDELAYE2 (Prop_idelaye2_IDATAIN_DATAOUT)
                                                      0.243    52.420 r  memory/controller/u_davinci_ddr3_mig_mig/u_memc_ui_top_std/mem_intfc0/ddr_phy_top0/u_ddr_mc_phy_wrapper/u_ddr_mc_phy/ddr_phy_4lanes_0.u_ddr_phy_4lanes/ddr_byte_lane_D.ddr_byte_lane_D/ddr_byte_group_io/input_[2].iserdes_dq_.idelay_dq.idelaye2/DATAOUT
                         net (fo=1, routed)           0.000    52.420    memory/controller/u_davinci_ddr3_mig_mig/u_memc_ui_top_std/mem_intfc0/ddr_phy_top0/u_ddr_mc_phy_wrapper/u_ddr_mc_phy/ddr_phy_4lanes_0.u_ddr_phy_4lanes/ddr_byte_lane_D.ddr_byte_lane_D/ddr_byte_group_io/data_in_dly_2
    ILOGIC_X1Y89         ISERDESE2                                    r  memory/controller/u_davinci_ddr3_mig_mig/u_memc_ui_top_std/mem_intfc0/ddr_phy_top0/u_ddr_mc_phy_wrapper/u_ddr_mc_phy/ddr_phy_4lanes_0.u_ddr_phy_4lanes/ddr_byte_lane_D.ddr_byte_lane_D/ddr_byte_group_io/input_[2].iserdes_dq_.iserdesdq/DDLY
  -------------------------------------------------------------------    -------------------

                         (clock u_memc_ui_top_std/mem_intfc0/ddr_phy_top0/u_ddr_mc_phy_wrapper/u_ddr_mc_phy/ddr_phy_4lanes_0.u_ddr_phy_4lanes/ddr_byte_lane_D.ddr_byte_lane_D/iserdes_clk_1 rise edge)
                                                     12.500    12.500 r  
    R4                                                0.000    12.500 r  sys_clk (IN)
                         net (fo=0)                   0.000    12.500    sys_clk
    R4                   IBUF (Prop_ibuf_I_O)         0.457    12.957 r  sys_clk_IBUF_inst/O
                         net (fo=1, routed)           0.480    13.437    multiplied_clock.clock_generator/sys_clk_IBUF
    MMCME2_ADV_X1Y0      MMCME2_ADV (Prop_mmcme2_adv_CLKIN1_CLKOUT1)
                                                     -3.142    10.295 r  multiplied_clock.clock_generator/mmcm/CLKOUT1
                         net (fo=1, routed)           0.530    10.824    multiplied_clock.clock_generator/ddr_ref_raw
    BUFGCTRL_X0Y1        BUFG (Prop_bufg_I_O)         0.029    10.853 r  multiplied_clock.clock_generator/ddr_ref_buffer/O
                         net (fo=63, routed)          0.820    11.673    memory/controller/u_davinci_ddr3_mig_mig/u_ddr3_infrastructure/mmcm_clk
    PLLE2_ADV_X1Y1       PLLE2_ADV (Prop_plle2_adv_CLKIN1_CLKOUT0)
                                                      0.053    11.726 r  memory/controller/u_davinci_ddr3_mig_mig/u_ddr3_infrastructure/plle2_i/CLKOUT0
                         net (fo=7, routed)           0.211    11.937    memory/controller/u_davinci_ddr3_mig_mig/u_memc_ui_top_std/mem_intfc0/ddr_phy_top0/u_ddr_mc_phy_wrapper/u_ddr_mc_phy/ddr_phy_4lanes_0.u_ddr_phy_4lanes/ddr_byte_lane_D.ddr_byte_lane_D/freq_refclk
    PHASER_IN_PHY_X1Y7   PHASER_IN_PHY (Prop_phaser_in_phy_FREQREFCLK_ICLK)
                                                      1.219    13.156 r  memory/controller/u_davinci_ddr3_mig_mig/u_memc_ui_top_std/mem_intfc0/ddr_phy_top0/u_ddr_mc_phy_wrapper/u_ddr_mc_phy/ddr_phy_4lanes_0.u_ddr_phy_4lanes/ddr_byte_lane_D.ddr_byte_lane_D/phaser_in_gen.phaser_in/ICLK
                         net (fo=16, routed)          0.183    13.339    memory/controller/u_davinci_ddr3_mig_mig/u_memc_ui_top_std/mem_intfc0/ddr_phy_top0/u_ddr_mc_phy_wrapper/u_ddr_mc_phy/ddr_phy_4lanes_0.u_ddr_phy_4lanes/ddr_byte_lane_D.ddr_byte_lane_D/ddr_byte_group_io/dq_gen_40.if_post_fifo_gen.if_empty_r_reg[3]
    ILOGIC_X1Y89         ISERDESE2                                    r  memory/controller/u_davinci_ddr3_mig_mig/u_memc_ui_top_std/mem_intfc0/ddr_phy_top0/u_ddr_mc_phy_wrapper/u_ddr_mc_phy/ddr_phy_4lanes_0.u_ddr_phy_4lanes/ddr_byte_lane_D.ddr_byte_lane_D/ddr_byte_group_io/input_[2].iserdes_dq_.iserdesdq/CLK
                         clock pessimism              0.237    13.576    
                         clock uncertainty            0.210    13.786    
    ILOGIC_X1Y89         ISERDESE2 (Hold_iserdese2_CLK_DDLY)
                                                      0.056    13.842    memory/controller/u_davinci_ddr3_mig_mig/u_memc_ui_top_std/mem_intfc0/ddr_phy_top0/u_ddr_mc_phy_wrapper/u_ddr_mc_phy/ddr_phy_4lanes_0.u_ddr_phy_4lanes/ddr_byte_lane_D.ddr_byte_lane_D/ddr_byte_group_io/input_[2].iserdes_dq_.iserdesdq
  -------------------------------------------------------------------
                         required time                        -13.842    
                         arrival time                          52.420    
  -------------------------------------------------------------------
                         slack                                 38.578    





---------------------------------------------------------------------------------------------------
From Clock:  sync_pulse_1
  To Clock:  mem_refclk_1

Setup :            0  Failing Endpoints,  Worst Slack        0.994ns,  Total Violation        0.000ns
Hold  :            0  Failing Endpoints,  Worst Slack        0.690ns,  Total Violation        0.000ns
---------------------------------------------------------------------------------------------------


Max Delay Paths
--------------------------------------------------------------------------------------
Slack (MET) :             0.994ns  (required time - arrival time)
  Source:                 memory/controller/u_davinci_ddr3_mig_mig/u_ddr3_infrastructure/plle2_i/CLKOUT2
                            (clock source 'sync_pulse_1'  {rise@1.094ns fall@3.594ns period=40.000ns})
  Destination:            memory/controller/u_davinci_ddr3_mig_mig/u_memc_ui_top_std/mem_intfc0/ddr_phy_top0/u_ddr_mc_phy_wrapper/u_ddr_mc_phy/ddr_phy_4lanes_0.u_ddr_phy_4lanes/phy_control_i/SYNCIN
                            (rising edge-triggered cell PHY_CONTROL clocked by mem_refclk_1  {rise@0.000ns fall@1.250ns period=2.500ns})
  Path Group:             mem_refclk_1
  Path Type:              Setup (Max at Slow Process Corner)
  Requirement:            1.406ns  (mem_refclk_1 rise@2.500ns - sync_pulse_1 rise@1.094ns)
  Data Path Delay:        0.528ns  (logic 0.000ns (0.000%)  route 0.528ns (100.000%))
  Logic Levels:           0  
  Clock Path Skew:        0.501ns (DCD - SCD + CPR)
    Destination Clock Delay (DCD):    -0.394ns = ( 2.106 - 2.500 ) 
    Source Clock Delay      (SCD):    -0.451ns = ( 0.642 - 1.094 ) 
    Clock Pessimism Removal (CPR):    0.444ns
  Clock Uncertainty:      0.203ns  ((TSJ^2 + DJ^2)^1/2) / 2 + PE
    Total System Jitter     (TSJ):    0.071ns
    Discrete Jitter          (DJ):    0.150ns
    Phase Error              (PE):    0.120ns

    Location             Delay type                Incr(ns)  Path(ns)    Netlist Resource(s)
  -------------------------------------------------------------------    -------------------
                         (clock sync_pulse_1 rise edge)
                                                      1.094     1.094 r  
    R4                                                0.000     1.094 r  sys_clk (IN)
                         net (fo=0)                   0.000     1.094    sys_clk
    R4                   IBUF (Prop_ibuf_I_O)         1.432     2.526 r  sys_clk_IBUF_inst/O
                         net (fo=1, routed)           1.065     3.591    multiplied_clock.clock_generator/sys_clk_IBUF
    MMCME2_ADV_X1Y0      MMCME2_ADV (Prop_mmcme2_adv_CLKIN1_CLKOUT1)
                                                     -5.921    -2.331 r  multiplied_clock.clock_generator/mmcm/CLKOUT1
                         net (fo=1, routed)           1.421    -0.910    multiplied_clock.clock_generator/ddr_ref_raw
    BUFGCTRL_X0Y1        BUFG (Prop_bufg_I_O)         0.081    -0.829 r  multiplied_clock.clock_generator/ddr_ref_buffer/O
                         net (fo=63, routed)          1.394     0.565    memory/controller/u_davinci_ddr3_mig_mig/u_ddr3_infrastructure/mmcm_clk
  -------------------------------------------------------------------    -------------------
    PLLE2_ADV_X1Y1       PLLE2_ADV (Prop_plle2_adv_CLKIN1_CLKOUT2)
                                                      0.077     0.642 r  memory/controller/u_davinci_ddr3_mig_mig/u_ddr3_infrastructure/plle2_i/CLKOUT2
                         net (fo=7, routed)           0.528     1.170    memory/controller/u_davinci_ddr3_mig_mig/u_memc_ui_top_std/mem_intfc0/ddr_phy_top0/u_ddr_mc_phy_wrapper/u_ddr_mc_phy/ddr_phy_4lanes_0.u_ddr_phy_4lanes/sync_pulse
    PHY_CONTROL_X1Y1     PHY_CONTROL                                  r  memory/controller/u_davinci_ddr3_mig_mig/u_memc_ui_top_std/mem_intfc0/ddr_phy_top0/u_ddr_mc_phy_wrapper/u_ddr_mc_phy/ddr_phy_4lanes_0.u_ddr_phy_4lanes/phy_control_i/SYNCIN
  -------------------------------------------------------------------    -------------------

                         (clock mem_refclk_1 rise edge)
                                                      2.500     2.500 r  
    R4                                                0.000     2.500 r  sys_clk (IN)
                         net (fo=0)                   0.000     2.500    sys_clk
    R4                   IBUF (Prop_ibuf_I_O)         1.366     3.866 r  sys_clk_IBUF_inst/O
                         net (fo=1, routed)           1.004     4.869    multiplied_clock.clock_generator/sys_clk_IBUF
    MMCME2_ADV_X1Y0      MMCME2_ADV (Prop_mmcme2_adv_CLKIN1_CLKOUT1)
                                                     -6.057    -1.188 r  multiplied_clock.clock_generator/mmcm/CLKOUT1
                         net (fo=1, routed)           1.352     0.165    multiplied_clock.clock_generator/ddr_ref_raw
    BUFGCTRL_X0Y1        BUFG (Prop_bufg_I_O)         0.077     0.242 r  multiplied_clock.clock_generator/ddr_ref_buffer/O
                         net (fo=63, routed)          1.290     1.532    memory/controller/u_davinci_ddr3_mig_mig/u_ddr3_infrastructure/mmcm_clk
    PLLE2_ADV_X1Y1       PLLE2_ADV (Prop_plle2_adv_CLKIN1_CLKOUT1)
                                                      0.073     1.605 r  memory/controller/u_davinci_ddr3_mig_mig/u_ddr3_infrastructure/plle2_i/CLKOUT1
                         net (fo=7, routed)           0.501     2.106    memory/controller/u_davinci_ddr3_mig_mig/u_memc_ui_top_std/mem_intfc0/ddr_phy_top0/u_ddr_mc_phy_wrapper/u_ddr_mc_phy/ddr_phy_4lanes_0.u_ddr_phy_4lanes/mem_refclk
    PHY_CONTROL_X1Y1     PHY_CONTROL                                  r  memory/controller/u_davinci_ddr3_mig_mig/u_memc_ui_top_std/mem_intfc0/ddr_phy_top0/u_ddr_mc_phy_wrapper/u_ddr_mc_phy/ddr_phy_4lanes_0.u_ddr_phy_4lanes/phy_control_i/MEMREFCLK
                         clock pessimism              0.444     2.550    
                         clock uncertainty           -0.203     2.347    
    PHY_CONTROL_X1Y1     PHY_CONTROL (Setup_phy_control_MEMREFCLK_SYNCIN)
                                                     -0.182     2.165    memory/controller/u_davinci_ddr3_mig_mig/u_memc_ui_top_std/mem_intfc0/ddr_phy_top0/u_ddr_mc_phy_wrapper/u_ddr_mc_phy/ddr_phy_4lanes_0.u_ddr_phy_4lanes/phy_control_i
  -------------------------------------------------------------------
                         required time                          2.165    
                         arrival time                          -1.170    
  -------------------------------------------------------------------
                         slack                                  0.994    





Min Delay Paths
--------------------------------------------------------------------------------------
Slack (MET) :             0.690ns  (arrival time - required time)
  Source:                 memory/controller/u_davinci_ddr3_mig_mig/u_ddr3_infrastructure/plle2_i/CLKOUT2
                            (clock source 'sync_pulse_1'  {rise@1.094ns fall@3.594ns period=40.000ns})
  Destination:            memory/controller/u_davinci_ddr3_mig_mig/u_memc_ui_top_std/mem_intfc0/ddr_phy_top0/u_ddr_mc_phy_wrapper/u_ddr_mc_phy/ddr_phy_4lanes_0.u_ddr_phy_4lanes/phy_control_i/SYNCIN
                            (rising edge-triggered cell PHY_CONTROL clocked by mem_refclk_1  {rise@0.000ns fall@1.250ns period=2.500ns})
  Path Group:             mem_refclk_1
  Path Type:              Hold (Min at Slow Process Corner)
  Requirement:            -1.094ns  (mem_refclk_1 rise@2.500ns - sync_pulse_1 fall@3.594ns)
  Data Path Delay:        0.501ns  (logic 0.000ns (0.000%)  route 0.501ns (100.000%))
  Logic Levels:           0  
  Clock Path Skew:        0.528ns (DCD - SCD - CPR)
    Destination Clock Delay (DCD):    0.077ns = ( 2.577 - 2.500 ) 
    Source Clock Delay      (SCD):    -0.895ns = ( 2.699 - 3.594 ) 
    Clock Pessimism Removal (CPR):    0.444ns
  Clock Uncertainty:      0.203ns  ((TSJ^2 + DJ^2)^1/2) / 2 + PE
    Total System Jitter     (TSJ):    0.071ns
    Discrete Jitter          (DJ):    0.150ns
    Phase Error              (PE):    0.120ns

    Location             Delay type                Incr(ns)  Path(ns)    Netlist Resource(s)
  -------------------------------------------------------------------    -------------------
                         (clock sync_pulse_1 fall edge)
                                                      3.594     3.594 f  
    R4                                                0.000     3.594 f  sys_clk (IN)
                         net (fo=0)                   0.000     3.594    sys_clk
    R4                   IBUF (Prop_ibuf_I_O)         1.366     4.960 f  sys_clk_IBUF_inst/O
                         net (fo=1, routed)           1.004     5.963    multiplied_clock.clock_generator/sys_clk_IBUF
    MMCME2_ADV_X1Y0      MMCME2_ADV (Prop_mmcme2_adv_CLKIN1_CLKOUT1)
                                                     -6.057    -0.094 f  multiplied_clock.clock_generator/mmcm/CLKOUT1
                         net (fo=1, routed)           1.352     1.258    multiplied_clock.clock_generator/ddr_ref_raw
    BUFGCTRL_X0Y1        BUFG (Prop_bufg_I_O)         0.077     1.335 f  multiplied_clock.clock_generator/ddr_ref_buffer/O
                         net (fo=63, routed)          1.290     2.626    memory/controller/u_davinci_ddr3_mig_mig/u_ddr3_infrastructure/mmcm_clk
  -------------------------------------------------------------------    -------------------
    PLLE2_ADV_X1Y1       PLLE2_ADV (Prop_plle2_adv_CLKIN1_CLKOUT2)
                                                      0.073     2.699 f  memory/controller/u_davinci_ddr3_mig_mig/u_ddr3_infrastructure/plle2_i/CLKOUT2
                         net (fo=7, routed)           0.501     3.200    memory/controller/u_davinci_ddr3_mig_mig/u_memc_ui_top_std/mem_intfc0/ddr_phy_top0/u_ddr_mc_phy_wrapper/u_ddr_mc_phy/ddr_phy_4lanes_0.u_ddr_phy_4lanes/sync_pulse
    PHY_CONTROL_X1Y1     PHY_CONTROL                                  f  memory/controller/u_davinci_ddr3_mig_mig/u_memc_ui_top_std/mem_intfc0/ddr_phy_top0/u_ddr_mc_phy_wrapper/u_ddr_mc_phy/ddr_phy_4lanes_0.u_ddr_phy_4lanes/phy_control_i/SYNCIN
  -------------------------------------------------------------------    -------------------

                         (clock mem_refclk_1 rise edge)
                                                      2.500     2.500 r  
    R4                                                0.000     2.500 r  sys_clk (IN)
                         net (fo=0)                   0.000     2.500    sys_clk
    R4                   IBUF (Prop_ibuf_I_O)         1.432     3.932 r  sys_clk_IBUF_inst/O
                         net (fo=1, routed)           1.065     4.997    multiplied_clock.clock_generator/sys_clk_IBUF
    MMCME2_ADV_X1Y0      MMCME2_ADV (Prop_mmcme2_adv_CLKIN1_CLKOUT1)
                                                     -5.921    -0.924 r  multiplied_clock.clock_generator/mmcm/CLKOUT1
                         net (fo=1, routed)           1.421     0.496    multiplied_clock.clock_generator/ddr_ref_raw
    BUFGCTRL_X0Y1        BUFG (Prop_bufg_I_O)         0.081     0.577 r  multiplied_clock.clock_generator/ddr_ref_buffer/O
                         net (fo=63, routed)          1.394     1.972    memory/controller/u_davinci_ddr3_mig_mig/u_ddr3_infrastructure/mmcm_clk
    PLLE2_ADV_X1Y1       PLLE2_ADV (Prop_plle2_adv_CLKIN1_CLKOUT1)
                                                      0.077     2.049 r  memory/controller/u_davinci_ddr3_mig_mig/u_ddr3_infrastructure/plle2_i/CLKOUT1
                         net (fo=7, routed)           0.528     2.577    memory/controller/u_davinci_ddr3_mig_mig/u_memc_ui_top_std/mem_intfc0/ddr_phy_top0/u_ddr_mc_phy_wrapper/u_ddr_mc_phy/ddr_phy_4lanes_0.u_ddr_phy_4lanes/mem_refclk
    PHY_CONTROL_X1Y1     PHY_CONTROL                                  r  memory/controller/u_davinci_ddr3_mig_mig/u_memc_ui_top_std/mem_intfc0/ddr_phy_top0/u_ddr_mc_phy_wrapper/u_ddr_mc_phy/ddr_phy_4lanes_0.u_ddr_phy_4lanes/phy_control_i/MEMREFCLK
                         clock pessimism             -0.444     2.133    
                         clock uncertainty            0.203     2.336    
    PHY_CONTROL_X1Y1     PHY_CONTROL (Hold_phy_control_MEMREFCLK_SYNCIN)
                                                      0.174     2.510    memory/controller/u_davinci_ddr3_mig_mig/u_memc_ui_top_std/mem_intfc0/ddr_phy_top0/u_ddr_mc_phy_wrapper/u_ddr_mc_phy/ddr_phy_4lanes_0.u_ddr_phy_4lanes/phy_control_i
  -------------------------------------------------------------------
                         required time                         -2.510    
                         arrival time                           3.200    
  -------------------------------------------------------------------
                         slack                                  0.690    





---------------------------------------------------------------------------------------------------
From Clock:  oserdes_clk_4
  To Clock:  oserdes_clkdiv_4

Setup :            0  Failing Endpoints,  Worst Slack        1.703ns,  Total Violation        0.000ns
Hold  :            0  Failing Endpoints,  Worst Slack        0.093ns,  Total Violation        0.000ns
---------------------------------------------------------------------------------------------------


Max Delay Paths
--------------------------------------------------------------------------------------
Slack (MET) :             1.703ns  (required time - arrival time)
  Source:                 memory/controller/u_davinci_ddr3_mig_mig/u_memc_ui_top_std/mem_intfc0/ddr_phy_top0/u_ddr_mc_phy_wrapper/u_ddr_mc_phy/ddr_phy_4lanes_0.u_ddr_phy_4lanes/ddr_byte_lane_A.ddr_byte_lane_A/phaser_out/OCLK
                            (rising edge-triggered cell PHASER_OUT_PHY clocked by oserdes_clk_4  {rise@0.000ns fall@1.250ns period=2.500ns})
  Destination:            memory/controller/u_davinci_ddr3_mig_mig/u_memc_ui_top_std/mem_intfc0/ddr_phy_top0/u_ddr_mc_phy_wrapper/u_ddr_mc_phy/ddr_phy_4lanes_0.u_ddr_phy_4lanes/ddr_byte_lane_A.ddr_byte_lane_A/out_fifo/RDEN
                            (rising edge-triggered cell OUT_FIFO clocked by oserdes_clkdiv_4  {rise@0.000ns fall@5.000ns period=10.000ns})
  Path Group:             oserdes_clkdiv_4
  Path Type:              Setup (Max at Slow Process Corner)
  Requirement:            2.500ns  (oserdes_clkdiv_4 rise@10.000ns - oserdes_clk_4 rise@7.500ns)
  Data Path Delay:        0.301ns  (logic 0.301ns (100.000%)  route 0.000ns (0.000%))
  Logic Levels:           0  
  Clock Path Skew:        0.133ns (DCD - SCD + CPR)
    Destination Clock Delay (DCD):    1.761ns = ( 11.761 - 10.000 ) 
    Source Clock Delay      (SCD):    2.154ns = ( 9.654 - 7.500 ) 
    Clock Pessimism Removal (CPR):    0.526ns
  Clock Uncertainty:      0.056ns  ((TSJ^2 + DJ^2)^1/2) / 2 + PE
    Total System Jitter     (TSJ):    0.071ns
    Discrete Jitter          (DJ):    0.087ns
    Phase Error              (PE):    0.000ns

    Location             Delay type                Incr(ns)  Path(ns)    Netlist Resource(s)
  -------------------------------------------------------------------    -------------------
                         (clock oserdes_clk_4 rise edge)
                                                      7.500     7.500 r  
    R4                                                0.000     7.500 r  sys_clk (IN)
                         net (fo=0)                   0.000     7.500    sys_clk
    R4                   IBUF (Prop_ibuf_I_O)         1.432     8.932 r  sys_clk_IBUF_inst/O
                         net (fo=1, routed)           1.065     9.997    multiplied_clock.clock_generator/sys_clk_IBUF
    MMCME2_ADV_X1Y0      MMCME2_ADV (Prop_mmcme2_adv_CLKIN1_CLKOUT1)
                                                     -5.921     4.076 r  multiplied_clock.clock_generator/mmcm/CLKOUT1
                         net (fo=1, routed)           1.421     5.496    multiplied_clock.clock_generator/ddr_ref_raw
    BUFGCTRL_X0Y1        BUFG (Prop_bufg_I_O)         0.081     5.577 r  multiplied_clock.clock_generator/ddr_ref_buffer/O
                         net (fo=63, routed)          1.394     6.972    memory/controller/u_davinci_ddr3_mig_mig/u_ddr3_infrastructure/mmcm_clk
    PLLE2_ADV_X1Y1       PLLE2_ADV (Prop_plle2_adv_CLKIN1_CLKOUT1)
                                                      0.077     7.049 r  memory/controller/u_davinci_ddr3_mig_mig/u_ddr3_infrastructure/plle2_i/CLKOUT1
                         net (fo=7, routed)           0.522     7.571    memory/controller/u_davinci_ddr3_mig_mig/u_memc_ui_top_std/mem_intfc0/ddr_phy_top0/u_ddr_mc_phy_wrapper/u_ddr_mc_phy/ddr_phy_4lanes_0.u_ddr_phy_4lanes/ddr_byte_lane_A.ddr_byte_lane_A/mem_refclk
    PHASER_OUT_PHY_X1Y4  PHASER_OUT_PHY (Prop_phaser_out_phy_MEMREFCLK_OCLK)
                                                      2.083     9.654 r  memory/controller/u_davinci_ddr3_mig_mig/u_memc_ui_top_std/mem_intfc0/ddr_phy_top0/u_ddr_mc_phy_wrapper/u_ddr_mc_phy/ddr_phy_4lanes_0.u_ddr_phy_4lanes/ddr_byte_lane_A.ddr_byte_lane_A/phaser_out/OCLK
  -------------------------------------------------------------------    -------------------
    PHASER_OUT_PHY_X1Y4  PHASER_OUT_PHY (Prop_phaser_out_phy_OCLK_RDENABLE)
                                                      0.301     9.955 r  memory/controller/u_davinci_ddr3_mig_mig/u_memc_ui_top_std/mem_intfc0/ddr_phy_top0/u_ddr_mc_phy_wrapper/u_ddr_mc_phy/ddr_phy_4lanes_0.u_ddr_phy_4lanes/ddr_byte_lane_A.ddr_byte_lane_A/phaser_out/RDENABLE
                         net (fo=1, routed)           0.000     9.955    memory/controller/u_davinci_ddr3_mig_mig/u_memc_ui_top_std/mem_intfc0/ddr_phy_top0/u_ddr_mc_phy_wrapper/u_ddr_mc_phy/ddr_phy_4lanes_0.u_ddr_phy_4lanes/ddr_byte_lane_A.ddr_byte_lane_A/po_rd_enable
    OUT_FIFO_X1Y4        OUT_FIFO                                     r  memory/controller/u_davinci_ddr3_mig_mig/u_memc_ui_top_std/mem_intfc0/ddr_phy_top0/u_ddr_mc_phy_wrapper/u_ddr_mc_phy/ddr_phy_4lanes_0.u_ddr_phy_4lanes/ddr_byte_lane_A.ddr_byte_lane_A/out_fifo/RDEN
  -------------------------------------------------------------------    -------------------

                         (clock oserdes_clkdiv_4 rise edge)
                                                     10.000    10.000 r  
    R4                                                0.000    10.000 r  sys_clk (IN)
                         net (fo=0)                   0.000    10.000    sys_clk
    R4                   IBUF (Prop_ibuf_I_O)         1.366    11.366 r  sys_clk_IBUF_inst/O
                         net (fo=1, routed)           1.004    12.369    multiplied_clock.clock_generator/sys_clk_IBUF
    MMCME2_ADV_X1Y0      MMCME2_ADV (Prop_mmcme2_adv_CLKIN1_CLKOUT1)
                                                     -6.057     6.312 r  multiplied_clock.clock_generator/mmcm/CLKOUT1
                         net (fo=1, routed)           1.352     7.665    multiplied_clock.clock_generator/ddr_ref_raw
    BUFGCTRL_X0Y1        BUFG (Prop_bufg_I_O)         0.077     7.742 r  multiplied_clock.clock_generator/ddr_ref_buffer/O
                         net (fo=63, routed)          1.290     9.032    memory/controller/u_davinci_ddr3_mig_mig/u_ddr3_infrastructure/mmcm_clk
    PLLE2_ADV_X1Y1       PLLE2_ADV (Prop_plle2_adv_CLKIN1_CLKOUT1)
                                                      0.073     9.105 r  memory/controller/u_davinci_ddr3_mig_mig/u_ddr3_infrastructure/plle2_i/CLKOUT1
                         net (fo=7, routed)           0.496     9.601    memory/controller/u_davinci_ddr3_mig_mig/u_memc_ui_top_std/mem_intfc0/ddr_phy_top0/u_ddr_mc_phy_wrapper/u_ddr_mc_phy/ddr_phy_4lanes_0.u_ddr_phy_4lanes/ddr_byte_lane_A.ddr_byte_lane_A/mem_refclk
    PHASER_OUT_PHY_X1Y4  PHASER_OUT_PHY (Prop_phaser_out_phy_MEMREFCLK_OCLK)
                                                      2.027    11.628 r  memory/controller/u_davinci_ddr3_mig_mig/u_memc_ui_top_std/mem_intfc0/ddr_phy_top0/u_ddr_mc_phy_wrapper/u_ddr_mc_phy/ddr_phy_4lanes_0.u_ddr_phy_4lanes/ddr_byte_lane_A.ddr_byte_lane_A/phaser_out/OCLK
    PHASER_OUT_PHY_X1Y4  PHASER_OUT_PHY (Prop_phaser_out_phy_OCLK_OCLKDIV)
                                                      0.133    11.761 r  memory/controller/u_davinci_ddr3_mig_mig/u_memc_ui_top_std/mem_intfc0/ddr_phy_top0/u_ddr_mc_phy_wrapper/u_ddr_mc_phy/ddr_phy_4lanes_0.u_ddr_phy_4lanes/ddr_byte_lane_A.ddr_byte_lane_A/phaser_out/OCLKDIV
                         net (fo=12, routed)          0.000    11.761    memory/controller/u_davinci_ddr3_mig_mig/u_memc_ui_top_std/mem_intfc0/ddr_phy_top0/u_ddr_mc_phy_wrapper/u_ddr_mc_phy/ddr_phy_4lanes_0.u_ddr_phy_4lanes/ddr_byte_lane_A.ddr_byte_lane_A/oserdes_clkdiv
    OUT_FIFO_X1Y4        OUT_FIFO                                     r  memory/controller/u_davinci_ddr3_mig_mig/u_memc_ui_top_std/mem_intfc0/ddr_phy_top0/u_ddr_mc_phy_wrapper/u_ddr_mc_phy/ddr_phy_4lanes_0.u_ddr_phy_4lanes/ddr_byte_lane_A.ddr_byte_lane_A/out_fifo/RDCLK
                         clock pessimism              0.526    12.287    
                         clock uncertainty           -0.056    12.231    
    OUT_FIFO_X1Y4        OUT_FIFO (Setup_out_fifo_RDCLK_RDEN)
                                                     -0.573    11.658    memory/controller/u_davinci_ddr3_mig_mig/u_memc_ui_top_std/mem_intfc0/ddr_phy_top0/u_ddr_mc_phy_wrapper/u_ddr_mc_phy/ddr_phy_4lanes_0.u_ddr_phy_4lanes/ddr_byte_lane_A.ddr_byte_lane_A/out_fifo
  -------------------------------------------------------------------
                         required time                         11.658    
                         arrival time                          -9.955    
  -------------------------------------------------------------------
                         slack                                  1.703    





Min Delay Paths
--------------------------------------------------------------------------------------
Slack (MET) :             0.093ns  (arrival time - required time)
  Source:                 memory/controller/u_davinci_ddr3_mig_mig/u_memc_ui_top_std/mem_intfc0/ddr_phy_top0/u_ddr_mc_phy_wrapper/u_ddr_mc_phy/ddr_phy_4lanes_0.u_ddr_phy_4lanes/ddr_byte_lane_A.ddr_byte_lane_A/phaser_out/OCLK
                            (rising edge-triggered cell PHASER_OUT_PHY clocked by oserdes_clk_4  {rise@0.000ns fall@1.250ns period=2.500ns})
  Destination:            memory/controller/u_davinci_ddr3_mig_mig/u_memc_ui_top_std/mem_intfc0/ddr_phy_top0/u_ddr_mc_phy_wrapper/u_ddr_mc_phy/ddr_phy_4lanes_0.u_ddr_phy_4lanes/ddr_byte_lane_A.ddr_byte_lane_A/ddr_byte_group_io/output_[9].oserdes_dq_.sdr.oserdes_dq_i/RST
                            (rising edge-triggered cell OSERDESE2 clocked by oserdes_clkdiv_4  {rise@0.000ns fall@5.000ns period=10.000ns})
  Path Group:             oserdes_clkdiv_4
  Path Type:              Hold (Min at Fast Process Corner)
  Requirement:            0.000ns  (oserdes_clkdiv_4 rise@0.000ns - oserdes_clk_4 rise@0.000ns)
  Data Path Delay:        0.920ns  (logic 0.272ns (29.566%)  route 0.648ns (70.434%))
  Logic Levels:           0  
  Clock Path Skew:        0.268ns (DCD - SCD - CPR)
    Destination Clock Delay (DCD):    1.570ns
    Source Clock Delay      (SCD):    1.473ns
    Clock Pessimism Removal (CPR):    -0.171ns
  Timing Exception:       MultiCycle Path   Setup -start 2    Hold  -start 1

    Location             Delay type                Incr(ns)  Path(ns)    Netlist Resource(s)
  -------------------------------------------------------------------    -------------------
                         (clock oserdes_clk_4 rise edge)
                                                      0.000     0.000 r  
    R4                                                0.000     0.000 r  sys_clk (IN)
                         net (fo=0)                   0.000     0.000    sys_clk
    R4                   IBUF (Prop_ibuf_I_O)         0.269     0.269 r  sys_clk_IBUF_inst/O
                         net (fo=1, routed)           0.440     0.709    multiplied_clock.clock_generator/sys_clk_IBUF
    MMCME2_ADV_X1Y0      MMCME2_ADV (Prop_mmcme2_adv_CLKIN1_CLKOUT1)
                                                     -2.360    -1.651 r  multiplied_clock.clock_generator/mmcm/CLKOUT1
                         net (fo=1, routed)           0.486    -1.165    multiplied_clock.clock_generator/ddr_ref_raw
    BUFGCTRL_X0Y1        BUFG (Prop_bufg_I_O)         0.026    -1.139 r  multiplied_clock.clock_generator/ddr_ref_buffer/O
                         net (fo=63, routed)          0.552    -0.587    memory/controller/u_davinci_ddr3_mig_mig/u_ddr3_infrastructure/mmcm_clk
    PLLE2_ADV_X1Y1       PLLE2_ADV (Prop_plle2_adv_CLKIN1_CLKOUT1)
                                                      0.050    -0.537 r  memory/controller/u_davinci_ddr3_mig_mig/u_ddr3_infrastructure/plle2_i/CLKOUT1
                         net (fo=7, routed)           0.197    -0.340    memory/controller/u_davinci_ddr3_mig_mig/u_memc_ui_top_std/mem_intfc0/ddr_phy_top0/u_ddr_mc_phy_wrapper/u_ddr_mc_phy/ddr_phy_4lanes_0.u_ddr_phy_4lanes/ddr_byte_lane_A.ddr_byte_lane_A/mem_refclk
    PHASER_OUT_PHY_X1Y4  PHASER_OUT_PHY (Prop_phaser_out_phy_MEMREFCLK_OCLK)
                                                      1.813     1.473 r  memory/controller/u_davinci_ddr3_mig_mig/u_memc_ui_top_std/mem_intfc0/ddr_phy_top0/u_ddr_mc_phy_wrapper/u_ddr_mc_phy/ddr_phy_4lanes_0.u_ddr_phy_4lanes/ddr_byte_lane_A.ddr_byte_lane_A/phaser_out/OCLK
  -------------------------------------------------------------------    -------------------
    PHASER_OUT_PHY_X1Y4  PHASER_OUT_PHY (Prop_phaser_out_phy_OCLK_OSERDESRST)
                                                      0.272     1.745 r  memory/controller/u_davinci_ddr3_mig_mig/u_memc_ui_top_std/mem_intfc0/ddr_phy_top0/u_ddr_mc_phy_wrapper/u_ddr_mc_phy/ddr_phy_4lanes_0.u_ddr_phy_4lanes/ddr_byte_lane_A.ddr_byte_lane_A/phaser_out/OSERDESRST
                         net (fo=11, routed)          0.648     2.393    memory/controller/u_davinci_ddr3_mig_mig/u_memc_ui_top_std/mem_intfc0/ddr_phy_top0/u_ddr_mc_phy_wrapper/u_ddr_mc_phy/ddr_phy_4lanes_0.u_ddr_phy_4lanes/ddr_byte_lane_A.ddr_byte_lane_A/ddr_byte_group_io/po_oserdes_rst
    OLOGIC_X1Y62         OSERDESE2                                    r  memory/controller/u_davinci_ddr3_mig_mig/u_memc_ui_top_std/mem_intfc0/ddr_phy_top0/u_ddr_mc_phy_wrapper/u_ddr_mc_phy/ddr_phy_4lanes_0.u_ddr_phy_4lanes/ddr_byte_lane_A.ddr_byte_lane_A/ddr_byte_group_io/output_[9].oserdes_dq_.sdr.oserdes_dq_i/RST
  -------------------------------------------------------------------    -------------------

                         (clock oserdes_clkdiv_4 rise edge)
                                                      0.000     0.000 r  
    R4                                                0.000     0.000 r  sys_clk (IN)
                         net (fo=0)                   0.000     0.000    sys_clk
    R4                   IBUF (Prop_ibuf_I_O)         0.457     0.457 r  sys_clk_IBUF_inst/O
                         net (fo=1, routed)           0.480     0.937    multiplied_clock.clock_generator/sys_clk_IBUF
    MMCME2_ADV_X1Y0      MMCME2_ADV (Prop_mmcme2_adv_CLKIN1_CLKOUT1)
                                                     -3.142    -2.205 r  multiplied_clock.clock_generator/mmcm/CLKOUT1
                         net (fo=1, routed)           0.530    -1.676    multiplied_clock.clock_generator/ddr_ref_raw
    BUFGCTRL_X0Y1        BUFG (Prop_bufg_I_O)         0.029    -1.647 r  multiplied_clock.clock_generator/ddr_ref_buffer/O
                         net (fo=63, routed)          0.820    -0.827    memory/controller/u_davinci_ddr3_mig_mig/u_ddr3_infrastructure/mmcm_clk
    PLLE2_ADV_X1Y1       PLLE2_ADV (Prop_plle2_adv_CLKIN1_CLKOUT1)
                                                      0.053    -0.774 r  memory/controller/u_davinci_ddr3_mig_mig/u_ddr3_infrastructure/plle2_i/CLKOUT1
                         net (fo=7, routed)           0.218    -0.556    memory/controller/u_davinci_ddr3_mig_mig/u_memc_ui_top_std/mem_intfc0/ddr_phy_top0/u_ddr_mc_phy_wrapper/u_ddr_mc_phy/ddr_phy_4lanes_0.u_ddr_phy_4lanes/ddr_byte_lane_A.ddr_byte_lane_A/mem_refclk
    PHASER_OUT_PHY_X1Y4  PHASER_OUT_PHY (Prop_phaser_out_phy_MEMREFCLK_OCLK)
                                                      1.858     1.302 r  memory/controller/u_davinci_ddr3_mig_mig/u_memc_ui_top_std/mem_intfc0/ddr_phy_top0/u_ddr_mc_phy_wrapper/u_ddr_mc_phy/ddr_phy_4lanes_0.u_ddr_phy_4lanes/ddr_byte_lane_A.ddr_byte_lane_A/phaser_out/OCLK
    PHASER_OUT_PHY_X1Y4  PHASER_OUT_PHY (Prop_phaser_out_phy_OCLK_OCLKDIV)
                                                      0.088     1.390 r  memory/controller/u_davinci_ddr3_mig_mig/u_memc_ui_top_std/mem_intfc0/ddr_phy_top0/u_ddr_mc_phy_wrapper/u_ddr_mc_phy/ddr_phy_4lanes_0.u_ddr_phy_4lanes/ddr_byte_lane_A.ddr_byte_lane_A/phaser_out/OCLKDIV
                         net (fo=12, routed)          0.180     1.570    memory/controller/u_davinci_ddr3_mig_mig/u_memc_ui_top_std/mem_intfc0/ddr_phy_top0/u_ddr_mc_phy_wrapper/u_ddr_mc_phy/ddr_phy_4lanes_0.u_ddr_phy_4lanes/ddr_byte_lane_A.ddr_byte_lane_A/ddr_byte_group_io/oserdes_clkdiv
    OLOGIC_X1Y62         OSERDESE2                                    r  memory/controller/u_davinci_ddr3_mig_mig/u_memc_ui_top_std/mem_intfc0/ddr_phy_top0/u_ddr_mc_phy_wrapper/u_ddr_mc_phy/ddr_phy_4lanes_0.u_ddr_phy_4lanes/ddr_byte_lane_A.ddr_byte_lane_A/ddr_byte_group_io/output_[9].oserdes_dq_.sdr.oserdes_dq_i/CLKDIV
                         clock pessimism              0.171     1.741    
    OLOGIC_X1Y62         OSERDESE2 (Hold_oserdese2_CLKDIV_RST)
                                                      0.559     2.300    memory/controller/u_davinci_ddr3_mig_mig/u_memc_ui_top_std/mem_intfc0/ddr_phy_top0/u_ddr_mc_phy_wrapper/u_ddr_mc_phy/ddr_phy_4lanes_0.u_ddr_phy_4lanes/ddr_byte_lane_A.ddr_byte_lane_A/ddr_byte_group_io/output_[9].oserdes_dq_.sdr.oserdes_dq_i
  -------------------------------------------------------------------
                         required time                         -2.300    
                         arrival time                           2.393    
  -------------------------------------------------------------------
                         slack                                  0.093    





---------------------------------------------------------------------------------------------------
From Clock:  oserdes_clk_5
  To Clock:  oserdes_clkdiv_5

Setup :            0  Failing Endpoints,  Worst Slack        1.703ns,  Total Violation        0.000ns
Hold  :            0  Failing Endpoints,  Worst Slack        0.095ns,  Total Violation        0.000ns
---------------------------------------------------------------------------------------------------


Max Delay Paths
--------------------------------------------------------------------------------------
Slack (MET) :             1.703ns  (required time - arrival time)
  Source:                 memory/controller/u_davinci_ddr3_mig_mig/u_memc_ui_top_std/mem_intfc0/ddr_phy_top0/u_ddr_mc_phy_wrapper/u_ddr_mc_phy/ddr_phy_4lanes_0.u_ddr_phy_4lanes/ddr_byte_lane_B.ddr_byte_lane_B/phaser_out/OCLK
                            (rising edge-triggered cell PHASER_OUT_PHY clocked by oserdes_clk_5  {rise@0.000ns fall@1.250ns period=2.500ns})
  Destination:            memory/controller/u_davinci_ddr3_mig_mig/u_memc_ui_top_std/mem_intfc0/ddr_phy_top0/u_ddr_mc_phy_wrapper/u_ddr_mc_phy/ddr_phy_4lanes_0.u_ddr_phy_4lanes/ddr_byte_lane_B.ddr_byte_lane_B/out_fifo/RDEN
                            (rising edge-triggered cell OUT_FIFO clocked by oserdes_clkdiv_5  {rise@0.000ns fall@5.000ns period=10.000ns})
  Path Group:             oserdes_clkdiv_5
  Path Type:              Setup (Max at Slow Process Corner)
  Requirement:            2.500ns  (oserdes_clkdiv_5 rise@10.000ns - oserdes_clk_5 rise@7.500ns)
  Data Path Delay:        0.301ns  (logic 0.301ns (100.000%)  route 0.000ns (0.000%))
  Logic Levels:           0  
  Clock Path Skew:        0.133ns (DCD - SCD + CPR)
    Destination Clock Delay (DCD):    1.751ns = ( 11.751 - 10.000 ) 
    Source Clock Delay      (SCD):    2.143ns = ( 9.643 - 7.500 ) 
    Clock Pessimism Removal (CPR):    0.525ns
  Clock Uncertainty:      0.056ns  ((TSJ^2 + DJ^2)^1/2) / 2 + PE
    Total System Jitter     (TSJ):    0.071ns
    Discrete Jitter          (DJ):    0.087ns
    Phase Error              (PE):    0.000ns

    Location             Delay type                Incr(ns)  Path(ns)    Netlist Resource(s)
  -------------------------------------------------------------------    -------------------
                         (clock oserdes_clk_5 rise edge)
                                                      7.500     7.500 r  
    R4                                                0.000     7.500 r  sys_clk (IN)
                         net (fo=0)                   0.000     7.500    sys_clk
    R4                   IBUF (Prop_ibuf_I_O)         1.432     8.932 r  sys_clk_IBUF_inst/O
                         net (fo=1, routed)           1.065     9.997    multiplied_clock.clock_generator/sys_clk_IBUF
    MMCME2_ADV_X1Y0      MMCME2_ADV (Prop_mmcme2_adv_CLKIN1_CLKOUT1)
                                                     -5.921     4.076 r  multiplied_clock.clock_generator/mmcm/CLKOUT1
                         net (fo=1, routed)           1.421     5.496    multiplied_clock.clock_generator/ddr_ref_raw
    BUFGCTRL_X0Y1        BUFG (Prop_bufg_I_O)         0.081     5.577 r  multiplied_clock.clock_generator/ddr_ref_buffer/O
                         net (fo=63, routed)          1.394     6.972    memory/controller/u_davinci_ddr3_mig_mig/u_ddr3_infrastructure/mmcm_clk
    PLLE2_ADV_X1Y1       PLLE2_ADV (Prop_plle2_adv_CLKIN1_CLKOUT1)
                                                      0.077     7.049 r  memory/controller/u_davinci_ddr3_mig_mig/u_ddr3_infrastructure/plle2_i/CLKOUT1
                         net (fo=7, routed)           0.511     7.560    memory/controller/u_davinci_ddr3_mig_mig/u_memc_ui_top_std/mem_intfc0/ddr_phy_top0/u_ddr_mc_phy_wrapper/u_ddr_mc_phy/ddr_phy_4lanes_0.u_ddr_phy_4lanes/ddr_byte_lane_B.ddr_byte_lane_B/mem_refclk
    PHASER_OUT_PHY_X1Y5  PHASER_OUT_PHY (Prop_phaser_out_phy_MEMREFCLK_OCLK)
                                                      2.083     9.643 r  memory/controller/u_davinci_ddr3_mig_mig/u_memc_ui_top_std/mem_intfc0/ddr_phy_top0/u_ddr_mc_phy_wrapper/u_ddr_mc_phy/ddr_phy_4lanes_0.u_ddr_phy_4lanes/ddr_byte_lane_B.ddr_byte_lane_B/phaser_out/OCLK
  -------------------------------------------------------------------    -------------------
    PHASER_OUT_PHY_X1Y5  PHASER_OUT_PHY (Prop_phaser_out_phy_OCLK_RDENABLE)
                                                      0.301     9.944 r  memory/controller/u_davinci_ddr3_mig_mig/u_memc_ui_top_std/mem_intfc0/ddr_phy_top0/u_ddr_mc_phy_wrapper/u_ddr_mc_phy/ddr_phy_4lanes_0.u_ddr_phy_4lanes/ddr_byte_lane_B.ddr_byte_lane_B/phaser_out/RDENABLE
                         net (fo=1, routed)           0.000     9.944    memory/controller/u_davinci_ddr3_mig_mig/u_memc_ui_top_std/mem_intfc0/ddr_phy_top0/u_ddr_mc_phy_wrapper/u_ddr_mc_phy/ddr_phy_4lanes_0.u_ddr_phy_4lanes/ddr_byte_lane_B.ddr_byte_lane_B/po_rd_enable
    OUT_FIFO_X1Y5        OUT_FIFO                                     r  memory/controller/u_davinci_ddr3_mig_mig/u_memc_ui_top_std/mem_intfc0/ddr_phy_top0/u_ddr_mc_phy_wrapper/u_ddr_mc_phy/ddr_phy_4lanes_0.u_ddr_phy_4lanes/ddr_byte_lane_B.ddr_byte_lane_B/out_fifo/RDEN
  -------------------------------------------------------------------    -------------------

                         (clock oserdes_clkdiv_5 rise edge)
                                                     10.000    10.000 r  
    R4                                                0.000    10.000 r  sys_clk (IN)
                         net (fo=0)                   0.000    10.000    sys_clk
    R4                   IBUF (Prop_ibuf_I_O)         1.366    11.366 r  sys_clk_IBUF_inst/O
                         net (fo=1, routed)           1.004    12.369    multiplied_clock.clock_generator/sys_clk_IBUF
    MMCME2_ADV_X1Y0      MMCME2_ADV (Prop_mmcme2_adv_CLKIN1_CLKOUT1)
                                                     -6.057     6.312 r  multiplied_clock.clock_generator/mmcm/CLKOUT1
                         net (fo=1, routed)           1.352     7.665    multiplied_clock.clock_generator/ddr_ref_raw
    BUFGCTRL_X0Y1        BUFG (Prop_bufg_I_O)         0.077     7.742 r  multiplied_clock.clock_generator/ddr_ref_buffer/O
                         net (fo=63, routed)          1.290     9.032    memory/controller/u_davinci_ddr3_mig_mig/u_ddr3_infrastructure/mmcm_clk
    PLLE2_ADV_X1Y1       PLLE2_ADV (Prop_plle2_adv_CLKIN1_CLKOUT1)
                                                      0.073     9.105 r  memory/controller/u_davinci_ddr3_mig_mig/u_ddr3_infrastructure/plle2_i/CLKOUT1
                         net (fo=7, routed)           0.486     9.591    memory/controller/u_davinci_ddr3_mig_mig/u_memc_ui_top_std/mem_intfc0/ddr_phy_top0/u_ddr_mc_phy_wrapper/u_ddr_mc_phy/ddr_phy_4lanes_0.u_ddr_phy_4lanes/ddr_byte_lane_B.ddr_byte_lane_B/mem_refclk
    PHASER_OUT_PHY_X1Y5  PHASER_OUT_PHY (Prop_phaser_out_phy_MEMREFCLK_OCLK)
                                                      2.027    11.618 r  memory/controller/u_davinci_ddr3_mig_mig/u_memc_ui_top_std/mem_intfc0/ddr_phy_top0/u_ddr_mc_phy_wrapper/u_ddr_mc_phy/ddr_phy_4lanes_0.u_ddr_phy_4lanes/ddr_byte_lane_B.ddr_byte_lane_B/phaser_out/OCLK
    PHASER_OUT_PHY_X1Y5  PHASER_OUT_PHY (Prop_phaser_out_phy_OCLK_OCLKDIV)
                                                      0.133    11.751 r  memory/controller/u_davinci_ddr3_mig_mig/u_memc_ui_top_std/mem_intfc0/ddr_phy_top0/u_ddr_mc_phy_wrapper/u_ddr_mc_phy/ddr_phy_4lanes_0.u_ddr_phy_4lanes/ddr_byte_lane_B.ddr_byte_lane_B/phaser_out/OCLKDIV
                         net (fo=13, routed)          0.000    11.751    memory/controller/u_davinci_ddr3_mig_mig/u_memc_ui_top_std/mem_intfc0/ddr_phy_top0/u_ddr_mc_phy_wrapper/u_ddr_mc_phy/ddr_phy_4lanes_0.u_ddr_phy_4lanes/ddr_byte_lane_B.ddr_byte_lane_B/oserdes_clkdiv
    OUT_FIFO_X1Y5        OUT_FIFO                                     r  memory/controller/u_davinci_ddr3_mig_mig/u_memc_ui_top_std/mem_intfc0/ddr_phy_top0/u_ddr_mc_phy_wrapper/u_ddr_mc_phy/ddr_phy_4lanes_0.u_ddr_phy_4lanes/ddr_byte_lane_B.ddr_byte_lane_B/out_fifo/RDCLK
                         clock pessimism              0.525    12.276    
                         clock uncertainty           -0.056    12.220    
    OUT_FIFO_X1Y5        OUT_FIFO (Setup_out_fifo_RDCLK_RDEN)
                                                     -0.573    11.647    memory/controller/u_davinci_ddr3_mig_mig/u_memc_ui_top_std/mem_intfc0/ddr_phy_top0/u_ddr_mc_phy_wrapper/u_ddr_mc_phy/ddr_phy_4lanes_0.u_ddr_phy_4lanes/ddr_byte_lane_B.ddr_byte_lane_B/out_fifo
  -------------------------------------------------------------------
                         required time                         11.647    
                         arrival time                          -9.944    
  -------------------------------------------------------------------
                         slack                                  1.703    





Min Delay Paths
--------------------------------------------------------------------------------------
Slack (MET) :             0.095ns  (arrival time - required time)
  Source:                 memory/controller/u_davinci_ddr3_mig_mig/u_memc_ui_top_std/mem_intfc0/ddr_phy_top0/u_ddr_mc_phy_wrapper/u_ddr_mc_phy/ddr_phy_4lanes_0.u_ddr_phy_4lanes/ddr_byte_lane_B.ddr_byte_lane_B/phaser_out/OCLK
                            (rising edge-triggered cell PHASER_OUT_PHY clocked by oserdes_clk_5  {rise@0.000ns fall@1.250ns period=2.500ns})
  Destination:            memory/controller/u_davinci_ddr3_mig_mig/u_memc_ui_top_std/mem_intfc0/ddr_phy_top0/u_ddr_mc_phy_wrapper/u_ddr_mc_phy/ddr_phy_4lanes_0.u_ddr_phy_4lanes/ddr_byte_lane_B.ddr_byte_lane_B/out_fifo/RDEN
                            (rising edge-triggered cell OUT_FIFO clocked by oserdes_clkdiv_5  {rise@0.000ns fall@5.000ns period=10.000ns})
  Path Group:             oserdes_clkdiv_5
  Path Type:              Hold (Min at Fast Process Corner)
  Requirement:            0.000ns  (oserdes_clkdiv_5 rise@0.000ns - oserdes_clk_5 rise@0.000ns)
  Data Path Delay:        0.172ns  (logic 0.172ns (100.000%)  route 0.000ns (0.000%))
  Logic Levels:           0  
  Clock Path Skew:        0.088ns (DCD - SCD - CPR)
    Destination Clock Delay (DCD):    1.381ns
    Source Clock Delay      (SCD):    1.466ns
    Clock Pessimism Removal (CPR):    -0.173ns

    Location             Delay type                Incr(ns)  Path(ns)    Netlist Resource(s)
  -------------------------------------------------------------------    -------------------
                         (clock oserdes_clk_5 rise edge)
                                                      0.000     0.000 r  
    R4                                                0.000     0.000 r  sys_clk (IN)
                         net (fo=0)                   0.000     0.000    sys_clk
    R4                   IBUF (Prop_ibuf_I_O)         0.269     0.269 r  sys_clk_IBUF_inst/O
                         net (fo=1, routed)           0.440     0.709    multiplied_clock.clock_generator/sys_clk_IBUF
    MMCME2_ADV_X1Y0      MMCME2_ADV (Prop_mmcme2_adv_CLKIN1_CLKOUT1)
                                                     -2.360    -1.651 r  multiplied_clock.clock_generator/mmcm/CLKOUT1
                         net (fo=1, routed)           0.486    -1.165    multiplied_clock.clock_generator/ddr_ref_raw
    BUFGCTRL_X0Y1        BUFG (Prop_bufg_I_O)         0.026    -1.139 r  multiplied_clock.clock_generator/ddr_ref_buffer/O
                         net (fo=63, routed)          0.552    -0.587    memory/controller/u_davinci_ddr3_mig_mig/u_ddr3_infrastructure/mmcm_clk
    PLLE2_ADV_X1Y1       PLLE2_ADV (Prop_plle2_adv_CLKIN1_CLKOUT1)
                                                      0.050    -0.537 r  memory/controller/u_davinci_ddr3_mig_mig/u_ddr3_infrastructure/plle2_i/CLKOUT1
                         net (fo=7, routed)           0.190    -0.347    memory/controller/u_davinci_ddr3_mig_mig/u_memc_ui_top_std/mem_intfc0/ddr_phy_top0/u_ddr_mc_phy_wrapper/u_ddr_mc_phy/ddr_phy_4lanes_0.u_ddr_phy_4lanes/ddr_byte_lane_B.ddr_byte_lane_B/mem_refclk
    PHASER_OUT_PHY_X1Y5  PHASER_OUT_PHY (Prop_phaser_out_phy_MEMREFCLK_OCLK)
                                                      1.813     1.466 r  memory/controller/u_davinci_ddr3_mig_mig/u_memc_ui_top_std/mem_intfc0/ddr_phy_top0/u_ddr_mc_phy_wrapper/u_ddr_mc_phy/ddr_phy_4lanes_0.u_ddr_phy_4lanes/ddr_byte_lane_B.ddr_byte_lane_B/phaser_out/OCLK
  -------------------------------------------------------------------    -------------------
    PHASER_OUT_PHY_X1Y5  PHASER_OUT_PHY (Prop_phaser_out_phy_OCLK_RDENABLE)
                                                      0.172     1.638 r  memory/controller/u_davinci_ddr3_mig_mig/u_memc_ui_top_std/mem_intfc0/ddr_phy_top0/u_ddr_mc_phy_wrapper/u_ddr_mc_phy/ddr_phy_4lanes_0.u_ddr_phy_4lanes/ddr_byte_lane_B.ddr_byte_lane_B/phaser_out/RDENABLE
                         net (fo=1, routed)           0.000     1.638    memory/controller/u_davinci_ddr3_mig_mig/u_memc_ui_top_std/mem_intfc0/ddr_phy_top0/u_ddr_mc_phy_wrapper/u_ddr_mc_phy/ddr_phy_4lanes_0.u_ddr_phy_4lanes/ddr_byte_lane_B.ddr_byte_lane_B/po_rd_enable
    OUT_FIFO_X1Y5        OUT_FIFO                                     r  memory/controller/u_davinci_ddr3_mig_mig/u_memc_ui_top_std/mem_intfc0/ddr_phy_top0/u_ddr_mc_phy_wrapper/u_ddr_mc_phy/ddr_phy_4lanes_0.u_ddr_phy_4lanes/ddr_byte_lane_B.ddr_byte_lane_B/out_fifo/RDEN
  -------------------------------------------------------------------    -------------------

                         (clock oserdes_clkdiv_5 rise edge)
                                                      0.000     0.000 r  
    R4                                                0.000     0.000 r  sys_clk (IN)
                         net (fo=0)                   0.000     0.000    sys_clk
    R4                   IBUF (Prop_ibuf_I_O)         0.457     0.457 r  sys_clk_IBUF_inst/O
                         net (fo=1, routed)           0.480     0.937    multiplied_clock.clock_generator/sys_clk_IBUF
    MMCME2_ADV_X1Y0      MMCME2_ADV (Prop_mmcme2_adv_CLKIN1_CLKOUT1)
                                                     -3.142    -2.205 r  multiplied_clock.clock_generator/mmcm/CLKOUT1
                         net (fo=1, routed)           0.530    -1.676    multiplied_clock.clock_generator/ddr_ref_raw
    BUFGCTRL_X0Y1        BUFG (Prop_bufg_I_O)         0.029    -1.647 r  multiplied_clock.clock_generator/ddr_ref_buffer/O
                         net (fo=63, routed)          0.820    -0.827    memory/controller/u_davinci_ddr3_mig_mig/u_ddr3_infrastructure/mmcm_clk
    PLLE2_ADV_X1Y1       PLLE2_ADV (Prop_plle2_adv_CLKIN1_CLKOUT1)
                                                      0.053    -0.774 r  memory/controller/u_davinci_ddr3_mig_mig/u_ddr3_infrastructure/plle2_i/CLKOUT1
                         net (fo=7, routed)           0.209    -0.565    memory/controller/u_davinci_ddr3_mig_mig/u_memc_ui_top_std/mem_intfc0/ddr_phy_top0/u_ddr_mc_phy_wrapper/u_ddr_mc_phy/ddr_phy_4lanes_0.u_ddr_phy_4lanes/ddr_byte_lane_B.ddr_byte_lane_B/mem_refclk
    PHASER_OUT_PHY_X1Y5  PHASER_OUT_PHY (Prop_phaser_out_phy_MEMREFCLK_OCLK)
                                                      1.858     1.293 r  memory/controller/u_davinci_ddr3_mig_mig/u_memc_ui_top_std/mem_intfc0/ddr_phy_top0/u_ddr_mc_phy_wrapper/u_ddr_mc_phy/ddr_phy_4lanes_0.u_ddr_phy_4lanes/ddr_byte_lane_B.ddr_byte_lane_B/phaser_out/OCLK
    PHASER_OUT_PHY_X1Y5  PHASER_OUT_PHY (Prop_phaser_out_phy_OCLK_OCLKDIV)
                                                      0.088     1.381 r  memory/controller/u_davinci_ddr3_mig_mig/u_memc_ui_top_std/mem_intfc0/ddr_phy_top0/u_ddr_mc_phy_wrapper/u_ddr_mc_phy/ddr_phy_4lanes_0.u_ddr_phy_4lanes/ddr_byte_lane_B.ddr_byte_lane_B/phaser_out/OCLKDIV
                         net (fo=13, routed)          0.000     1.381    memory/controller/u_davinci_ddr3_mig_mig/u_memc_ui_top_std/mem_intfc0/ddr_phy_top0/u_ddr_mc_phy_wrapper/u_ddr_mc_phy/ddr_phy_4lanes_0.u_ddr_phy_4lanes/ddr_byte_lane_B.ddr_byte_lane_B/oserdes_clkdiv
    OUT_FIFO_X1Y5        OUT_FIFO                                     r  memory/controller/u_davinci_ddr3_mig_mig/u_memc_ui_top_std/mem_intfc0/ddr_phy_top0/u_ddr_mc_phy_wrapper/u_ddr_mc_phy/ddr_phy_4lanes_0.u_ddr_phy_4lanes/ddr_byte_lane_B.ddr_byte_lane_B/out_fifo/RDCLK
                         clock pessimism              0.173     1.554    
    OUT_FIFO_X1Y5        OUT_FIFO (Hold_out_fifo_RDCLK_RDEN)
                                                     -0.011     1.543    memory/controller/u_davinci_ddr3_mig_mig/u_memc_ui_top_std/mem_intfc0/ddr_phy_top0/u_ddr_mc_phy_wrapper/u_ddr_mc_phy/ddr_phy_4lanes_0.u_ddr_phy_4lanes/ddr_byte_lane_B.ddr_byte_lane_B/out_fifo
  -------------------------------------------------------------------
                         required time                         -1.543    
                         arrival time                           1.638    
  -------------------------------------------------------------------
                         slack                                  0.095    





---------------------------------------------------------------------------------------------------
From Clock:  oserdes_clk_6
  To Clock:  oserdes_clkdiv_6

Setup :            0  Failing Endpoints,  Worst Slack        1.703ns,  Total Violation        0.000ns
Hold  :            0  Failing Endpoints,  Worst Slack        0.095ns,  Total Violation        0.000ns
---------------------------------------------------------------------------------------------------


Max Delay Paths
--------------------------------------------------------------------------------------
Slack (MET) :             1.703ns  (required time - arrival time)
  Source:                 memory/controller/u_davinci_ddr3_mig_mig/u_memc_ui_top_std/mem_intfc0/ddr_phy_top0/u_ddr_mc_phy_wrapper/u_ddr_mc_phy/ddr_phy_4lanes_0.u_ddr_phy_4lanes/ddr_byte_lane_C.ddr_byte_lane_C/phaser_out/OCLK
                            (rising edge-triggered cell PHASER_OUT_PHY clocked by oserdes_clk_6  {rise@0.000ns fall@1.250ns period=2.500ns})
  Destination:            memory/controller/u_davinci_ddr3_mig_mig/u_memc_ui_top_std/mem_intfc0/ddr_phy_top0/u_ddr_mc_phy_wrapper/u_ddr_mc_phy/ddr_phy_4lanes_0.u_ddr_phy_4lanes/ddr_byte_lane_C.ddr_byte_lane_C/out_fifo/RDEN
                            (rising edge-triggered cell OUT_FIFO clocked by oserdes_clkdiv_6  {rise@0.000ns fall@2.500ns period=5.000ns})
  Path Group:             oserdes_clkdiv_6
  Path Type:              Setup (Max at Slow Process Corner)
  Requirement:            2.500ns  (oserdes_clkdiv_6 rise@5.000ns - oserdes_clk_6 rise@2.500ns)
  Data Path Delay:        0.301ns  (logic 0.301ns (100.000%)  route 0.000ns (0.000%))
  Logic Levels:           0  
  Clock Path Skew:        0.133ns (DCD - SCD + CPR)
    Destination Clock Delay (DCD):    1.761ns = ( 6.761 - 5.000 ) 
    Source Clock Delay      (SCD):    2.154ns = ( 4.654 - 2.500 ) 
    Clock Pessimism Removal (CPR):    0.526ns
  Clock Uncertainty:      0.056ns  ((TSJ^2 + DJ^2)^1/2) / 2 + PE
    Total System Jitter     (TSJ):    0.071ns
    Discrete Jitter          (DJ):    0.087ns
    Phase Error              (PE):    0.000ns

    Location             Delay type                Incr(ns)  Path(ns)    Netlist Resource(s)
  -------------------------------------------------------------------    -------------------
                         (clock oserdes_clk_6 rise edge)
                                                      2.500     2.500 r  
    R4                                                0.000     2.500 r  sys_clk (IN)
                         net (fo=0)                   0.000     2.500    sys_clk
    R4                   IBUF (Prop_ibuf_I_O)         1.432     3.932 r  sys_clk_IBUF_inst/O
                         net (fo=1, routed)           1.065     4.997    multiplied_clock.clock_generator/sys_clk_IBUF
    MMCME2_ADV_X1Y0      MMCME2_ADV (Prop_mmcme2_adv_CLKIN1_CLKOUT1)
                                                     -5.921    -0.924 r  multiplied_clock.clock_generator/mmcm/CLKOUT1
                         net (fo=1, routed)           1.421     0.496    multiplied_clock.clock_generator/ddr_ref_raw
    BUFGCTRL_X0Y1        BUFG (Prop_bufg_I_O)         0.081     0.577 r  multiplied_clock.clock_generator/ddr_ref_buffer/O
                         net (fo=63, routed)          1.394     1.972    memory/controller/u_davinci_ddr3_mig_mig/u_ddr3_infrastructure/mmcm_clk
    PLLE2_ADV_X1Y1       PLLE2_ADV (Prop_plle2_adv_CLKIN1_CLKOUT1)
                                                      0.077     2.049 r  memory/controller/u_davinci_ddr3_mig_mig/u_ddr3_infrastructure/plle2_i/CLKOUT1
                         net (fo=7, routed)           0.522     2.571    memory/controller/u_davinci_ddr3_mig_mig/u_memc_ui_top_std/mem_intfc0/ddr_phy_top0/u_ddr_mc_phy_wrapper/u_ddr_mc_phy/ddr_phy_4lanes_0.u_ddr_phy_4lanes/ddr_byte_lane_C.ddr_byte_lane_C/mem_refclk
    PHASER_OUT_PHY_X1Y6  PHASER_OUT_PHY (Prop_phaser_out_phy_MEMREFCLK_OCLK)
                                                      2.083     4.654 r  memory/controller/u_davinci_ddr3_mig_mig/u_memc_ui_top_std/mem_intfc0/ddr_phy_top0/u_ddr_mc_phy_wrapper/u_ddr_mc_phy/ddr_phy_4lanes_0.u_ddr_phy_4lanes/ddr_byte_lane_C.ddr_byte_lane_C/phaser_out/OCLK
  -------------------------------------------------------------------    -------------------
    PHASER_OUT_PHY_X1Y6  PHASER_OUT_PHY (Prop_phaser_out_phy_OCLK_RDENABLE)
                                                      0.301     4.955 r  memory/controller/u_davinci_ddr3_mig_mig/u_memc_ui_top_std/mem_intfc0/ddr_phy_top0/u_ddr_mc_phy_wrapper/u_ddr_mc_phy/ddr_phy_4lanes_0.u_ddr_phy_4lanes/ddr_byte_lane_C.ddr_byte_lane_C/phaser_out/RDENABLE
                         net (fo=1, routed)           0.000     4.955    memory/controller/u_davinci_ddr3_mig_mig/u_memc_ui_top_std/mem_intfc0/ddr_phy_top0/u_ddr_mc_phy_wrapper/u_ddr_mc_phy/ddr_phy_4lanes_0.u_ddr_phy_4lanes/ddr_byte_lane_C.ddr_byte_lane_C/po_rd_enable
    OUT_FIFO_X1Y6        OUT_FIFO                                     r  memory/controller/u_davinci_ddr3_mig_mig/u_memc_ui_top_std/mem_intfc0/ddr_phy_top0/u_ddr_mc_phy_wrapper/u_ddr_mc_phy/ddr_phy_4lanes_0.u_ddr_phy_4lanes/ddr_byte_lane_C.ddr_byte_lane_C/out_fifo/RDEN
  -------------------------------------------------------------------    -------------------

                         (clock oserdes_clkdiv_6 rise edge)
                                                      5.000     5.000 r  
    R4                                                0.000     5.000 r  sys_clk (IN)
                         net (fo=0)                   0.000     5.000    sys_clk
    R4                   IBUF (Prop_ibuf_I_O)         1.366     6.366 r  sys_clk_IBUF_inst/O
                         net (fo=1, routed)           1.004     7.369    multiplied_clock.clock_generator/sys_clk_IBUF
    MMCME2_ADV_X1Y0      MMCME2_ADV (Prop_mmcme2_adv_CLKIN1_CLKOUT1)
                                                     -6.057     1.312 r  multiplied_clock.clock_generator/mmcm/CLKOUT1
                         net (fo=1, routed)           1.352     2.665    multiplied_clock.clock_generator/ddr_ref_raw
    BUFGCTRL_X0Y1        BUFG (Prop_bufg_I_O)         0.077     2.742 r  multiplied_clock.clock_generator/ddr_ref_buffer/O
                         net (fo=63, routed)          1.290     4.032    memory/controller/u_davinci_ddr3_mig_mig/u_ddr3_infrastructure/mmcm_clk
    PLLE2_ADV_X1Y1       PLLE2_ADV (Prop_plle2_adv_CLKIN1_CLKOUT1)
                                                      0.073     4.105 r  memory/controller/u_davinci_ddr3_mig_mig/u_ddr3_infrastructure/plle2_i/CLKOUT1
                         net (fo=7, routed)           0.496     4.601    memory/controller/u_davinci_ddr3_mig_mig/u_memc_ui_top_std/mem_intfc0/ddr_phy_top0/u_ddr_mc_phy_wrapper/u_ddr_mc_phy/ddr_phy_4lanes_0.u_ddr_phy_4lanes/ddr_byte_lane_C.ddr_byte_lane_C/mem_refclk
    PHASER_OUT_PHY_X1Y6  PHASER_OUT_PHY (Prop_phaser_out_phy_MEMREFCLK_OCLK)
                                                      2.027     6.628 r  memory/controller/u_davinci_ddr3_mig_mig/u_memc_ui_top_std/mem_intfc0/ddr_phy_top0/u_ddr_mc_phy_wrapper/u_ddr_mc_phy/ddr_phy_4lanes_0.u_ddr_phy_4lanes/ddr_byte_lane_C.ddr_byte_lane_C/phaser_out/OCLK
    PHASER_OUT_PHY_X1Y6  PHASER_OUT_PHY (Prop_phaser_out_phy_OCLK_OCLKDIV)
                                                      0.133     6.761 r  memory/controller/u_davinci_ddr3_mig_mig/u_memc_ui_top_std/mem_intfc0/ddr_phy_top0/u_ddr_mc_phy_wrapper/u_ddr_mc_phy/ddr_phy_4lanes_0.u_ddr_phy_4lanes/ddr_byte_lane_C.ddr_byte_lane_C/phaser_out/OCLKDIV
                         net (fo=11, routed)          0.000     6.761    memory/controller/u_davinci_ddr3_mig_mig/u_memc_ui_top_std/mem_intfc0/ddr_phy_top0/u_ddr_mc_phy_wrapper/u_ddr_mc_phy/ddr_phy_4lanes_0.u_ddr_phy_4lanes/ddr_byte_lane_C.ddr_byte_lane_C/oserdes_clkdiv
    OUT_FIFO_X1Y6        OUT_FIFO                                     r  memory/controller/u_davinci_ddr3_mig_mig/u_memc_ui_top_std/mem_intfc0/ddr_phy_top0/u_ddr_mc_phy_wrapper/u_ddr_mc_phy/ddr_phy_4lanes_0.u_ddr_phy_4lanes/ddr_byte_lane_C.ddr_byte_lane_C/out_fifo/RDCLK
                         clock pessimism              0.526     7.287    
                         clock uncertainty           -0.056     7.231    
    OUT_FIFO_X1Y6        OUT_FIFO (Setup_out_fifo_RDCLK_RDEN)
                                                     -0.573     6.658    memory/controller/u_davinci_ddr3_mig_mig/u_memc_ui_top_std/mem_intfc0/ddr_phy_top0/u_ddr_mc_phy_wrapper/u_ddr_mc_phy/ddr_phy_4lanes_0.u_ddr_phy_4lanes/ddr_byte_lane_C.ddr_byte_lane_C/out_fifo
  -------------------------------------------------------------------
                         required time                          6.658    
                         arrival time                          -4.955    
  -------------------------------------------------------------------
                         slack                                  1.703    





Min Delay Paths
--------------------------------------------------------------------------------------
Slack (MET) :             0.095ns  (arrival time - required time)
  Source:                 memory/controller/u_davinci_ddr3_mig_mig/u_memc_ui_top_std/mem_intfc0/ddr_phy_top0/u_ddr_mc_phy_wrapper/u_ddr_mc_phy/ddr_phy_4lanes_0.u_ddr_phy_4lanes/ddr_byte_lane_C.ddr_byte_lane_C/phaser_out/OCLK
                            (rising edge-triggered cell PHASER_OUT_PHY clocked by oserdes_clk_6  {rise@0.000ns fall@1.250ns period=2.500ns})
  Destination:            memory/controller/u_davinci_ddr3_mig_mig/u_memc_ui_top_std/mem_intfc0/ddr_phy_top0/u_ddr_mc_phy_wrapper/u_ddr_mc_phy/ddr_phy_4lanes_0.u_ddr_phy_4lanes/ddr_byte_lane_C.ddr_byte_lane_C/out_fifo/RDEN
                            (rising edge-triggered cell OUT_FIFO clocked by oserdes_clkdiv_6  {rise@0.000ns fall@2.500ns period=5.000ns})
  Path Group:             oserdes_clkdiv_6
  Path Type:              Hold (Min at Fast Process Corner)
  Requirement:            0.000ns  (oserdes_clkdiv_6 rise@0.000ns - oserdes_clk_6 rise@0.000ns)
  Data Path Delay:        0.172ns  (logic 0.172ns (100.000%)  route 0.000ns (0.000%))
  Logic Levels:           0  
  Clock Path Skew:        0.088ns (DCD - SCD - CPR)
    Destination Clock Delay (DCD):    1.390ns
    Source Clock Delay      (SCD):    1.473ns
    Clock Pessimism Removal (CPR):    -0.171ns

    Location             Delay type                Incr(ns)  Path(ns)    Netlist Resource(s)
  -------------------------------------------------------------------    -------------------
                         (clock oserdes_clk_6 rise edge)
                                                      0.000     0.000 r  
    R4                                                0.000     0.000 r  sys_clk (IN)
                         net (fo=0)                   0.000     0.000    sys_clk
    R4                   IBUF (Prop_ibuf_I_O)         0.269     0.269 r  sys_clk_IBUF_inst/O
                         net (fo=1, routed)           0.440     0.709    multiplied_clock.clock_generator/sys_clk_IBUF
    MMCME2_ADV_X1Y0      MMCME2_ADV (Prop_mmcme2_adv_CLKIN1_CLKOUT1)
                                                     -2.360    -1.651 r  multiplied_clock.clock_generator/mmcm/CLKOUT1
                         net (fo=1, routed)           0.486    -1.165    multiplied_clock.clock_generator/ddr_ref_raw
    BUFGCTRL_X0Y1        BUFG (Prop_bufg_I_O)         0.026    -1.139 r  multiplied_clock.clock_generator/ddr_ref_buffer/O
                         net (fo=63, routed)          0.552    -0.587    memory/controller/u_davinci_ddr3_mig_mig/u_ddr3_infrastructure/mmcm_clk
    PLLE2_ADV_X1Y1       PLLE2_ADV (Prop_plle2_adv_CLKIN1_CLKOUT1)
                                                      0.050    -0.537 r  memory/controller/u_davinci_ddr3_mig_mig/u_ddr3_infrastructure/plle2_i/CLKOUT1
                         net (fo=7, routed)           0.197    -0.340    memory/controller/u_davinci_ddr3_mig_mig/u_memc_ui_top_std/mem_intfc0/ddr_phy_top0/u_ddr_mc_phy_wrapper/u_ddr_mc_phy/ddr_phy_4lanes_0.u_ddr_phy_4lanes/ddr_byte_lane_C.ddr_byte_lane_C/mem_refclk
    PHASER_OUT_PHY_X1Y6  PHASER_OUT_PHY (Prop_phaser_out_phy_MEMREFCLK_OCLK)
                                                      1.813     1.473 r  memory/controller/u_davinci_ddr3_mig_mig/u_memc_ui_top_std/mem_intfc0/ddr_phy_top0/u_ddr_mc_phy_wrapper/u_ddr_mc_phy/ddr_phy_4lanes_0.u_ddr_phy_4lanes/ddr_byte_lane_C.ddr_byte_lane_C/phaser_out/OCLK
  -------------------------------------------------------------------    -------------------
    PHASER_OUT_PHY_X1Y6  PHASER_OUT_PHY (Prop_phaser_out_phy_OCLK_RDENABLE)
                                                      0.172     1.645 r  memory/controller/u_davinci_ddr3_mig_mig/u_memc_ui_top_std/mem_intfc0/ddr_phy_top0/u_ddr_mc_phy_wrapper/u_ddr_mc_phy/ddr_phy_4lanes_0.u_ddr_phy_4lanes/ddr_byte_lane_C.ddr_byte_lane_C/phaser_out/RDENABLE
                         net (fo=1, routed)           0.000     1.645    memory/controller/u_davinci_ddr3_mig_mig/u_memc_ui_top_std/mem_intfc0/ddr_phy_top0/u_ddr_mc_phy_wrapper/u_ddr_mc_phy/ddr_phy_4lanes_0.u_ddr_phy_4lanes/ddr_byte_lane_C.ddr_byte_lane_C/po_rd_enable
    OUT_FIFO_X1Y6        OUT_FIFO                                     r  memory/controller/u_davinci_ddr3_mig_mig/u_memc_ui_top_std/mem_intfc0/ddr_phy_top0/u_ddr_mc_phy_wrapper/u_ddr_mc_phy/ddr_phy_4lanes_0.u_ddr_phy_4lanes/ddr_byte_lane_C.ddr_byte_lane_C/out_fifo/RDEN
  -------------------------------------------------------------------    -------------------

                         (clock oserdes_clkdiv_6 rise edge)
                                                      0.000     0.000 r  
    R4                                                0.000     0.000 r  sys_clk (IN)
                         net (fo=0)                   0.000     0.000    sys_clk
    R4                   IBUF (Prop_ibuf_I_O)         0.457     0.457 r  sys_clk_IBUF_inst/O
                         net (fo=1, routed)           0.480     0.937    multiplied_clock.clock_generator/sys_clk_IBUF
    MMCME2_ADV_X1Y0      MMCME2_ADV (Prop_mmcme2_adv_CLKIN1_CLKOUT1)
                                                     -3.142    -2.205 r  multiplied_clock.clock_generator/mmcm/CLKOUT1
                         net (fo=1, routed)           0.530    -1.676    multiplied_clock.clock_generator/ddr_ref_raw
    BUFGCTRL_X0Y1        BUFG (Prop_bufg_I_O)         0.029    -1.647 r  multiplied_clock.clock_generator/ddr_ref_buffer/O
                         net (fo=63, routed)          0.820    -0.827    memory/controller/u_davinci_ddr3_mig_mig/u_ddr3_infrastructure/mmcm_clk
    PLLE2_ADV_X1Y1       PLLE2_ADV (Prop_plle2_adv_CLKIN1_CLKOUT1)
                                                      0.053    -0.774 r  memory/controller/u_davinci_ddr3_mig_mig/u_ddr3_infrastructure/plle2_i/CLKOUT1
                         net (fo=7, routed)           0.218    -0.556    memory/controller/u_davinci_ddr3_mig_mig/u_memc_ui_top_std/mem_intfc0/ddr_phy_top0/u_ddr_mc_phy_wrapper/u_ddr_mc_phy/ddr_phy_4lanes_0.u_ddr_phy_4lanes/ddr_byte_lane_C.ddr_byte_lane_C/mem_refclk
    PHASER_OUT_PHY_X1Y6  PHASER_OUT_PHY (Prop_phaser_out_phy_MEMREFCLK_OCLK)
                                                      1.858     1.302 r  memory/controller/u_davinci_ddr3_mig_mig/u_memc_ui_top_std/mem_intfc0/ddr_phy_top0/u_ddr_mc_phy_wrapper/u_ddr_mc_phy/ddr_phy_4lanes_0.u_ddr_phy_4lanes/ddr_byte_lane_C.ddr_byte_lane_C/phaser_out/OCLK
    PHASER_OUT_PHY_X1Y6  PHASER_OUT_PHY (Prop_phaser_out_phy_OCLK_OCLKDIV)
                                                      0.088     1.390 r  memory/controller/u_davinci_ddr3_mig_mig/u_memc_ui_top_std/mem_intfc0/ddr_phy_top0/u_ddr_mc_phy_wrapper/u_ddr_mc_phy/ddr_phy_4lanes_0.u_ddr_phy_4lanes/ddr_byte_lane_C.ddr_byte_lane_C/phaser_out/OCLKDIV
                         net (fo=11, routed)          0.000     1.390    memory/controller/u_davinci_ddr3_mig_mig/u_memc_ui_top_std/mem_intfc0/ddr_phy_top0/u_ddr_mc_phy_wrapper/u_ddr_mc_phy/ddr_phy_4lanes_0.u_ddr_phy_4lanes/ddr_byte_lane_C.ddr_byte_lane_C/oserdes_clkdiv
    OUT_FIFO_X1Y6        OUT_FIFO                                     r  memory/controller/u_davinci_ddr3_mig_mig/u_memc_ui_top_std/mem_intfc0/ddr_phy_top0/u_ddr_mc_phy_wrapper/u_ddr_mc_phy/ddr_phy_4lanes_0.u_ddr_phy_4lanes/ddr_byte_lane_C.ddr_byte_lane_C/out_fifo/RDCLK
                         clock pessimism              0.171     1.561    
    OUT_FIFO_X1Y6        OUT_FIFO (Hold_out_fifo_RDCLK_RDEN)
                                                     -0.011     1.550    memory/controller/u_davinci_ddr3_mig_mig/u_memc_ui_top_std/mem_intfc0/ddr_phy_top0/u_ddr_mc_phy_wrapper/u_ddr_mc_phy/ddr_phy_4lanes_0.u_ddr_phy_4lanes/ddr_byte_lane_C.ddr_byte_lane_C/out_fifo
  -------------------------------------------------------------------
                         required time                         -1.550    
                         arrival time                           1.645    
  -------------------------------------------------------------------
                         slack                                  0.095    





---------------------------------------------------------------------------------------------------
From Clock:  oserdes_clk_7
  To Clock:  oserdes_clkdiv_7

Setup :            0  Failing Endpoints,  Worst Slack        1.703ns,  Total Violation        0.000ns
Hold  :            0  Failing Endpoints,  Worst Slack        0.095ns,  Total Violation        0.000ns
---------------------------------------------------------------------------------------------------


Max Delay Paths
--------------------------------------------------------------------------------------
Slack (MET) :             1.703ns  (required time - arrival time)
  Source:                 memory/controller/u_davinci_ddr3_mig_mig/u_memc_ui_top_std/mem_intfc0/ddr_phy_top0/u_ddr_mc_phy_wrapper/u_ddr_mc_phy/ddr_phy_4lanes_0.u_ddr_phy_4lanes/ddr_byte_lane_D.ddr_byte_lane_D/phaser_out/OCLK
                            (rising edge-triggered cell PHASER_OUT_PHY clocked by oserdes_clk_7  {rise@0.000ns fall@1.250ns period=2.500ns})
  Destination:            memory/controller/u_davinci_ddr3_mig_mig/u_memc_ui_top_std/mem_intfc0/ddr_phy_top0/u_ddr_mc_phy_wrapper/u_ddr_mc_phy/ddr_phy_4lanes_0.u_ddr_phy_4lanes/ddr_byte_lane_D.ddr_byte_lane_D/out_fifo/RDEN
                            (rising edge-triggered cell OUT_FIFO clocked by oserdes_clkdiv_7  {rise@0.000ns fall@2.500ns period=5.000ns})
  Path Group:             oserdes_clkdiv_7
  Path Type:              Setup (Max at Slow Process Corner)
  Requirement:            2.500ns  (oserdes_clkdiv_7 rise@5.000ns - oserdes_clk_7 rise@2.500ns)
  Data Path Delay:        0.301ns  (logic 0.301ns (100.000%)  route 0.000ns (0.000%))
  Logic Levels:           0  
  Clock Path Skew:        0.133ns (DCD - SCD + CPR)
    Destination Clock Delay (DCD):    1.751ns = ( 6.751 - 5.000 ) 
    Source Clock Delay      (SCD):    2.143ns = ( 4.643 - 2.500 ) 
    Clock Pessimism Removal (CPR):    0.525ns
  Clock Uncertainty:      0.056ns  ((TSJ^2 + DJ^2)^1/2) / 2 + PE
    Total System Jitter     (TSJ):    0.071ns
    Discrete Jitter          (DJ):    0.087ns
    Phase Error              (PE):    0.000ns

    Location             Delay type                Incr(ns)  Path(ns)    Netlist Resource(s)
  -------------------------------------------------------------------    -------------------
                         (clock oserdes_clk_7 rise edge)
                                                      2.500     2.500 r  
    R4                                                0.000     2.500 r  sys_clk (IN)
                         net (fo=0)                   0.000     2.500    sys_clk
    R4                   IBUF (Prop_ibuf_I_O)         1.432     3.932 r  sys_clk_IBUF_inst/O
                         net (fo=1, routed)           1.065     4.997    multiplied_clock.clock_generator/sys_clk_IBUF
    MMCME2_ADV_X1Y0      MMCME2_ADV (Prop_mmcme2_adv_CLKIN1_CLKOUT1)
                                                     -5.921    -0.924 r  multiplied_clock.clock_generator/mmcm/CLKOUT1
                         net (fo=1, routed)           1.421     0.496    multiplied_clock.clock_generator/ddr_ref_raw
    BUFGCTRL_X0Y1        BUFG (Prop_bufg_I_O)         0.081     0.577 r  multiplied_clock.clock_generator/ddr_ref_buffer/O
                         net (fo=63, routed)          1.394     1.972    memory/controller/u_davinci_ddr3_mig_mig/u_ddr3_infrastructure/mmcm_clk
    PLLE2_ADV_X1Y1       PLLE2_ADV (Prop_plle2_adv_CLKIN1_CLKOUT1)
                                                      0.077     2.049 r  memory/controller/u_davinci_ddr3_mig_mig/u_ddr3_infrastructure/plle2_i/CLKOUT1
                         net (fo=7, routed)           0.511     2.560    memory/controller/u_davinci_ddr3_mig_mig/u_memc_ui_top_std/mem_intfc0/ddr_phy_top0/u_ddr_mc_phy_wrapper/u_ddr_mc_phy/ddr_phy_4lanes_0.u_ddr_phy_4lanes/ddr_byte_lane_D.ddr_byte_lane_D/mem_refclk
    PHASER_OUT_PHY_X1Y7  PHASER_OUT_PHY (Prop_phaser_out_phy_MEMREFCLK_OCLK)
                                                      2.083     4.643 r  memory/controller/u_davinci_ddr3_mig_mig/u_memc_ui_top_std/mem_intfc0/ddr_phy_top0/u_ddr_mc_phy_wrapper/u_ddr_mc_phy/ddr_phy_4lanes_0.u_ddr_phy_4lanes/ddr_byte_lane_D.ddr_byte_lane_D/phaser_out/OCLK
  -------------------------------------------------------------------    -------------------
    PHASER_OUT_PHY_X1Y7  PHASER_OUT_PHY (Prop_phaser_out_phy_OCLK_RDENABLE)
                                                      0.301     4.944 r  memory/controller/u_davinci_ddr3_mig_mig/u_memc_ui_top_std/mem_intfc0/ddr_phy_top0/u_ddr_mc_phy_wrapper/u_ddr_mc_phy/ddr_phy_4lanes_0.u_ddr_phy_4lanes/ddr_byte_lane_D.ddr_byte_lane_D/phaser_out/RDENABLE
                         net (fo=1, routed)           0.000     4.944    memory/controller/u_davinci_ddr3_mig_mig/u_memc_ui_top_std/mem_intfc0/ddr_phy_top0/u_ddr_mc_phy_wrapper/u_ddr_mc_phy/ddr_phy_4lanes_0.u_ddr_phy_4lanes/ddr_byte_lane_D.ddr_byte_lane_D/po_rd_enable
    OUT_FIFO_X1Y7        OUT_FIFO                                     r  memory/controller/u_davinci_ddr3_mig_mig/u_memc_ui_top_std/mem_intfc0/ddr_phy_top0/u_ddr_mc_phy_wrapper/u_ddr_mc_phy/ddr_phy_4lanes_0.u_ddr_phy_4lanes/ddr_byte_lane_D.ddr_byte_lane_D/out_fifo/RDEN
  -------------------------------------------------------------------    -------------------

                         (clock oserdes_clkdiv_7 rise edge)
                                                      5.000     5.000 r  
    R4                                                0.000     5.000 r  sys_clk (IN)
                         net (fo=0)                   0.000     5.000    sys_clk
    R4                   IBUF (Prop_ibuf_I_O)         1.366     6.366 r  sys_clk_IBUF_inst/O
                         net (fo=1, routed)           1.004     7.369    multiplied_clock.clock_generator/sys_clk_IBUF
    MMCME2_ADV_X1Y0      MMCME2_ADV (Prop_mmcme2_adv_CLKIN1_CLKOUT1)
                                                     -6.057     1.312 r  multiplied_clock.clock_generator/mmcm/CLKOUT1
                         net (fo=1, routed)           1.352     2.665    multiplied_clock.clock_generator/ddr_ref_raw
    BUFGCTRL_X0Y1        BUFG (Prop_bufg_I_O)         0.077     2.742 r  multiplied_clock.clock_generator/ddr_ref_buffer/O
                         net (fo=63, routed)          1.290     4.032    memory/controller/u_davinci_ddr3_mig_mig/u_ddr3_infrastructure/mmcm_clk
    PLLE2_ADV_X1Y1       PLLE2_ADV (Prop_plle2_adv_CLKIN1_CLKOUT1)
                                                      0.073     4.105 r  memory/controller/u_davinci_ddr3_mig_mig/u_ddr3_infrastructure/plle2_i/CLKOUT1
                         net (fo=7, routed)           0.486     4.591    memory/controller/u_davinci_ddr3_mig_mig/u_memc_ui_top_std/mem_intfc0/ddr_phy_top0/u_ddr_mc_phy_wrapper/u_ddr_mc_phy/ddr_phy_4lanes_0.u_ddr_phy_4lanes/ddr_byte_lane_D.ddr_byte_lane_D/mem_refclk
    PHASER_OUT_PHY_X1Y7  PHASER_OUT_PHY (Prop_phaser_out_phy_MEMREFCLK_OCLK)
                                                      2.027     6.618 r  memory/controller/u_davinci_ddr3_mig_mig/u_memc_ui_top_std/mem_intfc0/ddr_phy_top0/u_ddr_mc_phy_wrapper/u_ddr_mc_phy/ddr_phy_4lanes_0.u_ddr_phy_4lanes/ddr_byte_lane_D.ddr_byte_lane_D/phaser_out/OCLK
    PHASER_OUT_PHY_X1Y7  PHASER_OUT_PHY (Prop_phaser_out_phy_OCLK_OCLKDIV)
                                                      0.133     6.751 r  memory/controller/u_davinci_ddr3_mig_mig/u_memc_ui_top_std/mem_intfc0/ddr_phy_top0/u_ddr_mc_phy_wrapper/u_ddr_mc_phy/ddr_phy_4lanes_0.u_ddr_phy_4lanes/ddr_byte_lane_D.ddr_byte_lane_D/phaser_out/OCLKDIV
                         net (fo=11, routed)          0.000     6.751    memory/controller/u_davinci_ddr3_mig_mig/u_memc_ui_top_std/mem_intfc0/ddr_phy_top0/u_ddr_mc_phy_wrapper/u_ddr_mc_phy/ddr_phy_4lanes_0.u_ddr_phy_4lanes/ddr_byte_lane_D.ddr_byte_lane_D/oserdes_clkdiv
    OUT_FIFO_X1Y7        OUT_FIFO                                     r  memory/controller/u_davinci_ddr3_mig_mig/u_memc_ui_top_std/mem_intfc0/ddr_phy_top0/u_ddr_mc_phy_wrapper/u_ddr_mc_phy/ddr_phy_4lanes_0.u_ddr_phy_4lanes/ddr_byte_lane_D.ddr_byte_lane_D/out_fifo/RDCLK
                         clock pessimism              0.525     7.276    
                         clock uncertainty           -0.056     7.220    
    OUT_FIFO_X1Y7        OUT_FIFO (Setup_out_fifo_RDCLK_RDEN)
                                                     -0.573     6.647    memory/controller/u_davinci_ddr3_mig_mig/u_memc_ui_top_std/mem_intfc0/ddr_phy_top0/u_ddr_mc_phy_wrapper/u_ddr_mc_phy/ddr_phy_4lanes_0.u_ddr_phy_4lanes/ddr_byte_lane_D.ddr_byte_lane_D/out_fifo
  -------------------------------------------------------------------
                         required time                          6.647    
                         arrival time                          -4.944    
  -------------------------------------------------------------------
                         slack                                  1.703    





Min Delay Paths
--------------------------------------------------------------------------------------
Slack (MET) :             0.095ns  (arrival time - required time)
  Source:                 memory/controller/u_davinci_ddr3_mig_mig/u_memc_ui_top_std/mem_intfc0/ddr_phy_top0/u_ddr_mc_phy_wrapper/u_ddr_mc_phy/ddr_phy_4lanes_0.u_ddr_phy_4lanes/ddr_byte_lane_D.ddr_byte_lane_D/phaser_out/OCLK
                            (rising edge-triggered cell PHASER_OUT_PHY clocked by oserdes_clk_7  {rise@0.000ns fall@1.250ns period=2.500ns})
  Destination:            memory/controller/u_davinci_ddr3_mig_mig/u_memc_ui_top_std/mem_intfc0/ddr_phy_top0/u_ddr_mc_phy_wrapper/u_ddr_mc_phy/ddr_phy_4lanes_0.u_ddr_phy_4lanes/ddr_byte_lane_D.ddr_byte_lane_D/out_fifo/RDEN
                            (rising edge-triggered cell OUT_FIFO clocked by oserdes_clkdiv_7  {rise@0.000ns fall@2.500ns period=5.000ns})
  Path Group:             oserdes_clkdiv_7
  Path Type:              Hold (Min at Fast Process Corner)
  Requirement:            0.000ns  (oserdes_clkdiv_7 rise@0.000ns - oserdes_clk_7 rise@0.000ns)
  Data Path Delay:        0.172ns  (logic 0.172ns (100.000%)  route 0.000ns (0.000%))
  Logic Levels:           0  
  Clock Path Skew:        0.088ns (DCD - SCD - CPR)
    Destination Clock Delay (DCD):    1.381ns
    Source Clock Delay      (SCD):    1.466ns
    Clock Pessimism Removal (CPR):    -0.173ns

    Location             Delay type                Incr(ns)  Path(ns)    Netlist Resource(s)
  -------------------------------------------------------------------    -------------------
                         (clock oserdes_clk_7 rise edge)
                                                      0.000     0.000 r  
    R4                                                0.000     0.000 r  sys_clk (IN)
                         net (fo=0)                   0.000     0.000    sys_clk
    R4                   IBUF (Prop_ibuf_I_O)         0.269     0.269 r  sys_clk_IBUF_inst/O
                         net (fo=1, routed)           0.440     0.709    multiplied_clock.clock_generator/sys_clk_IBUF
    MMCME2_ADV_X1Y0      MMCME2_ADV (Prop_mmcme2_adv_CLKIN1_CLKOUT1)
                                                     -2.360    -1.651 r  multiplied_clock.clock_generator/mmcm/CLKOUT1
                         net (fo=1, routed)           0.486    -1.165    multiplied_clock.clock_generator/ddr_ref_raw
    BUFGCTRL_X0Y1        BUFG (Prop_bufg_I_O)         0.026    -1.139 r  multiplied_clock.clock_generator/ddr_ref_buffer/O
                         net (fo=63, routed)          0.552    -0.587    memory/controller/u_davinci_ddr3_mig_mig/u_ddr3_infrastructure/mmcm_clk
    PLLE2_ADV_X1Y1       PLLE2_ADV (Prop_plle2_adv_CLKIN1_CLKOUT1)
                                                      0.050    -0.537 r  memory/controller/u_davinci_ddr3_mig_mig/u_ddr3_infrastructure/plle2_i/CLKOUT1
                         net (fo=7, routed)           0.190    -0.347    memory/controller/u_davinci_ddr3_mig_mig/u_memc_ui_top_std/mem_intfc0/ddr_phy_top0/u_ddr_mc_phy_wrapper/u_ddr_mc_phy/ddr_phy_4lanes_0.u_ddr_phy_4lanes/ddr_byte_lane_D.ddr_byte_lane_D/mem_refclk
    PHASER_OUT_PHY_X1Y7  PHASER_OUT_PHY (Prop_phaser_out_phy_MEMREFCLK_OCLK)
                                                      1.813     1.466 r  memory/controller/u_davinci_ddr3_mig_mig/u_memc_ui_top_std/mem_intfc0/ddr_phy_top0/u_ddr_mc_phy_wrapper/u_ddr_mc_phy/ddr_phy_4lanes_0.u_ddr_phy_4lanes/ddr_byte_lane_D.ddr_byte_lane_D/phaser_out/OCLK
  -------------------------------------------------------------------    -------------------
    PHASER_OUT_PHY_X1Y7  PHASER_OUT_PHY (Prop_phaser_out_phy_OCLK_RDENABLE)
                                                      0.172     1.638 r  memory/controller/u_davinci_ddr3_mig_mig/u_memc_ui_top_std/mem_intfc0/ddr_phy_top0/u_ddr_mc_phy_wrapper/u_ddr_mc_phy/ddr_phy_4lanes_0.u_ddr_phy_4lanes/ddr_byte_lane_D.ddr_byte_lane_D/phaser_out/RDENABLE
                         net (fo=1, routed)           0.000     1.638    memory/controller/u_davinci_ddr3_mig_mig/u_memc_ui_top_std/mem_intfc0/ddr_phy_top0/u_ddr_mc_phy_wrapper/u_ddr_mc_phy/ddr_phy_4lanes_0.u_ddr_phy_4lanes/ddr_byte_lane_D.ddr_byte_lane_D/po_rd_enable
    OUT_FIFO_X1Y7        OUT_FIFO                                     r  memory/controller/u_davinci_ddr3_mig_mig/u_memc_ui_top_std/mem_intfc0/ddr_phy_top0/u_ddr_mc_phy_wrapper/u_ddr_mc_phy/ddr_phy_4lanes_0.u_ddr_phy_4lanes/ddr_byte_lane_D.ddr_byte_lane_D/out_fifo/RDEN
  -------------------------------------------------------------------    -------------------

                         (clock oserdes_clkdiv_7 rise edge)
                                                      0.000     0.000 r  
    R4                                                0.000     0.000 r  sys_clk (IN)
                         net (fo=0)                   0.000     0.000    sys_clk
    R4                   IBUF (Prop_ibuf_I_O)         0.457     0.457 r  sys_clk_IBUF_inst/O
                         net (fo=1, routed)           0.480     0.937    multiplied_clock.clock_generator/sys_clk_IBUF
    MMCME2_ADV_X1Y0      MMCME2_ADV (Prop_mmcme2_adv_CLKIN1_CLKOUT1)
                                                     -3.142    -2.205 r  multiplied_clock.clock_generator/mmcm/CLKOUT1
                         net (fo=1, routed)           0.530    -1.676    multiplied_clock.clock_generator/ddr_ref_raw
    BUFGCTRL_X0Y1        BUFG (Prop_bufg_I_O)         0.029    -1.647 r  multiplied_clock.clock_generator/ddr_ref_buffer/O
                         net (fo=63, routed)          0.820    -0.827    memory/controller/u_davinci_ddr3_mig_mig/u_ddr3_infrastructure/mmcm_clk
    PLLE2_ADV_X1Y1       PLLE2_ADV (Prop_plle2_adv_CLKIN1_CLKOUT1)
                                                      0.053    -0.774 r  memory/controller/u_davinci_ddr3_mig_mig/u_ddr3_infrastructure/plle2_i/CLKOUT1
                         net (fo=7, routed)           0.209    -0.565    memory/controller/u_davinci_ddr3_mig_mig/u_memc_ui_top_std/mem_intfc0/ddr_phy_top0/u_ddr_mc_phy_wrapper/u_ddr_mc_phy/ddr_phy_4lanes_0.u_ddr_phy_4lanes/ddr_byte_lane_D.ddr_byte_lane_D/mem_refclk
    PHASER_OUT_PHY_X1Y7  PHASER_OUT_PHY (Prop_phaser_out_phy_MEMREFCLK_OCLK)
                                                      1.858     1.293 r  memory/controller/u_davinci_ddr3_mig_mig/u_memc_ui_top_std/mem_intfc0/ddr_phy_top0/u_ddr_mc_phy_wrapper/u_ddr_mc_phy/ddr_phy_4lanes_0.u_ddr_phy_4lanes/ddr_byte_lane_D.ddr_byte_lane_D/phaser_out/OCLK
    PHASER_OUT_PHY_X1Y7  PHASER_OUT_PHY (Prop_phaser_out_phy_OCLK_OCLKDIV)
                                                      0.088     1.381 r  memory/controller/u_davinci_ddr3_mig_mig/u_memc_ui_top_std/mem_intfc0/ddr_phy_top0/u_ddr_mc_phy_wrapper/u_ddr_mc_phy/ddr_phy_4lanes_0.u_ddr_phy_4lanes/ddr_byte_lane_D.ddr_byte_lane_D/phaser_out/OCLKDIV
                         net (fo=11, routed)          0.000     1.381    memory/controller/u_davinci_ddr3_mig_mig/u_memc_ui_top_std/mem_intfc0/ddr_phy_top0/u_ddr_mc_phy_wrapper/u_ddr_mc_phy/ddr_phy_4lanes_0.u_ddr_phy_4lanes/ddr_byte_lane_D.ddr_byte_lane_D/oserdes_clkdiv
    OUT_FIFO_X1Y7        OUT_FIFO                                     r  memory/controller/u_davinci_ddr3_mig_mig/u_memc_ui_top_std/mem_intfc0/ddr_phy_top0/u_ddr_mc_phy_wrapper/u_ddr_mc_phy/ddr_phy_4lanes_0.u_ddr_phy_4lanes/ddr_byte_lane_D.ddr_byte_lane_D/out_fifo/RDCLK
                         clock pessimism              0.173     1.554    
    OUT_FIFO_X1Y7        OUT_FIFO (Hold_out_fifo_RDCLK_RDEN)
                                                     -0.011     1.543    memory/controller/u_davinci_ddr3_mig_mig/u_memc_ui_top_std/mem_intfc0/ddr_phy_top0/u_ddr_mc_phy_wrapper/u_ddr_mc_phy/ddr_phy_4lanes_0.u_ddr_phy_4lanes/ddr_byte_lane_D.ddr_byte_lane_D/out_fifo
  -------------------------------------------------------------------
                         required time                         -1.543    
                         arrival time                           1.638    
  -------------------------------------------------------------------
                         slack                                  0.095    





---------------------------------------------------------------------------------------------------
From Clock:  core_raw
  To Clock:  clk_pll_i_1

Setup :            0  Failing Endpoints,  Worst Slack        6.235ns,  Total Violation        0.000ns
Hold  :            0  Failing Endpoints,  Worst Slack        0.794ns,  Total Violation        0.000ns
---------------------------------------------------------------------------------------------------


Max Delay Paths
--------------------------------------------------------------------------------------
Slack (MET) :             6.235ns  (required time - arrival time)
  Source:                 memory/bridge/transaction_write_reg/C
                            (rising edge-triggered cell FDCE clocked by core_raw  {rise@0.000ns fall@5.000ns period=10.000ns})
  Destination:            memory/bridge/ui_write_reg/D
                            (rising edge-triggered cell FDCE clocked by clk_pll_i_1  {rise@0.000ns fall@5.000ns period=10.000ns})
  Path Group:             clk_pll_i_1
  Path Type:              Setup (Max at Slow Process Corner)
  Requirement:            10.000ns  (clk_pll_i_1 rise@10.000ns - core_raw rise@0.000ns)
  Data Path Delay:        4.900ns  (logic 0.498ns (10.163%)  route 4.402ns (89.837%))
  Logic Levels:           1  (LUT1=1)
  Clock Path Skew:        1.570ns (DCD - SCD + CPR)
    Destination Clock Delay (DCD):    0.738ns = ( 10.738 - 10.000 ) 
    Source Clock Delay      (SCD):    -0.568ns
    Clock Pessimism Removal (CPR):    0.263ns
  Clock Uncertainty:      0.225ns  ((TSJ^2 + DJ^2)^1/2) / 2 + PE
    Total System Jitter     (TSJ):    0.071ns
    Discrete Jitter          (DJ):    0.096ns
    Phase Error              (PE):    0.166ns

    Location             Delay type                Incr(ns)  Path(ns)    Netlist Resource(s)
  -------------------------------------------------------------------    -------------------
                         (clock core_raw rise edge)
                                                      0.000     0.000 r  
    R4                                                0.000     0.000 r  sys_clk (IN)
                         net (fo=0)                   0.000     0.000    sys_clk
    R4                   IBUF (Prop_ibuf_I_O)         1.432     1.432 r  sys_clk_IBUF_inst/O
                         net (fo=1, routed)           1.065     2.497    multiplied_clock.clock_generator/sys_clk_IBUF
    MMCME2_ADV_X1Y0      MMCME2_ADV (Prop_mmcme2_adv_CLKIN1_CLKOUT0)
                                                     -5.921    -3.424 r  multiplied_clock.clock_generator/mmcm/CLKOUT0
                         net (fo=1, routed)           1.421    -2.004    multiplied_clock.clock_generator/core_raw
    BUFGCTRL_X0Y2        BUFG (Prop_bufg_I_O)         0.081    -1.923 r  multiplied_clock.clock_generator/core_buffer/O
                         net (fo=16620, routed)       1.354    -0.568    memory/bridge/core_clk
    SLICE_X39Y94         FDCE                                         r  memory/bridge/transaction_write_reg/C
  -------------------------------------------------------------------    -------------------
    SLICE_X39Y94         FDCE (Prop_fdce_C_Q)         0.379    -0.189 r  memory/bridge/transaction_write_reg/Q
                         net (fo=11, routed)          1.872     1.682    memory/bridge/request_write
    SLICE_X39Y146        LUT1 (Prop_lut1_I0_O)        0.119     1.801 r  memory/bridge/request_write_hold_fix/O
                         net (fo=1, routed)           2.530     4.332    memory/bridge/request_write_hold_fix_1
    SLICE_X47Y86         FDCE                                         r  memory/bridge/ui_write_reg/D
  -------------------------------------------------------------------    -------------------

                         (clock clk_pll_i_1 rise edge)
                                                     10.000    10.000 r  
    R4                                                0.000    10.000 r  sys_clk (IN)
                         net (fo=0)                   0.000    10.000    sys_clk
    R4                   IBUF (Prop_ibuf_I_O)         1.366    11.366 r  sys_clk_IBUF_inst/O
                         net (fo=1, routed)           1.004    12.369    multiplied_clock.clock_generator/sys_clk_IBUF
    MMCME2_ADV_X1Y0      MMCME2_ADV (Prop_mmcme2_adv_CLKIN1_CLKOUT1)
                                                     -6.057     6.312 r  multiplied_clock.clock_generator/mmcm/CLKOUT1
                         net (fo=1, routed)           1.352     7.665    multiplied_clock.clock_generator/ddr_ref_raw
    BUFGCTRL_X0Y1        BUFG (Prop_bufg_I_O)         0.077     7.742 r  multiplied_clock.clock_generator/ddr_ref_buffer/O
                         net (fo=63, routed)          1.290     9.032    memory/controller/u_davinci_ddr3_mig_mig/u_ddr3_infrastructure/mmcm_clk
    PLLE2_ADV_X1Y1       PLLE2_ADV (Prop_plle2_adv_CLKIN1_CLKOUT3)
                                                      0.073     9.105 r  memory/controller/u_davinci_ddr3_mig_mig/u_ddr3_infrastructure/plle2_i/CLKOUT3
                         net (fo=1, routed)           0.929    10.034    memory/controller/u_davinci_ddr3_mig_mig/u_ddr3_infrastructure/pll_clk3_out
    BUFHCE_X1Y12         BUFH (Prop_bufh_I_O)         0.069    10.103 r  memory/controller/u_davinci_ddr3_mig_mig/u_ddr3_infrastructure/u_bufh_pll_clk3/O
                         net (fo=1, routed)           0.664    10.767    memory/controller/u_davinci_ddr3_mig_mig/u_ddr3_infrastructure/pll_clk3
    MMCME2_ADV_X1Y1      MMCME2_ADV (Prop_mmcme2_adv_CLKIN1_CLKFBOUT)
                                                     -2.699     8.068 r  memory/controller/u_davinci_ddr3_mig_mig/u_ddr3_infrastructure/gen_mmcm.mmcm_i/CLKFBOUT
                         net (fo=1, routed)           1.352     9.421    memory/controller/u_davinci_ddr3_mig_mig/u_ddr3_infrastructure/clk_pll_i
    BUFGCTRL_X0Y16       BUFG (Prop_bufg_I_O)         0.077     9.498 r  memory/controller/u_davinci_ddr3_mig_mig/u_ddr3_infrastructure/u_bufg_clkdiv0/O
                         net (fo=4851, routed)        1.240    10.738    memory/bridge/CLK
    SLICE_X47Y86         FDCE                                         r  memory/bridge/ui_write_reg/C
                         clock pessimism              0.263    11.001    
                         clock uncertainty           -0.225    10.776    
    SLICE_X47Y86         FDCE (Setup_fdce_C_D)       -0.209    10.567    memory/bridge/ui_write_reg
  -------------------------------------------------------------------
                         required time                         10.567    
                         arrival time                          -4.332    
  -------------------------------------------------------------------
                         slack                                  6.235    





Min Delay Paths
--------------------------------------------------------------------------------------
Slack (MET) :             0.794ns  (arrival time - required time)
  Source:                 memory/bridge/transaction_write_reg/C
                            (rising edge-triggered cell FDCE clocked by core_raw  {rise@0.000ns fall@5.000ns period=10.000ns})
  Destination:            memory/bridge/ui_write_reg/D
                            (rising edge-triggered cell FDCE clocked by clk_pll_i_1  {rise@0.000ns fall@5.000ns period=10.000ns})
  Path Group:             clk_pll_i_1
  Path Type:              Hold (Min at Fast Process Corner)
  Requirement:            0.000ns  (clk_pll_i_1 rise@0.000ns - core_raw rise@0.000ns)
  Data Path Delay:        2.347ns  (logic 0.185ns (7.882%)  route 2.162ns (92.118%))
  Logic Levels:           1  (LUT1=1)
  Clock Path Skew:        1.319ns (DCD - SCD - CPR)
    Destination Clock Delay (DCD):    0.187ns
    Source Clock Delay      (SCD):    -0.578ns
    Clock Pessimism Removal (CPR):    -0.555ns
  Clock Uncertainty:      0.225ns  ((TSJ^2 + DJ^2)^1/2) / 2 + PE
    Total System Jitter     (TSJ):    0.071ns
    Discrete Jitter          (DJ):    0.096ns
    Phase Error              (PE):    0.166ns

    Location             Delay type                Incr(ns)  Path(ns)    Netlist Resource(s)
  -------------------------------------------------------------------    -------------------
                         (clock core_raw rise edge)
                                                      0.000     0.000 r  
    R4                                                0.000     0.000 r  sys_clk (IN)
                         net (fo=0)                   0.000     0.000    sys_clk
    R4                   IBUF (Prop_ibuf_I_O)         0.269     0.269 r  sys_clk_IBUF_inst/O
                         net (fo=1, routed)           0.440     0.709    multiplied_clock.clock_generator/sys_clk_IBUF
    MMCME2_ADV_X1Y0      MMCME2_ADV (Prop_mmcme2_adv_CLKIN1_CLKOUT0)
                                                     -2.360    -1.651 r  multiplied_clock.clock_generator/mmcm/CLKOUT0
                         net (fo=1, routed)           0.486    -1.165    multiplied_clock.clock_generator/core_raw
    BUFGCTRL_X0Y2        BUFG (Prop_bufg_I_O)         0.026    -1.139 r  multiplied_clock.clock_generator/core_buffer/O
                         net (fo=16620, routed)       0.561    -0.578    memory/bridge/core_clk
    SLICE_X39Y94         FDCE                                         r  memory/bridge/transaction_write_reg/C
  -------------------------------------------------------------------    -------------------
    SLICE_X39Y94         FDCE (Prop_fdce_C_Q)         0.141    -0.437 r  memory/bridge/transaction_write_reg/Q
                         net (fo=11, routed)          0.877     0.440    memory/bridge/request_write
    SLICE_X39Y146        LUT1 (Prop_lut1_I0_O)        0.044     0.484 r  memory/bridge/request_write_hold_fix/O
                         net (fo=1, routed)           1.285     1.769    memory/bridge/request_write_hold_fix_1
    SLICE_X47Y86         FDCE                                         r  memory/bridge/ui_write_reg/D
  -------------------------------------------------------------------    -------------------

                         (clock clk_pll_i_1 rise edge)
                                                      0.000     0.000 r  
    R4                                                0.000     0.000 r  sys_clk (IN)
                         net (fo=0)                   0.000     0.000    sys_clk
    R4                   IBUF (Prop_ibuf_I_O)         0.457     0.457 r  sys_clk_IBUF_inst/O
                         net (fo=1, routed)           0.480     0.937    multiplied_clock.clock_generator/sys_clk_IBUF
    MMCME2_ADV_X1Y0      MMCME2_ADV (Prop_mmcme2_adv_CLKIN1_CLKOUT1)
                                                     -3.142    -2.205 r  multiplied_clock.clock_generator/mmcm/CLKOUT1
                         net (fo=1, routed)           0.530    -1.676    multiplied_clock.clock_generator/ddr_ref_raw
    BUFGCTRL_X0Y1        BUFG (Prop_bufg_I_O)         0.029    -1.647 r  multiplied_clock.clock_generator/ddr_ref_buffer/O
                         net (fo=63, routed)          0.820    -0.827    memory/controller/u_davinci_ddr3_mig_mig/u_ddr3_infrastructure/mmcm_clk
    PLLE2_ADV_X1Y1       PLLE2_ADV (Prop_plle2_adv_CLKIN1_CLKOUT3)
                                                      0.053    -0.774 r  memory/controller/u_davinci_ddr3_mig_mig/u_ddr3_infrastructure/plle2_i/CLKOUT3
                         net (fo=1, routed)           0.423    -0.351    memory/controller/u_davinci_ddr3_mig_mig/u_ddr3_infrastructure/pll_clk3_out
    BUFHCE_X1Y12         BUFH (Prop_bufh_I_O)         0.043    -0.308 r  memory/controller/u_davinci_ddr3_mig_mig/u_ddr3_infrastructure/u_bufh_pll_clk3/O
                         net (fo=1, routed)           0.483     0.175    memory/controller/u_davinci_ddr3_mig_mig/u_ddr3_infrastructure/pll_clk3
    MMCME2_ADV_X1Y1      MMCME2_ADV (Prop_mmcme2_adv_CLKIN1_CLKFBOUT)
                                                     -1.371    -1.196 r  memory/controller/u_davinci_ddr3_mig_mig/u_ddr3_infrastructure/gen_mmcm.mmcm_i/CLKFBOUT
                         net (fo=1, routed)           0.530    -0.667    memory/controller/u_davinci_ddr3_mig_mig/u_ddr3_infrastructure/clk_pll_i
    BUFGCTRL_X0Y16       BUFG (Prop_bufg_I_O)         0.029    -0.638 r  memory/controller/u_davinci_ddr3_mig_mig/u_ddr3_infrastructure/u_bufg_clkdiv0/O
                         net (fo=4851, routed)        0.825     0.187    memory/bridge/CLK
    SLICE_X47Y86         FDCE                                         r  memory/bridge/ui_write_reg/C
                         clock pessimism              0.555     0.741    
                         clock uncertainty            0.225     0.967    
    SLICE_X47Y86         FDCE (Hold_fdce_C_D)         0.008     0.975    memory/bridge/ui_write_reg
  -------------------------------------------------------------------
                         required time                         -0.975    
                         arrival time                           1.769    
  -------------------------------------------------------------------
                         slack                                  0.794    





---------------------------------------------------------------------------------------------------
From Clock:  ddr_ref_raw
  To Clock:  clk_pll_i_1

Setup :            0  Failing Endpoints,  Worst Slack       16.136ns,  Total Violation        0.000ns
Hold  :            0  Failing Endpoints,  Worst Slack        0.503ns,  Total Violation        0.000ns
---------------------------------------------------------------------------------------------------


Max Delay Paths
--------------------------------------------------------------------------------------
Slack (MET) :             16.136ns  (required time - arrival time)
  Source:                 memory/controller/u_davinci_ddr3_mig_mig/temp_mon_enabled.u_tempmon/xadc_supplied_temperature.temperature_reg[5]/C
                            (rising edge-triggered cell FDRE clocked by ddr_ref_raw  {rise@0.000ns fall@2.500ns period=5.000ns})
  Destination:            memory/controller/u_davinci_ddr3_mig_mig/temp_mon_enabled.u_tempmon/device_temp_sync_r1_reg[5]/D
                            (rising edge-triggered cell FDRE clocked by clk_pll_i_1  {rise@0.000ns fall@5.000ns period=10.000ns})
  Path Group:             clk_pll_i_1
  Path Type:              Setup (Max at Slow Process Corner)
  Requirement:            20.000ns  (MaxDelay Path 20.000ns)
  Data Path Delay:        5.105ns  (logic 0.552ns (10.812%)  route 4.553ns (89.188%))
  Logic Levels:           1  (LUT1=1)
  Clock Path Skew:        1.644ns (DCD - SCD + CPR)
    Destination Clock Delay (DCD):    0.725ns
    Source Clock Delay      (SCD):    -0.583ns
    Clock Pessimism Removal (CPR):    0.336ns
  Clock Uncertainty:      0.201ns  ((TSJ^2 + DJ^2)^1/2) / 2 + PE
    Total System Jitter     (TSJ):    0.071ns
    Discrete Jitter          (DJ):    0.096ns
    Phase Error              (PE):    0.142ns
  Timing Exception:       MaxDelay Path 20.000ns

    Location             Delay type                Incr(ns)  Path(ns)    Netlist Resource(s)
  -------------------------------------------------------------------    -------------------
                         (clock ddr_ref_raw rise edge)
                                                      0.000     0.000 r  
    R4                                                0.000     0.000 r  sys_clk (IN)
                         net (fo=0)                   0.000     0.000    sys_clk
    R4                   IBUF (Prop_ibuf_I_O)         1.432     1.432 r  sys_clk_IBUF_inst/O
                         net (fo=1, routed)           1.065     2.497    multiplied_clock.clock_generator/sys_clk_IBUF
    MMCME2_ADV_X1Y0      MMCME2_ADV (Prop_mmcme2_adv_CLKIN1_CLKOUT1)
                                                     -5.921    -3.424 r  multiplied_clock.clock_generator/mmcm/CLKOUT1
                         net (fo=1, routed)           1.421    -2.004    multiplied_clock.clock_generator/ddr_ref_raw
    BUFGCTRL_X0Y1        BUFG (Prop_bufg_I_O)         0.081    -1.923 r  multiplied_clock.clock_generator/ddr_ref_buffer/O
                         net (fo=63, routed)          1.339    -0.583    memory/controller/u_davinci_ddr3_mig_mig/temp_mon_enabled.u_tempmon/clk_ref_i
    SLICE_X34Y70         FDRE                                         r  memory/controller/u_davinci_ddr3_mig_mig/temp_mon_enabled.u_tempmon/xadc_supplied_temperature.temperature_reg[5]/C
  -------------------------------------------------------------------    -------------------
    SLICE_X34Y70         FDRE (Prop_fdre_C_Q)         0.433    -0.150 r  memory/controller/u_davinci_ddr3_mig_mig/temp_mon_enabled.u_tempmon/xadc_supplied_temperature.temperature_reg[5]/Q
                         net (fo=1, routed)           2.513     2.363    memory/controller/u_davinci_ddr3_mig_mig/temp_mon_enabled.u_tempmon/device_temp_lcl[5]
    SLICE_X33Y124        LUT1 (Prop_lut1_I0_O)        0.119     2.482 r  memory/controller/u_davinci_ddr3_mig_mig/temp_mon_enabled.u_tempmon/device_temp_lcl[5]_hold_fix/O
                         net (fo=1, routed)           2.040     4.522    memory/controller/u_davinci_ddr3_mig_mig/temp_mon_enabled.u_tempmon/device_temp_lcl[5]_hold_fix_1
    SLICE_X32Y74         FDRE                                         r  memory/controller/u_davinci_ddr3_mig_mig/temp_mon_enabled.u_tempmon/device_temp_sync_r1_reg[5]/D
  -------------------------------------------------------------------    -------------------

                         max delay                   20.000    20.000    
    R4                                                0.000    20.000 r  sys_clk (IN)
                         net (fo=0)                   0.000    20.000    sys_clk
    R4                   IBUF (Prop_ibuf_I_O)         1.366    21.366 r  sys_clk_IBUF_inst/O
                         net (fo=1, routed)           1.004    22.369    multiplied_clock.clock_generator/sys_clk_IBUF
    MMCME2_ADV_X1Y0      MMCME2_ADV (Prop_mmcme2_adv_CLKIN1_CLKOUT1)
                                                     -6.057    16.312 r  multiplied_clock.clock_generator/mmcm/CLKOUT1
                         net (fo=1, routed)           1.352    17.665    multiplied_clock.clock_generator/ddr_ref_raw
    BUFGCTRL_X0Y1        BUFG (Prop_bufg_I_O)         0.077    17.742 r  multiplied_clock.clock_generator/ddr_ref_buffer/O
                         net (fo=63, routed)          1.290    19.032    memory/controller/u_davinci_ddr3_mig_mig/u_ddr3_infrastructure/mmcm_clk
    PLLE2_ADV_X1Y1       PLLE2_ADV (Prop_plle2_adv_CLKIN1_CLKOUT3)
                                                      0.073    19.105 r  memory/controller/u_davinci_ddr3_mig_mig/u_ddr3_infrastructure/plle2_i/CLKOUT3
                         net (fo=1, routed)           0.929    20.034    memory/controller/u_davinci_ddr3_mig_mig/u_ddr3_infrastructure/pll_clk3_out
    BUFHCE_X1Y12         BUFH (Prop_bufh_I_O)         0.069    20.103 r  memory/controller/u_davinci_ddr3_mig_mig/u_ddr3_infrastructure/u_bufh_pll_clk3/O
                         net (fo=1, routed)           0.664    20.767    memory/controller/u_davinci_ddr3_mig_mig/u_ddr3_infrastructure/pll_clk3
    MMCME2_ADV_X1Y1      MMCME2_ADV (Prop_mmcme2_adv_CLKIN1_CLKFBOUT)
                                                     -2.699    18.068 r  memory/controller/u_davinci_ddr3_mig_mig/u_ddr3_infrastructure/gen_mmcm.mmcm_i/CLKFBOUT
                         net (fo=1, routed)           1.352    19.421    memory/controller/u_davinci_ddr3_mig_mig/u_ddr3_infrastructure/clk_pll_i
    BUFGCTRL_X0Y16       BUFG (Prop_bufg_I_O)         0.077    19.498 r  memory/controller/u_davinci_ddr3_mig_mig/u_ddr3_infrastructure/u_bufg_clkdiv0/O
                         net (fo=4851, routed)        1.227    20.725    memory/controller/u_davinci_ddr3_mig_mig/temp_mon_enabled.u_tempmon/device_temp_sync_r5_reg[11]_0
    SLICE_X32Y74         FDRE                                         r  memory/controller/u_davinci_ddr3_mig_mig/temp_mon_enabled.u_tempmon/device_temp_sync_r1_reg[5]/C
                         clock pessimism              0.336    21.060    
                         clock uncertainty           -0.201    20.859    
    SLICE_X32Y74         FDRE (Setup_fdre_C_D)       -0.201    20.658    memory/controller/u_davinci_ddr3_mig_mig/temp_mon_enabled.u_tempmon/device_temp_sync_r1_reg[5]
  -------------------------------------------------------------------
                         required time                         20.658    
                         arrival time                          -4.522    
  -------------------------------------------------------------------
                         slack                                 16.136    





Min Delay Paths
--------------------------------------------------------------------------------------
Slack (MET) :             0.503ns  (arrival time - required time)
  Source:                 memory/controller/u_davinci_ddr3_mig_mig/temp_mon_enabled.u_tempmon/xadc_supplied_temperature.temperature_reg[0]/C
                            (rising edge-triggered cell FDRE clocked by ddr_ref_raw  {rise@0.000ns fall@2.500ns period=5.000ns})
  Destination:            memory/controller/u_davinci_ddr3_mig_mig/temp_mon_enabled.u_tempmon/device_temp_sync_r1_reg[0]/D
                            (rising edge-triggered cell FDRE clocked by clk_pll_i_1  {rise@0.000ns fall@5.000ns period=10.000ns})
  Path Group:             clk_pll_i_1
  Path Type:              Hold (Min at Fast Process Corner)
  Requirement:            0.000ns  (clk_pll_i_1 rise@0.000ns - ddr_ref_raw rise@0.000ns)
  Data Path Delay:        1.982ns  (logic 0.184ns (9.285%)  route 1.798ns (90.715%))
  Logic Levels:           1  (LUT1=1)
  Clock Path Skew:        1.269ns (DCD - SCD - CPR)
    Destination Clock Delay (DCD):    0.179ns
    Source Clock Delay      (SCD):    -0.582ns
    Clock Pessimism Removal (CPR):    -0.508ns
  Clock Uncertainty:      0.201ns  ((TSJ^2 + DJ^2)^1/2) / 2 + PE
    Total System Jitter     (TSJ):    0.071ns
    Discrete Jitter          (DJ):    0.096ns
    Phase Error              (PE):    0.142ns

    Location             Delay type                Incr(ns)  Path(ns)    Netlist Resource(s)
  -------------------------------------------------------------------    -------------------
                         (clock ddr_ref_raw rise edge)
                                                      0.000     0.000 r  
    R4                                                0.000     0.000 r  sys_clk (IN)
                         net (fo=0)                   0.000     0.000    sys_clk
    R4                   IBUF (Prop_ibuf_I_O)         0.269     0.269 r  sys_clk_IBUF_inst/O
                         net (fo=1, routed)           0.440     0.709    multiplied_clock.clock_generator/sys_clk_IBUF
    MMCME2_ADV_X1Y0      MMCME2_ADV (Prop_mmcme2_adv_CLKIN1_CLKOUT1)
                                                     -2.360    -1.651 r  multiplied_clock.clock_generator/mmcm/CLKOUT1
                         net (fo=1, routed)           0.486    -1.165    multiplied_clock.clock_generator/ddr_ref_raw
    BUFGCTRL_X0Y1        BUFG (Prop_bufg_I_O)         0.026    -1.139 r  multiplied_clock.clock_generator/ddr_ref_buffer/O
                         net (fo=63, routed)          0.557    -0.582    memory/controller/u_davinci_ddr3_mig_mig/temp_mon_enabled.u_tempmon/clk_ref_i
    SLICE_X31Y65         FDRE                                         r  memory/controller/u_davinci_ddr3_mig_mig/temp_mon_enabled.u_tempmon/xadc_supplied_temperature.temperature_reg[0]/C
  -------------------------------------------------------------------    -------------------
    SLICE_X31Y65         FDRE (Prop_fdre_C_Q)         0.141    -0.441 r  memory/controller/u_davinci_ddr3_mig_mig/temp_mon_enabled.u_tempmon/xadc_supplied_temperature.temperature_reg[0]/Q
                         net (fo=1, routed)           0.896     0.455    memory/controller/u_davinci_ddr3_mig_mig/temp_mon_enabled.u_tempmon/device_temp_lcl[0]
    SLICE_X31Y125        LUT1 (Prop_lut1_I0_O)        0.043     0.498 r  memory/controller/u_davinci_ddr3_mig_mig/temp_mon_enabled.u_tempmon/device_temp_lcl[0]_hold_fix/O
                         net (fo=1, routed)           0.901     1.400    memory/controller/u_davinci_ddr3_mig_mig/temp_mon_enabled.u_tempmon/device_temp_lcl[0]_hold_fix_1
    SLICE_X32Y79         FDRE                                         r  memory/controller/u_davinci_ddr3_mig_mig/temp_mon_enabled.u_tempmon/device_temp_sync_r1_reg[0]/D
  -------------------------------------------------------------------    -------------------

                         (clock clk_pll_i_1 rise edge)
                                                      0.000     0.000 r  
    R4                                                0.000     0.000 r  sys_clk (IN)
                         net (fo=0)                   0.000     0.000    sys_clk
    R4                   IBUF (Prop_ibuf_I_O)         0.457     0.457 r  sys_clk_IBUF_inst/O
                         net (fo=1, routed)           0.480     0.937    multiplied_clock.clock_generator/sys_clk_IBUF
    MMCME2_ADV_X1Y0      MMCME2_ADV (Prop_mmcme2_adv_CLKIN1_CLKOUT1)
                                                     -3.142    -2.205 r  multiplied_clock.clock_generator/mmcm/CLKOUT1
                         net (fo=1, routed)           0.530    -1.676    multiplied_clock.clock_generator/ddr_ref_raw
    BUFGCTRL_X0Y1        BUFG (Prop_bufg_I_O)         0.029    -1.647 r  multiplied_clock.clock_generator/ddr_ref_buffer/O
                         net (fo=63, routed)          0.820    -0.827    memory/controller/u_davinci_ddr3_mig_mig/u_ddr3_infrastructure/mmcm_clk
    PLLE2_ADV_X1Y1       PLLE2_ADV (Prop_plle2_adv_CLKIN1_CLKOUT3)
                                                      0.053    -0.774 r  memory/controller/u_davinci_ddr3_mig_mig/u_ddr3_infrastructure/plle2_i/CLKOUT3
                         net (fo=1, routed)           0.423    -0.351    memory/controller/u_davinci_ddr3_mig_mig/u_ddr3_infrastructure/pll_clk3_out
    BUFHCE_X1Y12         BUFH (Prop_bufh_I_O)         0.043    -0.308 r  memory/controller/u_davinci_ddr3_mig_mig/u_ddr3_infrastructure/u_bufh_pll_clk3/O
                         net (fo=1, routed)           0.483     0.175    memory/controller/u_davinci_ddr3_mig_mig/u_ddr3_infrastructure/pll_clk3
    MMCME2_ADV_X1Y1      MMCME2_ADV (Prop_mmcme2_adv_CLKIN1_CLKFBOUT)
                                                     -1.371    -1.196 r  memory/controller/u_davinci_ddr3_mig_mig/u_ddr3_infrastructure/gen_mmcm.mmcm_i/CLKFBOUT
                         net (fo=1, routed)           0.530    -0.667    memory/controller/u_davinci_ddr3_mig_mig/u_ddr3_infrastructure/clk_pll_i
    BUFGCTRL_X0Y16       BUFG (Prop_bufg_I_O)         0.029    -0.638 r  memory/controller/u_davinci_ddr3_mig_mig/u_ddr3_infrastructure/u_bufg_clkdiv0/O
                         net (fo=4851, routed)        0.817     0.179    memory/controller/u_davinci_ddr3_mig_mig/temp_mon_enabled.u_tempmon/device_temp_sync_r5_reg[11]_0
    SLICE_X32Y79         FDRE                                         r  memory/controller/u_davinci_ddr3_mig_mig/temp_mon_enabled.u_tempmon/device_temp_sync_r1_reg[0]/C
                         clock pessimism              0.508     0.687    
                         clock uncertainty            0.201     0.888    
    SLICE_X32Y79         FDRE (Hold_fdre_C_D)         0.008     0.896    memory/controller/u_davinci_ddr3_mig_mig/temp_mon_enabled.u_tempmon/device_temp_sync_r1_reg[0]
  -------------------------------------------------------------------
                         required time                         -0.896    
                         arrival time                           1.400    
  -------------------------------------------------------------------
                         slack                                  0.503    





---------------------------------------------------------------------------------------------------
From Clock:  core_raw
  To Clock:  usb_clk

Setup :            0  Failing Endpoints,  Worst Slack        8.901ns,  Total Violation        0.000ns
Hold  :           NA  Failing Endpoints,  Worst Slack           NA  ,  Total Violation           NA
---------------------------------------------------------------------------------------------------


Max Delay Paths
--------------------------------------------------------------------------------------
Slack (MET) :             8.901ns  (required time - arrival time)
  Source:                 synchronous.rx_fifo/rbin_reg[8]/C
                            (rising edge-triggered cell FDCE clocked by core_raw  {rise@0.000ns fall@5.000ns period=10.000ns})
  Destination:            synchronous.rx_fifo/rgray_w1_reg[8]/D
                            (rising edge-triggered cell FDCE clocked by usb_clk  {rise@0.000ns fall@8.333ns period=16.667ns})
  Path Group:             usb_clk
  Path Type:              Setup (Max at Slow Process Corner)
  Requirement:            10.000ns  (MaxDelay Path 10.000ns)
  Data Path Delay:        1.026ns  (logic 0.379ns (36.939%)  route 0.647ns (63.061%))
  Logic Levels:           0  
  Timing Exception:       MaxDelay Path 10.000ns -datapath_only

    Location             Delay type                Incr(ns)  Path(ns)    Netlist Resource(s)
  -------------------------------------------------------------------    -------------------
    SLICE_X65Y43                                      0.000     0.000 r  synchronous.rx_fifo/rbin_reg[8]/C
    SLICE_X65Y43         FDCE (Prop_fdce_C_Q)         0.379     0.379 r  synchronous.rx_fifo/rbin_reg[8]/Q
                         net (fo=4, routed)           0.647     1.026    synchronous.rx_fifo/rbin_reg[8]
    SLICE_X65Y42         FDCE                                         r  synchronous.rx_fifo/rgray_w1_reg[8]/D
  -------------------------------------------------------------------    -------------------

                         max delay                   10.000    10.000    
    SLICE_X65Y42         FDCE (Setup_fdce_C_D)       -0.073     9.927    synchronous.rx_fifo/rgray_w1_reg[8]
  -------------------------------------------------------------------
                         required time                          9.927    
                         arrival time                          -1.026    
  -------------------------------------------------------------------
                         slack                                  8.901    





---------------------------------------------------------------------------------------------------
Path Group:  **async_default**
From Clock:  clk_pll_i_1
  To Clock:  clk_pll_i_1

Setup :            0  Failing Endpoints,  Worst Slack        5.470ns,  Total Violation        0.000ns
Hold  :            0  Failing Endpoints,  Worst Slack        0.675ns,  Total Violation        0.000ns
---------------------------------------------------------------------------------------------------


Max Delay Paths
--------------------------------------------------------------------------------------
Slack (MET) :             5.470ns  (required time - arrival time)
  Source:                 memory/bridge/ui_reset_pipe_reg[2]/C
                            (rising edge-triggered cell FDCE clocked by clk_pll_i_1  {rise@0.000ns fall@5.000ns period=10.000ns})
  Destination:            memory/bridge/ui_base_reg[16]/CLR
                            (recovery check against rising-edge clock clk_pll_i_1  {rise@0.000ns fall@5.000ns period=10.000ns})
  Path Group:             **async_default**
  Path Type:              Recovery (Max at Slow Process Corner)
  Requirement:            10.000ns  (clk_pll_i_1 rise@10.000ns - clk_pll_i_1 rise@0.000ns)
  Data Path Delay:        4.092ns  (logic 0.633ns (15.469%)  route 3.459ns (84.531%))
  Logic Levels:           1  (LUT1=1)
  Clock Path Skew:        -0.047ns (DCD - SCD + CPR)
    Destination Clock Delay (DCD):    0.737ns = ( 10.737 - 10.000 ) 
    Source Clock Delay      (SCD):    1.398ns
    Clock Pessimism Removal (CPR):    0.614ns
  Clock Uncertainty:      0.060ns  ((TSJ^2 + DJ^2)^1/2) / 2 + PE
    Total System Jitter     (TSJ):    0.071ns
    Discrete Jitter          (DJ):    0.098ns
    Phase Error              (PE):    0.000ns

    Location             Delay type                Incr(ns)  Path(ns)    Netlist Resource(s)
  -------------------------------------------------------------------    -------------------
                         (clock clk_pll_i_1 rise edge)
                                                      0.000     0.000 r  
    R4                                                0.000     0.000 r  sys_clk (IN)
                         net (fo=0)                   0.000     0.000    sys_clk
    R4                   IBUF (Prop_ibuf_I_O)         1.432     1.432 r  sys_clk_IBUF_inst/O
                         net (fo=1, routed)           1.065     2.497    multiplied_clock.clock_generator/sys_clk_IBUF
    MMCME2_ADV_X1Y0      MMCME2_ADV (Prop_mmcme2_adv_CLKIN1_CLKOUT1)
                                                     -5.921    -3.424 r  multiplied_clock.clock_generator/mmcm/CLKOUT1
                         net (fo=1, routed)           1.421    -2.004    multiplied_clock.clock_generator/ddr_ref_raw
    BUFGCTRL_X0Y1        BUFG (Prop_bufg_I_O)         0.081    -1.923 r  multiplied_clock.clock_generator/ddr_ref_buffer/O
                         net (fo=63, routed)          1.394    -0.528    memory/controller/u_davinci_ddr3_mig_mig/u_ddr3_infrastructure/mmcm_clk
    PLLE2_ADV_X1Y1       PLLE2_ADV (Prop_plle2_adv_CLKIN1_CLKOUT3)
                                                      0.077    -0.451 r  memory/controller/u_davinci_ddr3_mig_mig/u_ddr3_infrastructure/plle2_i/CLKOUT3
                         net (fo=1, routed)           1.062     0.611    memory/controller/u_davinci_ddr3_mig_mig/u_ddr3_infrastructure/pll_clk3_out
    BUFHCE_X1Y12         BUFH (Prop_bufh_I_O)         0.106     0.717 r  memory/controller/u_davinci_ddr3_mig_mig/u_ddr3_infrastructure/u_bufh_pll_clk3/O
                         net (fo=1, routed)           0.702     1.419    memory/controller/u_davinci_ddr3_mig_mig/u_ddr3_infrastructure/pll_clk3
    MMCME2_ADV_X1Y1      MMCME2_ADV (Prop_mmcme2_adv_CLKIN1_CLKFBOUT)
                                                     -2.874    -1.455 r  memory/controller/u_davinci_ddr3_mig_mig/u_ddr3_infrastructure/gen_mmcm.mmcm_i/CLKFBOUT
                         net (fo=1, routed)           1.421    -0.035    memory/controller/u_davinci_ddr3_mig_mig/u_ddr3_infrastructure/clk_pll_i
    BUFGCTRL_X0Y16       BUFG (Prop_bufg_I_O)         0.081     0.046 r  memory/controller/u_davinci_ddr3_mig_mig/u_ddr3_infrastructure/u_bufg_clkdiv0/O
                         net (fo=4851, routed)        1.351     1.398    memory/bridge/CLK
    SLICE_X38Y95         FDCE                                         r  memory/bridge/ui_reset_pipe_reg[2]/C
  -------------------------------------------------------------------    -------------------
    SLICE_X38Y95         FDCE (Prop_fdce_C_Q)         0.398     1.796 r  memory/bridge/ui_reset_pipe_reg[2]/Q
                         net (fo=4, routed)           0.821     2.616    memory/bridge/write_fifo/rd_gray_reg[0]_0[0]
    SLICE_X47Y92         LUT1 (Prop_lut1_I0_O)        0.235     2.851 f  memory/bridge/write_fifo/wr_gray_sync1[6]_i_1/O
                         net (fo=122, routed)         2.639     5.490    memory/bridge/write_fifo_n_0
    SLICE_X47Y64         FDCE                                         f  memory/bridge/ui_base_reg[16]/CLR
  -------------------------------------------------------------------    -------------------

                         (clock clk_pll_i_1 rise edge)
                                                     10.000    10.000 r  
    R4                                                0.000    10.000 r  sys_clk (IN)
                         net (fo=0)                   0.000    10.000    sys_clk
    R4                   IBUF (Prop_ibuf_I_O)         1.366    11.366 r  sys_clk_IBUF_inst/O
                         net (fo=1, routed)           1.004    12.369    multiplied_clock.clock_generator/sys_clk_IBUF
    MMCME2_ADV_X1Y0      MMCME2_ADV (Prop_mmcme2_adv_CLKIN1_CLKOUT1)
                                                     -6.057     6.312 r  multiplied_clock.clock_generator/mmcm/CLKOUT1
                         net (fo=1, routed)           1.352     7.665    multiplied_clock.clock_generator/ddr_ref_raw
    BUFGCTRL_X0Y1        BUFG (Prop_bufg_I_O)         0.077     7.742 r  multiplied_clock.clock_generator/ddr_ref_buffer/O
                         net (fo=63, routed)          1.290     9.032    memory/controller/u_davinci_ddr3_mig_mig/u_ddr3_infrastructure/mmcm_clk
    PLLE2_ADV_X1Y1       PLLE2_ADV (Prop_plle2_adv_CLKIN1_CLKOUT3)
                                                      0.073     9.105 r  memory/controller/u_davinci_ddr3_mig_mig/u_ddr3_infrastructure/plle2_i/CLKOUT3
                         net (fo=1, routed)           0.929    10.034    memory/controller/u_davinci_ddr3_mig_mig/u_ddr3_infrastructure/pll_clk3_out
    BUFHCE_X1Y12         BUFH (Prop_bufh_I_O)         0.069    10.103 r  memory/controller/u_davinci_ddr3_mig_mig/u_ddr3_infrastructure/u_bufh_pll_clk3/O
                         net (fo=1, routed)           0.664    10.767    memory/controller/u_davinci_ddr3_mig_mig/u_ddr3_infrastructure/pll_clk3
    MMCME2_ADV_X1Y1      MMCME2_ADV (Prop_mmcme2_adv_CLKIN1_CLKFBOUT)
                                                     -2.699     8.068 r  memory/controller/u_davinci_ddr3_mig_mig/u_ddr3_infrastructure/gen_mmcm.mmcm_i/CLKFBOUT
                         net (fo=1, routed)           1.352     9.421    memory/controller/u_davinci_ddr3_mig_mig/u_ddr3_infrastructure/clk_pll_i
    BUFGCTRL_X0Y16       BUFG (Prop_bufg_I_O)         0.077     9.498 r  memory/controller/u_davinci_ddr3_mig_mig/u_ddr3_infrastructure/u_bufg_clkdiv0/O
                         net (fo=4851, routed)        1.239    10.737    memory/bridge/CLK
    SLICE_X47Y64         FDCE                                         r  memory/bridge/ui_base_reg[16]/C
                         clock pessimism              0.614    11.351    
                         clock uncertainty           -0.060    11.290    
    SLICE_X47Y64         FDCE (Recov_fdce_C_CLR)     -0.331    10.959    memory/bridge/ui_base_reg[16]
  -------------------------------------------------------------------
                         required time                         10.959    
                         arrival time                          -5.490    
  -------------------------------------------------------------------
                         slack                                  5.470    





Min Delay Paths
--------------------------------------------------------------------------------------
Slack (MET) :             0.675ns  (arrival time - required time)
  Source:                 memory/controller/u_davinci_ddr3_mig_mig/u_ddr3_infrastructure/rstdiv0_sync_r1_reg_rep__4/C
                            (rising edge-triggered cell FDPE clocked by clk_pll_i_1  {rise@0.000ns fall@5.000ns period=10.000ns})
  Destination:            memory/controller/u_davinci_ddr3_mig_mig/u_memc_ui_top_std/mem_intfc0/ddr_phy_top0/u_ddr_calib_top/u_ddr_phy_init/phy_reset_n_reg/CLR
                            (removal check against rising-edge clock clk_pll_i_1  {rise@0.000ns fall@5.000ns period=10.000ns})
  Path Group:             **async_default**
  Path Type:              Removal (Min at Fast Process Corner)
  Requirement:            0.000ns  (clk_pll_i_1 rise@0.000ns - clk_pll_i_1 rise@0.000ns)
  Data Path Delay:        0.652ns  (logic 0.141ns (21.612%)  route 0.511ns (78.388%))
  Logic Levels:           0  
  Clock Path Skew:        0.044ns (DCD - SCD - CPR)
    Destination Clock Delay (DCD):    0.195ns
    Source Clock Delay      (SCD):    0.133ns
    Clock Pessimism Removal (CPR):    0.018ns

    Location             Delay type                Incr(ns)  Path(ns)    Netlist Resource(s)
  -------------------------------------------------------------------    -------------------
                         (clock clk_pll_i_1 rise edge)
                                                      0.000     0.000 r  
    R4                                                0.000     0.000 r  sys_clk (IN)
                         net (fo=0)                   0.000     0.000    sys_clk
    R4                   IBUF (Prop_ibuf_I_O)         0.269     0.269 r  sys_clk_IBUF_inst/O
                         net (fo=1, routed)           0.440     0.709    multiplied_clock.clock_generator/sys_clk_IBUF
    MMCME2_ADV_X1Y0      MMCME2_ADV (Prop_mmcme2_adv_CLKIN1_CLKOUT1)
                                                     -2.360    -1.651 r  multiplied_clock.clock_generator/mmcm/CLKOUT1
                         net (fo=1, routed)           0.486    -1.165    multiplied_clock.clock_generator/ddr_ref_raw
    BUFGCTRL_X0Y1        BUFG (Prop_bufg_I_O)         0.026    -1.139 r  multiplied_clock.clock_generator/ddr_ref_buffer/O
                         net (fo=63, routed)          0.552    -0.587    memory/controller/u_davinci_ddr3_mig_mig/u_ddr3_infrastructure/mmcm_clk
    PLLE2_ADV_X1Y1       PLLE2_ADV (Prop_plle2_adv_CLKIN1_CLKOUT3)
                                                      0.050    -0.537 r  memory/controller/u_davinci_ddr3_mig_mig/u_ddr3_infrastructure/plle2_i/CLKOUT3
                         net (fo=1, routed)           0.381    -0.156    memory/controller/u_davinci_ddr3_mig_mig/u_ddr3_infrastructure/pll_clk3_out
    BUFHCE_X1Y12         BUFH (Prop_bufh_I_O)         0.020    -0.136 r  memory/controller/u_davinci_ddr3_mig_mig/u_ddr3_infrastructure/u_bufh_pll_clk3/O
                         net (fo=1, routed)           0.259     0.123    memory/controller/u_davinci_ddr3_mig_mig/u_ddr3_infrastructure/pll_clk3
    MMCME2_ADV_X1Y1      MMCME2_ADV (Prop_mmcme2_adv_CLKIN1_CLKFBOUT)
                                                     -1.057    -0.934 r  memory/controller/u_davinci_ddr3_mig_mig/u_ddr3_infrastructure/gen_mmcm.mmcm_i/CLKFBOUT
                         net (fo=1, routed)           0.486    -0.448    memory/controller/u_davinci_ddr3_mig_mig/u_ddr3_infrastructure/clk_pll_i
    BUFGCTRL_X0Y16       BUFG (Prop_bufg_I_O)         0.026    -0.422 r  memory/controller/u_davinci_ddr3_mig_mig/u_ddr3_infrastructure/u_bufg_clkdiv0/O
                         net (fo=4851, routed)        0.555     0.133    memory/controller/u_davinci_ddr3_mig_mig/u_ddr3_infrastructure/CLK
    SLICE_X40Y63         FDPE                                         r  memory/controller/u_davinci_ddr3_mig_mig/u_ddr3_infrastructure/rstdiv0_sync_r1_reg_rep__4/C
  -------------------------------------------------------------------    -------------------
    SLICE_X40Y63         FDPE (Prop_fdpe_C_Q)         0.141     0.274 f  memory/controller/u_davinci_ddr3_mig_mig/u_ddr3_infrastructure/rstdiv0_sync_r1_reg_rep__4/Q
                         net (fo=47, routed)          0.511     0.785    memory/controller/u_davinci_ddr3_mig_mig/u_memc_ui_top_std/mem_intfc0/ddr_phy_top0/u_ddr_calib_top/u_ddr_phy_init/prech_req_r_reg_0
    SLICE_X50Y56         FDCE                                         f  memory/controller/u_davinci_ddr3_mig_mig/u_memc_ui_top_std/mem_intfc0/ddr_phy_top0/u_ddr_calib_top/u_ddr_phy_init/phy_reset_n_reg/CLR
  -------------------------------------------------------------------    -------------------

                         (clock clk_pll_i_1 rise edge)
                                                      0.000     0.000 r  
    R4                                                0.000     0.000 r  sys_clk (IN)
                         net (fo=0)                   0.000     0.000    sys_clk
    R4                   IBUF (Prop_ibuf_I_O)         0.457     0.457 r  sys_clk_IBUF_inst/O
                         net (fo=1, routed)           0.480     0.937    multiplied_clock.clock_generator/sys_clk_IBUF
    MMCME2_ADV_X1Y0      MMCME2_ADV (Prop_mmcme2_adv_CLKIN1_CLKOUT1)
                                                     -3.142    -2.205 r  multiplied_clock.clock_generator/mmcm/CLKOUT1
                         net (fo=1, routed)           0.530    -1.676    multiplied_clock.clock_generator/ddr_ref_raw
    BUFGCTRL_X0Y1        BUFG (Prop_bufg_I_O)         0.029    -1.647 r  multiplied_clock.clock_generator/ddr_ref_buffer/O
                         net (fo=63, routed)          0.820    -0.827    memory/controller/u_davinci_ddr3_mig_mig/u_ddr3_infrastructure/mmcm_clk
    PLLE2_ADV_X1Y1       PLLE2_ADV (Prop_plle2_adv_CLKIN1_CLKOUT3)
                                                      0.053    -0.774 r  memory/controller/u_davinci_ddr3_mig_mig/u_ddr3_infrastructure/plle2_i/CLKOUT3
                         net (fo=1, routed)           0.423    -0.351    memory/controller/u_davinci_ddr3_mig_mig/u_ddr3_infrastructure/pll_clk3_out
    BUFHCE_X1Y12         BUFH (Prop_bufh_I_O)         0.043    -0.308 r  memory/controller/u_davinci_ddr3_mig_mig/u_ddr3_infrastructure/u_bufh_pll_clk3/O
                         net (fo=1, routed)           0.483     0.175    memory/controller/u_davinci_ddr3_mig_mig/u_ddr3_infrastructure/pll_clk3
    MMCME2_ADV_X1Y1      MMCME2_ADV (Prop_mmcme2_adv_CLKIN1_CLKFBOUT)
                                                     -1.371    -1.196 r  memory/controller/u_davinci_ddr3_mig_mig/u_ddr3_infrastructure/gen_mmcm.mmcm_i/CLKFBOUT
                         net (fo=1, routed)           0.530    -0.667    memory/controller/u_davinci_ddr3_mig_mig/u_ddr3_infrastructure/clk_pll_i
    BUFGCTRL_X0Y16       BUFG (Prop_bufg_I_O)         0.029    -0.638 r  memory/controller/u_davinci_ddr3_mig_mig/u_ddr3_infrastructure/u_bufg_clkdiv0/O
                         net (fo=4851, routed)        0.832     0.195    memory/controller/u_davinci_ddr3_mig_mig/u_memc_ui_top_std/mem_intfc0/ddr_phy_top0/u_ddr_calib_top/u_ddr_phy_init/CLK
    SLICE_X50Y56         FDCE                                         r  memory/controller/u_davinci_ddr3_mig_mig/u_memc_ui_top_std/mem_intfc0/ddr_phy_top0/u_ddr_calib_top/u_ddr_phy_init/phy_reset_n_reg/C
                         clock pessimism             -0.018     0.177    
    SLICE_X50Y56         FDCE (Remov_fdce_C_CLR)     -0.067     0.110    memory/controller/u_davinci_ddr3_mig_mig/u_memc_ui_top_std/mem_intfc0/ddr_phy_top0/u_ddr_calib_top/u_ddr_phy_init/phy_reset_n_reg
  -------------------------------------------------------------------
                         required time                         -0.110    
                         arrival time                           0.785    
  -------------------------------------------------------------------
                         slack                                  0.675    





---------------------------------------------------------------------------------------------------
Path Group:  **async_default**
From Clock:  core_raw
  To Clock:  core_raw

Setup :            0  Failing Endpoints,  Worst Slack        1.015ns,  Total Violation        0.000ns
Hold  :            0  Failing Endpoints,  Worst Slack        0.495ns,  Total Violation        0.000ns
---------------------------------------------------------------------------------------------------


Max Delay Paths
--------------------------------------------------------------------------------------
Slack (MET) :             1.015ns  (required time - arrival time)
  Source:                 engine/reset_pipe_reg[2]/C
                            (rising edge-triggered cell FDCE clocked by core_raw  {rise@0.000ns fall@5.000ns period=10.000ns})
  Destination:            engine/codec/encoder/channels[0].channel/core/packer/m_data_reg[73]/CLR
                            (recovery check against rising-edge clock core_raw  {rise@0.000ns fall@5.000ns period=10.000ns})
  Path Group:             **async_default**
  Path Type:              Recovery (Max at Slow Process Corner)
  Requirement:            10.000ns  (core_raw rise@10.000ns - core_raw rise@0.000ns)
  Data Path Delay:        8.657ns  (logic 0.587ns (6.781%)  route 8.070ns (93.219%))
  Logic Levels:           1  (LUT2=1)
  Clock Path Skew:        0.051ns (DCD - SCD + CPR)
    Destination Clock Delay (DCD):    -0.858ns = ( 9.142 - 10.000 ) 
    Source Clock Delay      (SCD):    -0.566ns
    Clock Pessimism Removal (CPR):    0.343ns
  Clock Uncertainty:      0.047ns  ((TSJ^2 + DJ^2)^1/2) / 2 + PE
    Total System Jitter     (TSJ):    0.071ns
    Discrete Jitter          (DJ):    0.063ns
    Phase Error              (PE):    0.000ns

    Location             Delay type                Incr(ns)  Path(ns)    Netlist Resource(s)
  -------------------------------------------------------------------    -------------------
                         (clock core_raw rise edge)
                                                      0.000     0.000 r  
    R4                                                0.000     0.000 r  sys_clk (IN)
                         net (fo=0)                   0.000     0.000    sys_clk
    R4                   IBUF (Prop_ibuf_I_O)         1.432     1.432 r  sys_clk_IBUF_inst/O
                         net (fo=1, routed)           1.065     2.497    multiplied_clock.clock_generator/sys_clk_IBUF
    MMCME2_ADV_X1Y0      MMCME2_ADV (Prop_mmcme2_adv_CLKIN1_CLKOUT0)
                                                     -5.921    -3.424 r  multiplied_clock.clock_generator/mmcm/CLKOUT0
                         net (fo=1, routed)           1.421    -2.004    multiplied_clock.clock_generator/core_raw
    BUFGCTRL_X0Y2        BUFG (Prop_bufg_I_O)         0.081    -1.923 r  multiplied_clock.clock_generator/core_buffer/O
                         net (fo=16620, routed)       1.356    -0.566    engine/core_clk
    SLICE_X47Y94         FDCE                                         r  engine/reset_pipe_reg[2]/C
  -------------------------------------------------------------------    -------------------
    SLICE_X47Y94         FDCE (Prop_fdce_C_Q)         0.348    -0.218 r  engine/reset_pipe_reg[2]/Q
                         net (fo=19, routed)          2.023     1.805    engine/codec/encoder/channels[0].channel/core/out[0]
    SLICE_X13Y91         LUT2 (Prop_lut2_I1_O)        0.239     2.044 f  engine/codec/encoder/channels[0].channel/core/active_i_3/O
                         net (fo=2677, routed)        6.046     8.090    engine/codec/encoder/channels[0].channel/core/packer/m_frame_end_reg_0
    SLICE_X28Y147        FDCE                                         f  engine/codec/encoder/channels[0].channel/core/packer/m_data_reg[73]/CLR
  -------------------------------------------------------------------    -------------------

                         (clock core_raw rise edge)
                                                     10.000    10.000 r  
    R4                                                0.000    10.000 r  sys_clk (IN)
                         net (fo=0)                   0.000    10.000    sys_clk
    R4                   IBUF (Prop_ibuf_I_O)         1.366    11.366 r  sys_clk_IBUF_inst/O
                         net (fo=1, routed)           1.004    12.369    multiplied_clock.clock_generator/sys_clk_IBUF
    MMCME2_ADV_X1Y0      MMCME2_ADV (Prop_mmcme2_adv_CLKIN1_CLKOUT0)
                                                     -6.057     6.312 r  multiplied_clock.clock_generator/mmcm/CLKOUT0
                         net (fo=1, routed)           1.352     7.665    multiplied_clock.clock_generator/core_raw
    BUFGCTRL_X0Y2        BUFG (Prop_bufg_I_O)         0.077     7.742 r  multiplied_clock.clock_generator/core_buffer/O
                         net (fo=16620, routed)       1.400     9.142    engine/codec/encoder/channels[0].channel/core/packer/core_clk
    SLICE_X28Y147        FDCE                                         r  engine/codec/encoder/channels[0].channel/core/packer/m_data_reg[73]/C
                         clock pessimism              0.343     9.484    
                         clock uncertainty           -0.047     9.437    
    SLICE_X28Y147        FDCE (Recov_fdce_C_CLR)     -0.331     9.106    engine/codec/encoder/channels[0].channel/core/packer/m_data_reg[73]
  -------------------------------------------------------------------
                         required time                          9.106    
                         arrival time                          -8.090    
  -------------------------------------------------------------------
                         slack                                  1.015    





Min Delay Paths
--------------------------------------------------------------------------------------
Slack (MET) :             0.495ns  (arrival time - required time)
  Source:                 synchronous.clock_guard/sys_reset_pipe_reg[2]/C
                            (rising edge-triggered cell FDCE clocked by core_raw  {rise@0.000ns fall@5.000ns period=10.000ns})
  Destination:            synchronous.clock_guard/silent_cycles_reg[1]/CLR
                            (removal check against rising-edge clock core_raw  {rise@0.000ns fall@5.000ns period=10.000ns})
  Path Group:             **async_default**
  Path Type:              Removal (Min at Fast Process Corner)
  Requirement:            0.000ns  (core_raw rise@0.000ns - core_raw rise@0.000ns)
  Data Path Delay:        0.666ns  (logic 0.246ns (36.915%)  route 0.420ns (63.085%))
  Logic Levels:           1  (LUT1=1)
  Clock Path Skew:        0.264ns (DCD - SCD - CPR)
    Destination Clock Delay (DCD):    -0.817ns
    Source Clock Delay      (SCD):    -0.578ns
    Clock Pessimism Removal (CPR):    -0.503ns

    Location             Delay type                Incr(ns)  Path(ns)    Netlist Resource(s)
  -------------------------------------------------------------------    -------------------
                         (clock core_raw rise edge)
                                                      0.000     0.000 r  
    R4                                                0.000     0.000 r  sys_clk (IN)
                         net (fo=0)                   0.000     0.000    sys_clk
    R4                   IBUF (Prop_ibuf_I_O)         0.269     0.269 r  sys_clk_IBUF_inst/O
                         net (fo=1, routed)           0.440     0.709    multiplied_clock.clock_generator/sys_clk_IBUF
    MMCME2_ADV_X1Y0      MMCME2_ADV (Prop_mmcme2_adv_CLKIN1_CLKOUT0)
                                                     -2.360    -1.651 r  multiplied_clock.clock_generator/mmcm/CLKOUT0
                         net (fo=1, routed)           0.486    -1.165    multiplied_clock.clock_generator/core_raw
    BUFGCTRL_X0Y2        BUFG (Prop_bufg_I_O)         0.026    -1.139 r  multiplied_clock.clock_generator/core_buffer/O
                         net (fo=16620, routed)       0.561    -0.578    synchronous.clock_guard/core_clk
    SLICE_X38Y94         FDCE                                         r  synchronous.clock_guard/sys_reset_pipe_reg[2]/C
  -------------------------------------------------------------------    -------------------
    SLICE_X38Y94         FDCE (Prop_fdce_C_Q)         0.148    -0.430 r  synchronous.clock_guard/sys_reset_pipe_reg[2]/Q
                         net (fo=1, routed)           0.281    -0.149    synchronous.clock_guard/sys_reset_pipe[2]
    SLICE_X38Y94         LUT1 (Prop_lut1_I0_O)        0.098    -0.051 f  synchronous.clock_guard/heartbeat_sync[1]_i_1/O
                         net (fo=21, routed)          0.139     0.088    synchronous.clock_guard/heartbeat_sync[1]_i_1_n_0
    SLICE_X33Y94         FDCE                                         f  synchronous.clock_guard/silent_cycles_reg[1]/CLR
  -------------------------------------------------------------------    -------------------

                         (clock core_raw rise edge)
                                                      0.000     0.000 r  
    R4                                                0.000     0.000 r  sys_clk (IN)
                         net (fo=0)                   0.000     0.000    sys_clk
    R4                   IBUF (Prop_ibuf_I_O)         0.457     0.457 r  sys_clk_IBUF_inst/O
                         net (fo=1, routed)           0.480     0.937    multiplied_clock.clock_generator/sys_clk_IBUF
    MMCME2_ADV_X1Y0      MMCME2_ADV (Prop_mmcme2_adv_CLKIN1_CLKOUT0)
                                                     -3.142    -2.205 r  multiplied_clock.clock_generator/mmcm/CLKOUT0
                         net (fo=1, routed)           0.530    -1.676    multiplied_clock.clock_generator/core_raw
    BUFGCTRL_X0Y2        BUFG (Prop_bufg_I_O)         0.029    -1.647 r  multiplied_clock.clock_generator/core_buffer/O
                         net (fo=16620, routed)       0.829    -0.817    synchronous.clock_guard/core_clk
    SLICE_X33Y94         FDCE                                         r  synchronous.clock_guard/silent_cycles_reg[1]/C
                         clock pessimism              0.503    -0.314    
    SLICE_X33Y94         FDCE (Remov_fdce_C_CLR)     -0.092    -0.406    synchronous.clock_guard/silent_cycles_reg[1]
  -------------------------------------------------------------------
                         required time                          0.406    
                         arrival time                           0.088    
  -------------------------------------------------------------------
                         slack                                  0.495    





---------------------------------------------------------------------------------------------------
Path Group:  **async_default**
From Clock:  usb_clk
  To Clock:  usb_clk

Setup :            0  Failing Endpoints,  Worst Slack        6.492ns,  Total Violation        0.000ns
Hold  :            0  Failing Endpoints,  Worst Slack        0.614ns,  Total Violation        0.000ns
---------------------------------------------------------------------------------------------------


Max Delay Paths
--------------------------------------------------------------------------------------
Slack (MET) :             6.492ns  (required time - arrival time)
  Source:                 synchronous.usb_reset_pipe_reg[2]/C
                            (rising edge-triggered cell FDCE clocked by usb_clk  {rise@0.000ns fall@8.333ns period=16.667ns})
  Destination:            synchronous.stats_mailbox/held_data_reg[12]/CLR
                            (recovery check against rising-edge clock usb_clk  {rise@0.000ns fall@8.333ns period=16.667ns})
  Path Group:             **async_default**
  Path Type:              Recovery (Max at Slow Process Corner)
  Requirement:            16.667ns  (usb_clk rise@16.667ns - usb_clk rise@0.000ns)
  Data Path Delay:        9.614ns  (logic 0.587ns (6.106%)  route 9.027ns (93.894%))
  Logic Levels:           1  (LUT1=1)
  Clock Path Skew:        -0.045ns (DCD - SCD + CPR)
    Destination Clock Delay (DCD):    4.307ns = ( 20.974 - 16.667 ) 
    Source Clock Delay      (SCD):    4.578ns
    Clock Pessimism Removal (CPR):    0.226ns
  Clock Uncertainty:      0.185ns  ((TSJ^2 + TIJ^2)^1/2 + DJ) / 2 + PE + UU
    Total System Jitter     (TSJ):    0.071ns
    Total Input Jitter      (TIJ):    0.000ns
    Discrete Jitter          (DJ):    0.000ns
    Phase Error              (PE):    0.000ns
    User Uncertainty         (UU):    0.150ns

    Location             Delay type                Incr(ns)  Path(ns)    Netlist Resource(s)
  -------------------------------------------------------------------    -------------------
                         (clock usb_clk rise edge)    0.000     0.000 r  
    Y4                                                0.000     0.000 r  usb_clk_60m (IN)
                         net (fo=0)                   0.000     0.000    usb_clk_60m
    Y4                   IBUF (Prop_ibuf_I_O)         1.439     1.439 r  usb_clk_60m_IBUF_inst/O
                         net (fo=1, routed)           1.689     3.127    usb_clk_60m_IBUF
    BUFGCTRL_X0Y0        BUFG (Prop_bufg_I_O)         0.081     3.208 r  synchronous.usb_clock_buffer/O
                         net (fo=1013, routed)        1.370     4.578    synchronous.usb_clk
    SLICE_X47Y44         FDCE                                         r  synchronous.usb_reset_pipe_reg[2]/C
  -------------------------------------------------------------------    -------------------
    SLICE_X47Y44         FDCE (Prop_fdce_C_Q)         0.348     4.926 r  synchronous.usb_reset_pipe_reg[2]/Q
                         net (fo=21, routed)          1.254     6.180    synchronous.link/out[0]
    SLICE_X65Y41         LUT1 (Prop_lut1_I0_O)        0.239     6.419 f  synchronous.link/FSM_sequential_state[2]_i_2/O
                         net (fo=950, routed)         7.773    14.192    synchronous.stats_mailbox/held_data_reg[0]_0
    SLICE_X40Y5          FDCE                                         f  synchronous.stats_mailbox/held_data_reg[12]/CLR
  -------------------------------------------------------------------    -------------------

                         (clock usb_clk rise edge)   16.667    16.667 r  
    Y4                                                0.000    16.667 r  usb_clk_60m (IN)
                         net (fo=0)                   0.000    16.667    usb_clk_60m
    Y4                   IBUF (Prop_ibuf_I_O)         1.372    18.039 r  usb_clk_60m_IBUF_inst/O
                         net (fo=1, routed)           1.599    19.639    usb_clk_60m_IBUF
    BUFGCTRL_X0Y0        BUFG (Prop_bufg_I_O)         0.077    19.716 r  synchronous.usb_clock_buffer/O
                         net (fo=1013, routed)        1.259    20.974    synchronous.stats_mailbox/synchronous.usb_clk
    SLICE_X40Y5          FDCE                                         r  synchronous.stats_mailbox/held_data_reg[12]/C
                         clock pessimism              0.226    21.200    
                         clock uncertainty           -0.185    21.015    
    SLICE_X40Y5          FDCE (Recov_fdce_C_CLR)     -0.331    20.684    synchronous.stats_mailbox/held_data_reg[12]
  -------------------------------------------------------------------
                         required time                         20.684    
                         arrival time                         -14.192    
  -------------------------------------------------------------------
                         slack                                  6.492    





Min Delay Paths
--------------------------------------------------------------------------------------
Slack (MET) :             0.614ns  (arrival time - required time)
  Source:                 synchronous.clock_guard/usb_reset_pipe_reg[2]/C
                            (rising edge-triggered cell FDCE clocked by usb_clk  {rise@0.000ns fall@8.333ns period=16.667ns})
  Destination:            synchronous.clock_guard/heartbeat_counter_reg[0]/CLR
                            (removal check against rising-edge clock usb_clk  {rise@0.000ns fall@8.333ns period=16.667ns})
  Path Group:             **async_default**
  Path Type:              Removal (Min at Fast Process Corner)
  Requirement:            0.000ns  (usb_clk rise@0.000ns - usb_clk rise@0.000ns)
  Data Path Delay:        0.689ns  (logic 0.226ns (32.785%)  route 0.463ns (67.215%))
  Logic Levels:           1  (LUT1=1)
  Clock Path Skew:        0.017ns (DCD - SCD - CPR)
    Destination Clock Delay (DCD):    2.008ns
    Source Clock Delay      (SCD):    1.492ns
    Clock Pessimism Removal (CPR):    0.499ns
  Clock Uncertainty:      0.150ns  ((TSJ^2 + TIJ^2)^1/2 + DJ) / 2 + PE + UU
    Total System Jitter     (TSJ):    0.000ns
    Total Input Jitter      (TIJ):    0.000ns
    Discrete Jitter          (DJ):    0.000ns
    Phase Error              (PE):    0.000ns
    User Uncertainty         (UU):    0.150ns

    Location             Delay type                Incr(ns)  Path(ns)    Netlist Resource(s)
  -------------------------------------------------------------------    -------------------
                         (clock usb_clk rise edge)    0.000     0.000 r  
    Y4                                                0.000     0.000 r  usb_clk_60m (IN)
                         net (fo=0)                   0.000     0.000    usb_clk_60m
    Y4                   IBUF (Prop_ibuf_I_O)         0.275     0.275 r  usb_clk_60m_IBUF_inst/O
                         net (fo=1, routed)           0.631     0.906    usb_clk_60m_IBUF
    BUFGCTRL_X0Y0        BUFG (Prop_bufg_I_O)         0.026     0.932 r  synchronous.usb_clock_buffer/O
                         net (fo=1013, routed)        0.560     1.492    synchronous.clock_guard/synchronous.usb_clk
    SLICE_X29Y92         FDCE                                         r  synchronous.clock_guard/usb_reset_pipe_reg[2]/C
  -------------------------------------------------------------------    -------------------
    SLICE_X29Y92         FDCE (Prop_fdce_C_Q)         0.128     1.620 r  synchronous.clock_guard/usb_reset_pipe_reg[2]/Q
                         net (fo=1, routed)           0.286     1.906    synchronous.clock_guard/usb_reset_pipe[2]
    SLICE_X28Y93         LUT1 (Prop_lut1_I0_O)        0.098     2.004 f  synchronous.clock_guard/heartbeat_counter[6]_i_2/O
                         net (fo=7, routed)           0.178     2.181    synchronous.clock_guard/heartbeat_counter[6]_i_2_n_0
    SLICE_X29Y93         FDCE                                         f  synchronous.clock_guard/heartbeat_counter_reg[0]/CLR
  -------------------------------------------------------------------    -------------------

                         (clock usb_clk rise edge)    0.000     0.000 r  
    Y4                                                0.000     0.000 r  usb_clk_60m (IN)
                         net (fo=0)                   0.000     0.000    usb_clk_60m
    Y4                   IBUF (Prop_ibuf_I_O)         0.463     0.463 r  usb_clk_60m_IBUF_inst/O
                         net (fo=1, routed)           0.685     1.148    usb_clk_60m_IBUF
    BUFGCTRL_X0Y0        BUFG (Prop_bufg_I_O)         0.029     1.177 r  synchronous.usb_clock_buffer/O
                         net (fo=1013, routed)        0.831     2.008    synchronous.clock_guard/synchronous.usb_clk
    SLICE_X29Y93         FDCE                                         r  synchronous.clock_guard/heartbeat_counter_reg[0]/C
                         clock pessimism             -0.499     1.509    
                         clock uncertainty            0.150     1.659    
    SLICE_X29Y93         FDCE (Remov_fdce_C_CLR)     -0.092     1.567    synchronous.clock_guard/heartbeat_counter_reg[0]
  -------------------------------------------------------------------
                         required time                         -1.567    
                         arrival time                           2.181    
  -------------------------------------------------------------------
                         slack                                  0.614    





---------------------------------------------------------------------------------------------------
Path Group:  **default**
From Clock:  clk_pll_i_1
  To Clock:  

Setup :            0  Failing Endpoints,  Worst Slack        2.312ns,  Total Violation        0.000ns
Hold  :           NA  Failing Endpoints,  Worst Slack           NA  ,  Total Violation           NA
---------------------------------------------------------------------------------------------------


Max Delay Paths
--------------------------------------------------------------------------------------
Slack (MET) :             2.312ns  (required time - arrival time)
  Source:                 memory/controller/u_davinci_ddr3_mig_mig/u_ddr3_infrastructure/rstdiv0_sync_r1_reg_rep/C
                            (rising edge-triggered cell FDPE clocked by clk_pll_i_1  {rise@0.000ns fall@5.000ns period=10.000ns})
  Destination:            memory/controller/u_davinci_ddr3_mig_mig/u_memc_ui_top_std/mem_intfc0/ddr_phy_top0/u_ddr_mc_phy_wrapper/u_ddr_mc_phy/ddr_phy_4lanes_0.u_ddr_phy_4lanes/phy_control_i/RESET
  Path Group:             **default**
  Path Type:              Max at Slow Process Corner
  Requirement:            5.000ns  (MaxDelay Path 5.000ns)
  Data Path Delay:        2.688ns  (logic 0.379ns (14.101%)  route 2.309ns (85.899%))
  Logic Levels:           0  
  Output Delay:           0.000ns
  Timing Exception:       MaxDelay Path 5.000ns -datapath_only

    Location             Delay type                Incr(ns)  Path(ns)    Netlist Resource(s)
  -------------------------------------------------------------------    -------------------
    SLICE_X39Y67                                      0.000     0.000 r  memory/controller/u_davinci_ddr3_mig_mig/u_ddr3_infrastructure/rstdiv0_sync_r1_reg_rep/C
    SLICE_X39Y67         FDPE (Prop_fdpe_C_Q)         0.379     0.379 r  memory/controller/u_davinci_ddr3_mig_mig/u_ddr3_infrastructure/rstdiv0_sync_r1_reg_rep/Q
                         net (fo=53, routed)          2.309     2.688    memory/controller/u_davinci_ddr3_mig_mig/u_memc_ui_top_std/mem_intfc0/ddr_phy_top0/u_ddr_mc_phy_wrapper/u_ddr_mc_phy/ddr_phy_4lanes_0.u_ddr_phy_4lanes/in0
    PHY_CONTROL_X1Y1     PHY_CONTROL                                  r  memory/controller/u_davinci_ddr3_mig_mig/u_memc_ui_top_std/mem_intfc0/ddr_phy_top0/u_ddr_mc_phy_wrapper/u_ddr_mc_phy/ddr_phy_4lanes_0.u_ddr_phy_4lanes/phy_control_i/RESET
  -------------------------------------------------------------------    -------------------

                         max delay                    5.000     5.000    
    PHY_CONTROL_X1Y1     PHY_CONTROL                  0.000     5.000    memory/controller/u_davinci_ddr3_mig_mig/u_memc_ui_top_std/mem_intfc0/ddr_phy_top0/u_ddr_mc_phy_wrapper/u_ddr_mc_phy/ddr_phy_4lanes_0.u_ddr_phy_4lanes/phy_control_i
                         output delay                -0.000     5.000    
  -------------------------------------------------------------------
                         required time                          5.000    
                         arrival time                          -2.688    
  -------------------------------------------------------------------
                         slack                                  2.312    





