Copyright 1986-2020 Xilinx, Inc. All Rights Reserved.
-------------------------------------------------------------------------------------------------------------------------
| Tool Version : Vivado v.2020.1 (win64) Build 2902540 Wed May 27 19:54:49 MDT 2020
| Date         : Mon Sep 28 12:16:48 2026
| Host         : LAPTOP-JC5LPK9T running 64-bit major release  (build 9200)
| Command      : report_bus_skew -file F:/zju/dasanshangkecheng/HDL/mjpeg/reports/ddr3/full_20260928_121003/bus_skew.rpt
| Design       : davinci_mjpeg_ddr3_top
| Device       : 7a35t-fgg484
| Speed File   : -2  PRODUCTION 1.23 2018-06-13
-------------------------------------------------------------------------------------------------------------------------

Bus Skew Report

Table of Contents
-----------------
1. Bus Skew Report Summary
2. Bus Skew Report Per Constraint

1. Bus Skew Report Summary
--------------------------

Id  Position  From                            To                              Corner  Requirement(ns)  Actual(ns)  Slack(ns)
--  --------  ------------------------------  ------------------------------  ------  ---------------  ----------  ---------
1   27        [get_cells -hier -filter {IS_SEQUENTIAL == 1 && (NAME =~ *tx_fifo/wgray_reg* || NAME =~ *tx_fifo/wbin_reg*)}]
                                              [get_cells -hier -filter {IS_SEQUENTIAL == 1 && NAME =~ *tx_fifo/wgray_r1_reg*}]
                                                                              Slow             10.000       0.935      9.065
2   29        [get_cells -hier -filter {IS_SEQUENTIAL == 1 && (NAME =~ *tx_fifo/rgray_reg* || NAME =~ *tx_fifo/rbin_reg*)}]
                                              [get_cells -hier -filter {IS_SEQUENTIAL == 1 && NAME =~ *tx_fifo/rgray_w1_reg*}]
                                                                              Slow             16.667       0.840     15.827
3   31        [get_cells -hier -filter {IS_SEQUENTIAL == 1 && (NAME =~ *rx_fifo/wgray_reg* || NAME =~ *rx_fifo/wbin_reg*)}]
                                              [get_cells -hier -filter {IS_SEQUENTIAL == 1 && NAME =~ *rx_fifo/wgray_r1_reg*}]
                                                                              Slow             16.667       0.769     15.898
4   33        [get_cells -hier -filter {IS_SEQUENTIAL == 1 && (NAME =~ *rx_fifo/rgray_reg* || NAME =~ *rx_fifo/rbin_reg*)}]
                                              [get_cells -hier -filter {IS_SEQUENTIAL == 1 && NAME =~ *rx_fifo/rgray_w1_reg*}]
                                                                              Slow             10.000       0.930      9.070
5   40        [get_cells -hier -filter {IS_SEQUENTIAL == 1 && (NAME =~ *pixel_fifo/wgray_reg* || NAME =~ *pixel_fifo/wbin_reg*)}]
                                              [get_cells -hier -filter {IS_SEQUENTIAL == 1 && NAME =~ *pixel_fifo/wgray_r1_reg*}]
                                                                              Slow             13.250       1.134     12.116
6   42        [get_cells -hier -filter {IS_SEQUENTIAL == 1 && (NAME =~ *pixel_fifo/rgray_reg* || NAME =~ *pixel_fifo/rbin_reg*)}]
                                              [get_cells -hier -filter {IS_SEQUENTIAL == 1 && NAME =~ *pixel_fifo/rgray_w1_reg*}]
                                                                              Slow             10.000       0.990      9.010
7   44        [get_cells -hier -filter {IS_SEQUENTIAL == 1 && (NAME =~ *capture/*_gray_reg* || NAME =~ *capture/*_bin_reg*)}]
                                              [get_cells -hier -filter {IS_SEQUENTIAL == 1 && NAME =~ *capture/*_c1_reg*}]
                                                                              Slow             13.250       1.355     11.895
8   54        [get_cells -hier -quiet -filter {IS_SEQUENTIAL == 1 && (NAME =~ *memory/bridge/write_fifo/wr_gray_reg* || NAME =~ *memory/bridge/write_fifo/wr_binary_reg*)}]
                                              [get_cells -hier -quiet -filter {IS_SEQUENTIAL == 1 && NAME =~ *memory/bridge/write_fifo/wr_gray_sync1_reg*}]
                                                                              Slow             10.000       0.903      9.097
9   56        [get_cells -hier -quiet -filter {IS_SEQUENTIAL == 1 && (NAME =~ *memory/bridge/write_fifo/rd_gray_reg* || NAME =~ *memory/bridge/write_fifo/rd_binary_reg*)}]
                                              [get_cells -hier -quiet -filter {IS_SEQUENTIAL == 1 && NAME =~ *memory/bridge/write_fifo/rd_gray_sync1_reg*}]
                                                                              Slow             10.000       0.797      9.203
10  58        [get_cells -hier -quiet -filter {IS_SEQUENTIAL == 1 && (NAME =~ *memory/bridge/read_fifo/wr_gray_reg* || NAME =~ *memory/bridge/read_fifo/wr_binary_reg*)}]
                                              [get_cells -hier -quiet -filter {IS_SEQUENTIAL == 1 && NAME =~ *memory/bridge/read_fifo/wr_gray_sync1_reg*}]
                                                                              Slow             10.000       0.961      9.039
11  60        [get_cells -hier -quiet -filter {IS_SEQUENTIAL == 1 && (NAME =~ *memory/bridge/read_fifo/rd_gray_reg* || NAME =~ *memory/bridge/read_fifo/rd_binary_reg*)}]
                                              [get_cells -hier -quiet -filter {IS_SEQUENTIAL == 1 && NAME =~ *memory/bridge/read_fifo/rd_gray_sync1_reg*}]
                                                                              Fast             10.000       1.024      8.976


2. Bus Skew Report Per Constraint
---------------------------------

Id: 1
set_bus_skew -from [get_cells -hier -filter {IS_SEQUENTIAL == 1 && (NAME =~ *tx_fifo/wgray_reg* || NAME =~ *tx_fifo/wbin_reg*)}] -to [get_cells -hier -filter {IS_SEQUENTIAL == 1 && NAME =~ *tx_fifo/wgray_r1_reg*}] 10.000
Requirement: 10.000ns
Endpoints: 14

From Clock            To Clock              Endpoint Pin                    Reference Pin                   Corner  Actual(ns)  Slack(ns)
--------------------  --------------------  ------------------------------  ------------------------------  ------  ----------  ---------
core_raw              usb_clk               synchronous.tx_fifo/wgray_r1_reg[2]/D
                                                                            synchronous.tx_fifo/wgray_r1_reg[0]/D
                                                                                                            Slow         0.935      9.065


Slack (MET) :             9.065ns  (requirement - actual skew)
  Endpoint Source:        synchronous.tx_fifo/wgray_reg[2]/C
                            (rising edge-triggered cell FDCE clocked by core_raw)
  Endpoint Destination:   synchronous.tx_fifo/wgray_r1_reg[2]/D
                            (rising edge-triggered cell FDCE clocked by usb_clk)
  Reference Source:       synchronous.tx_fifo/wgray_reg[0]/C
                            (rising edge-triggered cell FDCE clocked by core_raw)
  Reference Destination:  synchronous.tx_fifo/wgray_r1_reg[0]/D
                            (rising edge-triggered cell FDCE clocked by usb_clk)
  Path Type:              Bus Skew (Max at Slow Process Corner)
  Requirement:            10.000ns
  Endpoint Relative Delay:   -3.781ns
  Reference Relative Delay:  -5.212ns
  Relative CRPR:              0.627ns
  Uncertainty:                0.131ns
  Actual Bus Skew:            0.935ns  (Endpoint Relative Delay - Reference Relative Delay - Relative CRPR + Uncertainty)

Endpoint path:
    Location             Delay type                Incr(ns)  Path(ns)    Netlist Resource(s)
  -------------------------------------------------------------------    -------------------
                         (clock core_raw rise edge)
                                                      0.000     0.000 r  
    R4                                                0.000     0.000 r  sys_clk (IN)
                         net (fo=0)                   0.000     0.000    sys_clk
    R4                   IBUF (Prop_ibuf_I_O)         1.432     1.432 r  sys_clk_IBUF_inst/O
                         net (fo=1, routed)           1.065     2.497    multiplied_clock.clock_generator/sys_clk_IBUF
    MMCME2_ADV_X1Y0      MMCME2_ADV (Prop_mmcme2_adv_CLKIN1_CLKOUT0)
                                                     -5.921    -3.424 r  multiplied_clock.clock_generator/mmcm/CLKOUT0
                         net (fo=1, routed)           1.421    -2.004    multiplied_clock.clock_generator/core_raw
    BUFGCTRL_X0Y2        BUFG (Prop_bufg_I_O)         0.081    -1.923 r  multiplied_clock.clock_generator/core_buffer/O
                         net (fo=16672, routed)       1.376    -0.547    synchronous.tx_fifo/core_clk
    SLICE_X55Y1          FDCE                                         r  synchronous.tx_fifo/wgray_reg[2]/C
  -------------------------------------------------------------------    -------------------
    SLICE_X55Y1          FDCE (Prop_fdce_C_Q)         0.348    -0.199 r  synchronous.tx_fifo/wgray_reg[2]/Q
                         net (fo=1, routed)           0.587     0.388    synchronous.tx_fifo/wgray_reg_n_0_[2]
    SLICE_X59Y1          FDCE                                         r  synchronous.tx_fifo/wgray_r1_reg[2]/D
  -------------------------------------------------------------------    -------------------

                         (clock usb_clk rise edge)    0.000     0.000 r  
    Y4                                                0.000     0.000 r  usb_clk_60m (IN)
                         net (fo=0)                   0.000     0.000    usb_clk_60m
    Y4                   IBUF (Prop_ibuf_I_O)         1.372     1.372 r  usb_clk_60m_IBUF_inst/O
                         net (fo=1, routed)           1.599     2.972    usb_clk_60m_IBUF
    BUFGCTRL_X0Y0        BUFG (Prop_bufg_I_O)         0.077     3.049 r  synchronous.usb_clock_buffer/O
                         net (fo=1013, routed)        1.330     4.378    synchronous.tx_fifo/synchronous.usb_clk
    SLICE_X59Y1          FDCE                                         r  synchronous.tx_fifo/wgray_r1_reg[2]/C
                         clock pessimism              0.000     4.378    
    SLICE_X59Y1          FDCE (Setup_fdce_C_D)       -0.210     4.168    synchronous.tx_fifo/wgray_r1_reg[2]
  -------------------------------------------------------------------
                         data arrival                           0.388    
                         clock arrival                          4.168    
  -------------------------------------------------------------------
                         relative delay                        -3.781    

Reference path:
    Location             Delay type                Incr(ns)  Path(ns)    Netlist Resource(s)
  -------------------------------------------------------------------    -------------------
                         (clock core_raw rise edge)
                                                      0.000     0.000 r  
    R4                                                0.000     0.000 r  sys_clk (IN)
                         net (fo=0)                   0.000     0.000    sys_clk
    R4                   IBUF (Prop_ibuf_I_O)         1.366     1.366 r  sys_clk_IBUF_inst/O
                         net (fo=1, routed)           1.004     2.369    multiplied_clock.clock_generator/sys_clk_IBUF
    MMCME2_ADV_X1Y0      MMCME2_ADV (Prop_mmcme2_adv_CLKIN1_CLKOUT0)
                                                     -6.057    -3.688 r  multiplied_clock.clock_generator/mmcm/CLKOUT0
                         net (fo=1, routed)           1.352    -2.335    multiplied_clock.clock_generator/core_raw
    BUFGCTRL_X0Y2        BUFG (Prop_bufg_I_O)         0.077    -2.258 r  multiplied_clock.clock_generator/core_buffer/O
                         net (fo=16672, routed)       1.264    -0.995    synchronous.tx_fifo/core_clk
    SLICE_X56Y1          FDCE                                         r  synchronous.tx_fifo/wgray_reg[0]/C
  -------------------------------------------------------------------    -------------------
    SLICE_X56Y1          FDCE (Prop_fdce_C_Q)         0.347    -0.648 r  synchronous.tx_fifo/wgray_reg[0]/Q
                         net (fo=1, routed)           0.207    -0.441    synchronous.tx_fifo/wgray_reg_n_0_[0]
    SLICE_X56Y3          FDCE                                         r  synchronous.tx_fifo/wgray_r1_reg[0]/D
  -------------------------------------------------------------------    -------------------

                         (clock usb_clk rise edge)    0.000     0.000 r  
    Y4                                                0.000     0.000 r  usb_clk_60m (IN)
                         net (fo=0)                   0.000     0.000    usb_clk_60m
    Y4                   IBUF (Prop_ibuf_I_O)         1.439     1.439 r  usb_clk_60m_IBUF_inst/O
                         net (fo=1, routed)           1.689     3.127    usb_clk_60m_IBUF
    BUFGCTRL_X0Y0        BUFG (Prop_bufg_I_O)         0.081     3.208 r  synchronous.usb_clock_buffer/O
                         net (fo=1013, routed)        1.376     4.584    synchronous.tx_fifo/synchronous.usb_clk
    SLICE_X56Y3          FDCE                                         r  synchronous.tx_fifo/wgray_r1_reg[0]/C
                         clock pessimism              0.000     4.584    
    SLICE_X56Y3          FDCE (Hold_fdce_C_D)         0.187     4.771    synchronous.tx_fifo/wgray_r1_reg[0]
  -------------------------------------------------------------------
                         data arrival                          -0.441    
                         clock arrival                          4.771    
  -------------------------------------------------------------------
                         relative delay                        -5.212    



Id: 2
set_bus_skew -from [get_cells -hier -filter {IS_SEQUENTIAL == 1 && (NAME =~ *tx_fifo/rgray_reg* || NAME =~ *tx_fifo/rbin_reg*)}] -to [get_cells -hier -filter {IS_SEQUENTIAL == 1 && NAME =~ *tx_fifo/rgray_w1_reg*}] 16.667
Requirement: 16.667ns
Endpoints: 14

From Clock            To Clock              Endpoint Pin                    Reference Pin                   Corner  Actual(ns)  Slack(ns)
--------------------  --------------------  ------------------------------  ------------------------------  ------  ----------  ---------
usb_clk               core_raw              synchronous.tx_fifo/rgray_w1_reg[9]/D
                                                                            synchronous.tx_fifo/rgray_w1_reg[4]/D
                                                                                                            Slow         0.840     15.827


Slack (MET) :             15.827ns  (requirement - actual skew)
  Endpoint Source:        synchronous.tx_fifo/rgray_reg[9]/C
                            (rising edge-triggered cell FDCE clocked by usb_clk)
  Endpoint Destination:   synchronous.tx_fifo/rgray_w1_reg[9]/D
                            (rising edge-triggered cell FDCE clocked by core_raw)
  Reference Source:       synchronous.tx_fifo/rgray_reg[4]/C
                            (rising edge-triggered cell FDCE clocked by usb_clk)
  Reference Destination:  synchronous.tx_fifo/rgray_w1_reg[4]/D
                            (rising edge-triggered cell FDCE clocked by core_raw)
  Path Type:              Bus Skew (Max at Slow Process Corner)
  Requirement:            16.667ns
  Endpoint Relative Delay:    6.545ns
  Reference Relative Delay:   5.191ns
  Relative CRPR:              0.645ns
  Uncertainty:                0.131ns
  Actual Bus Skew:            0.840ns  (Endpoint Relative Delay - Reference Relative Delay - Relative CRPR + Uncertainty)

Endpoint path:
    Location             Delay type                Incr(ns)  Path(ns)    Netlist Resource(s)
  -------------------------------------------------------------------    -------------------
                         (clock usb_clk rise edge)    0.000     0.000 r  
    Y4                                                0.000     0.000 r  usb_clk_60m (IN)
                         net (fo=0)                   0.000     0.000    usb_clk_60m
    Y4                   IBUF (Prop_ibuf_I_O)         1.439     1.439 r  usb_clk_60m_IBUF_inst/O
                         net (fo=1, routed)           1.689     3.127    usb_clk_60m_IBUF
    BUFGCTRL_X0Y0        BUFG (Prop_bufg_I_O)         0.081     3.208 r  synchronous.usb_clock_buffer/O
                         net (fo=1013, routed)        1.376     4.584    synchronous.tx_fifo/synchronous.usb_clk
    SLICE_X56Y4          FDCE                                         r  synchronous.tx_fifo/rgray_reg[9]/C
  -------------------------------------------------------------------    -------------------
    SLICE_X56Y4          FDCE (Prop_fdce_C_Q)         0.398     4.982 r  synchronous.tx_fifo/rgray_reg[9]/Q
                         net (fo=1, routed)           0.409     5.391    synchronous.tx_fifo/rgray_reg_n_0_[9]
    SLICE_X54Y5          FDCE                                         r  synchronous.tx_fifo/rgray_w1_reg[9]/D
  -------------------------------------------------------------------    -------------------

                         (clock core_raw rise edge)
                                                      0.000     0.000 r  
    R4                                                0.000     0.000 r  sys_clk (IN)
                         net (fo=0)                   0.000     0.000    sys_clk
    R4                   IBUF (Prop_ibuf_I_O)         1.366     1.366 r  sys_clk_IBUF_inst/O
                         net (fo=1, routed)           1.004     2.369    multiplied_clock.clock_generator/sys_clk_IBUF
    MMCME2_ADV_X1Y0      MMCME2_ADV (Prop_mmcme2_adv_CLKIN1_CLKOUT0)
                                                     -6.057    -3.688 r  multiplied_clock.clock_generator/mmcm/CLKOUT0
                         net (fo=1, routed)           1.352    -2.335    multiplied_clock.clock_generator/core_raw
    BUFGCTRL_X0Y2        BUFG (Prop_bufg_I_O)         0.077    -2.258 r  multiplied_clock.clock_generator/core_buffer/O
                         net (fo=16672, routed)       1.264    -0.995    synchronous.tx_fifo/core_clk
    SLICE_X54Y5          FDCE                                         r  synchronous.tx_fifo/rgray_w1_reg[9]/C
                         clock pessimism              0.000    -0.995    
    SLICE_X54Y5          FDCE (Setup_fdce_C_D)       -0.159    -1.154    synchronous.tx_fifo/rgray_w1_reg[9]
  -------------------------------------------------------------------
                         data arrival                           5.391    
                         clock arrival                         -1.154    
  -------------------------------------------------------------------
                         relative delay                         6.545    

Reference path:
    Location             Delay type                Incr(ns)  Path(ns)    Netlist Resource(s)
  -------------------------------------------------------------------    -------------------
                         (clock usb_clk rise edge)    0.000     0.000 r  
    Y4                                                0.000     0.000 r  usb_clk_60m (IN)
                         net (fo=0)                   0.000     0.000    usb_clk_60m
    Y4                   IBUF (Prop_ibuf_I_O)         1.372     1.372 r  usb_clk_60m_IBUF_inst/O
                         net (fo=1, routed)           1.599     2.972    usb_clk_60m_IBUF
    BUFGCTRL_X0Y0        BUFG (Prop_bufg_I_O)         0.077     3.049 r  synchronous.usb_clock_buffer/O
                         net (fo=1013, routed)        1.263     4.311    synchronous.tx_fifo/synchronous.usb_clk
    SLICE_X53Y1          FDCE                                         r  synchronous.tx_fifo/rgray_reg[4]/C
  -------------------------------------------------------------------    -------------------
    SLICE_X53Y1          FDCE (Prop_fdce_C_Q)         0.304     4.615 r  synchronous.tx_fifo/rgray_reg[4]/Q
                         net (fo=1, routed)           0.217     4.833    synchronous.tx_fifo/rgray_reg_n_0_[4]
    SLICE_X54Y1          FDCE                                         r  synchronous.tx_fifo/rgray_w1_reg[4]/D
  -------------------------------------------------------------------    -------------------

                         (clock core_raw rise edge)
                                                      0.000     0.000 r  
    R4                                                0.000     0.000 r  sys_clk (IN)
                         net (fo=0)                   0.000     0.000    sys_clk
    R4                   IBUF (Prop_ibuf_I_O)         1.432     1.432 r  sys_clk_IBUF_inst/O
                         net (fo=1, routed)           1.065     2.497    multiplied_clock.clock_generator/sys_clk_IBUF
    MMCME2_ADV_X1Y0      MMCME2_ADV (Prop_mmcme2_adv_CLKIN1_CLKOUT0)
                                                     -5.921    -3.424 r  multiplied_clock.clock_generator/mmcm/CLKOUT0
                         net (fo=1, routed)           1.421    -2.004    multiplied_clock.clock_generator/core_raw
    BUFGCTRL_X0Y2        BUFG (Prop_bufg_I_O)         0.081    -1.923 r  multiplied_clock.clock_generator/core_buffer/O
                         net (fo=16672, routed)       1.376    -0.547    synchronous.tx_fifo/core_clk
    SLICE_X54Y1          FDCE                                         r  synchronous.tx_fifo/rgray_w1_reg[4]/C
                         clock pessimism              0.000    -0.547    
    SLICE_X54Y1          FDCE (Hold_fdce_C_D)         0.189    -0.358    synchronous.tx_fifo/rgray_w1_reg[4]
  -------------------------------------------------------------------
                         data arrival                           4.833    
                         clock arrival                         -0.358    
  -------------------------------------------------------------------
                         relative delay                         5.191    



Id: 3
set_bus_skew -from [get_cells -hier -filter {IS_SEQUENTIAL == 1 && (NAME =~ *rx_fifo/wgray_reg* || NAME =~ *rx_fifo/wbin_reg*)}] -to [get_cells -hier -filter {IS_SEQUENTIAL == 1 && NAME =~ *rx_fifo/wgray_r1_reg*}] 16.667
Requirement: 16.667ns
Endpoints: 9

From Clock            To Clock              Endpoint Pin                    Reference Pin                   Corner  Actual(ns)  Slack(ns)
--------------------  --------------------  ------------------------------  ------------------------------  ------  ----------  ---------
usb_clk               core_raw              synchronous.rx_fifo/wgray_r1_reg[6]/D
                                                                            synchronous.rx_fifo/wgray_r1_reg[5]/D
                                                                                                            Slow         0.769     15.898


Slack (MET) :             15.898ns  (requirement - actual skew)
  Endpoint Source:        synchronous.rx_fifo/wgray_reg[6]/C
                            (rising edge-triggered cell FDCE clocked by usb_clk)
  Endpoint Destination:   synchronous.rx_fifo/wgray_r1_reg[6]/D
                            (rising edge-triggered cell FDCE clocked by core_raw)
  Reference Source:       synchronous.rx_fifo/wgray_reg[5]/C
                            (rising edge-triggered cell FDCE clocked by usb_clk)
  Reference Destination:  synchronous.rx_fifo/wgray_r1_reg[5]/D
                            (rising edge-triggered cell FDCE clocked by core_raw)
  Path Type:              Bus Skew (Max at Slow Process Corner)
  Requirement:            16.667ns
  Endpoint Relative Delay:    6.491ns
  Reference Relative Delay:   5.195ns
  Relative CRPR:              0.658ns
  Uncertainty:                0.131ns
  Actual Bus Skew:            0.769ns  (Endpoint Relative Delay - Reference Relative Delay - Relative CRPR + Uncertainty)

Endpoint path:
    Location             Delay type                Incr(ns)  Path(ns)    Netlist Resource(s)
  -------------------------------------------------------------------    -------------------
                         (clock usb_clk rise edge)    0.000     0.000 r  
    Y4                                                0.000     0.000 r  usb_clk_60m (IN)
                         net (fo=0)                   0.000     0.000    usb_clk_60m
    Y4                   IBUF (Prop_ibuf_I_O)         1.439     1.439 r  usb_clk_60m_IBUF_inst/O
                         net (fo=1, routed)           1.689     3.127    usb_clk_60m_IBUF
    BUFGCTRL_X0Y0        BUFG (Prop_bufg_I_O)         0.081     3.208 r  synchronous.usb_clock_buffer/O
                         net (fo=1013, routed)        1.440     4.648    synchronous.rx_fifo/synchronous.usb_clk
    SLICE_X62Y42         FDCE                                         r  synchronous.rx_fifo/wgray_reg[6]/C
  -------------------------------------------------------------------    -------------------
    SLICE_X62Y42         FDCE (Prop_fdce_C_Q)         0.348     4.996 r  synchronous.rx_fifo/wgray_reg[6]/Q
                         net (fo=1, routed)           0.359     5.355    synchronous.rx_fifo/wgray[6]
    SLICE_X59Y42         FDCE                                         r  synchronous.rx_fifo/wgray_r1_reg[6]/D
  -------------------------------------------------------------------    -------------------

                         (clock core_raw rise edge)
                                                      0.000     0.000 r  
    R4                                                0.000     0.000 r  sys_clk (IN)
                         net (fo=0)                   0.000     0.000    sys_clk
    R4                   IBUF (Prop_ibuf_I_O)         1.366     1.366 r  sys_clk_IBUF_inst/O
                         net (fo=1, routed)           1.004     2.369    multiplied_clock.clock_generator/sys_clk_IBUF
    MMCME2_ADV_X1Y0      MMCME2_ADV (Prop_mmcme2_adv_CLKIN1_CLKOUT0)
                                                     -6.057    -3.688 r  multiplied_clock.clock_generator/mmcm/CLKOUT0
                         net (fo=1, routed)           1.352    -2.335    multiplied_clock.clock_generator/core_raw
    BUFGCTRL_X0Y2        BUFG (Prop_bufg_I_O)         0.077    -2.258 r  multiplied_clock.clock_generator/core_buffer/O
                         net (fo=16672, routed)       1.330    -0.929    synchronous.rx_fifo/core_clk
    SLICE_X59Y42         FDCE                                         r  synchronous.rx_fifo/wgray_r1_reg[6]/C
                         clock pessimism              0.000    -0.929    
    SLICE_X59Y42         FDCE (Setup_fdce_C_D)       -0.207    -1.136    synchronous.rx_fifo/wgray_r1_reg[6]
  -------------------------------------------------------------------
                         data arrival                           5.355    
                         clock arrival                         -1.136    
  -------------------------------------------------------------------
                         relative delay                         6.491    

Reference path:
    Location             Delay type                Incr(ns)  Path(ns)    Netlist Resource(s)
  -------------------------------------------------------------------    -------------------
                         (clock usb_clk rise edge)    0.000     0.000 r  
    Y4                                                0.000     0.000 r  usb_clk_60m (IN)
                         net (fo=0)                   0.000     0.000    usb_clk_60m
    Y4                   IBUF (Prop_ibuf_I_O)         1.372     1.372 r  usb_clk_60m_IBUF_inst/O
                         net (fo=1, routed)           1.599     2.972    usb_clk_60m_IBUF
    BUFGCTRL_X0Y0        BUFG (Prop_bufg_I_O)         0.077     3.049 r  synchronous.usb_clock_buffer/O
                         net (fo=1013, routed)        1.328     4.376    synchronous.rx_fifo/synchronous.usb_clk
    SLICE_X62Y38         FDCE                                         r  synchronous.rx_fifo/wgray_reg[5]/C
  -------------------------------------------------------------------    -------------------
    SLICE_X62Y38         FDCE (Prop_fdce_C_Q)         0.304     4.680 r  synchronous.rx_fifo/wgray_reg[5]/Q
                         net (fo=1, routed)           0.216     4.896    synchronous.rx_fifo/wgray[5]
    SLICE_X60Y38         FDCE                                         r  synchronous.rx_fifo/wgray_r1_reg[5]/D
  -------------------------------------------------------------------    -------------------

                         (clock core_raw rise edge)
                                                      0.000     0.000 r  
    R4                                                0.000     0.000 r  sys_clk (IN)
                         net (fo=0)                   0.000     0.000    sys_clk
    R4                   IBUF (Prop_ibuf_I_O)         1.432     1.432 r  sys_clk_IBUF_inst/O
                         net (fo=1, routed)           1.065     2.497    multiplied_clock.clock_generator/sys_clk_IBUF
    MMCME2_ADV_X1Y0      MMCME2_ADV (Prop_mmcme2_adv_CLKIN1_CLKOUT0)
                                                     -5.921    -3.424 r  multiplied_clock.clock_generator/mmcm/CLKOUT0
                         net (fo=1, routed)           1.421    -2.004    multiplied_clock.clock_generator/core_raw
    BUFGCTRL_X0Y2        BUFG (Prop_bufg_I_O)         0.081    -1.923 r  multiplied_clock.clock_generator/core_buffer/O
                         net (fo=16672, routed)       1.435    -0.488    synchronous.rx_fifo/core_clk
    SLICE_X60Y38         FDCE                                         r  synchronous.rx_fifo/wgray_r1_reg[5]/C
                         clock pessimism              0.000    -0.488    
    SLICE_X60Y38         FDCE (Hold_fdce_C_D)         0.189    -0.299    synchronous.rx_fifo/wgray_r1_reg[5]
  -------------------------------------------------------------------
                         data arrival                           4.896    
                         clock arrival                         -0.299    
  -------------------------------------------------------------------
                         relative delay                         5.195    



Id: 4
set_bus_skew -from [get_cells -hier -filter {IS_SEQUENTIAL == 1 && (NAME =~ *rx_fifo/rgray_reg* || NAME =~ *rx_fifo/rbin_reg*)}] -to [get_cells -hier -filter {IS_SEQUENTIAL == 1 && NAME =~ *rx_fifo/rgray_w1_reg*}] 10.000
Requirement: 10.000ns
Endpoints: 9

From Clock            To Clock              Endpoint Pin                    Reference Pin                   Corner  Actual(ns)  Slack(ns)
--------------------  --------------------  ------------------------------  ------------------------------  ------  ----------  ---------
core_raw              usb_clk               synchronous.rx_fifo/rgray_w1_reg[0]/D
                                                                            synchronous.rx_fifo/rgray_w1_reg[3]/D
                                                                                                            Slow         0.930      9.070


Slack (MET) :             9.070ns  (requirement - actual skew)
  Endpoint Source:        synchronous.rx_fifo/rgray_reg[0]/C
                            (rising edge-triggered cell FDCE clocked by core_raw)
  Endpoint Destination:   synchronous.rx_fifo/rgray_w1_reg[0]/D
                            (rising edge-triggered cell FDCE clocked by usb_clk)
  Reference Source:       synchronous.rx_fifo/rgray_reg[3]/C
                            (rising edge-triggered cell FDCE clocked by core_raw)
  Reference Destination:  synchronous.rx_fifo/rgray_w1_reg[3]/D
                            (rising edge-triggered cell FDCE clocked by usb_clk)
  Path Type:              Bus Skew (Max at Slow Process Corner)
  Requirement:            10.000ns
  Endpoint Relative Delay:   -3.796ns
  Reference Relative Delay:  -5.222ns
  Relative CRPR:              0.627ns
  Uncertainty:                0.131ns
  Actual Bus Skew:            0.930ns  (Endpoint Relative Delay - Reference Relative Delay - Relative CRPR + Uncertainty)

Endpoint path:
    Location             Delay type                Incr(ns)  Path(ns)    Netlist Resource(s)
  -------------------------------------------------------------------    -------------------
                         (clock core_raw rise edge)
                                                      0.000     0.000 r  
    R4                                                0.000     0.000 r  sys_clk (IN)
                         net (fo=0)                   0.000     0.000    sys_clk
    R4                   IBUF (Prop_ibuf_I_O)         1.432     1.432 r  sys_clk_IBUF_inst/O
                         net (fo=1, routed)           1.065     2.497    multiplied_clock.clock_generator/sys_clk_IBUF
    MMCME2_ADV_X1Y0      MMCME2_ADV (Prop_mmcme2_adv_CLKIN1_CLKOUT0)
                                                     -5.921    -3.424 r  multiplied_clock.clock_generator/mmcm/CLKOUT0
                         net (fo=1, routed)           1.421    -2.004    multiplied_clock.clock_generator/core_raw
    BUFGCTRL_X0Y2        BUFG (Prop_bufg_I_O)         0.081    -1.923 r  multiplied_clock.clock_generator/core_buffer/O
                         net (fo=16672, routed)       1.439    -0.484    synchronous.rx_fifo/core_clk
    SLICE_X65Y41         FDCE                                         r  synchronous.rx_fifo/rgray_reg[0]/C
  -------------------------------------------------------------------    -------------------
    SLICE_X65Y41         FDCE (Prop_fdce_C_Q)         0.379    -0.105 r  synchronous.rx_fifo/rgray_reg[0]/Q
                         net (fo=1, routed)           0.611     0.506    synchronous.rx_fifo/rgray[0]
    SLICE_X65Y39         FDCE                                         r  synchronous.rx_fifo/rgray_w1_reg[0]/D
  -------------------------------------------------------------------    -------------------

                         (clock usb_clk rise edge)    0.000     0.000 r  
    Y4                                                0.000     0.000 r  usb_clk_60m (IN)
                         net (fo=0)                   0.000     0.000    usb_clk_60m
    Y4                   IBUF (Prop_ibuf_I_O)         1.372     1.372 r  usb_clk_60m_IBUF_inst/O
                         net (fo=1, routed)           1.599     2.972    usb_clk_60m_IBUF
    BUFGCTRL_X0Y0        BUFG (Prop_bufg_I_O)         0.077     3.049 r  synchronous.usb_clock_buffer/O
                         net (fo=1013, routed)        1.329     4.377    synchronous.rx_fifo/synchronous.usb_clk
    SLICE_X65Y39         FDCE                                         r  synchronous.rx_fifo/rgray_w1_reg[0]/C
                         clock pessimism              0.000     4.377    
    SLICE_X65Y39         FDCE (Setup_fdce_C_D)       -0.075     4.302    synchronous.rx_fifo/rgray_w1_reg[0]
  -------------------------------------------------------------------
                         data arrival                           0.506    
                         clock arrival                          4.302    
  -------------------------------------------------------------------
                         relative delay                        -3.796    

Reference path:
    Location             Delay type                Incr(ns)  Path(ns)    Netlist Resource(s)
  -------------------------------------------------------------------    -------------------
                         (clock core_raw rise edge)
                                                      0.000     0.000 r  
    R4                                                0.000     0.000 r  sys_clk (IN)
                         net (fo=0)                   0.000     0.000    sys_clk
    R4                   IBUF (Prop_ibuf_I_O)         1.366     1.366 r  sys_clk_IBUF_inst/O
                         net (fo=1, routed)           1.004     2.369    multiplied_clock.clock_generator/sys_clk_IBUF
    MMCME2_ADV_X1Y0      MMCME2_ADV (Prop_mmcme2_adv_CLKIN1_CLKOUT0)
                                                     -6.057    -3.688 r  multiplied_clock.clock_generator/mmcm/CLKOUT0
                         net (fo=1, routed)           1.352    -2.335    multiplied_clock.clock_generator/core_raw
    BUFGCTRL_X0Y2        BUFG (Prop_bufg_I_O)         0.077    -2.258 r  multiplied_clock.clock_generator/core_buffer/O
                         net (fo=16672, routed)       1.329    -0.930    synchronous.rx_fifo/core_clk
    SLICE_X59Y41         FDCE                                         r  synchronous.rx_fifo/rgray_reg[3]/C
  -------------------------------------------------------------------    -------------------
    SLICE_X59Y41         FDCE (Prop_fdce_C_Q)         0.304    -0.626 r  synchronous.rx_fifo/rgray_reg[3]/Q
                         net (fo=1, routed)           0.187    -0.439    synchronous.rx_fifo/rgray[3]
    SLICE_X59Y40         FDCE                                         r  synchronous.rx_fifo/rgray_w1_reg[3]/D
  -------------------------------------------------------------------    -------------------

                         (clock usb_clk rise edge)    0.000     0.000 r  
    Y4                                                0.000     0.000 r  usb_clk_60m (IN)
                         net (fo=0)                   0.000     0.000    usb_clk_60m
    Y4                   IBUF (Prop_ibuf_I_O)         1.439     1.439 r  usb_clk_60m_IBUF_inst/O
                         net (fo=1, routed)           1.689     3.127    usb_clk_60m_IBUF
    BUFGCTRL_X0Y0        BUFG (Prop_bufg_I_O)         0.081     3.208 r  synchronous.usb_clock_buffer/O
                         net (fo=1013, routed)        1.437     4.645    synchronous.rx_fifo/synchronous.usb_clk
    SLICE_X59Y40         FDCE                                         r  synchronous.rx_fifo/rgray_w1_reg[3]/C
                         clock pessimism              0.000     4.645    
    SLICE_X59Y40         FDCE (Hold_fdce_C_D)         0.138     4.783    synchronous.rx_fifo/rgray_w1_reg[3]
  -------------------------------------------------------------------
                         data arrival                          -0.439    
                         clock arrival                          4.783    
  -------------------------------------------------------------------
                         relative delay                        -5.222    



Id: 5
set_bus_skew -from [get_cells -hier -filter {IS_SEQUENTIAL == 1 && (NAME =~ *pixel_fifo/wgray_reg* || NAME =~ *pixel_fifo/wbin_reg*)}] -to [get_cells -hier -filter {IS_SEQUENTIAL == 1 && NAME =~ *pixel_fifo/wgray_r1_reg*}] 13.250
Requirement: 13.250ns
Endpoints: 13

From Clock            To Clock              Endpoint Pin                    Reference Pin                   Corner  Actual(ns)  Slack(ns)
--------------------  --------------------  ------------------------------  ------------------------------  ------  ----------  ---------
clock_raw             core_raw              real_camera.capture/pixel_fifo/wgray_r1_reg[7]/D
                                                                            real_camera.capture/pixel_fifo/wgray_r1_reg[8]/D
                                                                                                            Slow         1.134     12.116


Slack (MET) :             12.116ns  (requirement - actual skew)
  Endpoint Source:        real_camera.capture/pixel_fifo/wgray_reg[7]/C
                            (falling edge-triggered cell FDCE clocked by clock_raw)
  Endpoint Destination:   real_camera.capture/pixel_fifo/wgray_r1_reg[7]/D
                            (rising edge-triggered cell FDCE clocked by core_raw)
  Reference Source:       real_camera.capture/pixel_fifo/wgray_reg[8]/C
                            (falling edge-triggered cell FDCE clocked by clock_raw)
  Reference Destination:  real_camera.capture/pixel_fifo/wgray_r1_reg[8]/D
                            (rising edge-triggered cell FDCE clocked by core_raw)
  Path Type:              Bus Skew (Max at Slow Process Corner)
  Requirement:            13.250ns
  Endpoint Relative Delay:    3.768ns
  Reference Relative Delay:   1.574ns
  Relative CRPR:              1.276ns
  Uncertainty:                0.217ns
  Actual Bus Skew:            1.134ns  (Endpoint Relative Delay - Reference Relative Delay - Relative CRPR + Uncertainty)

Endpoint path:
    Location             Delay type                Incr(ns)  Path(ns)    Netlist Resource(s)
  -------------------------------------------------------------------    -------------------
                         (clock clock_raw fall edge)
                                                      0.000     0.000 f  
    F14                                               0.000     0.000 f  cam_pclk (IN)
                         net (fo=0)                   0.000     0.000    cam_pclk
    F14                  IBUF (Prop_ibuf_I_O)         1.392     1.392 f  cam_pclk_IBUF_inst/O
                         net (fo=1, routed)           3.115     4.507    real_camera.phase_clock.sampling_clock/pclk
    MMCME2_ADV_X0Y0      MMCME2_ADV (Prop_mmcme2_adv_CLKIN1_CLKOUT0)
                                                     -5.924    -1.417 f  real_camera.phase_clock.sampling_clock/camera_mmcm/CLKOUT0
                         net (fo=1, routed)           1.425     0.007    real_camera.phase_clock.sampling_clock/clock_raw
    BUFGCTRL_X0Y3        BUFG (Prop_bufg_I_O)         0.081     0.088 f  real_camera.phase_clock.sampling_clock/sample_buffer/O
                         net (fo=496, routed)         1.424     1.513    real_camera.capture/pixel_fifo/sample_clk
    SLICE_X7Y57          FDCE                                         r  real_camera.capture/pixel_fifo/wgray_reg[7]/C  (IS_INVERTED)
  -------------------------------------------------------------------    -------------------
    SLICE_X7Y57          FDCE (Prop_fdce_C_Q)         0.353     1.866 r  real_camera.capture/pixel_fifo/wgray_reg[7]/Q
                         net (fo=1, routed)           0.723     2.589    real_camera.capture/pixel_fifo/wgray[7]
    SLICE_X10Y62         FDCE                                         r  real_camera.capture/pixel_fifo/wgray_r1_reg[7]/D
  -------------------------------------------------------------------    -------------------

                         (clock core_raw rise edge)
                                                      0.000     0.000 r  
    R4                                                0.000     0.000 r  sys_clk (IN)
                         net (fo=0)                   0.000     0.000    sys_clk
    R4                   IBUF (Prop_ibuf_I_O)         1.366     1.366 r  sys_clk_IBUF_inst/O
                         net (fo=1, routed)           1.004     2.369    multiplied_clock.clock_generator/sys_clk_IBUF
    MMCME2_ADV_X1Y0      MMCME2_ADV (Prop_mmcme2_adv_CLKIN1_CLKOUT0)
                                                     -6.057    -3.688 r  multiplied_clock.clock_generator/mmcm/CLKOUT0
                         net (fo=1, routed)           1.352    -2.335    multiplied_clock.clock_generator/core_raw
    BUFGCTRL_X0Y2        BUFG (Prop_bufg_I_O)         0.077    -2.258 r  multiplied_clock.clock_generator/core_buffer/O
                         net (fo=16672, routed)       1.245    -1.013    real_camera.capture/pixel_fifo/core_clk
    SLICE_X10Y62         FDCE                                         r  real_camera.capture/pixel_fifo/wgray_r1_reg[7]/C
                         clock pessimism              0.000    -1.013    
    SLICE_X10Y62         FDCE (Setup_fdce_C_D)       -0.166    -1.179    real_camera.capture/pixel_fifo/wgray_r1_reg[7]
  -------------------------------------------------------------------
                         data arrival                           2.589    
                         clock arrival                         -1.179    
  -------------------------------------------------------------------
                         relative delay                         3.768    

Reference path:
    Location             Delay type                Incr(ns)  Path(ns)    Netlist Resource(s)
  -------------------------------------------------------------------    -------------------
                         (clock clock_raw fall edge)
                                                      0.000     0.000 f  
    F14                                               0.000     0.000 f  cam_pclk (IN)
                         net (fo=0)                   0.000     0.000    cam_pclk
    F14                  IBUF (Prop_ibuf_I_O)         1.327     1.327 f  cam_pclk_IBUF_inst/O
                         net (fo=1, routed)           2.581     3.908    real_camera.phase_clock.sampling_clock/pclk
    MMCME2_ADV_X0Y0      MMCME2_ADV (Prop_mmcme2_adv_CLKIN1_CLKOUT0)
                                                     -6.061    -2.154 f  real_camera.phase_clock.sampling_clock/camera_mmcm/CLKOUT0
                         net (fo=1, routed)           1.357    -0.796    real_camera.phase_clock.sampling_clock/clock_raw
    BUFGCTRL_X0Y3        BUFG (Prop_bufg_I_O)         0.077    -0.719 f  real_camera.phase_clock.sampling_clock/sample_buffer/O
                         net (fo=496, routed)         1.247     0.528    real_camera.capture/pixel_fifo/sample_clk
    SLICE_X8Y59          FDCE                                         r  real_camera.capture/pixel_fifo/wgray_reg[8]/C  (IS_INVERTED)
  -------------------------------------------------------------------    -------------------
    SLICE_X8Y59          FDCE (Prop_fdce_C_Q)         0.351     0.879 r  real_camera.capture/pixel_fifo/wgray_reg[8]/Q
                         net (fo=1, routed)           0.334     1.213    real_camera.capture/pixel_fifo/wgray[8]
    SLICE_X12Y59         FDCE                                         r  real_camera.capture/pixel_fifo/wgray_r1_reg[8]/D
  -------------------------------------------------------------------    -------------------

                         (clock core_raw rise edge)
                                                      0.000     0.000 r  
    R4                                                0.000     0.000 r  sys_clk (IN)
                         net (fo=0)                   0.000     0.000    sys_clk
    R4                   IBUF (Prop_ibuf_I_O)         1.432     1.432 r  sys_clk_IBUF_inst/O
                         net (fo=1, routed)           1.065     2.497    multiplied_clock.clock_generator/sys_clk_IBUF
    MMCME2_ADV_X1Y0      MMCME2_ADV (Prop_mmcme2_adv_CLKIN1_CLKOUT0)
                                                     -5.921    -3.424 r  multiplied_clock.clock_generator/mmcm/CLKOUT0
                         net (fo=1, routed)           1.421    -2.004    multiplied_clock.clock_generator/core_raw
    BUFGCTRL_X0Y2        BUFG (Prop_bufg_I_O)         0.081    -1.923 r  multiplied_clock.clock_generator/core_buffer/O
                         net (fo=16672, routed)       1.357    -0.565    real_camera.capture/pixel_fifo/core_clk
    SLICE_X12Y59         FDCE                                         r  real_camera.capture/pixel_fifo/wgray_r1_reg[8]/C
                         clock pessimism              0.000    -0.565    
    SLICE_X12Y59         FDCE (Hold_fdce_C_D)         0.204    -0.361    real_camera.capture/pixel_fifo/wgray_r1_reg[8]
  -------------------------------------------------------------------
                         data arrival                           1.213    
                         clock arrival                         -0.361    
  -------------------------------------------------------------------
                         relative delay                         1.574    



Id: 6
set_bus_skew -from [get_cells -hier -filter {IS_SEQUENTIAL == 1 && (NAME =~ *pixel_fifo/rgray_reg* || NAME =~ *pixel_fifo/rbin_reg*)}] -to [get_cells -hier -filter {IS_SEQUENTIAL == 1 && NAME =~ *pixel_fifo/rgray_w1_reg*}] 10.000
Requirement: 10.000ns
Endpoints: 13

From Clock            To Clock              Endpoint Pin                    Reference Pin                   Corner  Actual(ns)  Slack(ns)
--------------------  --------------------  ------------------------------  ------------------------------  ------  ----------  ---------
core_raw              clock_raw             real_camera.capture/pixel_fifo/rgray_w1_reg[4]/D
                                                                            real_camera.capture/pixel_fifo/rgray_w1_reg[3]/D
                                                                                                            Slow         0.990      9.010


Slack (MET) :             9.010ns  (requirement - actual skew)
  Endpoint Source:        real_camera.capture/pixel_fifo/rgray_reg[4]/C
                            (rising edge-triggered cell FDCE clocked by core_raw)
  Endpoint Destination:   real_camera.capture/pixel_fifo/rgray_w1_reg[4]/D
                            (falling edge-triggered cell FDCE clocked by clock_raw)
  Reference Source:       real_camera.capture/pixel_fifo/rgray_reg[3]/C
                            (rising edge-triggered cell FDCE clocked by core_raw)
  Reference Destination:  real_camera.capture/pixel_fifo/rgray_w1_reg[3]/D
                            (falling edge-triggered cell FDCE clocked by clock_raw)
  Path Type:              Bus Skew (Max at Slow Process Corner)
  Requirement:            10.000ns
  Endpoint Relative Delay:   -0.027ns
  Reference Relative Delay:  -2.120ns
  Relative CRPR:              1.320ns
  Uncertainty:                0.217ns
  Actual Bus Skew:            0.990ns  (Endpoint Relative Delay - Reference Relative Delay - Relative CRPR + Uncertainty)

Endpoint path:
    Location             Delay type                Incr(ns)  Path(ns)    Netlist Resource(s)
  -------------------------------------------------------------------    -------------------
                         (clock core_raw rise edge)
                                                      0.000     0.000 r  
    R4                                                0.000     0.000 r  sys_clk (IN)
                         net (fo=0)                   0.000     0.000    sys_clk
    R4                   IBUF (Prop_ibuf_I_O)         1.432     1.432 r  sys_clk_IBUF_inst/O
                         net (fo=1, routed)           1.065     2.497    multiplied_clock.clock_generator/sys_clk_IBUF
    MMCME2_ADV_X1Y0      MMCME2_ADV (Prop_mmcme2_adv_CLKIN1_CLKOUT0)
                                                     -5.921    -3.424 r  multiplied_clock.clock_generator/mmcm/CLKOUT0
                         net (fo=1, routed)           1.421    -2.004    multiplied_clock.clock_generator/core_raw
    BUFGCTRL_X0Y2        BUFG (Prop_bufg_I_O)         0.081    -1.923 r  multiplied_clock.clock_generator/core_buffer/O
                         net (fo=16672, routed)       1.357    -0.565    real_camera.capture/pixel_fifo/core_clk
    SLICE_X9Y59          FDCE                                         r  real_camera.capture/pixel_fifo/rgray_reg[4]/C
  -------------------------------------------------------------------    -------------------
    SLICE_X9Y59          FDCE (Prop_fdce_C_Q)         0.348    -0.217 r  real_camera.capture/pixel_fifo/rgray_reg[4]/Q
                         net (fo=1, routed)           0.620     0.403    real_camera.capture/pixel_fifo/rgray[4]
    SLICE_X6Y56          FDCE                                         r  real_camera.capture/pixel_fifo/rgray_w1_reg[4]/D
  -------------------------------------------------------------------    -------------------

                         (clock clock_raw fall edge)
                                                      0.000     0.000 f  
    F14                                               0.000     0.000 f  cam_pclk (IN)
                         net (fo=0)                   0.000     0.000    cam_pclk
    F14                  IBUF (Prop_ibuf_I_O)         1.327     1.327 f  cam_pclk_IBUF_inst/O
                         net (fo=1, routed)           2.581     3.908    real_camera.phase_clock.sampling_clock/pclk
    MMCME2_ADV_X0Y0      MMCME2_ADV (Prop_mmcme2_adv_CLKIN1_CLKOUT0)
                                                     -6.061    -2.154 f  real_camera.phase_clock.sampling_clock/camera_mmcm/CLKOUT0
                         net (fo=1, routed)           1.357    -0.796    real_camera.phase_clock.sampling_clock/clock_raw
    BUFGCTRL_X0Y3        BUFG (Prop_bufg_I_O)         0.077    -0.719 f  real_camera.phase_clock.sampling_clock/sample_buffer/O
                         net (fo=496, routed)         1.315     0.596    real_camera.capture/pixel_fifo/sample_clk
    SLICE_X6Y56          FDCE                                         r  real_camera.capture/pixel_fifo/rgray_w1_reg[4]/C  (IS_INVERTED)
                         clock pessimism              0.000     0.596    
    SLICE_X6Y56          FDCE (Setup_fdce_C_D)       -0.166     0.430    real_camera.capture/pixel_fifo/rgray_w1_reg[4]
  -------------------------------------------------------------------
                         data arrival                           0.403    
                         clock arrival                          0.430    
  -------------------------------------------------------------------
                         relative delay                        -0.027    

Reference path:
    Location             Delay type                Incr(ns)  Path(ns)    Netlist Resource(s)
  -------------------------------------------------------------------    -------------------
                         (clock core_raw rise edge)
                                                      0.000     0.000 r  
    R4                                                0.000     0.000 r  sys_clk (IN)
                         net (fo=0)                   0.000     0.000    sys_clk
    R4                   IBUF (Prop_ibuf_I_O)         1.366     1.366 r  sys_clk_IBUF_inst/O
                         net (fo=1, routed)           1.004     2.369    multiplied_clock.clock_generator/sys_clk_IBUF
    MMCME2_ADV_X1Y0      MMCME2_ADV (Prop_mmcme2_adv_CLKIN1_CLKOUT0)
                                                     -6.057    -3.688 r  multiplied_clock.clock_generator/mmcm/CLKOUT0
                         net (fo=1, routed)           1.352    -2.335    multiplied_clock.clock_generator/core_raw
    BUFGCTRL_X0Y2        BUFG (Prop_bufg_I_O)         0.077    -2.258 r  multiplied_clock.clock_generator/core_buffer/O
                         net (fo=16672, routed)       1.247    -1.011    real_camera.capture/pixel_fifo/core_clk
    SLICE_X9Y59          FDCE                                         r  real_camera.capture/pixel_fifo/rgray_reg[3]/C
  -------------------------------------------------------------------    -------------------
    SLICE_X9Y59          FDCE (Prop_fdce_C_Q)         0.304    -0.707 r  real_camera.capture/pixel_fifo/rgray_reg[3]/Q
                         net (fo=1, routed)           0.224    -0.483    real_camera.capture/pixel_fifo/rgray[3]
    SLICE_X8Y59          FDCE                                         r  real_camera.capture/pixel_fifo/rgray_w1_reg[3]/D
  -------------------------------------------------------------------    -------------------

                         (clock clock_raw fall edge)
                                                      0.000     0.000 f  
    F14                                               0.000     0.000 f  cam_pclk (IN)
                         net (fo=0)                   0.000     0.000    cam_pclk
    F14                  IBUF (Prop_ibuf_I_O)         1.392     1.392 f  cam_pclk_IBUF_inst/O
                         net (fo=1, routed)           3.115     4.507    real_camera.phase_clock.sampling_clock/pclk
    MMCME2_ADV_X0Y0      MMCME2_ADV (Prop_mmcme2_adv_CLKIN1_CLKOUT0)
                                                     -5.924    -1.417 f  real_camera.phase_clock.sampling_clock/camera_mmcm/CLKOUT0
                         net (fo=1, routed)           1.425     0.007    real_camera.phase_clock.sampling_clock/clock_raw
    BUFGCTRL_X0Y3        BUFG (Prop_bufg_I_O)         0.081     0.088 f  real_camera.phase_clock.sampling_clock/sample_buffer/O
                         net (fo=496, routed)         1.357     1.446    real_camera.capture/pixel_fifo/sample_clk
    SLICE_X8Y59          FDCE                                         r  real_camera.capture/pixel_fifo/rgray_w1_reg[3]/C  (IS_INVERTED)
                         clock pessimism              0.000     1.446    
    SLICE_X8Y59          FDCE (Hold_fdce_C_D)         0.191     1.637    real_camera.capture/pixel_fifo/rgray_w1_reg[3]
  -------------------------------------------------------------------
                         data arrival                          -0.483    
                         clock arrival                          1.637    
  -------------------------------------------------------------------
                         relative delay                        -2.120    



Id: 7
set_bus_skew -from [get_cells -hier -filter {IS_SEQUENTIAL == 1 && (NAME =~ *capture/*_gray_reg* || NAME =~ *capture/*_bin_reg*)}] -to [get_cells -hier -filter {IS_SEQUENTIAL == 1 && NAME =~ *capture/*_c1_reg*}] 13.250
Requirement: 13.250ns
Endpoints: 192

From Clock            To Clock              Endpoint Pin                    Reference Pin                   Corner  Actual(ns)  Slack(ns)
--------------------  --------------------  ------------------------------  ------------------------------  ------  ----------  ---------
clock_raw             core_raw              real_camera.capture/bytes_c1_reg[28]/D
                                                                            real_camera.capture/overflow_c1_reg[19]/D
                                                                                                            Slow         1.355     11.895


Slack (MET) :             11.895ns  (requirement - actual skew)
  Endpoint Source:        real_camera.capture/bytes_gray_reg[28]/C
                            (falling edge-triggered cell FDCE clocked by clock_raw)
  Endpoint Destination:   real_camera.capture/bytes_c1_reg[28]/D
                            (rising edge-triggered cell FDCE clocked by core_raw)
  Reference Source:       real_camera.capture/overflow_gray_reg[19]/C
                            (falling edge-triggered cell FDCE clocked by clock_raw)
  Reference Destination:  real_camera.capture/overflow_c1_reg[19]/D
                            (rising edge-triggered cell FDCE clocked by core_raw)
  Path Type:              Bus Skew (Max at Slow Process Corner)
  Requirement:            13.250ns
  Endpoint Relative Delay:    3.750ns
  Reference Relative Delay:   1.454ns
  Relative CRPR:              1.157ns
  Uncertainty:                0.217ns
  Actual Bus Skew:            1.355ns  (Endpoint Relative Delay - Reference Relative Delay - Relative CRPR + Uncertainty)

Endpoint path:
    Location             Delay type                Incr(ns)  Path(ns)    Netlist Resource(s)
  -------------------------------------------------------------------    -------------------
                         (clock clock_raw fall edge)
                                                      0.000     0.000 f  
    F14                                               0.000     0.000 f  cam_pclk (IN)
                         net (fo=0)                   0.000     0.000    cam_pclk
    F14                  IBUF (Prop_ibuf_I_O)         1.392     1.392 f  cam_pclk_IBUF_inst/O
                         net (fo=1, routed)           3.115     4.507    real_camera.phase_clock.sampling_clock/pclk
    MMCME2_ADV_X0Y0      MMCME2_ADV (Prop_mmcme2_adv_CLKIN1_CLKOUT0)
                                                     -5.924    -1.417 f  real_camera.phase_clock.sampling_clock/camera_mmcm/CLKOUT0
                         net (fo=1, routed)           1.425     0.007    real_camera.phase_clock.sampling_clock/clock_raw
    BUFGCTRL_X0Y3        BUFG (Prop_bufg_I_O)         0.081     0.088 f  real_camera.phase_clock.sampling_clock/sample_buffer/O
                         net (fo=496, routed)         1.347     1.436    real_camera.capture/sample_clk
    SLICE_X38Y64         FDCE                                         r  real_camera.capture/bytes_gray_reg[28]/C  (IS_INVERTED)
  -------------------------------------------------------------------    -------------------
    SLICE_X38Y64         FDCE (Prop_fdce_C_Q)         0.402     1.838 r  real_camera.capture/bytes_gray_reg[28]/Q
                         net (fo=1, routed)           0.694     2.532    real_camera.capture/bytes_gray[28]
    SLICE_X43Y64         FDCE                                         r  real_camera.capture/bytes_c1_reg[28]/D
  -------------------------------------------------------------------    -------------------

                         (clock core_raw rise edge)
                                                      0.000     0.000 r  
    R4                                                0.000     0.000 r  sys_clk (IN)
                         net (fo=0)                   0.000     0.000    sys_clk
    R4                   IBUF (Prop_ibuf_I_O)         1.366     1.366 r  sys_clk_IBUF_inst/O
                         net (fo=1, routed)           1.004     2.369    multiplied_clock.clock_generator/sys_clk_IBUF
    MMCME2_ADV_X1Y0      MMCME2_ADV (Prop_mmcme2_adv_CLKIN1_CLKOUT0)
                                                     -6.057    -3.688 r  multiplied_clock.clock_generator/mmcm/CLKOUT0
                         net (fo=1, routed)           1.352    -2.335    multiplied_clock.clock_generator/core_raw
    BUFGCTRL_X0Y2        BUFG (Prop_bufg_I_O)         0.077    -2.258 r  multiplied_clock.clock_generator/core_buffer/O
                         net (fo=16672, routed)       1.240    -1.018    real_camera.capture/core_clk
    SLICE_X43Y64         FDCE                                         r  real_camera.capture/bytes_c1_reg[28]/C
                         clock pessimism              0.000    -1.018    
    SLICE_X43Y64         FDCE (Setup_fdce_C_D)       -0.200    -1.218    real_camera.capture/bytes_c1_reg[28]
  -------------------------------------------------------------------
                         data arrival                           2.532    
                         clock arrival                         -1.218    
  -------------------------------------------------------------------
                         relative delay                         3.750    

Reference path:
    Location             Delay type                Incr(ns)  Path(ns)    Netlist Resource(s)
  -------------------------------------------------------------------    -------------------
                         (clock clock_raw fall edge)
                                                      0.000     0.000 f  
    F14                                               0.000     0.000 f  cam_pclk (IN)
                         net (fo=0)                   0.000     0.000    cam_pclk
    F14                  IBUF (Prop_ibuf_I_O)         1.327     1.327 f  cam_pclk_IBUF_inst/O
                         net (fo=1, routed)           2.581     3.908    real_camera.phase_clock.sampling_clock/pclk
    MMCME2_ADV_X0Y0      MMCME2_ADV (Prop_mmcme2_adv_CLKIN1_CLKOUT0)
                                                     -6.061    -2.154 f  real_camera.phase_clock.sampling_clock/camera_mmcm/CLKOUT0
                         net (fo=1, routed)           1.357    -0.796    real_camera.phase_clock.sampling_clock/clock_raw
    BUFGCTRL_X0Y3        BUFG (Prop_bufg_I_O)         0.077    -0.719 f  real_camera.phase_clock.sampling_clock/sample_buffer/O
                         net (fo=496, routed)         1.242     0.523    real_camera.capture/sample_clk
    SLICE_X33Y60         FDCE                                         r  real_camera.capture/overflow_gray_reg[19]/C  (IS_INVERTED)
  -------------------------------------------------------------------    -------------------
    SLICE_X33Y60         FDCE (Prop_fdce_C_Q)         0.308     0.831 r  real_camera.capture/overflow_gray_reg[19]/Q
                         net (fo=1, routed)           0.189     1.019    real_camera.capture/overflow_gray[19]
    SLICE_X33Y61         FDCE                                         r  real_camera.capture/overflow_c1_reg[19]/D
  -------------------------------------------------------------------    -------------------

                         (clock core_raw rise edge)
                                                      0.000     0.000 r  
    R4                                                0.000     0.000 r  sys_clk (IN)
                         net (fo=0)                   0.000     0.000    sys_clk
    R4                   IBUF (Prop_ibuf_I_O)         1.432     1.432 r  sys_clk_IBUF_inst/O
                         net (fo=1, routed)           1.065     2.497    multiplied_clock.clock_generator/sys_clk_IBUF
    MMCME2_ADV_X1Y0      MMCME2_ADV (Prop_mmcme2_adv_CLKIN1_CLKOUT0)
                                                     -5.921    -3.424 r  multiplied_clock.clock_generator/mmcm/CLKOUT0
                         net (fo=1, routed)           1.421    -2.004    multiplied_clock.clock_generator/core_raw
    BUFGCTRL_X0Y2        BUFG (Prop_bufg_I_O)         0.081    -1.923 r  multiplied_clock.clock_generator/core_buffer/O
                         net (fo=16672, routed)       1.350    -0.572    real_camera.capture/core_clk
    SLICE_X33Y61         FDCE                                         r  real_camera.capture/overflow_c1_reg[19]/C
                         clock pessimism              0.000    -0.572    
    SLICE_X33Y61         FDCE (Hold_fdce_C_D)         0.138    -0.434    real_camera.capture/overflow_c1_reg[19]
  -------------------------------------------------------------------
                         data arrival                           1.019    
                         clock arrival                         -0.434    
  -------------------------------------------------------------------
                         relative delay                         1.454    



Id: 8
set_bus_skew -from [get_cells -hier -quiet -filter {IS_SEQUENTIAL == 1 && (NAME =~ *memory/bridge/write_fifo/wr_gray_reg* || NAME =~ *memory/bridge/write_fifo/wr_binary_reg*)}] -to [get_cells -hier -quiet -filter {IS_SEQUENTIAL == 1 && NAME =~ *memory/bridge/write_fifo/wr_gray_sync1_reg*}] 10.000
Requirement: 10.000ns
Endpoints: 7

From Clock            To Clock              Endpoint Pin                    Reference Pin                   Corner  Actual(ns)  Slack(ns)
--------------------  --------------------  ------------------------------  ------------------------------  ------  ----------  ---------
core_raw              clk_pll_i_1           memory/bridge/write_fifo/wr_gray_sync1_reg[1]/D
                                                                            memory/bridge/write_fifo/wr_gray_sync1_reg[0]/D
                                                                                                            Slow         0.903      9.097


Slack (MET) :             9.097ns  (requirement - actual skew)
  Endpoint Source:        memory/bridge/write_fifo/wr_gray_reg[1]/C
                            (rising edge-triggered cell FDCE clocked by core_raw)
  Endpoint Destination:   memory/bridge/write_fifo/wr_gray_sync1_reg[1]/D
                            (rising edge-triggered cell FDCE clocked by clk_pll_i_1)
  Reference Source:       memory/bridge/write_fifo/wr_gray_reg[0]/C
                            (rising edge-triggered cell FDCE clocked by core_raw)
  Reference Destination:  memory/bridge/write_fifo/wr_gray_sync1_reg[0]/D
                            (rising edge-triggered cell FDCE clocked by clk_pll_i_1)
  Path Type:              Bus Skew (Max at Slow Process Corner)
  Requirement:            10.000ns
  Endpoint Relative Delay:   -0.578ns
  Reference Relative Delay:  -1.778ns
  Relative CRPR:              0.522ns
  Uncertainty:                0.225ns
  Actual Bus Skew:            0.903ns  (Endpoint Relative Delay - Reference Relative Delay - Relative CRPR + Uncertainty)

Endpoint path:
    Location             Delay type                Incr(ns)  Path(ns)    Netlist Resource(s)
  -------------------------------------------------------------------    -------------------
                         (clock core_raw rise edge)
                                                      0.000     0.000 r  
    R4                                                0.000     0.000 r  sys_clk (IN)
                         net (fo=0)                   0.000     0.000    sys_clk
    R4                   IBUF (Prop_ibuf_I_O)         1.432     1.432 r  sys_clk_IBUF_inst/O
                         net (fo=1, routed)           1.065     2.497    multiplied_clock.clock_generator/sys_clk_IBUF
    MMCME2_ADV_X1Y0      MMCME2_ADV (Prop_mmcme2_adv_CLKIN1_CLKOUT0)
                                                     -5.921    -3.424 r  multiplied_clock.clock_generator/mmcm/CLKOUT0
                         net (fo=1, routed)           1.421    -2.004    multiplied_clock.clock_generator/core_raw
    BUFGCTRL_X0Y2        BUFG (Prop_bufg_I_O)         0.081    -1.923 r  multiplied_clock.clock_generator/core_buffer/O
                         net (fo=16672, routed)       1.345    -0.577    memory/bridge/write_fifo/core_clk
    SLICE_X41Y82         FDCE                                         r  memory/bridge/write_fifo/wr_gray_reg[1]/C
  -------------------------------------------------------------------    -------------------
    SLICE_X41Y82         FDCE (Prop_fdce_C_Q)         0.379    -0.198 r  memory/bridge/write_fifo/wr_gray_reg[1]/Q
                         net (fo=2, routed)           0.585     0.387    memory/bridge/write_fifo/wr_gray[1]
    SLICE_X42Y83         FDCE                                         r  memory/bridge/write_fifo/wr_gray_sync1_reg[1]/D
  -------------------------------------------------------------------    -------------------

                         (clock clk_pll_i_1 rise edge)
                                                      0.000     0.000 r  
    R4                                                0.000     0.000 r  sys_clk (IN)
                         net (fo=0)                   0.000     0.000    sys_clk
    R4                   IBUF (Prop_ibuf_I_O)         1.366     1.366 r  sys_clk_IBUF_inst/O
                         net (fo=1, routed)           1.004     2.369    multiplied_clock.clock_generator/sys_clk_IBUF
    MMCME2_ADV_X1Y0      MMCME2_ADV (Prop_mmcme2_adv_CLKIN1_CLKOUT1)
                                                     -6.057    -3.688 r  multiplied_clock.clock_generator/mmcm/CLKOUT1
                         net (fo=1, routed)           1.352    -2.335    multiplied_clock.clock_generator/ddr_ref_raw
    BUFGCTRL_X0Y1        BUFG (Prop_bufg_I_O)         0.077    -2.258 r  multiplied_clock.clock_generator/ddr_ref_buffer/O
                         net (fo=63, routed)          1.290    -0.968    memory/controller/u_davinci_ddr3_mig_mig/u_ddr3_infrastructure/mmcm_clk
    PLLE2_ADV_X1Y1       PLLE2_ADV (Prop_plle2_adv_CLKIN1_CLKOUT3)
                                                      0.073    -0.895 r  memory/controller/u_davinci_ddr3_mig_mig/u_ddr3_infrastructure/plle2_i/CLKOUT3
                         net (fo=1, routed)           0.929     0.034    memory/controller/u_davinci_ddr3_mig_mig/u_ddr3_infrastructure/pll_clk3_out
    BUFHCE_X1Y12         BUFH (Prop_bufh_I_O)         0.069     0.103 r  memory/controller/u_davinci_ddr3_mig_mig/u_ddr3_infrastructure/u_bufh_pll_clk3/O
                         net (fo=1, routed)           0.664     0.767    memory/controller/u_davinci_ddr3_mig_mig/u_ddr3_infrastructure/pll_clk3
    MMCME2_ADV_X1Y1      MMCME2_ADV (Prop_mmcme2_adv_CLKIN1_CLKFBOUT)
                                                     -2.699    -1.932 r  memory/controller/u_davinci_ddr3_mig_mig/u_ddr3_infrastructure/gen_mmcm.mmcm_i/CLKFBOUT
                         net (fo=1, routed)           1.352    -0.579    memory/controller/u_davinci_ddr3_mig_mig/u_ddr3_infrastructure/clk_pll_i
    BUFGCTRL_X0Y16       BUFG (Prop_bufg_I_O)         0.077    -0.502 r  memory/controller/u_davinci_ddr3_mig_mig/u_ddr3_infrastructure/u_bufg_clkdiv0/O
                         net (fo=4851, routed)        1.237     0.735    memory/bridge/write_fifo/CLK
    SLICE_X42Y83         FDCE                                         r  memory/bridge/write_fifo/wr_gray_sync1_reg[1]/C
                         clock pessimism              0.263     0.998    
    SLICE_X42Y83         FDCE (Setup_fdce_C_D)       -0.033     0.965    memory/bridge/write_fifo/wr_gray_sync1_reg[1]
  -------------------------------------------------------------------
                         data arrival                           0.387    
                         clock arrival                          0.965    
  -------------------------------------------------------------------
                         relative delay                        -0.578    

Reference path:
    Location             Delay type                Incr(ns)  Path(ns)    Netlist Resource(s)
  -------------------------------------------------------------------    -------------------
                         (clock core_raw rise edge)
                                                      0.000     0.000 r  
    R4                                                0.000     0.000 r  sys_clk (IN)
                         net (fo=0)                   0.000     0.000    sys_clk
    R4                   IBUF (Prop_ibuf_I_O)         1.366     1.366 r  sys_clk_IBUF_inst/O
                         net (fo=1, routed)           1.004     2.369    multiplied_clock.clock_generator/sys_clk_IBUF
    MMCME2_ADV_X1Y0      MMCME2_ADV (Prop_mmcme2_adv_CLKIN1_CLKOUT0)
                                                     -6.057    -3.688 r  multiplied_clock.clock_generator/mmcm/CLKOUT0
                         net (fo=1, routed)           1.352    -2.335    multiplied_clock.clock_generator/core_raw
    BUFGCTRL_X0Y2        BUFG (Prop_bufg_I_O)         0.077    -2.258 r  multiplied_clock.clock_generator/core_buffer/O
                         net (fo=16672, routed)       1.238    -1.020    memory/bridge/write_fifo/core_clk
    SLICE_X43Y82         FDCE                                         r  memory/bridge/write_fifo/wr_gray_reg[0]/C
  -------------------------------------------------------------------    -------------------
    SLICE_X43Y82         FDCE (Prop_fdce_C_Q)         0.304    -0.716 r  memory/bridge/write_fifo/wr_gray_reg[0]/Q
                         net (fo=2, routed)           0.201    -0.515    memory/bridge/write_fifo/wr_gray[0]
    SLICE_X43Y83         FDCE                                         r  memory/bridge/write_fifo/wr_gray_sync1_reg[0]/D
  -------------------------------------------------------------------    -------------------

                         (clock clk_pll_i_1 rise edge)
                                                      0.000     0.000 r  
    R4                                                0.000     0.000 r  sys_clk (IN)
                         net (fo=0)                   0.000     0.000    sys_clk
    R4                   IBUF (Prop_ibuf_I_O)         1.432     1.432 r  sys_clk_IBUF_inst/O
                         net (fo=1, routed)           1.065     2.497    multiplied_clock.clock_generator/sys_clk_IBUF
    MMCME2_ADV_X1Y0      MMCME2_ADV (Prop_mmcme2_adv_CLKIN1_CLKOUT1)
                                                     -5.921    -3.424 r  multiplied_clock.clock_generator/mmcm/CLKOUT1
                         net (fo=1, routed)           1.421    -2.004    multiplied_clock.clock_generator/ddr_ref_raw
    BUFGCTRL_X0Y1        BUFG (Prop_bufg_I_O)         0.081    -1.923 r  multiplied_clock.clock_generator/ddr_ref_buffer/O
                         net (fo=63, routed)          1.394    -0.528    memory/controller/u_davinci_ddr3_mig_mig/u_ddr3_infrastructure/mmcm_clk
    PLLE2_ADV_X1Y1       PLLE2_ADV (Prop_plle2_adv_CLKIN1_CLKOUT3)
                                                      0.077    -0.451 r  memory/controller/u_davinci_ddr3_mig_mig/u_ddr3_infrastructure/plle2_i/CLKOUT3
                         net (fo=1, routed)           1.062     0.611    memory/controller/u_davinci_ddr3_mig_mig/u_ddr3_infrastructure/pll_clk3_out
    BUFHCE_X1Y12         BUFH (Prop_bufh_I_O)         0.106     0.717 r  memory/controller/u_davinci_ddr3_mig_mig/u_ddr3_infrastructure/u_bufh_pll_clk3/O
                         net (fo=1, routed)           0.702     1.419    memory/controller/u_davinci_ddr3_mig_mig/u_ddr3_infrastructure/pll_clk3
    MMCME2_ADV_X1Y1      MMCME2_ADV (Prop_mmcme2_adv_CLKIN1_CLKFBOUT)
                                                     -2.874    -1.455 r  memory/controller/u_davinci_ddr3_mig_mig/u_ddr3_infrastructure/gen_mmcm.mmcm_i/CLKFBOUT
                         net (fo=1, routed)           1.421    -0.035    memory/controller/u_davinci_ddr3_mig_mig/u_ddr3_infrastructure/clk_pll_i
    BUFGCTRL_X0Y16       BUFG (Prop_bufg_I_O)         0.081     0.046 r  memory/controller/u_davinci_ddr3_mig_mig/u_ddr3_infrastructure/u_bufg_clkdiv0/O
                         net (fo=4851, routed)        1.343     1.390    memory/bridge/write_fifo/CLK
    SLICE_X43Y83         FDCE                                         r  memory/bridge/write_fifo/wr_gray_sync1_reg[0]/C
                         clock pessimism             -0.263     1.126    
    SLICE_X43Y83         FDCE (Hold_fdce_C_D)         0.136     1.262    memory/bridge/write_fifo/wr_gray_sync1_reg[0]
  -------------------------------------------------------------------
                         data arrival                          -0.515    
                         clock arrival                          1.262    
  -------------------------------------------------------------------
                         relative delay                        -1.778    



Id: 9
set_bus_skew -from [get_cells -hier -quiet -filter {IS_SEQUENTIAL == 1 && (NAME =~ *memory/bridge/write_fifo/rd_gray_reg* || NAME =~ *memory/bridge/write_fifo/rd_binary_reg*)}] -to [get_cells -hier -quiet -filter {IS_SEQUENTIAL == 1 && NAME =~ *memory/bridge/write_fifo/rd_gray_sync1_reg*}] 10.000
Requirement: 10.000ns
Endpoints: 7

From Clock            To Clock              Endpoint Pin                    Reference Pin                   Corner  Actual(ns)  Slack(ns)
--------------------  --------------------  ------------------------------  ------------------------------  ------  ----------  ---------
clk_pll_i_1           core_raw              memory/bridge/write_fifo/rd_gray_sync1_reg[6]/D
                                                                            memory/bridge/write_fifo/rd_gray_sync1_reg[0]/D
                                                                                                            Slow         0.797      9.203


Slack (MET) :             9.203ns  (requirement - actual skew)
  Endpoint Source:        memory/bridge/write_fifo/rd_gray_reg[6]/C
                            (rising edge-triggered cell FDCE clocked by clk_pll_i_1)
  Endpoint Destination:   memory/bridge/write_fifo/rd_gray_sync1_reg[6]/D
                            (rising edge-triggered cell FDCE clocked by core_raw)
  Reference Source:       memory/bridge/write_fifo/rd_gray_reg[0]/C
                            (rising edge-triggered cell FDCE clocked by clk_pll_i_1)
  Reference Destination:  memory/bridge/write_fifo/rd_gray_sync1_reg[0]/D
                            (rising edge-triggered cell FDCE clocked by core_raw)
  Path Type:              Bus Skew (Max at Slow Process Corner)
  Requirement:            10.000ns
  Endpoint Relative Delay:    3.113ns
  Reference Relative Delay:   1.996ns
  Relative CRPR:              0.521ns
  Uncertainty:                0.201ns
  Actual Bus Skew:            0.797ns  (Endpoint Relative Delay - Reference Relative Delay - Relative CRPR + Uncertainty)

Endpoint path:
    Location             Delay type                Incr(ns)  Path(ns)    Netlist Resource(s)
  -------------------------------------------------------------------    -------------------
                         (clock clk_pll_i_1 rise edge)
                                                      0.000     0.000 r  
    R4                                                0.000     0.000 r  sys_clk (IN)
                         net (fo=0)                   0.000     0.000    sys_clk
    R4                   IBUF (Prop_ibuf_I_O)         1.432     1.432 r  sys_clk_IBUF_inst/O
                         net (fo=1, routed)           1.065     2.497    multiplied_clock.clock_generator/sys_clk_IBUF
    MMCME2_ADV_X1Y0      MMCME2_ADV (Prop_mmcme2_adv_CLKIN1_CLKOUT1)
                                                     -5.921    -3.424 r  multiplied_clock.clock_generator/mmcm/CLKOUT1
                         net (fo=1, routed)           1.421    -2.004    multiplied_clock.clock_generator/ddr_ref_raw
    BUFGCTRL_X0Y1        BUFG (Prop_bufg_I_O)         0.081    -1.923 r  multiplied_clock.clock_generator/ddr_ref_buffer/O
                         net (fo=63, routed)          1.394    -0.528    memory/controller/u_davinci_ddr3_mig_mig/u_ddr3_infrastructure/mmcm_clk
    PLLE2_ADV_X1Y1       PLLE2_ADV (Prop_plle2_adv_CLKIN1_CLKOUT3)
                                                      0.077    -0.451 r  memory/controller/u_davinci_ddr3_mig_mig/u_ddr3_infrastructure/plle2_i/CLKOUT3
                         net (fo=1, routed)           1.062     0.611    memory/controller/u_davinci_ddr3_mig_mig/u_ddr3_infrastructure/pll_clk3_out
    BUFHCE_X1Y12         BUFH (Prop_bufh_I_O)         0.106     0.717 r  memory/controller/u_davinci_ddr3_mig_mig/u_ddr3_infrastructure/u_bufh_pll_clk3/O
                         net (fo=1, routed)           0.702     1.419    memory/controller/u_davinci_ddr3_mig_mig/u_ddr3_infrastructure/pll_clk3
    MMCME2_ADV_X1Y1      MMCME2_ADV (Prop_mmcme2_adv_CLKIN1_CLKFBOUT)
                                                     -2.874    -1.455 r  memory/controller/u_davinci_ddr3_mig_mig/u_ddr3_infrastructure/gen_mmcm.mmcm_i/CLKFBOUT
                         net (fo=1, routed)           1.421    -0.035    memory/controller/u_davinci_ddr3_mig_mig/u_ddr3_infrastructure/clk_pll_i
    BUFGCTRL_X0Y16       BUFG (Prop_bufg_I_O)         0.081     0.046 r  memory/controller/u_davinci_ddr3_mig_mig/u_ddr3_infrastructure/u_bufg_clkdiv0/O
                         net (fo=4851, routed)        1.342     1.389    memory/bridge/write_fifo/CLK
    SLICE_X42Y82         FDCE                                         r  memory/bridge/write_fifo/rd_gray_reg[6]/C
  -------------------------------------------------------------------    -------------------
    SLICE_X42Y82         FDCE (Prop_fdce_C_Q)         0.398     1.787 r  memory/bridge/write_fifo/rd_gray_reg[6]/Q
                         net (fo=4, routed)           0.366     2.153    memory/bridge/write_fifo/rd_gray[6]
    SLICE_X43Y81         FDCE                                         r  memory/bridge/write_fifo/rd_gray_sync1_reg[6]/D
  -------------------------------------------------------------------    -------------------

                         (clock core_raw rise edge)
                                                      0.000     0.000 r  
    R4                                                0.000     0.000 r  sys_clk (IN)
                         net (fo=0)                   0.000     0.000    sys_clk
    R4                   IBUF (Prop_ibuf_I_O)         1.366     1.366 r  sys_clk_IBUF_inst/O
                         net (fo=1, routed)           1.004     2.369    multiplied_clock.clock_generator/sys_clk_IBUF
    MMCME2_ADV_X1Y0      MMCME2_ADV (Prop_mmcme2_adv_CLKIN1_CLKOUT0)
                                                     -6.057    -3.688 r  multiplied_clock.clock_generator/mmcm/CLKOUT0
                         net (fo=1, routed)           1.352    -2.335    multiplied_clock.clock_generator/core_raw
    BUFGCTRL_X0Y2        BUFG (Prop_bufg_I_O)         0.077    -2.258 r  multiplied_clock.clock_generator/core_buffer/O
                         net (fo=16672, routed)       1.237    -1.021    memory/bridge/write_fifo/core_clk
    SLICE_X43Y81         FDCE                                         r  memory/bridge/write_fifo/rd_gray_sync1_reg[6]/C
                         clock pessimism              0.263    -0.758    
    SLICE_X43Y81         FDCE (Setup_fdce_C_D)       -0.202    -0.960    memory/bridge/write_fifo/rd_gray_sync1_reg[6]
  -------------------------------------------------------------------
                         data arrival                           2.153    
                         clock arrival                         -0.960    
  -------------------------------------------------------------------
                         relative delay                         3.113    

Reference path:
    Location             Delay type                Incr(ns)  Path(ns)    Netlist Resource(s)
  -------------------------------------------------------------------    -------------------
                         (clock clk_pll_i_1 rise edge)
                                                      0.000     0.000 r  
    R4                                                0.000     0.000 r  sys_clk (IN)
                         net (fo=0)                   0.000     0.000    sys_clk
    R4                   IBUF (Prop_ibuf_I_O)         1.366     1.366 r  sys_clk_IBUF_inst/O
                         net (fo=1, routed)           1.004     2.369    multiplied_clock.clock_generator/sys_clk_IBUF
    MMCME2_ADV_X1Y0      MMCME2_ADV (Prop_mmcme2_adv_CLKIN1_CLKOUT1)
                                                     -6.057    -3.688 r  multiplied_clock.clock_generator/mmcm/CLKOUT1
                         net (fo=1, routed)           1.352    -2.335    multiplied_clock.clock_generator/ddr_ref_raw
    BUFGCTRL_X0Y1        BUFG (Prop_bufg_I_O)         0.077    -2.258 r  multiplied_clock.clock_generator/ddr_ref_buffer/O
                         net (fo=63, routed)          1.290    -0.968    memory/controller/u_davinci_ddr3_mig_mig/u_ddr3_infrastructure/mmcm_clk
    PLLE2_ADV_X1Y1       PLLE2_ADV (Prop_plle2_adv_CLKIN1_CLKOUT3)
                                                      0.073    -0.895 r  memory/controller/u_davinci_ddr3_mig_mig/u_ddr3_infrastructure/plle2_i/CLKOUT3
                         net (fo=1, routed)           0.929     0.034    memory/controller/u_davinci_ddr3_mig_mig/u_ddr3_infrastructure/pll_clk3_out
    BUFHCE_X1Y12         BUFH (Prop_bufh_I_O)         0.069     0.103 r  memory/controller/u_davinci_ddr3_mig_mig/u_ddr3_infrastructure/u_bufh_pll_clk3/O
                         net (fo=1, routed)           0.664     0.767    memory/controller/u_davinci_ddr3_mig_mig/u_ddr3_infrastructure/pll_clk3
    MMCME2_ADV_X1Y1      MMCME2_ADV (Prop_mmcme2_adv_CLKIN1_CLKFBOUT)
                                                     -2.699    -1.932 r  memory/controller/u_davinci_ddr3_mig_mig/u_ddr3_infrastructure/gen_mmcm.mmcm_i/CLKFBOUT
                         net (fo=1, routed)           1.352    -0.579    memory/controller/u_davinci_ddr3_mig_mig/u_ddr3_infrastructure/clk_pll_i
    BUFGCTRL_X0Y16       BUFG (Prop_bufg_I_O)         0.077    -0.502 r  memory/controller/u_davinci_ddr3_mig_mig/u_ddr3_infrastructure/u_bufg_clkdiv0/O
                         net (fo=4851, routed)        1.237     0.735    memory/bridge/write_fifo/CLK
    SLICE_X42Y84         FDCE                                         r  memory/bridge/write_fifo/rd_gray_reg[0]/C
  -------------------------------------------------------------------    -------------------
    SLICE_X42Y84         FDCE (Prop_fdce_C_Q)         0.347     1.082 r  memory/bridge/write_fifo/rd_gray_reg[0]/Q
                         net (fo=2, routed)           0.211     1.292    memory/bridge/write_fifo/rd_gray[0]
    SLICE_X41Y83         FDCE                                         r  memory/bridge/write_fifo/rd_gray_sync1_reg[0]/D
  -------------------------------------------------------------------    -------------------

                         (clock core_raw rise edge)
                                                      0.000     0.000 r  
    R4                                                0.000     0.000 r  sys_clk (IN)
                         net (fo=0)                   0.000     0.000    sys_clk
    R4                   IBUF (Prop_ibuf_I_O)         1.432     1.432 r  sys_clk_IBUF_inst/O
                         net (fo=1, routed)           1.065     2.497    multiplied_clock.clock_generator/sys_clk_IBUF
    MMCME2_ADV_X1Y0      MMCME2_ADV (Prop_mmcme2_adv_CLKIN1_CLKOUT0)
                                                     -5.921    -3.424 r  multiplied_clock.clock_generator/mmcm/CLKOUT0
                         net (fo=1, routed)           1.421    -2.004    multiplied_clock.clock_generator/core_raw
    BUFGCTRL_X0Y2        BUFG (Prop_bufg_I_O)         0.081    -1.923 r  multiplied_clock.clock_generator/core_buffer/O
                         net (fo=16672, routed)       1.346    -0.576    memory/bridge/write_fifo/core_clk
    SLICE_X41Y83         FDCE                                         r  memory/bridge/write_fifo/rd_gray_sync1_reg[0]/C
                         clock pessimism             -0.263    -0.840    
    SLICE_X41Y83         FDCE (Hold_fdce_C_D)         0.136    -0.704    memory/bridge/write_fifo/rd_gray_sync1_reg[0]
  -------------------------------------------------------------------
                         data arrival                           1.292    
                         clock arrival                         -0.704    
  -------------------------------------------------------------------
                         relative delay                         1.996    



Id: 10
set_bus_skew -from [get_cells -hier -quiet -filter {IS_SEQUENTIAL == 1 && (NAME =~ *memory/bridge/read_fifo/wr_gray_reg* || NAME =~ *memory/bridge/read_fifo/wr_binary_reg*)}] -to [get_cells -hier -quiet -filter {IS_SEQUENTIAL == 1 && NAME =~ *memory/bridge/read_fifo/wr_gray_sync1_reg*}] 10.000
Requirement: 10.000ns
Endpoints: 7

From Clock            To Clock              Endpoint Pin                    Reference Pin                   Corner  Actual(ns)  Slack(ns)
--------------------  --------------------  ------------------------------  ------------------------------  ------  ----------  ---------
clk_pll_i_1           core_raw              memory/bridge/read_fifo/wr_gray_sync1_reg[3]/D
                                                                            memory/bridge/read_fifo/wr_gray_sync1_reg[2]/D
                                                                                                            Slow         0.961      9.039


Slack (MET) :             9.039ns  (requirement - actual skew)
  Endpoint Source:        memory/bridge/read_fifo/wr_gray_reg[3]/C
                            (rising edge-triggered cell FDCE clocked by clk_pll_i_1)
  Endpoint Destination:   memory/bridge/read_fifo/wr_gray_sync1_reg[3]/D
                            (rising edge-triggered cell FDCE clocked by core_raw)
  Reference Source:       memory/bridge/read_fifo/wr_gray_reg[2]/C
                            (rising edge-triggered cell FDCE clocked by clk_pll_i_1)
  Reference Destination:  memory/bridge/read_fifo/wr_gray_sync1_reg[2]/D
                            (rising edge-triggered cell FDCE clocked by core_raw)
  Path Type:              Bus Skew (Max at Slow Process Corner)
  Requirement:            10.000ns
  Endpoint Relative Delay:    3.092ns
  Reference Relative Delay:   1.878ns
  Relative CRPR:              0.455ns
  Uncertainty:                0.201ns
  Actual Bus Skew:            0.961ns  (Endpoint Relative Delay - Reference Relative Delay - Relative CRPR + Uncertainty)

Endpoint path:
    Location             Delay type                Incr(ns)  Path(ns)    Netlist Resource(s)
  -------------------------------------------------------------------    -------------------
                         (clock clk_pll_i_1 rise edge)
                                                      0.000     0.000 r  
    R4                                                0.000     0.000 r  sys_clk (IN)
                         net (fo=0)                   0.000     0.000    sys_clk
    R4                   IBUF (Prop_ibuf_I_O)         1.432     1.432 r  sys_clk_IBUF_inst/O
                         net (fo=1, routed)           1.065     2.497    multiplied_clock.clock_generator/sys_clk_IBUF
    MMCME2_ADV_X1Y0      MMCME2_ADV (Prop_mmcme2_adv_CLKIN1_CLKOUT1)
                                                     -5.921    -3.424 r  multiplied_clock.clock_generator/mmcm/CLKOUT1
                         net (fo=1, routed)           1.421    -2.004    multiplied_clock.clock_generator/ddr_ref_raw
    BUFGCTRL_X0Y1        BUFG (Prop_bufg_I_O)         0.081    -1.923 r  multiplied_clock.clock_generator/ddr_ref_buffer/O
                         net (fo=63, routed)          1.394    -0.528    memory/controller/u_davinci_ddr3_mig_mig/u_ddr3_infrastructure/mmcm_clk
    PLLE2_ADV_X1Y1       PLLE2_ADV (Prop_plle2_adv_CLKIN1_CLKOUT3)
                                                      0.077    -0.451 r  memory/controller/u_davinci_ddr3_mig_mig/u_ddr3_infrastructure/plle2_i/CLKOUT3
                         net (fo=1, routed)           1.062     0.611    memory/controller/u_davinci_ddr3_mig_mig/u_ddr3_infrastructure/pll_clk3_out
    BUFHCE_X1Y12         BUFH (Prop_bufh_I_O)         0.106     0.717 r  memory/controller/u_davinci_ddr3_mig_mig/u_ddr3_infrastructure/u_bufh_pll_clk3/O
                         net (fo=1, routed)           0.702     1.419    memory/controller/u_davinci_ddr3_mig_mig/u_ddr3_infrastructure/pll_clk3
    MMCME2_ADV_X1Y1      MMCME2_ADV (Prop_mmcme2_adv_CLKIN1_CLKFBOUT)
                                                     -2.874    -1.455 r  memory/controller/u_davinci_ddr3_mig_mig/u_ddr3_infrastructure/gen_mmcm.mmcm_i/CLKFBOUT
                         net (fo=1, routed)           1.421    -0.035    memory/controller/u_davinci_ddr3_mig_mig/u_ddr3_infrastructure/clk_pll_i
    BUFGCTRL_X0Y16       BUFG (Prop_bufg_I_O)         0.081     0.046 r  memory/controller/u_davinci_ddr3_mig_mig/u_ddr3_infrastructure/u_bufg_clkdiv0/O
                         net (fo=4851, routed)        1.512     1.558    memory/bridge/read_fifo/CLK
    SLICE_X36Y100        FDCE                                         r  memory/bridge/read_fifo/wr_gray_reg[3]/C
  -------------------------------------------------------------------    -------------------
    SLICE_X36Y100        FDCE (Prop_fdce_C_Q)         0.379     1.937 r  memory/bridge/read_fifo/wr_gray_reg[3]/Q
                         net (fo=2, routed)           0.475     2.412    memory/bridge/read_fifo/wr_gray_reg_n_0_[3]
    SLICE_X39Y101        FDCE                                         r  memory/bridge/read_fifo/wr_gray_sync1_reg[3]/D
  -------------------------------------------------------------------    -------------------

                         (clock core_raw rise edge)
                                                      0.000     0.000 r  
    R4                                                0.000     0.000 r  sys_clk (IN)
                         net (fo=0)                   0.000     0.000    sys_clk
    R4                   IBUF (Prop_ibuf_I_O)         1.366     1.366 r  sys_clk_IBUF_inst/O
                         net (fo=1, routed)           1.004     2.369    multiplied_clock.clock_generator/sys_clk_IBUF
    MMCME2_ADV_X1Y0      MMCME2_ADV (Prop_mmcme2_adv_CLKIN1_CLKOUT0)
                                                     -6.057    -3.688 r  multiplied_clock.clock_generator/mmcm/CLKOUT0
                         net (fo=1, routed)           1.352    -2.335    multiplied_clock.clock_generator/core_raw
    BUFGCTRL_X0Y2        BUFG (Prop_bufg_I_O)         0.077    -2.258 r  multiplied_clock.clock_generator/core_buffer/O
                         net (fo=16672, routed)       1.396    -0.862    memory/bridge/read_fifo/core_clk
    SLICE_X39Y101        FDCE                                         r  memory/bridge/read_fifo/wr_gray_sync1_reg[3]/C
                         clock pessimism              0.263    -0.599    
    SLICE_X39Y101        FDCE (Setup_fdce_C_D)       -0.081    -0.680    memory/bridge/read_fifo/wr_gray_sync1_reg[3]
  -------------------------------------------------------------------
                         data arrival                           2.412    
                         clock arrival                         -0.680    
  -------------------------------------------------------------------
                         relative delay                         3.092    

Reference path:
    Location             Delay type                Incr(ns)  Path(ns)    Netlist Resource(s)
  -------------------------------------------------------------------    -------------------
                         (clock clk_pll_i_1 rise edge)
                                                      0.000     0.000 r  
    R4                                                0.000     0.000 r  sys_clk (IN)
                         net (fo=0)                   0.000     0.000    sys_clk
    R4                   IBUF (Prop_ibuf_I_O)         1.366     1.366 r  sys_clk_IBUF_inst/O
                         net (fo=1, routed)           1.004     2.369    multiplied_clock.clock_generator/sys_clk_IBUF
    MMCME2_ADV_X1Y0      MMCME2_ADV (Prop_mmcme2_adv_CLKIN1_CLKOUT1)
                                                     -6.057    -3.688 r  multiplied_clock.clock_generator/mmcm/CLKOUT1
                         net (fo=1, routed)           1.352    -2.335    multiplied_clock.clock_generator/ddr_ref_raw
    BUFGCTRL_X0Y1        BUFG (Prop_bufg_I_O)         0.077    -2.258 r  multiplied_clock.clock_generator/ddr_ref_buffer/O
                         net (fo=63, routed)          1.290    -0.968    memory/controller/u_davinci_ddr3_mig_mig/u_ddr3_infrastructure/mmcm_clk
    PLLE2_ADV_X1Y1       PLLE2_ADV (Prop_plle2_adv_CLKIN1_CLKOUT3)
                                                      0.073    -0.895 r  memory/controller/u_davinci_ddr3_mig_mig/u_ddr3_infrastructure/plle2_i/CLKOUT3
                         net (fo=1, routed)           0.929     0.034    memory/controller/u_davinci_ddr3_mig_mig/u_ddr3_infrastructure/pll_clk3_out
    BUFHCE_X1Y12         BUFH (Prop_bufh_I_O)         0.069     0.103 r  memory/controller/u_davinci_ddr3_mig_mig/u_ddr3_infrastructure/u_bufh_pll_clk3/O
                         net (fo=1, routed)           0.664     0.767    memory/controller/u_davinci_ddr3_mig_mig/u_ddr3_infrastructure/pll_clk3
    MMCME2_ADV_X1Y1      MMCME2_ADV (Prop_mmcme2_adv_CLKIN1_CLKFBOUT)
                                                     -2.699    -1.932 r  memory/controller/u_davinci_ddr3_mig_mig/u_ddr3_infrastructure/gen_mmcm.mmcm_i/CLKFBOUT
                         net (fo=1, routed)           1.352    -0.579    memory/controller/u_davinci_ddr3_mig_mig/u_ddr3_infrastructure/clk_pll_i
    BUFGCTRL_X0Y16       BUFG (Prop_bufg_I_O)         0.077    -0.502 r  memory/controller/u_davinci_ddr3_mig_mig/u_ddr3_infrastructure/u_bufg_clkdiv0/O
                         net (fo=4851, routed)        1.242     0.740    memory/bridge/read_fifo/CLK
    SLICE_X37Y99         FDCE                                         r  memory/bridge/read_fifo/wr_gray_reg[2]/C
  -------------------------------------------------------------------    -------------------
    SLICE_X37Y99         FDCE (Prop_fdce_C_Q)         0.304     1.044 r  memory/bridge/read_fifo/wr_gray_reg[2]/Q
                         net (fo=2, routed)           0.302     1.345    memory/bridge/read_fifo/wr_gray_reg_n_0_[2]
    SLICE_X37Y100        FDCE                                         r  memory/bridge/read_fifo/wr_gray_sync1_reg[2]/D
  -------------------------------------------------------------------    -------------------

                         (clock core_raw rise edge)
                                                      0.000     0.000 r  
    R4                                                0.000     0.000 r  sys_clk (IN)
                         net (fo=0)                   0.000     0.000    sys_clk
    R4                   IBUF (Prop_ibuf_I_O)         1.432     1.432 r  sys_clk_IBUF_inst/O
                         net (fo=1, routed)           1.065     2.497    multiplied_clock.clock_generator/sys_clk_IBUF
    MMCME2_ADV_X1Y0      MMCME2_ADV (Prop_mmcme2_adv_CLKIN1_CLKOUT0)
                                                     -5.921    -3.424 r  multiplied_clock.clock_generator/mmcm/CLKOUT0
                         net (fo=1, routed)           1.421    -2.004    multiplied_clock.clock_generator/core_raw
    BUFGCTRL_X0Y2        BUFG (Prop_bufg_I_O)         0.081    -1.923 r  multiplied_clock.clock_generator/core_buffer/O
                         net (fo=16672, routed)       1.515    -0.408    memory/bridge/read_fifo/core_clk
    SLICE_X37Y100        FDCE                                         r  memory/bridge/read_fifo/wr_gray_sync1_reg[2]/C
                         clock pessimism             -0.263    -0.671    
    SLICE_X37Y100        FDCE (Hold_fdce_C_D)         0.138    -0.533    memory/bridge/read_fifo/wr_gray_sync1_reg[2]
  -------------------------------------------------------------------
                         data arrival                           1.345    
                         clock arrival                         -0.533    
  -------------------------------------------------------------------
                         relative delay                         1.878    



Id: 11
set_bus_skew -from [get_cells -hier -quiet -filter {IS_SEQUENTIAL == 1 && (NAME =~ *memory/bridge/read_fifo/rd_gray_reg* || NAME =~ *memory/bridge/read_fifo/rd_binary_reg*)}] -to [get_cells -hier -quiet -filter {IS_SEQUENTIAL == 1 && NAME =~ *memory/bridge/read_fifo/rd_gray_sync1_reg*}] 10.000
Requirement: 10.000ns
Endpoints: 7

From Clock            To Clock              Endpoint Pin                    Reference Pin                   Corner  Actual(ns)  Slack(ns)
--------------------  --------------------  ------------------------------  ------------------------------  ------  ----------  ---------
core_raw              clk_pll_i_1           memory/bridge/read_fifo/rd_gray_sync1_reg[0]/D
                                                                            memory/bridge/read_fifo/rd_gray_sync1_reg[3]/D
                                                                                                            Fast         1.024      8.976


Slack (MET) :             8.976ns  (requirement - actual skew)
  Endpoint Source:        memory/bridge/read_fifo/rd_gray_reg[0]/C
                            (rising edge-triggered cell FDCE clocked by core_raw)
  Endpoint Destination:   memory/bridge/read_fifo/rd_gray_sync1_reg[0]/D
                            (rising edge-triggered cell FDCE clocked by clk_pll_i_1)
  Reference Source:       memory/bridge/read_fifo/rd_gray_reg[3]/C
                            (rising edge-triggered cell FDCE clocked by core_raw)
  Reference Destination:  memory/bridge/read_fifo/rd_gray_sync1_reg[3]/D
                            (rising edge-triggered cell FDCE clocked by clk_pll_i_1)
  Path Type:              Bus Skew (Max at Fast Process Corner)
  Requirement:            10.000ns
  Endpoint Relative Delay:    0.088ns
  Reference Relative Delay:  -1.106ns
  Relative CRPR:              0.395ns
  Uncertainty:                0.225ns
  Actual Bus Skew:            1.024ns  (Endpoint Relative Delay - Reference Relative Delay - Relative CRPR + Uncertainty)

Endpoint path:
    Location             Delay type                Incr(ns)  Path(ns)    Netlist Resource(s)
  -------------------------------------------------------------------    -------------------
                         (clock core_raw rise edge)
                                                      0.000     0.000 r  
    R4                                                0.000     0.000 r  sys_clk (IN)
                         net (fo=0)                   0.000     0.000    sys_clk
    R4                   IBUF (Prop_ibuf_I_O)         0.457     0.457 r  sys_clk_IBUF_inst/O
                         net (fo=1, routed)           0.480     0.937    multiplied_clock.clock_generator/sys_clk_IBUF
    MMCME2_ADV_X1Y0      MMCME2_ADV (Prop_mmcme2_adv_CLKIN1_CLKOUT0)
                                                     -3.142    -2.205 r  multiplied_clock.clock_generator/mmcm/CLKOUT0
                         net (fo=1, routed)           0.530    -1.676    multiplied_clock.clock_generator/core_raw
    BUFGCTRL_X0Y2        BUFG (Prop_bufg_I_O)         0.029    -1.647 r  multiplied_clock.clock_generator/core_buffer/O
                         net (fo=16672, routed)       0.917    -0.730    memory/bridge/read_fifo/core_clk
    SLICE_X40Y100        FDCE                                         r  memory/bridge/read_fifo/rd_gray_reg[0]/C
  -------------------------------------------------------------------    -------------------
    SLICE_X40Y100        FDCE (Prop_fdce_C_Q)         0.175    -0.555 r  memory/bridge/read_fifo/rd_gray_reg[0]/Q
                         net (fo=2, routed)           0.183    -0.371    memory/bridge/read_fifo/rd_gray_reg_n_0_[0]
    SLICE_X40Y99         FDCE                                         r  memory/bridge/read_fifo/rd_gray_sync1_reg[0]/D
  -------------------------------------------------------------------    -------------------

                         (clock clk_pll_i_1 rise edge)
                                                      0.000     0.000 r  
    R4                                                0.000     0.000 r  sys_clk (IN)
                         net (fo=0)                   0.000     0.000    sys_clk
    R4                   IBUF (Prop_ibuf_I_O)         0.269     0.269 r  sys_clk_IBUF_inst/O
                         net (fo=1, routed)           0.440     0.709    multiplied_clock.clock_generator/sys_clk_IBUF
    MMCME2_ADV_X1Y0      MMCME2_ADV (Prop_mmcme2_adv_CLKIN1_CLKOUT1)
                                                     -2.360    -1.651 r  multiplied_clock.clock_generator/mmcm/CLKOUT1
                         net (fo=1, routed)           0.486    -1.165    multiplied_clock.clock_generator/ddr_ref_raw
    BUFGCTRL_X0Y1        BUFG (Prop_bufg_I_O)         0.026    -1.139 r  multiplied_clock.clock_generator/ddr_ref_buffer/O
                         net (fo=63, routed)          0.552    -0.587    memory/controller/u_davinci_ddr3_mig_mig/u_ddr3_infrastructure/mmcm_clk
    PLLE2_ADV_X1Y1       PLLE2_ADV (Prop_plle2_adv_CLKIN1_CLKOUT3)
                                                      0.050    -0.537 r  memory/controller/u_davinci_ddr3_mig_mig/u_ddr3_infrastructure/plle2_i/CLKOUT3
                         net (fo=1, routed)           0.381    -0.156    memory/controller/u_davinci_ddr3_mig_mig/u_ddr3_infrastructure/pll_clk3_out
    BUFHCE_X1Y12         BUFH (Prop_bufh_I_O)         0.020    -0.136 r  memory/controller/u_davinci_ddr3_mig_mig/u_ddr3_infrastructure/u_bufh_pll_clk3/O
                         net (fo=1, routed)           0.259     0.123    memory/controller/u_davinci_ddr3_mig_mig/u_ddr3_infrastructure/pll_clk3
    MMCME2_ADV_X1Y1      MMCME2_ADV (Prop_mmcme2_adv_CLKIN1_CLKFBOUT)
                                                     -1.057    -0.934 r  memory/controller/u_davinci_ddr3_mig_mig/u_ddr3_infrastructure/gen_mmcm.mmcm_i/CLKFBOUT
                         net (fo=1, routed)           0.486    -0.448    memory/controller/u_davinci_ddr3_mig_mig/u_ddr3_infrastructure/clk_pll_i
    BUFGCTRL_X0Y16       BUFG (Prop_bufg_I_O)         0.026    -0.422 r  memory/controller/u_davinci_ddr3_mig_mig/u_ddr3_infrastructure/u_bufg_clkdiv0/O
                         net (fo=4851, routed)        0.560     0.138    memory/bridge/read_fifo/CLK
    SLICE_X40Y99         FDCE                                         r  memory/bridge/read_fifo/rd_gray_sync1_reg[0]/C
                         clock pessimism             -0.555    -0.417    
    SLICE_X40Y99         FDCE (Setup_fdce_C_D)       -0.043    -0.460    memory/bridge/read_fifo/rd_gray_sync1_reg[0]
  -------------------------------------------------------------------
                         data arrival                          -0.371    
                         clock arrival                         -0.460    
  -------------------------------------------------------------------
                         relative delay                         0.088    

Reference path:
    Location             Delay type                Incr(ns)  Path(ns)    Netlist Resource(s)
  -------------------------------------------------------------------    -------------------
                         (clock core_raw rise edge)
                                                      0.000     0.000 r  
    R4                                                0.000     0.000 r  sys_clk (IN)
                         net (fo=0)                   0.000     0.000    sys_clk
    R4                   IBUF (Prop_ibuf_I_O)         0.269     0.269 r  sys_clk_IBUF_inst/O
                         net (fo=1, routed)           0.440     0.709    multiplied_clock.clock_generator/sys_clk_IBUF
    MMCME2_ADV_X1Y0      MMCME2_ADV (Prop_mmcme2_adv_CLKIN1_CLKOUT0)
                                                     -2.360    -1.651 r  multiplied_clock.clock_generator/mmcm/CLKOUT0
                         net (fo=1, routed)           0.486    -1.165    multiplied_clock.clock_generator/core_raw
    BUFGCTRL_X0Y2        BUFG (Prop_bufg_I_O)         0.026    -1.139 r  multiplied_clock.clock_generator/core_buffer/O
                         net (fo=16672, routed)       0.562    -0.577    memory/bridge/read_fifo/core_clk
    SLICE_X41Y99         FDCE                                         r  memory/bridge/read_fifo/rd_gray_reg[3]/C
  -------------------------------------------------------------------    -------------------
    SLICE_X41Y99         FDCE (Prop_fdce_C_Q)         0.141    -0.436 r  memory/bridge/read_fifo/rd_gray_reg[3]/Q
                         net (fo=2, routed)           0.209    -0.227    memory/bridge/read_fifo/rd_gray_reg_n_0_[3]
    SLICE_X39Y100        FDCE                                         r  memory/bridge/read_fifo/rd_gray_sync1_reg[3]/D
  -------------------------------------------------------------------    -------------------

                         (clock clk_pll_i_1 rise edge)
                                                      0.000     0.000 r  
    R4                                                0.000     0.000 r  sys_clk (IN)
                         net (fo=0)                   0.000     0.000    sys_clk
    R4                   IBUF (Prop_ibuf_I_O)         0.457     0.457 r  sys_clk_IBUF_inst/O
                         net (fo=1, routed)           0.480     0.937    multiplied_clock.clock_generator/sys_clk_IBUF
    MMCME2_ADV_X1Y0      MMCME2_ADV (Prop_mmcme2_adv_CLKIN1_CLKOUT1)
                                                     -3.142    -2.205 r  multiplied_clock.clock_generator/mmcm/CLKOUT1
                         net (fo=1, routed)           0.530    -1.676    multiplied_clock.clock_generator/ddr_ref_raw
    BUFGCTRL_X0Y1        BUFG (Prop_bufg_I_O)         0.029    -1.647 r  multiplied_clock.clock_generator/ddr_ref_buffer/O
                         net (fo=63, routed)          0.820    -0.827    memory/controller/u_davinci_ddr3_mig_mig/u_ddr3_infrastructure/mmcm_clk
    PLLE2_ADV_X1Y1       PLLE2_ADV (Prop_plle2_adv_CLKIN1_CLKOUT3)
                                                      0.053    -0.774 r  memory/controller/u_davinci_ddr3_mig_mig/u_ddr3_infrastructure/plle2_i/CLKOUT3
                         net (fo=1, routed)           0.423    -0.351    memory/controller/u_davinci_ddr3_mig_mig/u_ddr3_infrastructure/pll_clk3_out
    BUFHCE_X1Y12         BUFH (Prop_bufh_I_O)         0.043    -0.308 r  memory/controller/u_davinci_ddr3_mig_mig/u_ddr3_infrastructure/u_bufh_pll_clk3/O
                         net (fo=1, routed)           0.483     0.175    memory/controller/u_davinci_ddr3_mig_mig/u_ddr3_infrastructure/pll_clk3
    MMCME2_ADV_X1Y1      MMCME2_ADV (Prop_mmcme2_adv_CLKIN1_CLKFBOUT)
                                                     -1.371    -1.196 r  memory/controller/u_davinci_ddr3_mig_mig/u_ddr3_infrastructure/gen_mmcm.mmcm_i/CLKFBOUT
                         net (fo=1, routed)           0.530    -0.667    memory/controller/u_davinci_ddr3_mig_mig/u_ddr3_infrastructure/clk_pll_i
    BUFGCTRL_X0Y16       BUFG (Prop_bufg_I_O)         0.029    -0.638 r  memory/controller/u_davinci_ddr3_mig_mig/u_ddr3_infrastructure/u_bufg_clkdiv0/O
                         net (fo=4851, routed)        0.915     0.277    memory/bridge/read_fifo/CLK
    SLICE_X39Y100        FDCE                                         r  memory/bridge/read_fifo/rd_gray_sync1_reg[3]/C
                         clock pessimism              0.555     0.832    
    SLICE_X39Y100        FDCE (Hold_fdce_C_D)         0.047     0.879    memory/bridge/read_fifo/rd_gray_sync1_reg[3]
  -------------------------------------------------------------------
                         data arrival                          -0.227    
                         clock arrival                          0.879    
  -------------------------------------------------------------------
                         relative delay                        -1.106    



